id,intention_0,intention_1,intention_2,intention_3,intention_4,intention_5,intention_6,intention_7,intention_8,intention_9,intention_10,intention_11,intention_12,intention_13,intention_14,intention_15,intention_16,intention_17,intention_18,intention_19,intention_20,intention_21,intention_22,intention_23,intention_24,intention_25,intention_26,intention_27,intention_28,intention_29,intention_30,intention_31,intention_32,intention_33,intention_34,intention_35,intention_36,intention_37,intention_38,intention_39,intention_40,intention_41,intention_42,intention_43,intention_44,intention_45,intention_46,intention_47,intention_48,intention_49,intention_50,intention_51,intention_52,intention_53,intention_54,intention_55,intention_56,intention_57,intention_58,intention_59,intention_60,intention_61,intention_62,intention_63,intention_64,intention_65,intention_66,intention_67,intention_68,intention_69,intention_70,intention_71,intention_72,intention_73,intention_74,intention_75,intention_76,intention_77,intention_78,intention_79,intention_80,intention_81,intention_82,intention_83,intention_84,intention_85,intention_86,intention_87,intention_88,intention_89,intention_90,intention_91,intention_92,intention_93,intention_94,intention_95,intention_96,intention_97,intention_98,intention_99,intention_100,intention_101,intention_102,intention_103,intention_104,intention_105,intention_106,intention_107,intention_108,intention_109,intention_110,intention_111,intention_112,intention_113,intention_114,intention_115,intention_116,intention_117,intention_118,intention_119,intention_120,intention_121,intention_122,intention_123,intention_124,intention_125,intention_126,intention_127,intention_128,intention_129,intention_130,intention_131,intention_132,intention_133,intention_134,intention_135,intention_136,intention_137,intention_138,intention_139,intention_140,intention_141,intention_142,intention_143,intention_144,intention_145,intention_146,intention_147,intention_148,intention_149,intention_150,intention_151,intention_152,intention_153,intention_154,intention_155,intention_156,intention_157,intention_158,intention_159,intention_160,intention_161,intention_162,intention_163,intention_164,intention_165,intention_166,intention_167,intention_168,intention_169,intention_170,intention_171,intention_172,intention_173,intention_174,intention_175,intention_176,intention_177,intention_178,intention_179,intention_180,intention_181,intention_182,intention_183,intention_184,intention_185,intention_186,intention_187,intention_188,intention_189,intention_190,intention_191,intention_192,intention_193,intention_194,intention_195,intention_196,intention_197,intention_198,intention_199
0,-0.015434331378900212,0.019752651057624217,0.013180939479462068,0.02086498574961815,0.019909370477517677,0.026374237509369004,0.014624271498910331,0.013108178286568996,0.012012113843403692,0.009209338541280728,-0.02009771074306371,-0.031221516300518927,-0.06437787758574888,-0.06684763021406775,-0.0701884834904236,-0.07659467172772655,-0.0860328235183397,-0.08877554287794734,-0.0978760226163131,-0.10957301003857255,-0.13010940951630404,-0.12806949311550356,-0.13191790416107563,-0.10951532908197181,-0.1073287729539227,-0.0930803880843219,-0.09312068892640403,-0.08932104738779191,-0.11062349656316572,-0.10006755779312215,-0.09941553959946799,-0.09825458241435371,-0.10516803640769133,-0.09169238928878297,-0.09096371034710048,-0.10315792323032871,-0.1225883518739412,-0.137483423372534,-0.13213189484198518,-0.11714321482725067,-0.12391010892375723,-0.12395781122818866,-0.1188881055680782,-0.10622352313317107,-0.09901396531202317,-0.09411522932474659,-0.08537369173941421,-0.0820229918571058,-0.08828635663288432,-0.08132778026678694,-0.08018907384875831,-0.06285761279798176,-0.055720443128329376,-0.0661883029814924,-0.07270915048986927,-0.07584596259300096,-0.08838739853806958,-0.09903732079261944,-0.10518568228523371,-0.12347767595076224,-0.09900007793430353,-0.07866038993518051,-0.07683446296138212,-0.07313318691866492,-0.08039011040131408,-0.08308569482784695,-0.08269740742490322,-0.08264615804429061,-0.07581547878013287,-0.07846722986412016,-0.07245396160377127,-0.07700938268434267,-0.06690952701791444,-0.07211918253512392,-0.08031749726798772,-0.07731939399960822,-0.0762200652084507,-0.07917805203586208,-0.07229038075726331,-0.06189912813404859,-0.07306491574836001,-0.07645041453870255,-0.08379060941790586,-0.0822248755499203,-0.08873687324533319,-0.07869110482135919,-0.06529153969072991,-0.06154699133087272,-0.06018090193071501,-0.06230004385847181,-0.059542452643020057,-0.05599019726327722,-0.06577404959349048,-0.07935451068484775,-0.07565102688826682,-0.07449369266215354,-0.07265150750769109,-0.07358917724007898,-0.07547120292369297,-0.07984870478076336,-0.09563644025261535,-0.09279841287747603,-0.08984164283135192,-0.10392868253713326,-0.10560796310283509,-0.0929670754018823,-0.0668001001967366,-0.054134666621238496,-0.056542095784324405,-0.061187772573305405,-0.04668357354962053,-0.047483050593346635,-0.03567647434059766,-0.048469954572091085,-0.06103550972085061,-0.05171143783670103,-0.046967197730440884,-0.0503891060766775,-0.06121487677664672,-0.06988325672996791,-0.06740569390312615,-0.06782613478362182,-0.07055994792119642,-0.08200767554751646,-0.09444310956206908,-0.10531254064566153,-0.11987871233773138,-0.12086063192762841,-0.12372307291353563,-0.12757414705984002,-0.1257380120886621,-0.11966092154745224,-0.11747311869740625,-0.1169690783850343,-0.1072705553482266,-0.11377658573706033,-0.14222279063481694,-0.12661452429053363,-0.12303579384700701,-0.12607310952482562,-0.12938811644520923,-0.13516010137714596,-0.11944995819498884,-0.1130338757813525,-0.12189826418608155,-0.12096224066911708,-0.11236342608499265,-0.09895999744661582,-0.07904543205938686,-0.07107289287292544,-0.059098960900705905,-0.06452346461326802,-0.07222414277594862,-0.07679357592766922,-0.08255480184620323,-0.08055138849904654,-0.07052141159593871,-0.07368188437024069,-0.08154648949970675,-0.07826708084172089,-0.08088164474378452,-0.08489784511416673,-0.09653950634250126,-0.09674434551562308,-0.10872414517999765,-0.10580397203959985,-0.10608446354450875,-0.11111273813435975,-0.09460062082131866,-0.10471995826855568,-0.10114355773529983,-0.08512456103996648,-0.0860693584846989,-0.08336661901095993,-0.08786366972847467,-0.09242119992317736,-0.10752239279557876,-0.10394873291274666,-0.10300341719591957,-0.10100422858910788,-0.09236351292297952,-0.08813144474465989,-0.084848591825727,-0.07432114544898062,-0.07073820947106027,-0.07087811055738506,-0.06841686896545035,-0.053218871316279205,-0.05268133017080404,-0.0573164851132774,-0.060668450299882236,-0.08017225959923432,-0.07874051122885797,-0.07646763037690625,-0.07469755187624928,-0.07344480580972888,-0.07270811964730406,-0.07365630183784395,-0.07685764383166988,-0.087931187577234
1,0.0029282651235593327,0.05619927143787792,0.12156826589244701,0.1928834169207699,0.27766847200586164,0.2942792807790057,0.2946986537016336,0.32072890334281157,0.3490912194586581,0.33658162054458446,0.34804738997969203,0.34079709734858754,0.33961491056865717,0.34822776464025085,0.36141115072159613,0.36426781777126555,0.35488660633363694,0.3526334641717318,0.32211670350420235,0.32769320261907864,0.3270196035990945,0.3415556230943835,0.3485411201599407,0.35037687449668276,0.3416089039053387,0.3444775931721031,0.352618752261659,0.3619085316492018,0.3666242323014453,0.35832369088973803,0.36212686843384306,0.3506794835306604,0.3683483914839442,0.35605467474255503,0.3651094534418244,0.36759705097465334,0.3754740040831702,0.3783249878027476,0.373473089376531,0.3716504845772652,0.36877159781001245,0.37634241488725445,0.393151264077954,0.39461021312686795,0.3909147564028044,0.39375253249712117,0.4038970641480048,0.4107338015784125,0.40338466295118036,0.4114564346688606,0.4187806381458259,0.4105521822941271,0.4036531017551954,0.396796462570436,0.39884023267674346,0.40704861830775196,0.3930793556759396,0.40433381801825324,0.4073896314533221,0.40119961309057106,0.3918999713280967,0.39652257960743303,0.3954311060764062,0.38779080990048276,0.38607716404875675,0.36889822249253357,0.36618224110229625,0.37075632522929214,0.377120919511619,0.350757851305267,0.3460932462466333,0.3628835692510758,0.3691528230654654,0.3668825588205448,0.36428268178269996,0.3688173383857588,0.370556312114606,0.36842615732637357,0.36331667762552106,0.3447117113462589,0.3530802122075935,0.3534108350656034,0.3603322042105356,0.3780876394873186,0.37541760883388337,0.38105018935714097,0.3914032285789623,0.399848014894056,0.38488442929764793,0.374233517669636,0.3668606258502436,0.3795666209763878,0.37261447078721305,0.3781859296965609,0.3870490097789188,0.39432138668183875,0.39580580465111326,0.4043719907846455,0.4143492194216472,0.41842703721061275,0.4159339872865444,0.42185938082307006,0.4190264651297882,0.4020747879570684,0.41641754546161,0.41104485328738355,0.407624283198215,0.40879822222859247,0.4169238266598274,0.42924366711820483,0.4274029310403399,0.4335481957015738,0.43774229263575115,0.4364019092881918,0.4500239080075468,0.4400291912895824,0.4336699026532513,0.4388083392426994,0.4368033054977768,0.44569799400522814,0.4473242053522968,0.4393546354662732,0.44476621282106443,0.4488442680107608,0.44074337361803395,0.45032118880015093,0.4516199235694715,0.45537829995672835,0.4525375035850597,0.45125071589452515,0.4457192563602843,0.440869012292518,0.4405395590153294,0.4391730114737211,0.44048073296648504,0.4509026962620849,0.45598343675929554,0.4601784298152484,0.4551276450542535,0.4414053835947904,0.4459026016124777,0.4457731336617358,0.45091021738153786,0.4366030026781415,0.4365885832293875,0.4392954089901112,0.4490216670474567,0.44524336931338093,0.44284481186886787,0.4395838654779237,0.435422258621704,0.42435418305517225,0.42335837091261985,0.43262523868820296,0.42396157524964956,0.42065910782806165,0.4193566912790142,0.4176314840033211,0.42130012458590693,0.41877653732456854,0.42173945877002816,0.418789995620875,0.41583012415343573,0.40586597208426584,0.41209275625589553,0.40711237378447396,0.40608986439124467,0.41293369788919504,0.4156106140234294,0.4235060808498684,0.4319861177413028,0.431445463533425,0.4360761433233492,0.4338303679960675,0.43096972471446404,0.42994588348140966,0.4200103088183949,0.42635132178392354,0.4274966778950333,0.43825162197748363,0.43959465528009195,0.42499206029521164,0.4217745238456183,0.4172183414149565,0.4059821794190634,0.4088188952857395,0.4070302247984447,0.4090250689991269,0.4078562242671388,0.4025090764542024,0.3973804778280434,0.411345782950904,0.4080184596424695,0.40592998581631695,0.40749330378962306,0.40679920754941284,0.4096528656916894,0.40766664254511037,0.41596998660068285,0.4187435700411003
2,0.00841012466800629,0.028209539977602397,0.03863053735301905,0.04122291380657689,0.05724891739183235,0.0651215298225162,0.05987042083719409,0.062068999985372686,0.047250677836987824,0.02836602595018727,0.019401936695480546,0.0209073200094948,0.004959547371386077,-0.0255048990741249,-0.030472266536291724,-0.019222623160344288,0.002221314702920792,0.012386837271891908,0.0027840833050914882,-0.017999019462176614,-0.023867748780864475,-0.036632477734922626,-0.02873940269505566,-0.016266069932281434,-0.006086364913996364,-0.01470317460659458,-0.018655919458974525,-0.028360555316374794,-0.03592397379755794,-0.037249860945441055,-0.03107762429842012,-0.04586956168299026,-0.051847729764075326,-0.04288723123017465,-0.03971406262938084,-0.044508659405314094,-0.02850224370077046,-0.026915688912645185,-0.030795059794825844,-0.0254335091363436,-0.030675537196950868,-0.02920272253410312,-0.020930462093962723,-0.013546298419347546,-0.008051528039011045,-0.006525854989621163,-0.006481110198398079,-0.01716554341693226,-0.03968743800460166,-0.03265803254445706,-0.0317272467067095,-0.02944006977735658,-0.019986581827425586,-0.016275234967310714,-0.014612453729330586,-0.005699306190492843,-0.002235673370662695,3.584210122087998E-4,-0.0017318409543429737,-0.010117913009994787,-0.02463904320238386,-0.024163937113836412,-0.023441156078671473,-0.014831849960971399,-0.00868524239442395,-0.008105711754449177,-0.003811246489797462,-0.013031163815769973,-0.010522931348882445,-0.010161405375694248,8.287250479359387E-4,0.0029573920793040686,0.010371264040175347,0.01996484098277488,0.004972597301550241,-0.002350805281311956,-0.008648670437623922,-0.0023885349006121503,-0.006039520417679129,-0.01823340529291184,-0.016680770620317906,-0.02519713201602793,-0.02752020580231191,-0.0332490099710442,-0.04684798552693947,-0.04385120155517781,-0.04477041081630416,-0.033585382039244466,-0.0031587865667794084,0.007137070698644634,0.017074950664680497,0.010705101872266073,0.00114864433420833,0.003537402412283883,-0.0020497805260102655,-0.01925019447912145,-0.016344538310752804,-0.003670226608691336,1.2150619839829124E-4,-0.011604112468956868,-0.007141583194118997,-0.008079216219807579,-0.013770302002583239,-0.0012514232856892429,-0.015675531255225264,-0.01357352405437525,-0.002985973831390699,-0.006140492138071044,-0.013691895269001199,-0.007784913281295575,-0.013477803978647269,0.0031728705207163354,0.0019853281126104667,0.006231728959469213,0.005337315041943244,0.007267837911293151,-0.00578793880872946,-0.013813426469324888,-0.02419363515761172,-0.02855943912149124,-0.017576124812485737,-0.023101371421915734,-0.0213554638857758,-0.027250981779379287,-0.03217445061117705,-0.04161031035373659,-0.03288905718425151,-0.028451085918026836,-0.012778693594673691,-0.015249924160327938,-0.021047926167466632,-0.023317411547049548,-0.022404144345271645,-0.025513503826350755,-0.028387731860776224,-0.03611603278533405,-0.037485421597328775,-0.04339471506497252,-0.02935180453953278,-0.03486947069160502,-0.04008627904421774,-0.04557001881431037,-0.05332685912125872,-0.05174284965364695,-0.045052951550277893,-0.057118281685705916,-0.0553837188009192,-0.06142580499570013,-0.06995299530705353,-0.06842266672994474,-0.05169951924996785,-0.04971243072336067,-0.03849859009496933,-0.02763993727058099,-0.025819465175386837,-0.025487995172086803,-0.02513441224094968,-0.016688633575027548,-0.020491758602321965,-0.018772665127678435,-0.03661820744826583,-0.03291304923898231,-0.021129327951299882,-0.01781382277756023,-0.031373532396989916,-0.024185312372467283,-0.03708277371884114,-0.033927166248744825,-0.04220879770603443,-0.044836536804233065,-0.045145706782042626,-0.04955073034707645,-0.045112067816494295,-0.052502315434112365,-0.04350326348451918,-0.04794506358122416,-0.051394541769779256,-0.04929622385033855,-0.05167188428591303,-0.04671224872595437,-0.04388705817499516,-0.048052854152153344,-0.04518087812685862,-0.04356424365511049,-0.047083495737207916,-0.048544692760323575,-0.05337992474032012,-0.05798345893895942,-0.04974736019243945,-0.05289692058558401,-0.048892504028657705,-0.05416666022318505,-0.048471228481242565,-0.05051196644971766,-0.03756744602972895,-0.03493785573092689,-0.043356369946470574,-0.04246448819723624,-0.04487847765585792,-0.041557375024620945
3,0.00565748288738761,0.06966789639930687,0.1362605678494878,0.14273364403467137,0.16624565264415378,0.17549627919904365,0.1441264426599478,0.12184264280716786,0.12026241359565124,0.12814434975482547,0.13552511987995364,0.1559699655982739,0.15776570100885656,0.16323261215289708,0.15996981796190127,0.1507207401604614,0.140729044403047,0.14514508553373956,0.14768240613924957,0.15972730897896084,0.16286345936208174,0.14796174186938857,0.1469328835239012,0.1484228070936405,0.15085543631992343,0.14113800478928964,0.13477987429665933,0.14121332701133382,0.14543920577853417,0.14552601750774932,0.13378191761242195,0.13828381018137345,0.11179494351710918,0.09782930841728377,0.08791685246311254,0.07265831395989646,0.0656820166500167,0.07436884572264921,0.08172473692092545,0.08510318467568885,0.09552543184622062,0.08652761736538189,0.0711548291150499,0.055582576914812165,0.05982271979173988,0.055409150371047045,0.04722455465498979,0.05501578984378264,0.056738098503289806,0.06663707676894882,0.07934507681699811,0.0930751201392044,0.10280345699803708,0.10812335653904953,0.1099971464848026,0.11310194214724549,0.11671253456048286,0.09473404791438943,0.08916823768145363,0.09321651234166144,0.10311859242058205,0.10674096878299434,0.1168961551840709,0.12904731029167116,0.11834319751542459,0.11764985180792596,0.11663506028489479,0.1259007944473543,0.1339993292413787,0.12620624008654707,0.1332443009805494,0.1496598109139549,0.14716643414383077,0.13372215983188876,0.13569546920649503,0.14120190304129276,0.15155250509010687,0.1501205392863618,0.14133984212529768,0.14393345824701356,0.14713625485941942,0.15324129299922945,0.15116838769523264,0.15896110756309262,0.15484511074706214,0.14713721445767614,0.1445552301179716,0.13598772242398224,0.13465328004519062,0.13244684980764887,0.13407848714986023,0.1356687734889198,0.1319459654706124,0.13032526289337895,0.12597288203830123,0.1253039027706618,0.11512548407327206,0.11727827164582423,0.10570718992625931,0.09983947954010969,0.09478644704887416,0.0885743990603816,0.10310536295564823,0.09462045304240202,0.08398673165390164,0.07622719817153588,0.0741937740434117,0.07561216288854188,0.0816612882776724,0.08672350124272081,0.08873452086373126,0.0882998041782542,0.10044734819635816,0.09929962782438723,0.1096632774056039,0.13168831195640732,0.14132758562325376,0.14573585248135631,0.14727787559104658,0.1523444222588134,0.139246716079334,0.12178689264282011,0.12691992292247764,0.13446070705738497,0.13605317264268083,0.13718679943580284,0.129116166328848,0.11587324463269127,0.12585983899383626,0.13356072053455065,0.12515142275954977,0.1253304804239444,0.12468952963109939,0.12972428271808545,0.11869742544556557,0.12430494015414821,0.09757015180111772,0.09360269653573465,0.09322252319473684,0.10407582226349289,0.10247495366323255,0.09822820765197093,0.09510066438541256,0.10029083770463051,0.09792785454653127,0.09876901730204164,0.09961241468694036,0.10779720688009334,0.11204276739867154,0.10998927759978677,0.11049454354546148,0.09965911112352183,0.12004301820778508,0.11261381618294136,0.10086435868228186,0.10416173581742552,0.10243077853129125,0.09384493497786743,0.10278587086025862,0.10042651018993491,0.09920236794200918,0.09705459083881786,0.10870692333044954,0.1107606619987939,0.12234033068458407,0.11270736934320795,0.10491491571864789,0.11290055116151784,0.11031824883986342,0.11449686134533942,0.11452205105067308,0.10528515918599403,0.10173558446212551,0.10159894420442538,0.09829812299964727,0.09139337964023672,0.07541015597733387,0.0664960944274268,0.06845441420722342,0.061347805256227995,0.07491428865975021,0.07129423378435515,0.07558650428164175,0.08027937724489442,0.08121952102027423,0.08199965956150544,0.09357456124798982,0.0912711379555774,0.10538877170851596,0.10802028001821222,0.1083176600891775,0.11384590233888274,0.1278273736729236,0.11979447341917622,0.12154575757982372,0.11642716608904824,0.1361264144473502,0.138606800614056,0.12555405208056983,0.11694894191213566
4,0.002188623601374578,0.02681270049976869,0.0662430562188894,0.15513624101970536,0.18851532076813116,0.2216081299481596,0.24072449180299058,0.2453776200266245,0.22303117366912115,0.23277207511551562,0.2293110789537263,0.24100037316685077,0.22749206857541698,0.22132182341213594,0.2199575359001395,0.2054576966881411,0.20119991952937671,0.2044075016106327,0.19450414968980362,0.19786477269470265,0.19422332217663818,0.19266097369751412,0.1975451172809612,0.21453731970768083,0.23517939281308547,0.2424847092365698,0.23259823441160815,0.22376407832463435,0.21130400953925374,0.2120259266949211,0.19829305866454813,0.19475949877334803,0.2031692763128325,0.19660751584342442,0.18637744322210217,0.17787868229116366,0.17395396895587914,0.17132173336951775,0.16993863926680636,0.16764883466525615,0.16675410490116171,0.16916809217386208,0.15492212890164514,0.15548720434784266,0.1533299373906555,0.16100221291219804,0.1630581794221835,0.1538220373088058,0.15620132988845273,0.17158522876746443,0.17045301494472628,0.16394460393695592,0.16225582469271477,0.15791402131638,0.13590064365176574,0.14145614054144287,0.14188883973238264,0.12985854553659731,0.14486310948203202,0.1501022621746365,0.15947122817999665,0.1672826698786203,0.16274367804614887,0.16924188355425127,0.15171973712980305,0.16475582473150166,0.14783572035305753,0.15473161618751807,0.17445516042656098,0.18451191814937054,0.1814142415870877,0.17189080506007304,0.16504844900769444,0.16116206087818083,0.1540837406498713,0.15916284301863823,0.1498688181689969,0.16232110630742702,0.15459837047369743,0.14865167089435752,0.15773217424549663,0.16277192303951116,0.17526701872513098,0.18200749499799188,0.1747217207475355,0.17180323670756115,0.18128281625146095,0.19454839998893828,0.1920974268436724,0.18635212852282773,0.17398793268014492,0.16689008463244112,0.16499957801123613,0.15994338202342417,0.17357258739884948,0.16883657258036017,0.17918411789282146,0.1740764888583762,0.1750766790610734,0.1718129004119564,0.1764503072447812,0.17354601387007043,0.1682817582480299,0.16172209768124182,0.14846824765085948,0.1431404233588291,0.14636007941760068,0.1536480968977191,0.14941064891845451,0.15589186566163055,0.1633663498445574,0.167617003717028,0.17091473529459575,0.1698273320437825,0.17577340395012325,0.16526815053235247,0.16199764493993618,0.16909591714969707,0.16055275796587856,0.1659701364604673,0.16950720836124883,0.17251997267481617,0.1771481351603408,0.17881902491375704,0.1701135638878631,0.1693488459196529,0.1699008653221622,0.16566665476242243,0.15673830499427602,0.15116731468237402,0.1549114170823705,0.15615392305830528,0.15392306950578416,0.14320972434629956,0.14572200127644389,0.15590501753895486,0.15086178743900308,0.1494053389797609,0.15040756025888402,0.1501169775768314,0.14796191757518407,0.1573093120932497,0.15895983757763837,0.1527335232671598,0.14699337491320663,0.14830175091179817,0.14414264808093105,0.14988515357217158,0.1415282526651014,0.14327693978127345,0.13956197316265034,0.13998353070170585,0.13803441376183098,0.1374300506975477,0.13828321812518757,0.13542508016045485,0.1379751729634565,0.13679675299076244,0.13786942463060536,0.14542784057159922,0.14221348108515489,0.13896413902280144,0.14185317007004172,0.15532885881489242,0.1551204115057468,0.15644398661803968,0.16134607262714365,0.15894317201650032,0.1571199952051698,0.16063849485730716,0.16003604172382302,0.16079864839793662,0.1601618933963469,0.15970826257468052,0.1536116004873287,0.15333025582820056,0.15016150022830796,0.1420791981111992,0.1378582549135533,0.14113922214831667,0.14157429667340085,0.13629344193439036,0.13988735115859735,0.14540896760955901,0.14340062940376322,0.14002822152492933,0.15735225821915447,0.15779237490267867,0.1554582862071527,0.1549185145367088,0.15115529887093115,0.15822006162170513,0.1601144432547768,0.17059071512257912,0.16927642375773533,0.1630081083379102,0.1654060685100854,0.16405529645388306,0.15059366476383393,0.14534739727875198
5,0.0016888822773021036,0.01979739663241901,0.058030377668653814,0.09269850908303454,0.1640123898689277,0.17752909532728808,0.17352786833030812,0.17182514475835955,0.17478722251013018,0.1608876337822397,0.17486898145007523,0.16833218007882486,0.16598752487884558,0.17748321949174886,0.15073336891557645,0.14495809448152935,0.12766960633808672,0.11561280699156816,0.11282147915238179,0.11525129137415518,0.10412533698986072,0.09199489314091171,0.08056020089717614,0.08588686774406883,0.09864431841130805,0.1063806699217162,0.11588956184639132,0.12485985941465323,0.12602853685322418,0.12884006868654552,0.1263972359102724,0.10479121358565362,0.09529687833645921,0.08611900875051902,0.08223358465963683,0.0871012507951124,0.09656781172998202,0.09116887642471991,0.08864491937276872,0.08067879874085053,0.07616771391191686,0.08836322863030908,0.10995791956361661,0.10673768457253058,0.10516953828335236,0.10486450254434887,0.09540359612180246,0.09241180953627898,0.0685244954994282,0.07750736706735696,0.0912218964060976,0.09558921062678072,0.09662767277238143,0.1010495525419094,0.10374701002318808,0.09176466608872243,0.09253274904619785,0.08461360803434043,0.08570523007029708,0.06798733823963976,0.0819493063242237,0.07470685530570788,0.07936260434560909,0.0902484592405728,0.10413230074617096,0.10013724932133357,0.10892249307693608,0.10628261678748702,0.11980249720966364,0.10181102003723436,0.10025465206394182,0.09150763653685186,0.06854470234505533,0.054442879780646686,0.051144746653546264,0.05252706021527765,0.03345018721634605,0.03391415706956903,0.04546643049961279,0.0460558858145104,0.05224832880657372,0.05489544855530495,0.05266268860573699,0.05238277575038764,0.06460499835005418,0.060848017532613284,0.05919125539679259,0.048155285701931144,0.04554135330898097,0.03256110070572415,0.01732728024554249,0.03270044988801021,0.035878009229690415,0.043807321318497,0.05169132831549046,0.037711841268331436,0.030659691445288274,0.035565994881685124,0.05012357450160204,0.048933856053624124,0.044982439911006596,0.04714178545899897,0.0429895832482564,0.024242161297601716,0.02807508682529723,0.021599902860170196,0.026791867261418675,0.03173598241982357,0.04838840296029741,0.05484857449567979,0.054468606974167194,0.04468191267662565,0.043799948720033496,0.030178316511671778,0.031952372114435065,0.03675495089797941,0.04314018463672396,0.05035218884833345,0.05290053339086088,0.05244934410964856,0.062480877836312315,0.04257044210717573,0.04616549232189495,0.04757332366257052,0.048482383461088414,0.06241652757375343,0.06093643639265281,0.07069438165882652,0.076954084372543,0.07786104957853632,0.07700032806396129,0.06373931071833386,0.058328792113740376,0.06358865050126018,0.06524997224658556,0.061131031880582894,0.0504321661028768,0.0409612025997773,0.03560814388139553,0.029115990478096335,0.027676401559345188,0.03643005283832088,0.0434589580234465,0.04945390454300139,0.04569019595146152,0.0477791616586787,0.043620609597904154,0.03617415683061342,0.03299933703227514,0.02342563671237844,0.029855277791611234,0.025255381569935707,0.02517861631919571,0.019172823868127936,0.016833206875400426,0.021449427841906843,0.02935072653984174,0.02735258741100985,0.017251150727060696,0.028147189508656148,0.03799682878288427,0.02693473772717314,0.025171110599976867,0.013020235867975325,1.0326131828853266E-4,-0.0034669699745878617,-0.00435744791166417,-0.009139195280917368,-0.004274123288479746,0.010181913511089973,0.02982616951089326,0.03306610651805534,0.03646695194423548,0.03281147157114023,0.01849826166007967,0.016780006251186433,0.03049001281095765,0.03554536606680472,0.02940114591215235,0.0325357233663343,0.026147236961947637,0.034320106659013534,0.039260644643927194,0.0396613867553772,0.042129114516165724,0.040147069239335885,0.03587501653528322,0.04059218982594487,0.033180568689999385,0.04076045243112841,0.02899207426154734,0.03104690661877423,0.031081965325161453,0.03580138793215894,0.03572721873548592,0.039883076236798536,0.03716083606218604,0.02903006804445247,0.033016222565638166,0.030189863027638403
6,0.009526852904160022,0.029314808389973575,0.06395466731753197,0.09849847932029229,0.11898988837915146,0.10576444032272471,0.11071376975091103,0.1230518580655215,0.10122901773127507,0.10811478239528634,0.10242607521005972,0.11216068802466578,0.11112023185761379,0.08633104821048225,0.08603732907177503,0.08974230834011607,0.10731614274240175,0.11087148319661727,0.10051926033736519,0.0771502677001314,0.06174131619026521,0.07165939808401112,0.06339358482481938,0.05104508039929332,0.032169841522300666,0.039224937020749445,0.04200877416286447,0.03589126622166111,0.03362453479274595,0.046870443838857835,0.04262305735843741,0.04092173718582155,0.04194904137372607,0.04712482345311699,0.042167297789568334,0.053311884644935435,0.04685762250046704,0.03873040537456528,0.025931800517653047,0.03338454782430652,0.018592096463894748,0.035386229895107264,0.03561438942602814,0.029940167173900217,0.025014069374276957,0.017483043172644593,0.025876261743503055,0.020730871737243386,0.004604844836296782,-0.018498783274274237,-0.028815672962399994,-0.013810571731654373,-0.014275850803382159,-5.886939740718866E-4,-0.0202020554457021,0.006977092625097701,-3.225377555776049E-4,-0.020477616725275573,-0.03629649174491245,-0.03143558683163698,-0.03719084958681147,-0.03522867533801412,-0.03589312561102806,-0.04014939749310475,-0.04263621729321041,-0.03020599281488655,-0.03442897643799006,-0.03151085092417973,-0.03621313351277813,-0.03777611117499915,-0.02772977758010428,-0.02798064455005395,-0.02873505154307324,-0.042946562300338345,-0.04998750085717901,-0.05465528688795326,-0.0463136684168416,-0.03981205249844511,-0.03114471858501141,-0.03194889077246507,-0.039305677516879585,-0.053959495844336576,-0.04831931257536869,-0.04425581996041659,-0.038335010368317796,-0.033521063835109326,-0.016903120925939347,-0.018001757958113936,-0.017887906234064044,-0.003671010471706758,-0.0010988829197387051,-5.466423510122698E-4,-0.002265310750226172,-0.006574274443336327,-0.013543764651148385,-0.010993219397583307,-0.008946784460965352,-0.01090778128689758,-0.009064809410836192,-0.020538342727331613,-0.007501698717987335,-0.02123968921881649,-0.018520854858220265,-0.012939930249281332,-0.00445585642512891,-0.0037240004034543393,-0.006509069609028917,-0.011726651962823725,-0.0190705840423008,-0.012196881997168618,-0.0027414919366449586,-0.0013379134956456335,-0.003151539929314332,-0.006911700445887237,1.799291199184355E-4,0.0055968796925007554,-0.006723752531928718,-0.022072697420385666,-0.013850974401152839,-0.018003694216173857,-0.02416098414636025,-0.03404854693662331,-0.04097758618945564,-0.03983795436734432,-0.035135506282238486,-0.03298491674055704,-0.03654132344137205,-0.04701198872361077,-0.050653856049766216,-0.04484201479597909,-0.048979812592006844,-0.03838474555438519,-0.03390627647119882,-0.030004040359314962,-0.03544051785593924,-0.04445790522781297,-0.05149324548678071,-0.038103520898090874,-0.035024319372484986,-0.03633774328998753,-0.018292525858844735,-0.020257587385030126,-0.016038681217875807,-0.030249579282196837,-0.012719505400376021,-0.028677830641100667,-0.02159059531638746,-0.03707256465028833,-0.029745914993703194,-0.03750896564114853,-0.04420921781581749,-0.04888309428009155,-0.037954828293892434,-0.05029776150904384,-0.05807991018970486,-0.044777983146983794,-0.039094604780666994,-0.046294171064051745,-0.026656482370415166,-0.026037876140996286,-0.01609456209308052,-0.01565459455750122,-0.02181017934787203,-0.04217008796241761,-0.04229357667581683,-0.04413627494086007,-0.048848846890427164,-0.046610654735265294,-0.04767033211452553,-0.0465507978654502,-0.04694486501281208,-0.040788557299343095,-0.03172628896588685,-0.02348466775468125,-0.03941887509418173,-0.04201416368506486,-0.027809208861132206,-0.03671677001974713,-0.03411230520037623,-0.03351327781726295,-0.04124768672161774,-0.04723256221893637,-0.05673942993550521,-0.05024735150525172,-0.033376481473906365,-0.029746220160979105,-0.02346555484115395,-0.010386565108991504,-0.032463902423656196,-0.019386228761160994,-0.024438781656762915,-0.029536106340974665,-0.03323751524337869,-0.03242235486356373,-0.03529787729979518,-0.023937459061649357,-0.02687230827215094,-0.03189570929456237,-0.02472085078858793,-0.035090174907541544
7,-2.640691415036847E-4,0.029980735467786488,0.07287436750871286,0.12476244071473636,0.19412533690766895,0.2559396443469996,0.2712132618928461,0.32336410664233,0.3406840828622939,0.36282205087393904,0.36404977648368314,0.377951984826108,0.3888028397617106,0.38640447145814766,0.38712922123190685,0.39171826303990814,0.3927920371518613,0.3885193061813614,0.3819937200078068,0.39252356790918275,0.40519656060377207,0.40881098356412976,0.4148717251619679,0.4109568004597525,0.39820789762268527,0.39087974972849293,0.389011696199888,0.38926693952244085,0.4075201872188815,0.38160425458566616,0.385143300623518,0.37616855167961305,0.36356838895041155,0.36364961417264063,0.3709690389473351,0.37445965252309227,0.37609604598335017,0.3702933094278964,0.37329770160895737,0.3723466737809057,0.37203699540193746,0.39179060493189577,0.3846800655927432,0.36959239078667927,0.37591669630619134,0.38296272369118645,0.3724206239246604,0.3507276816527358,0.34750840449965525,0.35602550296271696,0.3580202545736494,0.3808529667847661,0.3864840649125451,0.3829644919823241,0.36873934236973177,0.37008889416714347,0.3776811034567231,0.38820592193037917,0.37913368188717456,0.3943175282573567,0.38938895626964,0.391061427215036,0.39210747952020425,0.39284759031256,0.3867453780038864,0.3744906802713863,0.3879953564736096,0.39521933626902284,0.3883785854812464,0.39202890809840246,0.38431363790471806,0.3811644658110482,0.3749817966917543,0.37212997107340656,0.36177015105018806,0.35054277365667885,0.36286069413995803,0.3709465654165763,0.3683887054848394,0.3816289215667915,0.36773172274579485,0.37385247485546264,0.3854616309965917,0.38670731103171163,0.3910611150573991,0.38292203934391283,0.3731971323127558,0.37220771006178244,0.37189888251058645,0.36991084871949725,0.3579624612443338,0.35821604191888545,0.36920513027609986,0.3596216751738803,0.35317866778008666,0.3721900455854383,0.3747097230803496,0.378562057328211,0.36185349923149523,0.35543712125603705,0.34191247764941196,0.34083218722326947,0.32836687366372885,0.32474815434720794,0.3316571299899264,0.3253096338829748,0.33963751031446177,0.3342742429094956,0.34509284092899617,0.3430600128228254,0.3319357721765692,0.33131393779340884,0.3483117251128377,0.33842155477214114,0.3365360452121175,0.3334079145850683,0.3397783047983466,0.3470047297256131,0.3357500061463255,0.34592430927839407,0.3284520508642693,0.33253582831768486,0.3382183302634251,0.32700834926146916,0.3309946378363893,0.3331825047837223,0.32949774981902735,0.31939209056821166,0.3254808316583569,0.32400894295540333,0.3167073360240728,0.306562614908932,0.3219775690136868,0.3306100435117579,0.33787959419345803,0.3395645535267706,0.3321540107235317,0.3357343273143735,0.3193792844074233,0.30882213444683587,0.29774441777599064,0.29050038372754106,0.3012303671897966,0.29604468635406916,0.2961744076875085,0.29175389369688365,0.2763317819113496,0.2709830186462333,0.27702814161049844,0.2888258805912621,0.28852825432429396,0.3025223763153586,0.2979719415876925,0.2824523829590412,0.2882422877493729,0.293894946327509,0.30060174843965703,0.292854730490796,0.29961873716984105,0.28252605543518533,0.28862197755614943,0.2976170290246804,0.3029619840443607,0.3175617499877652,0.31610511435419797,0.3191241196217485,0.3204208104304616,0.32438966831232874,0.3186479960865246,0.30240071765337156,0.302308983657013,0.29596240165069015,0.3083396522605193,0.3162113988731884,0.3162856320303359,0.32237194291035315,0.3206390095763716,0.3187236369277505,0.31930908731507934,0.31837902578149263,0.3168769736230195,0.3205963269650944,0.3141477668977916,0.3187591390731754,0.3207934877606579,0.3229673669595647,0.32028760471566514,0.3014727070668771,0.2797145600157592,0.29086167587554,0.28764027550434873,0.2915866768562598,0.28977601697872635,0.2949152031122993,0.2986822769145769,0.3099383842164848,0.3030133832065716,0.3056525878393917,0.30101377750297326,0.2996068287933236
8,0.0023790817649347964,0.014661212598487404,0.055678530381662386,0.09960066757535754,0.11667441221504088,0.12588147867225538,0.14003388960241536,0.11673584879138202,0.11738054710380862,0.09668804148778999,0.09571022789645534,0.08994648838643078,0.08355766114414998,0.10153605535603134,0.09289227965734138,0.10070851507861926,0.0985741743194305,0.09812542440079997,0.07121136262721657,0.07730870087093748,0.06963057653575867,0.06633207736688865,0.049834523341200955,0.04581468327241144,0.03681899695995619,0.0535900334598613,0.05481658492660518,0.04370512634131992,0.039091897265929564,0.029629544625408993,0.020299912211999307,0.0407994061196191,0.04750657856222198,0.047427061586404445,0.04759209069947641,0.045894477027495266,0.05209804198938695,0.05789366113336291,0.06156080417180707,0.06589707591080268,0.074768433385419,0.07954465337191172,0.08496678681429698,0.08655711526997228,0.10374057151860704,0.09670228874820816,0.10572454624256396,0.09925844896308317,0.11202752619050386,0.11434182965491801,0.11021647183100258,0.10302483370946482,0.09589572983968614,0.08681474264504223,0.07875475196076392,0.0878294636042622,0.0772445966093886,0.0752698349884958,0.06778925712874415,0.08257471364416859,0.07656379646859805,0.09559814631911388,0.10006707350425616,0.10450002647167303,0.08313554247203543,0.07578964394231066,0.060766493597144554,0.06737978100527323,0.06516229245989648,0.059811938332191214,0.048069154030226394,0.05003321869496359,0.04934773043559281,0.05297818506431887,0.03327666063520433,0.0346170731315193,0.043095224315866335,0.05245740745733617,0.05724513122624025,0.06765276296556345,0.06371431676856948,0.06572827101386829,0.0622037742394457,0.07118419200288914,0.06953264236961454,0.058087680940145534,0.056150560730625715,0.059649586205654186,0.0706179784405917,0.08077415324824694,0.08429500091950354,0.08184313448627639,0.07436013907229679,0.0688831180027808,0.06460246171708688,0.06255713391753306,0.05373109720818021,0.07109265319965799,0.08750541922172164,0.07169827062243249,0.07247212230861354,0.06364992646948382,0.063000537756188,0.06554657624121601,0.07329341053979725,0.06976703217535733,0.056990734051373074,0.051724502771414035,0.05706098047704435,0.05568947327920379,0.0631373778837267,0.05044742155662507,0.05320758990340127,0.05404701987508113,0.05485028940718645,0.06097733041619525,0.062197930427321954,0.06624203907801299,0.07306742484584826,0.07565788094216258,0.07015928112165923,0.08271500959575022,0.08229225969707146,0.0691583644993313,0.0768299621487584,0.08017906739254091,0.08171424989407092,0.08071094703904272,0.08639726799684232,0.09577434295594084,0.09080339568920223,0.09423272486111448,0.09669155925725907,0.08180973781176386,0.08930345092169176,0.08061471760155829,0.08917922594966483,0.0878864123093209,0.0935512849343477,0.09446973873268392,0.0852447371200846,0.08703926519823424,0.0843604286444147,0.09656234360139151,0.10232376930489906,0.09648899232923905,0.09942596228454134,0.09698374771201718,0.08877859019580203,0.09933143888980987,0.10396722911441397,0.10077826873210832,0.10150619940491762,0.1032485925815204,0.10994439893874318,0.11225411636183696,0.11643867485796315,0.11091029580109836,0.1067733743420837,0.09689594557400458,0.09817930019202091,0.10078473821648823,0.11205406762806086,0.11542424542364874,0.11584121532460052,0.11347393029869345,0.13170403957222068,0.12295842005203862,0.1131066934543228,0.11868966854383858,0.11558149448724915,0.1017648788861951,0.09190547739346737,0.08004989674776698,0.06957899142227465,0.0682697304007677,0.059435893405876045,0.05684860581193345,0.05755143448205333,0.06936625235317197,0.08426113795093575,0.09289647752628026,0.09718545066545475,0.0866684322654432,0.11213688681850513,0.1116710115820963,0.11362393589641562,0.09508418930361523,0.11188865499904357,0.09553128178647878,0.08955068281603562,0.10120616505071205,0.09556868573380672,0.08795047374672084,0.08465268433079584,0.09102705814805359,0.08936943081001521,0.09170006233905527,0.08533299846630694,0.08734865023804828
9,0.007265825110955466,0.05317799446909549,0.11749654261758932,0.19097288772318977,0.21963450829245124,0.19209286019888233,0.18593847579051812,0.1889003416739534,0.1796769979418953,0.1805108512784865,0.18430424340385293,0.19850731364448515,0.19731698860315755,0.2058746723261896,0.19524456118601638,0.20906598276039104,0.18064659696973046,0.17437586025067972,0.17430061740668598,0.17968333475477025,0.17579059246716564,0.17236363521845238,0.16870619275714316,0.17103431539174171,0.16900516235962626,0.17403140605584663,0.1812820984268648,0.18295379956339938,0.1691559539407543,0.16918551228657816,0.17514546438023357,0.17438735863235166,0.18747791857909646,0.1906363146846349,0.17859222351339352,0.18777100751107942,0.19063922749747203,0.18931579200615334,0.1955881698130237,0.20122400796822648,0.19870639244024402,0.19742406118376352,0.19808175187895155,0.201382419736423,0.20364048345308244,0.18774948446681644,0.20082817754115953,0.1957732591165976,0.1821806218438865,0.1743694874780544,0.1762311735566378,0.1682758854909427,0.163872760411783,0.13673912790902878,0.1266730320297587,0.11733534447025364,0.1204860774090217,0.12880737570545736,0.14305992357765274,0.1404614971961318,0.15337803387312965,0.15585324797040817,0.16338831073675808,0.17565520276022373,0.1632974934520164,0.16292724067369524,0.17289756842494042,0.17528689819110038,0.19004490733229035,0.19124370765577198,0.2002620214343811,0.19530530852526654,0.19952100990749408,0.20554080240606418,0.2045739520388986,0.19756544351069433,0.19292340102072422,0.19707855314293168,0.1736546487041133,0.15296868313098524,0.16445035345517947,0.15655481868531898,0.16567278250094497,0.17035143562277677,0.17003069828952155,0.15399384456428358,0.1542345094603949,0.150844819338807,0.16555082715024305,0.16232907393631218,0.15700952384772357,0.1649250069414755,0.1609199387202054,0.14677214159935653,0.13777124386653974,0.14022996539559154,0.14358905704190972,0.1300268852556175,0.12648113630528104,0.1276337481476629,0.13625031467452378,0.13867240843230552,0.14501441541689566,0.1373415744103234,0.1364435334911067,0.14544107636709203,0.1427774835940728,0.14276187879081323,0.1376819912103061,0.1335331947246967,0.14653880290947993,0.14183063711218138,0.14366094141608643,0.1439912361264176,0.1474668777019511,0.14730874631548002,0.1652706494755359,0.1687982552917338,0.1742140438721823,0.17086727891351944,0.1682569654134509,0.17616110045304534,0.17045409058336528,0.15672105307668127,0.1510802072258341,0.1522808984632107,0.1561622407993165,0.15448854227556294,0.16692102433412104,0.16230729535480498,0.16109997071783236,0.16611643283505576,0.18136639625903123,0.17337824842187974,0.1735920663792276,0.16501432188318396,0.17656917479108514,0.17081452057317598,0.16919080578855908,0.17184768856520896,0.17436687098530232,0.17391645488793497,0.1779888768140857,0.18579609391433788,0.17679277195646464,0.1788724106694775,0.1628451399932217,0.14611092509051982,0.1564534568491886,0.15572086654859013,0.15115644316744822,0.1598654210971549,0.16527495549041465,0.17309555854321418,0.16807762147275312,0.17797292369141013,0.1656861639355423,0.17459064919529493,0.17348092339644974,0.17202506763098868,0.182920993265178,0.18240858093374426,0.1822448883668729,0.18165386216844467,0.17121645207210817,0.17970565925874712,0.17807554137911225,0.18055436745609893,0.18420746056903428,0.1872726233929012,0.1902746567761151,0.1966150621575359,0.19790785447345727,0.1872544579100379,0.1914392909158275,0.20001094519140517,0.18646198003877898,0.18326666551393486,0.18665431866218296,0.18696516165101262,0.18554825139973727,0.1809777391887594,0.17660994762169607,0.1656941802940509,0.14622602055478842,0.14441141592943324,0.1501161150709865,0.1535245651527646,0.14558823655934006,0.15840459832527365,0.1466482894152119,0.15318391163284276,0.15641148419812734,0.16492108540500566,0.17216114466771823,0.15871069834279136,0.151203746294441,0.1689540440989385,0.16227533772324595,0.16071007191807368
10,0.0031405098217446403,0.05087853286873795,0.12448478423717084,0.17207967469193425,0.182022806176605,0.16255034891742215,0.17261229877214138,0.17804045532765503,0.16940948492806254,0.1803144537607368,0.18290737205060686,0.1895466833761007,0.20091871126216998,0.21391444057157272,0.20740161910809327,0.20296421625167985,0.18708397588017028,0.19351010458222004,0.1834284673914538,0.18529954414151933,0.1870271558826287,0.18439753231578962,0.16702061185899317,0.17347600413257105,0.20165163838883984,0.2130429900718357,0.19760310168359976,0.2030285268417322,0.20097137941235535,0.1881709848187516,0.18278182591500783,0.1857919476821196,0.18768517720381284,0.19030259457658336,0.19078129286108328,0.1890981832328112,0.18257476324408817,0.18853539793762222,0.20889000866073337,0.18815995121551105,0.1749671523246649,0.17872850389805012,0.1709491965751692,0.1698025502105433,0.18568172261464022,0.1952287302562598,0.18901044440748752,0.1849980448290655,0.178975170881533,0.18769882402603483,0.1903804252489341,0.19748300704526803,0.19177000384602982,0.19856927311176142,0.19912911278753292,0.20090892250523815,0.1999142765528137,0.20923854242677425,0.2059406942473424,0.2098131440291185,0.212039823947962,0.21591636911240186,0.21007760834159428,0.21567934665140392,0.22097462624343872,0.1978632638694662,0.20361918200313944,0.19678364459731912,0.2161006539812713,0.23030646270156058,0.23015449477913602,0.22467383611266303,0.22064538075084666,0.22383807286156188,0.21464650136566055,0.21483104542893056,0.21343690305301025,0.2102815500643812,0.21368255121830856,0.22513259366940871,0.2262380552035207,0.22313617860203025,0.2229910416220602,0.21454685341453622,0.21485745121192687,0.20717667095740755,0.1974089308172228,0.19265503722826124,0.19963741699073437,0.19372355897740437,0.2017897443995909,0.1880304400157772,0.1909676641095024,0.19389817980220744,0.18506311773716635,0.17990426418216182,0.17559446903128909,0.1821478747895877,0.1639536724792939,0.15993599713339512,0.14872865604379462,0.14384469823460586,0.15404390189187395,0.16003664480417323,0.1720218696441337,0.17010213215407183,0.1667029907088992,0.16832892079882444,0.1768951701699682,0.176086147424645,0.1768372752237973,0.16598976254512762,0.15270840975718314,0.1575097531234661,0.16844464753772562,0.1836596082760299,0.1785029965671789,0.18356811492399175,0.18182591868474723,0.1872644073926278,0.18403725910679408,0.17418797721579438,0.16757643668336175,0.19985841473337307,0.19426860835854204,0.21739775318136606,0.20852742542410066,0.2025531591395211,0.20640828551219725,0.19740685965452837,0.18926727657938242,0.18866031147455964,0.19671413895212642,0.1918176377239743,0.18447010351834195,0.1852916628677291,0.17860494175479366,0.18759585541772736,0.18110659918994065,0.18182125119607953,0.17468220354266756,0.18570636871106125,0.20152062658784586,0.18762006925454525,0.18484036299801038,0.16539416497970344,0.17690143255096988,0.16908521923246073,0.16634434870702738,0.16136796943018336,0.16817316942910648,0.17237912946642178,0.17002231885656,0.15782386655075972,0.16616020776270662,0.16826580058988458,0.1632215007663935,0.16788709960992743,0.16840262251839794,0.17398651222951717,0.17454158229692424,0.16262666334124812,0.16943292014353797,0.18126454689719085,0.1873779566413356,0.19360632102286388,0.20812857524551368,0.21721073865871088,0.2103242608775997,0.2002336968020657,0.20057037264662225,0.20066416890457942,0.20629173187625308,0.2070649815263436,0.20849951454250315,0.2037017813760807,0.20658490866415796,0.18911608663210352,0.19867594774612463,0.1969222814785152,0.18956710729740622,0.19185562468442988,0.18821180564266995,0.18961958981913313,0.18652534770228502,0.18776576376839227,0.19232198384259303,0.1927262520810628,0.19443672588117372,0.1823425104158909,0.1809269036185763,0.1800918575926005,0.18210550397984637,0.17613137784494984,0.17565671886554918,0.1591103327299011,0.17203123609906668,0.16679540836912848,0.17132437660352376,0.17938613623666952
11,-0.0025323153141780155,-1.7193727939256387E-4,0.007368266757790807,0.012147730809555765,0.028388833066898683,0.088275013580961,0.10436844581945745,0.11276528277587294,0.13429501605076846,0.11698648740539103,0.0989879742993764,0.10398379944489308,0.12609851958331506,0.10250193475968863,0.11995084829536182,0.11947185675850851,0.10217808926172375,0.09735844909220454,0.10100314307133963,0.10483644707928046,0.11065382979024278,0.11822884614136153,0.11794923240655047,0.1450789475330675,0.15267336466412454,0.15399488407707376,0.15643456999942834,0.14583088228124105,0.12796541796306773,0.12319860825662526,0.1108802474937241,0.11647110282083087,0.12942027241130463,0.12628115951728694,0.1293077330410158,0.14819177106933687,0.16567540153194243,0.15327002289980574,0.168910849303678,0.18540508494217103,0.18669319588550093,0.19363606753922494,0.19933154077227438,0.1942632962429478,0.19730063466973496,0.19089145694602636,0.19877866555721915,0.19746257955634186,0.193635430234051,0.1883311576972383,0.17932156106878755,0.19184480844688015,0.18360106901105383,0.17209289732254832,0.17736420860881402,0.1746205475520158,0.1748595701130303,0.17417623058797493,0.17909327623829077,0.16864940521509542,0.17913471484628044,0.19855439848105358,0.21263870205684243,0.22389266822580403,0.23405010814832228,0.22981357890485377,0.2178236554127616,0.21380400479797143,0.22009040200060961,0.2102852453489459,0.21777157013268483,0.2146086947706502,0.21344152981136685,0.21223487927665616,0.2017899031638904,0.1992572375114338,0.19837990239241612,0.18512966295154284,0.18810000777258945,0.18315216611498492,0.16833336204325136,0.1606020338277964,0.1485395847928317,0.15313231805321512,0.1676792407652572,0.17460366862845497,0.17266213647531012,0.18229081082136772,0.17739766853930308,0.18085083269759702,0.1846183175734799,0.17234961609831603,0.17153987284608627,0.16567417182968128,0.1663471371669524,0.1702834464141945,0.17570379947470813,0.18279607331952097,0.18438271386736285,0.17793765294078528,0.1875422957697044,0.19223909054420912,0.18317119360590317,0.18481463085197208,0.17389997619525416,0.17225070446034466,0.1820784239016299,0.17667105695753457,0.1675794405434474,0.16754616655842103,0.16940526724911362,0.17425454683953617,0.17612479546900883,0.18001065405614974,0.1771278417088283,0.19161546826103776,0.1918799895916575,0.1921143132614809,0.19311903196975333,0.1914120554140905,0.18369062274999182,0.18104661463642951,0.1803834383502271,0.20522362295855992,0.19864620439700695,0.18539710202803822,0.18506274240663484,0.16289607481409704,0.17636765011555286,0.18375367950699878,0.17136279748019526,0.17117552926024399,0.17665618793119592,0.19116720090086686,0.19734267700119199,0.19170794464974597,0.19055486065847682,0.19358997465738478,0.19084142522678477,0.19354744532426832,0.19024464656742407,0.20418984137134552,0.21057858794846968,0.21084175996146381,0.21561407956155285,0.20995471097735424,0.2111309503681758,0.20807971599120925,0.19736183694305384,0.1919649425828784,0.19856139934897502,0.19969569602309523,0.18829510788734474,0.18437810123406656,0.17224068329280026,0.16309953922507384,0.1632811470188334,0.16763383987154742,0.1671619565801388,0.16891960777579862,0.17386147705728539,0.17248641621991087,0.17639802125487122,0.1801453879979319,0.1553253318601854,0.14904836692926182,0.1477730002525929,0.14510064430568545,0.1363700258359148,0.13225809207921604,0.13360560050483344,0.1284248234806418,0.13753004714581266,0.13869033585354065,0.1364975505435756,0.15686942923079164,0.15753299671631613,0.15760519299168585,0.14826986615974422,0.15223944442580628,0.15441341483714485,0.1576003412957514,0.15080575621353462,0.1429823474059391,0.1642705179899313,0.16703339091382674,0.17156704449278032,0.1813045121023371,0.18047399849276832,0.17080839875429035,0.17550514609003998,0.1772883500961191,0.17346555100400532,0.17504390692399824,0.170925987550088,0.18125700293052036,0.1747705294721982,0.16866523102345454,0.1790596380078172,0.1841407826217091
12,-0.005798940399260208,0.007199236050059685,0.01563102526298056,0.07480626260089891,0.1261733682598499,0.14829411756818092,0.21127869680445976,0.2282309050048368,0.23768138743361483,0.26481513262215595,0.29438183147253927,0.3151131052967234,0.3088215560403965,0.3149003161629358,0.3080246070686307,0.31616897221123685,0.31796730886630775,0.3208348279910726,0.3183039965738947,0.3294570982589402,0.32896604436726146,0.3420244287571432,0.3351128847989744,0.3342574007374008,0.3398425691563389,0.33852683098356434,0.34396790949678807,0.3487267677542527,0.3467340437619987,0.3362631027934805,0.3324789378147942,0.34691162019952165,0.34278717768818984,0.32863356206014344,0.3274409909265625,0.328412710372365,0.32510088370007545,0.31538955286507503,0.33038168839189963,0.33918324727490967,0.3245578579394043,0.3325005039780723,0.3232084391919781,0.34200649809731815,0.32760888380529724,0.3248255881571241,0.3286062371365119,0.3265236979143773,0.3145758649635954,0.3170363454345285,0.314936528010647,0.3085751440595331,0.310281258469407,0.31535345231928125,0.31965504266503886,0.3170115362846884,0.30955348019708184,0.29566152766844067,0.29223395770343247,0.2859138428814856,0.28409189997506695,0.2848534931144301,0.2821141176199685,0.276727118699642,0.2713468909300019,0.2678030613144113,0.2634321414808817,0.2570095161659329,0.27139109558256974,0.2730260609882586,0.2644660972359331,0.264635510394389,0.26148629404200063,0.26944614554939667,0.2602299340424324,0.266678041127118,0.2649810257036528,0.2715948866342444,0.2727959298954702,0.2664228312821678,0.27114148584892134,0.26377872415214254,0.26646701724796207,0.2663170752532817,0.26501736789493074,0.2507008263499657,0.2416223375204802,0.2485666123153138,0.2557929079727238,0.2654612005294318,0.2711282169200834,0.2804093907946665,0.28390345445596804,0.2867997044006412,0.27783190793404844,0.2790464129915059,0.2804149322457307,0.2821449806266236,0.2860918231637435,0.27408131278791736,0.27891355743583757,0.2735468017342336,0.24570502720561854,0.2375311984043884,0.23644790466948834,0.24144552323276944,0.24235766649914364,0.24357427655920783,0.24003046453199453,0.2382509679589484,0.23755202945269857,0.24347213631817063,0.23688567323493182,0.2297005611070281,0.22904008878662396,0.23445457106678522,0.23844657944099767,0.25106911188719033,0.2457522612091356,0.2488172973024372,0.24129629929545293,0.25735226059747396,0.25553296608647347,0.2583327470613108,0.24751791230368586,0.2461869257134393,0.24763571585755326,0.24919065882402205,0.22865125326899233,0.23373755488620762,0.2378878847669464,0.23990352623043326,0.2530990560578788,0.24468400382226205,0.24237567671147012,0.24787400292376294,0.2427934332481205,0.2554321743055182,0.25391155019970013,0.25343955608835167,0.2529759568011738,0.2469479358321797,0.243897209521322,0.24550815416369023,0.2633472258848916,0.2465789441967556,0.23673198822415867,0.23266837579166158,0.2368864925097493,0.23718250454002057,0.24102631865067012,0.23816249808415355,0.243026229291341,0.2363682218010889,0.23908076509865137,0.23426535573729151,0.2433688764328228,0.24352342418250758,0.25510626101501876,0.2585705458965802,0.25905144457168255,0.24970879091076262,0.23809311781544398,0.22105525554464425,0.21156538752158777,0.21745654031973582,0.23459157700622404,0.2262698136903511,0.23176524260106937,0.231440323940108,0.24458554921600772,0.24855846198524836,0.24486490639314998,0.24079421371515783,0.23540768399571305,0.24195394445808333,0.23894750007357352,0.23958838410449604,0.24851233622345345,0.25361958160129283,0.2603278708872396,0.26031989140051526,0.2536741785256655,0.24824988646427593,0.24806110173214718,0.2370644947622619,0.2393913750907101,0.24312959262004719,0.24785634780142668,0.23993537457640166,0.21828132028472044,0.21480738648699504,0.23532319800795728,0.23913003891143947,0.2380685148262704,0.2340087519583065,0.23272236457139128,0.2377394908390832,0.2360813086382657,0.22576998737629514
13,0.0020247298297739417,0.024314857833622056,0.011932217268839711,0.03734205349626938,0.06314215961446507,0.05747734697159077,0.031013766837729474,0.002929777189430127,-0.011926466520935524,-0.04620255248606903,-0.07637177964145923,-0.07708204216477466,-0.09747833887782623,-0.0804999200855353,-0.1086536673011877,-0.12498335895591006,-0.10093229177408462,-0.11033720100735359,-0.11530012347632383,-0.11597710780465308,-0.12454455706778444,-0.1341549599681297,-0.1355063625618358,-0.13569764396605122,-0.1370178329652875,-0.15328073391490254,-0.15046811691602022,-0.1494373344048232,-0.13404546087781605,-0.13416423509365988,-0.144567544773095,-0.14596399250191158,-0.16954346510921667,-0.19295953267231064,-0.1790575794657693,-0.17587216044031337,-0.17151164116344336,-0.1886751381357756,-0.19427302786675305,-0.20938503314399184,-0.22597237298647865,-0.21069407318338937,-0.20657835576568628,-0.19423704075293496,-0.19935272330280918,-0.20310261065479376,-0.1948327834450017,-0.21331913114976558,-0.21542524592806336,-0.2099156109317194,-0.20585577242189335,-0.20963099689985293,-0.21161604903896145,-0.21895455269071376,-0.22550342618956026,-0.20901221478877197,-0.20833527425167592,-0.2117586771709609,-0.21106441185978697,-0.19803694197481986,-0.1924282770471148,-0.20017685401408017,-0.19969940631531102,-0.20727279362794473,-0.18823335358335022,-0.18055823373168806,-0.1857449702095256,-0.1875468699063507,-0.20308950541002596,-0.19628352361000323,-0.21269811950074247,-0.20824131614619945,-0.20695355161544726,-0.19996633022337254,-0.19001559121614764,-0.1900675471689851,-0.20424827701238313,-0.21325083659633917,-0.21408431300219755,-0.20876619281885614,-0.21029510094772288,-0.21882857136652437,-0.2248359105741898,-0.22111642869579418,-0.2198636489648371,-0.20532269439282252,-0.2087921136738322,-0.2060399982243799,-0.19323471801345143,-0.20651206539412523,-0.20656771694375958,-0.1991323591933207,-0.205921288300397,-0.20477736676021954,-0.23257210343291118,-0.24179520508649385,-0.24869749132172703,-0.23261933018176076,-0.22315313053162456,-0.21336517872321792,-0.2218646965756801,-0.23376259823699588,-0.24165435383238898,-0.23883314598047917,-0.23343419204631033,-0.2354111565106799,-0.23451403941516896,-0.22485507682154485,-0.2303550264557661,-0.2290422715430084,-0.22822095333196288,-0.22012409499918498,-0.2188205243720315,-0.22483193105040356,-0.22027682874844198,-0.21532740612958368,-0.21613122812968769,-0.22539572076436337,-0.23363751742052366,-0.25322674901987724,-0.2640130927187241,-0.2498200462007443,-0.2513653654956694,-0.2548510013949751,-0.2589958230342366,-0.23787731685506927,-0.2262546364270243,-0.22129997236171634,-0.22592475182082147,-0.2334161083671745,-0.22418039774119183,-0.2282255101460191,-0.22140439399623235,-0.2186028794383847,-0.22657305739392813,-0.22086956710672273,-0.2220214168430588,-0.2155609793916734,-0.21614830099220503,-0.22114052551581648,-0.22957347673397685,-0.2441785299133738,-0.2517566146490614,-0.23758572012298948,-0.23918275016670967,-0.23429806474991402,-0.23686453877886296,-0.2308446076695533,-0.22086800650225172,-0.21544096111321184,-0.22007051046418014,-0.2119711126532535,-0.20400558014389808,-0.19874499116450672,-0.19731185296912515,-0.2062795143439012,-0.20265227571961136,-0.19892824849993368,-0.19183166542915278,-0.18859993841005782,-0.1941657580418552,-0.19006364064453923,-0.19032392261652187,-0.1896895817617983,-0.19598637078181355,-0.20135741671651675,-0.20221302299498575,-0.18782531809436875,-0.19149984318161647,-0.18944790423962973,-0.19304960953731443,-0.18862925847735762,-0.19305019292314257,-0.18818710150798781,-0.1817278975134636,-0.19620838884510453,-0.20244807411785984,-0.19910255078007982,-0.20355134631452843,-0.20473067138725606,-0.207469820546737,-0.1851206484419702,-0.18700522202145556,-0.19192334043360604,-0.19416243381987638,-0.1949846876597323,-0.20016243522791938,-0.2004599747691849,-0.20056283358877575,-0.19166324866125317,-0.19126263469360236,-0.18741513588466116,-0.1862303636101304,-0.19048531983480166,-0.1911919693100385,-0.18836090313858292,-0.20029029699525538,-0.196196319480304,-0.21002356722730103,-0.21300545923003475
14,-0.010820741555684082,0.018547319695019226,0.06543263526456378,0.11015458684805093,0.13896173168932488,0.1504326518761972,0.13167743145848468,0.07596384238175563,0.06241080342311049,0.05650346730851634,0.03802225265735891,0.037466000265098824,0.025745563200132198,0.01811454531912894,-0.00646396147527036,-0.0050146450440364185,-0.005954859808206534,0.005141160610188377,-0.0029608184755752385,0.0033312192248609834,3.9732119398117646E-4,0.0011728106609451533,-0.011814909033232662,-0.012256438719766782,0.011135878621505247,0.015969516717027343,0.003459294761181676,0.007314151741259842,-0.006457607756717982,0.005700238664212816,0.0141379067382168,0.021393237912884274,0.004269171808914121,0.0015437278019082726,0.014260375711562148,-0.0036576485046349977,-0.01380716323469904,-0.017005060774153855,-0.01292724918168763,-0.03313815395739157,-0.034321355065596824,-0.038311511357468825,-0.03704368864382816,-0.056297863071373015,-0.052846565844199896,-0.048203956211304064,-0.031939066987070414,-0.020467486157131058,-0.009563272493074995,-0.02009559148803827,-0.020968222693552373,-0.015865891834860715,-0.013318821027775943,-0.005217589936235389,0.001438398260037338,0.00975274596232645,0.006002250952407633,0.010446062139030557,0.02578269714707529,0.016256127083013362,0.019586482366046883,0.03728748224379119,0.01638154844107112,0.03139467421685179,0.040238904296083886,0.043604643850455246,0.0426254838627496,0.02997632325190845,0.026678876571717386,0.02578466639512826,0.030140960525624264,0.02619525574693365,0.028006634445789415,0.02968872822114786,0.03319582538774353,0.03638966435150518,0.019091490489360635,0.01809315684600256,0.017542431314190293,0.008239697482479479,0.017594722625350653,0.018772701454056646,0.014827596482354983,0.023629169930578363,0.018086193190171095,0.028323946896764367,0.027541272196159258,0.04979023619796222,0.040830546187959095,0.03858833707779294,0.05314708085505476,0.04462389548145609,0.043287446836924565,0.03967618400204474,0.057129393258675505,0.05982690620526455,0.06564026903368096,0.0575228262066794,0.03927941176949324,0.03549983495700777,0.029452467063781053,0.027632284269579876,0.014792636339905772,0.00922812117429871,0.00796603515077692,0.020459925175454707,0.005020657260605426,0.005355651618029634,0.008142209918952377,0.008140406251715889,0.012561723106226224,0.028191059919161515,0.02714534953779502,0.018028006055706505,0.008559704716447274,0.008205363682893381,0.0100097877247247,0.01585986447735852,0.009071906597927212,-0.005521831487620183,-0.01242390747181976,-0.018929352995631706,-0.018635014831426173,-0.01465745168657611,-0.015907017704438555,-0.018719235719863395,-0.03218209572066227,-0.03287575395605681,-0.017643685549052893,-0.025670085459348794,-0.02677255939748,-0.015126737488064616,-0.019212499602921176,-0.022668046825731408,-0.018624992645907872,-0.0095288689632499,-0.012010604708344088,-0.020586627765799927,-0.021729937206276532,-0.016142508017964973,-0.008824232959124066,-0.005105190553077319,-0.005181730965745383,-0.012095410726838991,-0.0038348927690414524,-2.1327367486494053E-4,-0.006865650760007041,-0.002252832253533552,-0.009660060014705298,-0.0023927202153404587,-0.012277794437198467,-0.009068462999128052,-0.004638134020171969,-0.0071183454091766855,-0.0013960794335065219,-0.008637708944441167,-0.009775099532020753,-0.0021978854740842997,0.0037597490903396036,-0.011595227644461904,-0.01220379717352849,-0.021495619178836217,-0.008150306986640925,-0.011040418485713344,-0.006508109495335748,-0.0069601733801752715,-0.0031821320219263273,1.5562280559690611E-4,-8.083114164366024E-4,0.003192452944168311,-0.0017095230883757762,0.003647421205551655,-0.0029896180539149097,-0.008209287491601411,-0.00431044509309905,-0.011956500780034076,-0.0034659413744696265,0.008147722089102805,0.026802371503232284,0.032175106916086285,0.01946649331986106,0.02309557898749242,0.02431036351150218,0.006088466768725844,0.009931614607253123,6.045740799334848E-4,0.02049192609604043,0.012207800054847028,0.012040723186029181,0.02152644553729663,0.018635288738656722,0.012510011271735327,0.01417252241294787,0.017275346111458173,0.019573677838493845,0.02218500211564405,0.006581764447710791,-0.005548067569857906,-0.009663768648253137,-0.02088414704400316
15,0.008332522627569035,0.042041229016910195,0.125487902651628,0.23172567133112384,0.264612643474592,0.28821555955304345,0.29000071733829497,0.2756169309929901,0.27896505184115195,0.27029214759572556,0.2646967594016631,0.26594456294923646,0.258157641321778,0.2620697134175477,0.25980048261715266,0.24371551571488317,0.25028468602905785,0.260200175474737,0.2569383264444194,0.2754896853509643,0.2765063167984799,0.2638161761222452,0.26260308425611567,0.2708120699737624,0.27199157271269586,0.2617919210043555,0.2666179851858664,0.25819141706000986,0.2652569203871848,0.2668519059619278,0.2579621593562252,0.25282749645338337,0.2636364098146474,0.25826648291772947,0.25534256219941975,0.24789904210583077,0.25456225873187177,0.24611515000641782,0.25500327452541866,0.24062283852219235,0.24759595290448655,0.23656171193597886,0.2540911333991377,0.24965293904515046,0.2397336013376006,0.242264359567252,0.2386166686307406,0.22758870885008584,0.20285624531669913,0.20188443265106737,0.21606545439654948,0.22646830854378588,0.23418119820399003,0.2318143238304244,0.22867952994241914,0.21676419633620422,0.21356206046186815,0.22043294847297518,0.23695396800289792,0.24477360111326021,0.24092402343297828,0.2236556099228185,0.23023045818880988,0.21183425968370304,0.21969529334054286,0.22178343625639274,0.2072476063983298,0.2145957501232879,0.22028662947765415,0.2109619983458642,0.21379349297260572,0.2164488708553773,0.22196137381288455,0.20660803566201916,0.21104416330350875,0.2068167433563989,0.21144794042935583,0.22070133356308935,0.2339948769510854,0.24311291066016555,0.23574395835590195,0.251008488145844,0.24361524527233208,0.24446565894598968,0.24339463984956372,0.250183072942616,0.2515156814986215,0.24187567059590015,0.2424552268463354,0.24915162052316053,0.2507771060819656,0.23829995476195243,0.23076348650472692,0.23398672602795334,0.24479367603811233,0.2488758585315499,0.27108274616661104,0.26692378459496857,0.2597947126448809,0.2511234649132966,0.242962512677993,0.24548999257793416,0.2268483748160409,0.22336909791134968,0.2124396512145395,0.21031828225439933,0.2134444984046416,0.20339989022101243,0.1904069458276793,0.18586173051673527,0.18716845975122298,0.18725724640251099,0.19500286753941318,0.19415726940159403,0.19760471903910048,0.1953628878634223,0.19627114926182912,0.19172793380300013,0.20273917531886212,0.21295202656426399,0.22722512746066706,0.22003121793151206,0.21727404197139102,0.22039707233746456,0.20648951735841692,0.2146716781362652,0.2150257278712219,0.20256536618389423,0.19992290847791874,0.1960042002183119,0.19179303751754218,0.1818614713904991,0.1815663884120871,0.20123248151566234,0.20225558013694317,0.18415431884269806,0.17477328141350493,0.1774300974153821,0.1829057549304927,0.1966602697987952,0.19422901915506827,0.19052778345938118,0.20514405902226174,0.2055625908465021,0.2017035078640125,0.20342932064710648,0.2081833593529735,0.20528197557456043,0.19527040006961685,0.20169294179069236,0.21391269910948263,0.20187082903773107,0.1911969303748959,0.20297097763151353,0.2062424905151414,0.22246178620887783,0.22481692661664937,0.21610647698723848,0.22879558191725174,0.22330897190707089,0.2132755806953145,0.2012228573474183,0.20750293901251773,0.20185849279813872,0.21154383941932303,0.20198658995408678,0.2077142776942499,0.2115967289918611,0.21710714426125347,0.20119259200462122,0.18890195630557793,0.19802860970633812,0.20889623678268937,0.20374335956043968,0.20285987935531444,0.20573012927368095,0.21626826470358546,0.20663036976686516,0.20324048826262803,0.20618957677448613,0.20638043559898278,0.21295642731105066,0.2079618594021855,0.2003867225184715,0.20617974042784984,0.20316471295925786,0.20244758198388557,0.19959579803981609,0.22462931914406745,0.2167338709166998,0.20210118347573033,0.20208859916641286,0.20780431022058363,0.20886612484791126,0.2089080080478278,0.20608720560065344,0.19710700272802367,0.1973594373524489,0.18363489344404843,0.1936007515047288
16,0.006398473479245652,0.07485924445666771,0.14640915724354994,0.2052608681739799,0.27948745423960764,0.31122747193350486,0.326605138494947,0.3575267861576324,0.3615797717547373,0.39235458961517805,0.39230987137828,0.40395267252242484,0.3998580482572844,0.404381497723468,0.40867630469535976,0.39125209500459407,0.4000200314676494,0.40223772166759,0.4006584011029401,0.39992376496613796,0.4101490978998649,0.4041651706197746,0.4105864493257804,0.41248397027041095,0.41027490340078493,0.41292440250550105,0.41168481635141135,0.40136738740737143,0.41644842151724537,0.4153512499283378,0.42070628301379287,0.42521767094053786,0.4184446343292649,0.41678113709053144,0.4057891213497448,0.4077376966229486,0.41239732478006913,0.4086491212906191,0.40517236008066015,0.4034960510505811,0.40925742109252333,0.41406564773546195,0.4106310893333908,0.41656655000714243,0.4073535431183799,0.4023813069005942,0.40939798353195433,0.41350565210886203,0.4155312715657331,0.41514071893717813,0.4277208344609913,0.4185376783721204,0.4281774654933877,0.43299935959554664,0.4352374186363556,0.42643297965748544,0.42653508558526954,0.41958334096024813,0.41285288964825884,0.4233095969877235,0.42482145132323623,0.4191148984614433,0.4401280101969939,0.4384636823624605,0.43652374039205155,0.43669876263271207,0.4352562994624111,0.4302638485711023,0.43028046783172996,0.4380023996953149,0.4374080886000613,0.43815869959944836,0.4311182812887134,0.4368134400548103,0.4463262743487285,0.44401120225426793,0.43585960329564055,0.43141297051551647,0.427945214580266,0.43633854886142964,0.43969597825133133,0.4454068979032739,0.43733725473860874,0.43943937084416196,0.4438583297682033,0.4414889178899359,0.4343468958099658,0.4288677655579901,0.4273194058041498,0.4290996333096254,0.4282994917079177,0.4313048888444723,0.4318856935807076,0.434682936324973,0.4440906345021293,0.4491166546327602,0.45175186581206134,0.4542610130385741,0.45702566908997094,0.4482516858426282,0.438800269236936,0.4416837157176801,0.44333317113690457,0.44445113090833466,0.44915968144337115,0.44679317495733734,0.4427535135122788,0.44960206922881474,0.4428149883579326,0.4468303984981754,0.44683622757478964,0.4424773132746255,0.4600512517965345,0.4601563640939404,0.4642314042633695,0.4619861240797804,0.45560511228058914,0.4522383119037529,0.4520358319961032,0.4444140190457992,0.43644254713720493,0.43352592503453374,0.43089625737783266,0.42748542506376397,0.43256642048557575,0.43030666770215126,0.43101769417449143,0.42568715896346426,0.4256117876786516,0.4356354344232711,0.4343038936964605,0.4245453811768871,0.42459289209754,0.41696452480673885,0.40363313580937493,0.412241888370542,0.41719440557187887,0.4174314660058751,0.40894863058539854,0.40993187052730273,0.4079015070241667,0.40780063474197026,0.40026609622711923,0.4034421821550173,0.4094126456234513,0.4098033184458345,0.41112765802007195,0.4102932737604514,0.4076287006518442,0.4144616695848417,0.42342660148240724,0.4243782132282691,0.42557374013753496,0.42369776936945913,0.42266124126431864,0.4183375785451384,0.42215382328015827,0.4251050443146883,0.4321331837522191,0.44159443486729877,0.44037896126414094,0.44122253417396357,0.4418665273924392,0.43838294649104126,0.4377947697613779,0.4368878885351501,0.4291317409709909,0.42277544936514794,0.4141314056763454,0.4249102346626208,0.43216018495691655,0.42926815008932756,0.43766541307374984,0.4349542926800176,0.42622682451852356,0.4254893182183989,0.4230799268327531,0.40576554641383156,0.40198693990549755,0.4006147933869648,0.4015034907738494,0.40795901877628404,0.4066687760335517,0.4015070772313074,0.4057187449203298,0.4142685547304971,0.42213847624516115,0.41449974935684103,0.41633413083747245,0.409970875237303,0.41203074726455474,0.40544661529801934,0.4064035339473124,0.4068292706450225,0.3967417217532098,0.39623614446140915,0.4074945384747026,0.40632552530769117,0.40281605562251266,0.4008650068825045
17,-0.00607487703102356,0.02886345346323688,0.1194976960675567,0.19774217773905117,0.2552551499713903,0.26720240583061966,0.2782396315894236,0.25937721515392625,0.24605066294079742,0.23642333927692263,0.24583705222637472,0.25380262473869025,0.24313827941893895,0.23230385334644119,0.213031803553762,0.21259624858843357,0.21161670444169606,0.2166336282678762,0.21392322668193858,0.21779947254464346,0.22596045298169998,0.22447691293119312,0.22472203088592377,0.22987737005154174,0.2339882708813119,0.23874790111787245,0.2291824932805,0.2271656219949615,0.23722096811172363,0.22382357867288494,0.21590333358933247,0.22163068391636925,0.20968550705576494,0.2170225576965571,0.2004856594076836,0.2095364069414022,0.1981830476159117,0.2059495581568674,0.21082423741622694,0.21598619090679247,0.21578391534368124,0.22327606389296079,0.23407359758936505,0.2420388946091924,0.24110660418252308,0.22806587655728514,0.222777935476593,0.21282895213377587,0.20891431820862003,0.20264471380850552,0.19707176684213962,0.18571001094482312,0.19053647872382143,0.1881643408552014,0.17806778312993152,0.18661323490119996,0.18247918032185279,0.1853499094086698,0.176458594949977,0.16787907769447016,0.16569328952648568,0.15335229930361027,0.162813863059772,0.17170439367611837,0.15750278970420997,0.15345337049603638,0.14475372317436433,0.1471384927662601,0.1499539037984504,0.13431948583616096,0.124190155909249,0.11866869480442759,0.12651776228661796,0.13710914752403924,0.1418454049218477,0.14523429810740932,0.15549365886928382,0.15575655326339422,0.14916110951963957,0.1457526535894009,0.13952538951559915,0.1452586168381145,0.14744627486266104,0.137877889921497,0.13483628848374798,0.13047343490102528,0.1342519614573619,0.1304634893895626,0.13047972344654693,0.1355578213695506,0.12763594539821269,0.12890886578886102,0.13362087349599022,0.12236833606237982,0.1221747584393484,0.12631682856018078,0.12037930629755877,0.12918967510404922,0.12771217467582607,0.12191657219353515,0.12571728478242028,0.1277592948518906,0.11624143637109619,0.12519189243131468,0.13181507756457353,0.13946456622172848,0.14917935590245351,0.14126758802599865,0.14021706455730715,0.14239601627538676,0.14027049156851845,0.12560930029190426,0.1242228424500678,0.1295081406816092,0.1252104671710047,0.123935922424609,0.13235724146531105,0.12885306911649602,0.12642733312281415,0.12306596811857702,0.11893857602648106,0.12363125730464873,0.11895188601723848,0.12744665649177375,0.1266838410035472,0.11826368127519361,0.11141989581587414,0.11554638031536682,0.13503509965598437,0.1388085720779921,0.13408265288101076,0.12548498341502384,0.14449786695077285,0.15395619996567086,0.16173796894122625,0.15777665168042523,0.16116032276641928,0.15342273093485226,0.1518615217239421,0.15802983994488518,0.14729433937390848,0.1547977789127424,0.14626384291043684,0.14614589377174453,0.1307627951404895,0.13028208859688506,0.11837547699271775,0.11666011426966982,0.12013620050673678,0.11379146892933541,0.12469856934252067,0.1190058850269407,0.11090796271697181,0.10719700890949714,0.09268842392779442,0.09100634991769813,0.09444971380683541,0.09288478179191363,0.09227452562775533,0.10714868668022104,0.11239555407676807,0.11206390410889906,0.11492824277870117,0.10627183592817861,0.11156875867666845,0.10612166012573333,0.10621317875440368,0.10195132036411848,0.10369782188585615,0.10766595810722795,0.10547382160289308,0.10914016950422738,0.1166072033018248,0.10977975829783876,0.10751058562642779,0.11044644586267915,0.10965949148408795,0.11897514331387797,0.11445097173474078,0.12561318811715713,0.11600758423407392,0.11150945379489155,0.11885602284614562,0.11843955661583166,0.11787242672525004,0.11905867096523032,0.12190080892341468,0.12450082960345474,0.11874722967913588,0.12245982154396112,0.11845901927846182,0.12020567818984572,0.11198414732089412,0.10983909768039482,0.10294763660338288,0.09487897844375716,0.0858955424040927,0.08584179049077686,0.0857149267671131,0.0906455406080786
18,-0.01381847619822646,0.001295466216704088,0.02203425931764379,0.1087131045735968,0.14158051923454476,0.21575885009471885,0.2512634370684749,0.267124204483704,0.3002189839618022,0.32377192031968066,0.3285413785878821,0.34557582858122177,0.3605363008752558,0.37850434020650453,0.3976553618993257,0.4095425364315418,0.41157975769434574,0.39920534782770334,0.3934019402670836,0.38113351727985373,0.3874731167234254,0.39886210607105993,0.38152689163518416,0.40021919634379655,0.3877657035274053,0.38528355993883806,0.3848244581251246,0.38641792550234094,0.38596796798844557,0.41230883384376615,0.4243965472142737,0.42752756857136803,0.41038844918672285,0.3962915819960461,0.3894047127703558,0.3983818344917922,0.3928468300263263,0.395436118533072,0.4044179863334486,0.4002381077260901,0.39834998498642754,0.40172260223454964,0.3995500276294014,0.40569230492199154,0.40510141148729184,0.3994277250582592,0.4007249599648888,0.40507989693612084,0.3997439027476412,0.3954397339190254,0.40446871160264003,0.4002527527473178,0.40314732166362477,0.40393362686208256,0.41610842377856444,0.40882691538986277,0.4130390154306982,0.40723639422697816,0.41977223016400655,0.42024315165647347,0.4195526921640464,0.4138775033508828,0.41586634561681035,0.4143532266841122,0.41002457358218763,0.4122326079952112,0.4094639835887927,0.39994960278715935,0.39235555790727566,0.3992458555847575,0.3987483847601675,0.3907853386739214,0.3979952690943901,0.3968140600241228,0.3985139892338983,0.40219252718972237,0.39737321942604686,0.3922614747878125,0.3952822038610671,0.39797374178788886,0.39968612489651695,0.40594371801704443,0.4002326436982125,0.39377931126890126,0.38976943365157424,0.3877338058071529,0.37285679358001367,0.3805819405188344,0.3855553341007491,0.37857815824494906,0.379057584516173,0.37720098890286896,0.3802496384344359,0.3719367234096714,0.3692757306814953,0.359357556618855,0.3612989385959271,0.36105648853621103,0.3631660711994179,0.3516124214739698,0.35391767569204524,0.35632661788929815,0.35221333385330283,0.35047857011565037,0.35856398960710434,0.37174607821454325,0.3588975695476018,0.3563134459494468,0.36175202510285304,0.3587302267367255,0.36038279384238875,0.35697283075353925,0.35353776305252493,0.36018179975296283,0.3619386679630833,0.36760347781611274,0.3671341054912909,0.35658810848306816,0.35906181830516737,0.3647581767987647,0.36123973449463326,0.36382056880410246,0.35920601054170775,0.3491429524942829,0.36287265037872396,0.36513507158556513,0.3703888430725486,0.3810462823339628,0.3874412223640508,0.37395272677642966,0.36893957654275006,0.3733158201891257,0.37669189008745513,0.3813564911155005,0.3665356382331168,0.3654845956585514,0.3604474761097235,0.3691807974372534,0.36706134243373745,0.37208775192251353,0.37076579340518484,0.3730814645167117,0.370450636247346,0.3659895326720146,0.36259501905780955,0.3563232976623876,0.3394462216846055,0.3462413469140851,0.3495660461494988,0.345798745849493,0.33227836559768703,0.3401396275559742,0.3330185436358808,0.3428875468918595,0.34821156049146296,0.344825930131585,0.3466013959228286,0.3493332277354252,0.3551293398109992,0.35554654378944867,0.3508702806439544,0.36155621209550404,0.3570465849642094,0.34907952243939894,0.355589158418026,0.35862737286086044,0.35677247714397703,0.3566650548572206,0.3639887559889751,0.3604224319342617,0.3619667734152888,0.37107379945662333,0.37067991219924956,0.37142016615849505,0.37972451641773747,0.37624045315949783,0.3750637761476518,0.3776141743162673,0.37886324301474067,0.36977730495258604,0.3746312275545803,0.3695481117227067,0.3578402642814815,0.3469446734977579,0.3610318250576767,0.35387935048644337,0.35298892287653616,0.35474533008108383,0.3347101401836021,0.3253105534189155,0.3247865347863182,0.3152411756088058,0.3279293467424548,0.34636154652614115,0.3468480338446814,0.3460894340849821,0.34171030133833313,0.3495046381261648,0.3443574470347683,0.3481031459817834
19,-0.0017841326420371284,0.05896337135461523,0.09333551531916738,0.14304538414284795,0.16459072682677398,0.13508376090028157,0.12621871881205554,0.11985680990350886,0.11288455326262282,0.10504060157136098,0.10012465077526332,0.09511447886148719,0.08164793202775515,0.08317187921013151,0.08730059730939159,0.06742320524711282,0.08445617763488826,0.07978974245381226,0.08771645617186952,0.07502614048294909,0.07506361570207504,0.07574925273484849,0.07306292441582102,0.08835457149075675,0.07883117988983057,0.07751893843089315,0.08936206795022264,0.06462215567587135,0.06984755242604529,0.059636626288754595,0.0313250375745843,0.019930845935624254,0.020703643981983422,0.017842042697748618,0.014573656297852601,0.03771632246949082,0.05284018083693089,0.07525460999740621,0.07630816584774598,0.0795967170574778,0.08229377276604861,0.08896957821565882,0.08916054152326908,0.09124870381170412,0.08646376240371739,0.09031237869770382,0.08980888482606543,0.09124507711402031,0.08482723086836318,0.0862831743177957,0.059747402440591735,0.058713361508948694,0.05900387386957983,0.057731244759251704,0.05251782569367476,0.04365311211142684,0.03963896863292557,0.04855409876372823,0.04782392293586033,0.056495514300508344,0.04258366620595289,0.04318431690698839,0.03952546914808746,0.05053916010085298,0.045527280017761684,0.0438503279315558,0.03299428591374126,0.0417617160390404,0.02539541608306988,0.03891433160148232,0.061900824236011474,0.06453844112348571,0.043569343164074965,0.06082823625212679,0.06188105802117425,0.06965089887072488,0.0790458746172995,0.07937282480065284,0.07945745615623455,0.0744275845315774,0.07223452801170961,0.06978811584302227,0.06440443196548257,0.055995411080281735,0.05831534257813734,0.062313276348266056,0.055906156885221374,0.05014131501745501,0.053456262830290625,0.031093178921909673,0.026627031439654104,0.03381369846559268,0.026508239419595157,0.02039458112425128,0.0060042115447076815,0.00444680999348968,-0.0038404887280936973,-0.013523480957138255,-0.015151736956660134,-7.138072330980139E-4,0.012573894888315706,0.0276695358852164,0.04286295877309617,0.039431005226466184,0.04911113282549777,0.04090235605771248,0.041034113497060466,0.041910394520881,0.02491603521986538,0.012911994422234256,0.011901513803019358,0.00898167948734309,0.015159482164947533,-0.0024379108611048235,0.004290929672816521,0.002371999222979343,-0.0014380856597431845,0.01383359158337345,0.008509042594878356,-0.015686183115180233,-0.006385053914027883,-0.006929004680016624,-0.011910333968821449,-0.013982425579036927,-0.008110907161135739,-0.007645733364062367,0.0025594250363526073,-0.004695058105670442,0.00118204231944383,0.0026984043877867907,-8.533310985218651E-4,-0.012671490725565972,-0.002912277668634915,0.0034709833601228946,0.005466045492313727,0.005298984357072227,0.007064878564663427,-0.004820120387157539,-0.004660681975381754,-0.010174653238065554,-0.012527214440032347,-0.01979304113552472,-0.028122290656879326,-0.020130013456711685,-0.010037004671461935,-0.006768923193815772,-0.0013945158426440707,-0.004817911432662383,0.009892720232132102,0.0019847959931759596,-0.002561399693483495,-0.023858217685958336,-0.024464099985632985,-0.023797136578845822,-0.030298136567318976,-0.029035312949898903,-0.033372207839529835,-0.034794405604858206,-0.03548349813001426,-0.04498249074466659,-0.031004299664722304,-0.024313011459957033,-0.03400935414820171,-0.02585731255000426,-0.024232940174395076,-0.02964579360823508,-0.027231938131980406,-0.023464815114966578,-0.02299597260385505,-0.02597872673914013,-0.027119191990453175,-0.03189914718836864,-0.022503779949927985,-0.0022048058448966654,-0.004903809422000788,-0.01607754970778801,-0.011999463590701706,-0.01963534151659917,-0.026598641240083206,-0.02403505075339583,-0.029687564308318728,-0.022454773625258787,-0.01988848910904976,-0.009732923263340139,-0.00610774425685396,-0.022707678762362012,-0.013345404420403283,-0.012746454628615407,-0.020145156277687985,-0.019779982444068443,-0.017794712317814626,-0.017670287864257412,-0.013698541022678486,-0.01358009715305298,-0.02128210320339604,-0.021842213430385397,-0.022245484106210956,-0.018566579700238936,-0.013619432061496668,-0.010559565838192913
20,-0.00252853853619098,0.04567866930186121,0.14396030222477016,0.22864363728039103,0.2946254765694927,0.32596468448032234,0.3276487776027186,0.36472877197998904,0.3759656513966565,0.38452579642164003,0.3875858675739368,0.3981304369832226,0.41994871795939154,0.43895871951139187,0.422132701724794,0.42725734319646386,0.4269265251967246,0.4322166580730653,0.4275421101656839,0.43234618466078506,0.43400881011283915,0.427842774159685,0.4367908538341163,0.4473869185810143,0.4402703416175012,0.4511872991003906,0.4494504713814844,0.45924197792969645,0.46002356356393714,0.4710031603289785,0.48189222688932065,0.48402634619341633,0.49332843672293814,0.4916973156226037,0.5014190693216858,0.505128774199412,0.5041056987590017,0.48889908599625775,0.48015361580267296,0.4793223772380384,0.47916378263317777,0.4698680733411256,0.4672803146113898,0.47620763706891867,0.47530555537272656,0.4802816598469147,0.48182067939036444,0.4759903467382266,0.48077533191112587,0.4720350440155373,0.4647780274639115,0.4639541188765882,0.46012205852056876,0.44452611277277304,0.4515278236357848,0.45662889016582126,0.4725119126770685,0.4742414027373587,0.4866347664190425,0.4918615761440606,0.4888264673683601,0.48904975227244823,0.47520443028797116,0.4745779337863013,0.47336780372392256,0.48379638155158594,0.48032292349128597,0.47739856319030444,0.4829101937952745,0.4727112896557861,0.4787817330884955,0.4708205980714887,0.4729542470746393,0.460892273996261,0.45060396997315455,0.45317053757847053,0.46397067045018336,0.4528893480297375,0.45530332229294074,0.4408264138713838,0.4467984228624926,0.43486159258209794,0.4308179443369834,0.4225360134904848,0.4489939972948499,0.4606990759290918,0.4487768568062829,0.43711851633882676,0.44715509955246985,0.42758817117698183,0.43625598840359964,0.4410953828856811,0.44744725492184606,0.4569846202061765,0.45575369512093034,0.4485602005792746,0.4459870961397999,0.441649028401383,0.4426700270563561,0.4463976569386023,0.4421001473117831,0.4563448581132803,0.45542426507696143,0.4553618527168486,0.45900307270814544,0.46040071973609137,0.46344272717658136,0.45543806967615247,0.45854928294934766,0.47575273595943657,0.4665721949056875,0.47087897660701733,0.4692431233623687,0.4685566874965454,0.45663409192228455,0.45992430497713316,0.4594619672995718,0.4612421616660897,0.46006825299326254,0.4559276187449506,0.4595401052159365,0.4694718017736586,0.45633049383315644,0.44525691575061704,0.4384127375439622,0.4335816201766358,0.42415839369529557,0.42366105324522374,0.4214983402243966,0.41744861140958983,0.42026451574029894,0.43196816165781515,0.4355911787937722,0.4307741683657222,0.4255573954021885,0.42948203624257886,0.418017464918497,0.41642019982220346,0.4022186020534572,0.3990897159426958,0.4040688007956036,0.40136592588260095,0.40716444652876665,0.4005886801905854,0.40465850007875737,0.41887599180660345,0.42326236871197037,0.4332186950366384,0.4327027514932037,0.4332249249390738,0.44473295474805374,0.4412977595409315,0.4287979219324948,0.4335199105826815,0.41852859246463076,0.41281426302224367,0.4164808385306927,0.4069672154551114,0.4116185422786445,0.4084750472927029,0.39942097066044824,0.40028380995410456,0.3946019611178723,0.3987573990939293,0.40513937644471887,0.414025351480634,0.4171746540524299,0.41765789558181937,0.4149400695780022,0.42232904527938275,0.3988272024505891,0.41575402173374376,0.4070185271992039,0.40963885818383416,0.3973770884845779,0.38596214949774166,0.39478820767871353,0.3853827569497835,0.39029079836276437,0.3776493815911855,0.37405860717111145,0.37340680521809894,0.3790951919986063,0.3765772460087763,0.38333103106398675,0.3858826399865438,0.390416392140213,0.3777863749216213,0.3727409697655644,0.37652023022736203,0.3702548056800768,0.3819747365353187,0.3854528407007642,0.3758580661723419,0.37951152462106785,0.37906353924451325,0.38660066485385886,0.39702687781512663,0.3787534720866084,0.3806719784376862
21,0.0012869468142095609,0.08734003703072883,0.16666269339392745,0.25876132311468103,0.3310915105117347,0.3542951828330888,0.3501068235615691,0.3341130865378563,0.35036904495146615,0.35069747943194685,0.3696915228417464,0.3758469318938036,0.37322750781149594,0.3708441899162855,0.35052161198413073,0.34655435441407856,0.33716213163747283,0.330796053748558,0.32227987415859566,0.330752789124657,0.32476250223298153,0.330254130586897,0.32299883393745743,0.31929202957464214,0.31967456319306226,0.31110791427789164,0.2975492555831639,0.31198800542471844,0.3152769678151782,0.32971799781577743,0.3321771615072119,0.3465906835809527,0.34847031482451124,0.34321146665669167,0.33360215366694357,0.3237650164094042,0.3255852748305893,0.3162017861614823,0.3258352502134294,0.3249809384837187,0.32591634747816584,0.3169689207788174,0.3104177876682576,0.28750847269365276,0.28789511094427983,0.2868208575184898,0.2824542067792263,0.2911185188155926,0.2843475010131115,0.2941030163977984,0.30285458754685546,0.2969760896567259,0.2959565631717178,0.30362943615524945,0.3041714460819413,0.29954025628836145,0.2920643965514211,0.2810727059498673,0.2852545512347481,0.29001402827279693,0.29242712112660585,0.28608404191320175,0.2881019221983999,0.2820911734856269,0.2791460281260789,0.2657285363990684,0.2608118306024195,0.2605262708343157,0.25852879523113376,0.2543728438333831,0.26187745820865954,0.2625222571967684,0.2665013075309839,0.26830488876158026,0.2693269575810663,0.2494628306273927,0.2551066288993584,0.25457670914492664,0.2553799213125945,0.253482103644298,0.2513167737009385,0.2498203435969538,0.2463387148044773,0.260652476739116,0.2582881376750166,0.25213583570456277,0.25344350162157575,0.2599542539959527,0.24889042273077058,0.2542933250598647,0.24277756657020036,0.24804435188316487,0.2575808648698277,0.26465074661223137,0.27950244746362984,0.2804536659171816,0.27211307371524235,0.27706726214320193,0.2704622777808453,0.27246922094331216,0.267220388951152,0.27220771254429094,0.2718122092052356,0.27499667638040637,0.27586896215682555,0.2742367674565793,0.2729122376289424,0.2672026887111231,0.2733611417590022,0.28130903996087314,0.2791697721882026,0.2799692173868301,0.2819763729947217,0.2781535321761779,0.2811442959172744,0.275633917307814,0.2619257016208412,0.25549794751644256,0.2585333702528571,0.2720510021505311,0.2681005301575781,0.27116257291501855,0.2741917331334547,0.27059511100018846,0.26747309862913454,0.2747050475377017,0.274325080781387,0.26880871251795335,0.2701278465264707,0.27436409746217894,0.2800926465959973,0.26795366482737454,0.2624626065628163,0.2573609971260403,0.25038671084180697,0.25375402266055747,0.2581271435436634,0.26718489163551434,0.2671244865965223,0.25907073614093723,0.26415607854187306,0.26041263438322454,0.24997653357276678,0.2608010584360469,0.2685005358931551,0.2604001654689626,0.2545699865463288,0.25073118143301404,0.24895352171217533,0.2393575219000105,0.23610434470834527,0.23414157603720664,0.23547657993594776,0.2330263002568958,0.2318954977710285,0.23261260549240642,0.23639409126429262,0.2390028706502892,0.24117371159983292,0.24837881844382165,0.253768253324121,0.24831697311944254,0.2456883008249812,0.24869593649318322,0.24602984768228953,0.2504373086046041,0.2657428161604894,0.2535097573171893,0.26398424298080714,0.2595552901638037,0.2685506105609145,0.26789862411242993,0.25836051086448625,0.25621930697041057,0.25766074771890685,0.25821228505850585,0.24624753544657904,0.24299477246296597,0.24602402902842446,0.25573805660807863,0.2531688475619776,0.267706610848224,0.2710952806511427,0.2736791868869866,0.2538789735043196,0.243549140385412,0.24268153272676293,0.24596757761719507,0.2494941517139794,0.2359742161083264,0.23899175935830239,0.23260755629728444,0.23554325207401153,0.23519260431284558,0.2363561894904773,0.23156012516991054,0.2335586551295564,0.22746152220056765,0.22819080752767149,0.23283930886610973
22,0.005303191881126945,0.06699454511126979,0.1603962008619499,0.2615156902117427,0.2848021619720243,0.3050177473694683,0.3159141969470253,0.31673262572089195,0.32442292938578576,0.3148195753160668,0.3358851813189356,0.3689694130638118,0.3631717612005005,0.35019310259127295,0.344778630456056,0.33767213736206114,0.3373257732803728,0.3451416367727479,0.35341871810706615,0.34714872894783483,0.34805272419776145,0.356824813160513,0.35303531489977885,0.34613218961046754,0.3456257936091248,0.35019427160699257,0.35623448376078726,0.35223068937606405,0.3423165169634919,0.35104106576365873,0.3540990262241982,0.36004962119647255,0.34971410900870514,0.35196007298657095,0.3523528022903487,0.35040680999849516,0.352394683929229,0.3474699409720945,0.3407574271139138,0.3570715769847994,0.35277482725637893,0.35616473850745245,0.35510591194053115,0.35604208444973084,0.34386957924207073,0.34421297183126354,0.33395577232707524,0.3296285926241073,0.3391128203875652,0.349546071431902,0.3476529843507348,0.35520200972951144,0.3529869156395879,0.36550717051476467,0.3653607716079331,0.35836092765952393,0.3424192925872584,0.33943252661392437,0.34695438622885566,0.35191972181564773,0.35926607329988447,0.36406687331031273,0.3586881378095598,0.3480717477771592,0.3598773392793992,0.36563079611245053,0.36400491022564324,0.36661978421653446,0.36589310993631896,0.369847973313816,0.37015074051834695,0.35675031164449067,0.3618459419996868,0.359463297569765,0.3646094196608158,0.3520945561101284,0.34477585989161214,0.34047628478367814,0.324313448269068,0.31358649556031204,0.31463116012101006,0.30617769361524405,0.3128277726268048,0.3078327127219449,0.30771041482807865,0.3085269080025112,0.30551842389313777,0.30668416198660997,0.2989246470242468,0.30581868866015566,0.297913259582873,0.29870259585305936,0.30146534707069483,0.3031580299415624,0.29895678455950864,0.31240016480851857,0.31754017696404574,0.3257859555948562,0.3145038318942748,0.32351101621226247,0.3207583407785654,0.32453799891801366,0.3103125393162629,0.29843822453680086,0.2955832028006587,0.2891031240207237,0.2923402508838985,0.29246507837359004,0.3051426946325627,0.3060392202120109,0.2989080003194686,0.3010246349928002,0.30721601084654687,0.30203598769694134,0.29236378528930584,0.29332324008404387,0.30418128829848423,0.3014598987311582,0.29530859544451565,0.2847815842662509,0.2812184399878911,0.281812382925566,0.28531897347953644,0.28649241030583683,0.29261249681395335,0.29235574093114525,0.3105766181265884,0.31080089602646344,0.311845451544706,0.32597016884776103,0.33713238886519414,0.34259405144002986,0.34799372245427307,0.3470404827533848,0.3209044001429487,0.32075496064534553,0.3089846975811668,0.30843351368675753,0.30630806102171304,0.3016346805016543,0.30109321286247037,0.3060988885982853,0.3107191466095174,0.31209189679367116,0.311606541191745,0.32061299308374663,0.3267359228035462,0.3342332332609432,0.3170088357600028,0.31216846087828864,0.31001326381508076,0.31426865681049143,0.3185901796387463,0.3273536851991864,0.3158357265714253,0.30573646725065423,0.2929091940883312,0.3008126758387319,0.29055605315501565,0.2939678139378122,0.2870493586100464,0.2949522137771689,0.2949337687733216,0.2858411076723849,0.2759653952001969,0.27180632234997426,0.28009273544672203,0.28134759559157824,0.278994676462376,0.2794226846425352,0.2749366829916416,0.27625867216633404,0.27246259104727333,0.2781461074159019,0.28570152996055403,0.2887854259454057,0.2887822077293884,0.28034319146542,0.2840592263903924,0.28693152161708163,0.2953254349099361,0.292508401662189,0.2904678936799886,0.28974086489740775,0.28971621390348296,0.2793698009086739,0.3037383019756033,0.31260961207474147,0.3068919415169492,0.3063806677421622,0.3102908112735517,0.3151199981830607,0.3284996321646683,0.3094159355325687,0.306691048593043,0.2975325972323676,0.2978653589449108,0.30597206920851516,0.30565906949168575,0.30763348519957306
23,-0.0028548041376713425,0.006696353543825287,0.04078347308474529,0.09372600294869005,0.14395142633135122,0.19272376332496308,0.2111583995261348,0.21411272432035777,0.20218549924920443,0.2055887847502356,0.22305415904125706,0.22634426431737853,0.21623025957225586,0.22691016413737902,0.23624989434710766,0.25283431672093515,0.2519901820775214,0.254731302450661,0.26218755527774634,0.25524364784329406,0.24823927687218522,0.24124316776973348,0.2492566452738434,0.24849568079890955,0.25221760578948266,0.26192456483698306,0.2658126624835492,0.26515197485728165,0.2727644956108436,0.28916159240840494,0.28309028038957124,0.2885314369872169,0.28359112258418223,0.3059336708196642,0.3010753408750574,0.2643478510028171,0.2689042871830342,0.259988507616162,0.2486526757430723,0.24706512083571142,0.24617889801002033,0.26585864213793825,0.2606324234976971,0.25097155347798306,0.26236380388141106,0.267187479410567,0.26353156222180957,0.28569364525229124,0.2766505753208188,0.28496699433136724,0.31128850132817604,0.3061686821468215,0.3086741960303547,0.3100898042451073,0.3081264426414621,0.3113845627949745,0.3188500033862841,0.32451469240650943,0.32981399709434184,0.338165201562839,0.34055944794059057,0.33669418537468815,0.34089074078126386,0.33457499866973167,0.3426556688292284,0.3475316728169271,0.3611223375424284,0.36785628012292093,0.3544041011378271,0.36183945112324417,0.35736697635660564,0.36599003688676524,0.374369291545792,0.3737309944055053,0.36639691414620323,0.3671150450793904,0.36770193032878196,0.3748158699024262,0.3738934230737365,0.36470393069853296,0.36039726668668925,0.3456473160431715,0.3559449917844457,0.3492894238810839,0.3520291436010637,0.3530089855472081,0.35474501896533367,0.3615261767010305,0.35118732808311676,0.34818614130540637,0.3621926084109097,0.36894942196689245,0.3746923899012222,0.37715257856303536,0.36269597745897125,0.35478848921586176,0.3635520388941665,0.3643906062692091,0.3639203842162169,0.3664662374556073,0.376217054694524,0.37896505445657086,0.3850292704575602,0.3883361889671969,0.38265425513993373,0.3836990024950006,0.38674053574026745,0.38101065924358557,0.3778603808169143,0.36508943422740003,0.3669425522083317,0.3650765562749877,0.3772555458970713,0.37827171864759046,0.3752391648112337,0.3583233222452053,0.33742266375427066,0.33410224989657245,0.3257247498219539,0.33513705793689186,0.32891756447533604,0.3260923634635944,0.3318006024354681,0.3528516079638988,0.3525623161484858,0.35245350544942255,0.3356072723764965,0.343147519842646,0.3516387601914798,0.35222219816553774,0.3420730493661149,0.33760934463920944,0.33805345864376507,0.3320592312667422,0.3327417545636906,0.33538750809526674,0.33990895947279415,0.34567062627441736,0.3512782872618678,0.35188069221985513,0.3445200155083931,0.3387607424050996,0.3399645798616246,0.3424258411254995,0.336283920393842,0.34473794374540256,0.35420561426625197,0.3398387949303202,0.33606658772778386,0.34048611431661024,0.34933092451097253,0.3481640975671063,0.3533514329896282,0.35524346534296675,0.3505334865583585,0.34435616881536807,0.34279683201018224,0.34391688346301946,0.3425115527211532,0.3395351712022525,0.336410039865439,0.32603933465004625,0.3182058988786308,0.32383757373756494,0.3244231565133997,0.32324263535454406,0.33329520348656727,0.33671381790374966,0.33136720963210275,0.32894874153162257,0.3390921268651717,0.34373038325420974,0.3439902197426521,0.33309312612314657,0.3290435168719248,0.3246663396554941,0.32307001125844925,0.3259555143519415,0.3195803288023718,0.31719747411588023,0.30998454119907354,0.3098181593591358,0.30920001610353454,0.3101520665278994,0.32120355141428264,0.31977479302315864,0.3332514052978939,0.3286703771531751,0.3335802023498395,0.3296870652947805,0.3181868992594177,0.3172514243713338,0.30290918175861437,0.2904882515435481,0.2904098724440956,0.2799503080510327,0.27989004522368605,0.288053760390252,0.29739112340416385,0.2926537385516052
24,0.0035524978475731674,0.0568669019741873,0.12568495150115483,0.20833058539207883,0.2519933862257042,0.26516684357100534,0.29063781303065794,0.31006311843305995,0.3218905722979952,0.32580302801638594,0.3363165876686438,0.3317740648919574,0.3417189346936928,0.34647242329620215,0.32553952350219617,0.323562050091538,0.31383704859817313,0.3164459550419527,0.30405178604662647,0.31871593310069046,0.3297274946922071,0.334869948049417,0.33514183889440274,0.3284370841467679,0.3303213511420159,0.33064267976206224,0.31836292505836133,0.3264661643588941,0.326361299884594,0.3274681577681179,0.32681937569994396,0.31961807168730205,0.3064280365355781,0.31808337827888755,0.31637207385840327,0.32454235503878537,0.31103151016845765,0.3066520273807786,0.3156603596749072,0.31898413694230915,0.3129216786458102,0.33065606452909274,0.3420405247378443,0.352837923144165,0.35378452971019914,0.34369911552144883,0.32924930486940907,0.3266391666485371,0.3247271050134321,0.3264634700786255,0.3138956574536786,0.3143518830289292,0.30925764413988155,0.31184132509310053,0.303360426209035,0.28750049619393314,0.2813503746555273,0.28441619585437133,0.2888199653381053,0.28903324012709014,0.27267833049436396,0.2696693612093741,0.27515561203657707,0.26558193743753167,0.26936369774871066,0.27145138870013996,0.27429194882092145,0.28766163303112535,0.2769782065465277,0.29045517053654063,0.3003004277859179,0.28742301077595217,0.28174239374613125,0.29034677751453675,0.28282959616594655,0.2903028261608016,0.2971981264895524,0.3021832873811696,0.3067370403116992,0.3148840917408192,0.31393757931788785,0.3102619738763192,0.3106619249644745,0.31899311747254183,0.31159629630346997,0.3032681382730027,0.29315223687867487,0.29084355788719174,0.2933788010443116,0.3065338179818257,0.313570490965624,0.300710541607284,0.2993613381344356,0.2989191371597204,0.31442676774903033,0.31368260163037304,0.31086631557420985,0.3002148827663173,0.2881528094025394,0.30597934852176917,0.31003450145788813,0.3167037606456731,0.3222366758747304,0.31504301180738226,0.31163664797311247,0.3158226198158463,0.32372053820928615,0.32475110191504714,0.32167936274802955,0.3204376338302582,0.3183516122649415,0.3212769654895248,0.3227400618713921,0.31568729814483604,0.3241608923320385,0.31647418065695665,0.3248637730809801,0.33381073918523363,0.3370179762630359,0.3443867721362531,0.34047169220258683,0.3532134485682333,0.3640831855150545,0.3590615451787644,0.35850732839609717,0.3630309451550416,0.3479099990197932,0.35458683523190976,0.35397999873332764,0.3577916819420601,0.3509522360375975,0.34902076609766247,0.3579601993755551,0.35396531416668603,0.3490064466064321,0.3461784947924544,0.34515582949474855,0.3481139016856313,0.35960142913025733,0.36705596956820413,0.36751707970445835,0.3652129851576867,0.3681805675834905,0.3720430617139898,0.3713071248062398,0.37256542358880324,0.36304497051270956,0.3552016442426455,0.356064404372916,0.35145932144080205,0.33821250990466034,0.344014526791674,0.3335604750110731,0.33539982984313144,0.3397209199652771,0.3382429313345207,0.3372603477822081,0.33795746587447617,0.3382615499719837,0.34549620124120795,0.3400252996069196,0.3359470438205436,0.33841062722396564,0.34186636043663,0.3395976509796187,0.3398914494236316,0.34004529641388115,0.3313893924190602,0.333225252809104,0.3322154261453886,0.3348536348561144,0.33704690458369496,0.3382733870644834,0.3344771893676659,0.33080441075996814,0.33457335171662544,0.33372849500669544,0.3320724264153007,0.3367448520886834,0.3269074749231217,0.31809298535043384,0.31694107284294376,0.3230186654054237,0.31710647588979374,0.31057419833249694,0.3085666155376075,0.29852106869008915,0.2992976726357848,0.3012064192177199,0.3009928100502563,0.29402510129518306,0.3025241526464713,0.30241940109674664,0.30190913338899317,0.3039195009999031,0.3080487567693711,0.3027829586032244,0.30093003942535296,0.30482641885321426,0.29812134635812143
25,0.0069779059908430495,0.060919543206521654,0.1321092598125963,0.18984945829452995,0.17061122678166804,0.16090232297775017,0.14561350066199163,0.11341420660647085,0.110187349185335,0.11753110778710919,0.1013325779403639,0.10511627519243356,0.09098798864644256,0.09638978798946683,0.10609461201404281,0.09034695809160453,0.08239697331003287,0.07945430872358594,0.09173135019483719,0.08642387510089479,0.08226534065106168,0.08316451493802976,0.08690511813165185,0.09906450645739731,0.12018053729608712,0.103874995855944,0.09523375409177866,0.11024637623254054,0.11738470853575463,0.11269025651592751,0.12225025287077715,0.10949000950902944,0.10596019850499803,0.09493114838292181,0.10026713869219589,0.09222707014649036,0.10454844169327931,0.09988401359489794,0.09639930549519725,0.10486119528908538,0.11055769337818502,0.11761888956285733,0.1143058810256318,0.1092164872467661,0.10792843408871121,0.11014364093262907,0.10450933006755138,0.11708804929124848,0.1015574853621671,0.1047059417958199,0.12338995540881735,0.12279585691241378,0.12363482233380513,0.12261080306036959,0.12131577146781114,0.12695894443281389,0.13686005126981365,0.12435838280011692,0.12373177347614084,0.11461226038865144,0.11297858799151837,0.11752437597831794,0.12169382521705673,0.12319621984823037,0.11123781394080198,0.1176730984932426,0.12487603490382349,0.11261566288284781,0.12328736343876008,0.11249771873748855,0.10200935813101811,0.11134203619186701,0.11378115540839417,0.11484914468252057,0.12717719169126268,0.12298352635669911,0.12139654413281235,0.12212353406698648,0.12140994935848572,0.11127054628333484,0.13105593326071124,0.12353651162604029,0.12153550900597195,0.11346065407685664,0.11417512778475247,0.12387636777835404,0.13215166515986818,0.11104417830765867,0.12188699673954502,0.1202995415329573,0.12229629105770654,0.12700929156204604,0.12908567553522285,0.1283607172130866,0.12374126423697641,0.1234976055423826,0.11788281272285243,0.1168993929996396,0.12933558323051877,0.13063111795176285,0.12361999027701881,0.12147586171939341,0.13020163996475262,0.135196500724288,0.13618925417696173,0.13046107966831016,0.12854400510273273,0.11204155861295138,0.12212684406678964,0.1302975916453663,0.11725899020215204,0.11334164492583453,0.1128229832703787,0.1211123975304091,0.12569013462473108,0.1058092368149688,0.10033260085227973,0.11010321503836233,0.12130862610750501,0.1342572852990234,0.11766020215591778,0.11881278325885163,0.1311430456278343,0.15053348045255766,0.16362435143288695,0.1728324670450544,0.15640765957875186,0.1575386419713443,0.15157895196914953,0.14153733595414908,0.13178277512380393,0.12099480127984343,0.13549630376827318,0.14450936665479883,0.14268794695276954,0.15374578134430344,0.15012972391373475,0.15087366853356424,0.14511520709719583,0.15346369177454308,0.1553301485807575,0.15379882084728247,0.14241720467309807,0.1481535185144512,0.15345773231691587,0.14931167242073287,0.15328188408278198,0.15768936980431267,0.15517379476365722,0.15912592570793052,0.16362083264129523,0.1466514337980959,0.15194390381595432,0.14087674364727318,0.14428547781228448,0.13402208144362052,0.14041983824745738,0.13087974415354464,0.13403407795202427,0.13022507681815965,0.1266769191290674,0.11308281459187051,0.12348317441697189,0.11979342831230104,0.11803230647943677,0.11726755827697499,0.12788127236313393,0.14130586912100493,0.14523642056367148,0.14651636561370954,0.14231899258659653,0.14917314771839615,0.1367405661555301,0.1322245595046567,0.1345816499993013,0.13726609579524232,0.13436760277856216,0.1356305253164815,0.1449028987518436,0.1464906895329267,0.14322042976952004,0.1484756796369617,0.1410696786570103,0.1355407145844817,0.13492284790838124,0.1382942952276333,0.14816749069983845,0.15037601769053344,0.14957097433387334,0.1481320043164313,0.14576147540929274,0.148835208239221,0.1398005670926063,0.14754043754140383,0.14278951138659798,0.15085956827531657,0.14910325017988968,0.13609135082738896,0.12986022097951205,0.1390241672270535
26,0.0028430420690844847,0.015795593700696338,0.03154791004303473,0.04820846879992386,0.07277319239084515,0.1032299499070084,0.1468341859495871,0.1105921036577922,0.11177778886676311,0.10073653952211209,0.10707824693754925,0.09456264326001801,0.0934623075938517,0.08677459259211816,0.102433067648379,0.09946134256834444,0.10246201068568611,0.08703998305307561,0.10257810568621395,0.09965045474671547,0.07360287909280182,0.07408935033742185,0.07779386145382637,0.10910556297986698,0.09056151399136794,0.10081789936499948,0.102487289291928,0.10236958472088675,0.1072348633417224,0.119552363460127,0.12016488286151535,0.138190138109823,0.14541411240202945,0.14042658339799574,0.14538057080709674,0.1366682774894196,0.14565551167807914,0.1218693512506324,0.1225105620369575,0.12392817802743478,0.12166605204877486,0.12233481725096278,0.12395647836956203,0.11332552033485516,0.11128058939045482,0.1369308138864945,0.16034178853793637,0.16761575896795786,0.17526985398321954,0.1489349782795277,0.1495871652946137,0.15221830790053612,0.13834677977407975,0.15143524274387463,0.13916628805554038,0.1262532389503034,0.12792850918544696,0.1372553894250488,0.13611612691516858,0.13970936398194073,0.14046520517184335,0.133353574967283,0.1294039369997993,0.12093054273913889,0.12056950508306125,0.1277444105395458,0.12006610858005277,0.11093370236489715,0.1090378710733093,0.11274776948602959,0.11419996582013539,0.10665341978848454,0.120796282862617,0.1371309038418296,0.12925417955271337,0.11775685599034023,0.10965901123059005,0.11595761797415623,0.1001103562268296,0.09593874046058909,0.10123096226291023,0.1052982815660146,0.12027859913522937,0.11565514899306431,0.1070511587925183,0.09911987569757325,0.10132023008278443,0.10815312691370162,0.10151603666585551,0.08117042530433563,0.07315422640063116,0.08350973501608315,0.08174117729455893,0.08649213231187566,0.0945872537199366,0.09918927415517295,0.10572223761342889,0.09523478722306405,0.09637919163915155,0.10000108550832598,0.0942967700753187,0.08266622265603749,0.08169421866190923,0.07322927223599696,0.07353503585170267,0.07444584502407843,0.0759473545943038,0.08246156084604853,0.07192901541648737,0.07663895122006145,0.06802509364413455,0.06502268005474354,0.060784375019652136,0.06279329256299461,0.06965918291553976,0.07344377168581802,0.07082325573087365,0.05778253614299098,0.06845942755408427,0.07702397685507477,0.07840896691124083,0.0903016501834064,0.08807322345667808,0.09730012081151754,0.09500433420061745,0.0932184120047316,0.10231223039228737,0.10831102973603259,0.0965157428804902,0.08978984579102929,0.09198808014893581,0.09883907170148294,0.1073485609035017,0.10977766319518008,0.10297732397235147,0.11212239418560715,0.11994669912735384,0.1047809392302983,0.08898436825777142,0.08952275132080181,0.08051372010165332,0.08748734101702299,0.08511622110822263,0.08923552393975699,0.07620354882961262,0.07490534466103513,0.07196117815357289,0.06673964445475347,0.060743288018841934,0.05533269746721978,0.04890880426816771,0.04243085862870422,0.04415536379564049,0.06044692532791351,0.0709498184431694,0.08171496964443868,0.08992693121825447,0.09601765147804078,0.09975965228595562,0.10435670786412965,0.10043955499665788,0.0864344330586938,0.08543982170734304,0.07547517091209327,0.07851294289233984,0.08078113413843205,0.0782973293149792,0.07710446207336233,0.08252963138652218,0.081237635468811,0.0824840071852469,0.09024069887296766,0.09117019727743161,0.08957617466942246,0.09430071302875499,0.09796142160188402,0.0968163417404662,0.09284103478785286,0.0882806753442594,0.09042105266949198,0.09932213703177169,0.0952643347937154,0.09338692306315297,0.10535328551371677,0.10725097020465306,0.1101521735343394,0.11256372954559607,0.10587973466559246,0.11263934979956895,0.10399448046895442,0.09182960817435318,0.09444287388264608,0.08878355828783108,0.09587084012204292,0.09308578624596545,0.09800818160772554,0.10084366127846747,0.08275100799119661,0.09508957756864801,0.09460248690360955
27,3.565439337601958E-4,0.057340291482230396,0.10453740467333537,0.2128483793312784,0.2887156129299689,0.314406454640296,0.31063354043740626,0.33375738422003876,0.3254500475024006,0.32661857469458566,0.3353450201097371,0.3498169873603845,0.3483448168016758,0.3324784110492767,0.33489390360796084,0.34061331801974554,0.33164798809817087,0.3197782236088371,0.32319952338327446,0.3181718912727083,0.3244010363737517,0.32884990070653564,0.335275929391228,0.3391991964551238,0.349560136867099,0.3578166577102724,0.35394220292405004,0.3320710090696019,0.32221299579013424,0.3212116200080223,0.3220020691334575,0.33935220481731543,0.3396440254193988,0.3342682663052876,0.3342503033668013,0.3254352431591087,0.32845069169063207,0.31463251044569285,0.3170078989952274,0.3255639239824258,0.315400196374404,0.31211398887203656,0.3031936092998127,0.3061467398567173,0.32671188097553944,0.3277308852367395,0.33865791911503607,0.33925288594101327,0.3166107931709755,0.3148310406742871,0.3196067475532065,0.3250872561350004,0.30105515413127626,0.3047055299353105,0.30376862820529793,0.30573320525948217,0.3148574942899932,0.30496900679573247,0.3097758635351269,0.3347633422005736,0.3198952498313207,0.3234305486764495,0.3225176906633098,0.3227334297848069,0.3348761166064853,0.34861536074690436,0.3510802912694033,0.35659548708367517,0.35796697350179907,0.3622859805178857,0.36860602833308365,0.36989397883396263,0.3693220327614412,0.3632457045984965,0.3507549571113575,0.36658241418588944,0.36690391563955904,0.36668424222183627,0.36529005553838517,0.3490566487666946,0.34325380948803014,0.3468910152644987,0.34061214593031847,0.34213499194352265,0.3247708578704268,0.3189449072912338,0.3132302399272177,0.3050955364169501,0.30681251372253465,0.29970413831992415,0.2964427425854448,0.28571114977523776,0.2862084537812785,0.2901036254101361,0.29132471060511383,0.2908881324742276,0.2988723381429247,0.30180133042939394,0.3106857090139995,0.31564176559374246,0.3069089618309339,0.30802625485341006,0.30071868389640694,0.29726878199040385,0.3173091238979183,0.3076799701793122,0.3031260089191546,0.3049197567953213,0.2983022668834491,0.29378189172975055,0.30527910365440714,0.30227384874918023,0.3026773051656357,0.29825664594339574,0.2994500062488124,0.31710212804625665,0.3194357858177902,0.3188605471341011,0.31940861695891637,0.30649574450315686,0.31074091320350816,0.3020706551695757,0.2968920328834881,0.28662372475807635,0.28279866540890236,0.2905070484294251,0.29049609459401315,0.28350442350158106,0.2815531408188672,0.2784259458455254,0.2712980605342451,0.2649206793682377,0.2706360450417703,0.2832348599093846,0.2912501433860739,0.30813876384727606,0.30582325569991686,0.30064564584102216,0.30297034005029183,0.30705996063853774,0.30881283521916414,0.30733920979163987,0.31480479399770095,0.3174261130172502,0.31264763415748176,0.31437217007508744,0.3249351035141024,0.32893991268488365,0.32040951793723915,0.31966244144764827,0.3180823002334722,0.3226436467691628,0.32061203820176865,0.31551078739052335,0.316918336320675,0.32129811404224917,0.3248271509076382,0.32328757305966327,0.3179218701977109,0.3151406666102759,0.3339838464432489,0.3344128626996362,0.3214654959334522,0.32480882046212933,0.3259694382575165,0.3247264407807615,0.31759406502640714,0.3152576604009956,0.3181263134170387,0.32141343010122225,0.31531839388595506,0.3193159440342275,0.31605410730415917,0.31414598271290084,0.32308340036438027,0.3213131135459515,0.3210786425265741,0.3184428604870925,0.3265394498276846,0.32115383585029816,0.3222053187848936,0.32348154871834384,0.33332954679887244,0.3361001628586839,0.33436130666185326,0.3258145444947757,0.3195718102873475,0.3097830648929051,0.306587641290931,0.3081532465469832,0.2954332348977549,0.297588072956053,0.305792373317343,0.2987856450292581,0.30388663724521675,0.29620563633779073,0.2931756477170323,0.2921825866142098,0.29160928781149376,0.2934733100333713
28,0.006312264191465247,0.03929852192609887,0.058177371608361964,0.13712571441345628,0.167425953845916,0.1693495957052242,0.2062720078562538,0.2217123011305025,0.24285627025346726,0.25604107171287116,0.24850279794164645,0.2606483731494803,0.24203140668739523,0.23094870598190126,0.2388453094268819,0.2306106498033389,0.20771151714407465,0.21534881044198304,0.2195438759182569,0.21714693124662546,0.22003303570827346,0.2220128828705727,0.20996143977284515,0.21202938784577927,0.2140684909934105,0.21093908899508299,0.22196581584123026,0.21680653185439766,0.22568952614298543,0.21648075340451864,0.2127576234313189,0.20498322501640293,0.19945727856982845,0.20129581629590465,0.21223105205714163,0.20955898929600925,0.19624619604638532,0.19736968620138412,0.19830119337253177,0.1941629366923393,0.19384359232491682,0.1994358432894601,0.19538900982914068,0.19852845659047208,0.21185351218399487,0.22393298564174377,0.20629560169027722,0.1993860139897915,0.2059368042450669,0.20209354957699674,0.1927407164529743,0.19378865663274059,0.19286119712395017,0.20206530542347026,0.20562960304254893,0.20597701776045366,0.19440501815857597,0.19400747341234773,0.1947797320937892,0.18220750898318577,0.18300190884663042,0.17320781604477228,0.16995084027415022,0.16834203985513987,0.17840839857466656,0.1820821726405354,0.1912930846036223,0.18485730684239632,0.19938621152077224,0.20103051501412833,0.19983465814892032,0.1893880230870723,0.1963627750102045,0.197299760076553,0.19529634443113722,0.1834473644294551,0.18444253794366233,0.18891582322871003,0.20061772527598007,0.1895631253954631,0.1925384574812497,0.18968872640083279,0.1791551882773572,0.17368581441024417,0.1557128654467271,0.15994685258502755,0.1557993361160049,0.15648601184162592,0.15581884838160165,0.15765979183415652,0.17112289750592655,0.1650024982567137,0.15179987357005872,0.16102732694543684,0.16829668598402023,0.173066507379927,0.1712187536545152,0.17320260756942726,0.16730244912187106,0.1623317356489526,0.14994027025625997,0.15362554512337145,0.15308373932382363,0.1585331776858056,0.15785921595355368,0.1563476509962358,0.1587449500192871,0.1618976324387475,0.1700683082905558,0.17082487297082963,0.16995341411933002,0.1711264414257198,0.1785322098391312,0.1797109001510067,0.16978659645593594,0.1645873027061262,0.16930519100228023,0.16500605201316484,0.1680775976404883,0.15384479933692832,0.15854080278763666,0.1561793109426116,0.15709405151707423,0.16363835083415426,0.156601085216196,0.1490432916182676,0.138064681327529,0.14470733525369753,0.1474165944426628,0.1456393679074312,0.16098127256313977,0.15008484495280902,0.15401615979391214,0.1618462507656423,0.161571917257934,0.1754221743989245,0.17406815665294187,0.1745027843317191,0.1668742205515158,0.1665385787528929,0.16715872557422112,0.15920436841121,0.15992436419917402,0.15689974387901912,0.15583527718604162,0.16814469562949536,0.1667112366048911,0.1679780630057991,0.17676516954690885,0.16986120003678015,0.16200385207860812,0.1565916949821664,0.1533247325216375,0.15601635631004684,0.1781376700678248,0.17955711154201112,0.17066674516160937,0.17460908476188244,0.1759758396035751,0.18044277154062396,0.1776261138615089,0.17338276096331198,0.1700267164590353,0.18173399446167773,0.17078949622806697,0.17259217584598194,0.17351519114306338,0.16608874499732057,0.1702651138266542,0.1627592491568207,0.165126808757301,0.16210097517749555,0.16432658649854207,0.17928403304180862,0.18463410618444884,0.17991281097357598,0.18988654579719572,0.18507997307757904,0.18731631172812804,0.19233545944982203,0.18741701580384318,0.18586381951123396,0.17669670232755114,0.16881225990464885,0.17362736420028985,0.17861092079670726,0.17067470894326342,0.17973435793224637,0.17737415110231275,0.18285152251536327,0.18811185454850832,0.18293033125583086,0.18466462616361246,0.18515086920025875,0.17526053081784201,0.1882768071955575,0.18374161509252232,0.16338998892357118,0.1592164987153309,0.1651175427662131
29,0.003166640730366819,0.05552529618971148,0.08904144470495721,0.12419891403888035,0.15817104177123337,0.17168715961510903,0.15238972617503574,0.14063959296440787,0.1368353804013861,0.12074583131314062,0.11030454572544617,0.08445286316393191,0.09283394916341332,0.10700211462799489,0.09829022097680877,0.10365399182904626,0.09390708134038527,0.075087148149434,0.07609692808132218,0.08611216236139327,0.07702305172339824,0.07535935966261541,0.07834594238217403,0.07256610636338713,0.07939937433081024,0.07202179939783436,0.06910392399351976,0.07147567985999333,0.07073869102404244,0.08774937073340387,0.0659356310540957,0.06564937667717338,0.06000989579643586,0.06271924686299904,0.05966310658230048,0.07452192531662008,0.07309864494962114,0.06743299489327073,0.06467290158287253,0.0645028121289383,0.05418507688724187,0.06028788836727696,0.06627027713438458,0.06996440730511236,0.06424860797691917,0.05770662168000548,0.05208283516070271,0.06004846208868,0.07343300798032798,0.07093298737444946,0.07719989155978929,0.06971223847891825,0.06425396831351349,0.07470439813360784,0.07720169710911043,0.07555341648771127,0.08033706245125742,0.0720365656600927,0.0637532214241237,0.06021367263538991,0.06992665819805242,0.07008395661839538,0.07299128202520003,0.07892390453000114,0.08286080594436317,0.0697197300970109,0.06415200202477435,0.07365633946661923,0.059298109395994864,0.07081167396258885,0.06277717151239381,0.07024344578239755,0.07007632248842476,0.07619788840281555,0.0676354800482078,0.06373967209798917,0.06665444134510669,0.07323922306983797,0.0917935828539573,0.10218704613460183,0.09355069337075247,0.09409404111421521,0.09931660167769701,0.09096212866458084,0.08531686153341392,0.08568579142365351,0.07222187032993835,0.05972630599582741,0.052840661003976865,0.044738378860474735,0.05851469355645546,0.0625621703075845,0.057531722684897695,0.06014920021170747,0.060553384523970924,0.06923574851070045,0.0692404353369717,0.0514953976644698,0.04875715389367199,0.04433466609911359,0.05328180688927266,0.053465118791661374,0.06830992169603523,0.06556155796334635,0.059017364820702675,0.05541570171946344,0.044978717854728865,0.057080980713023706,0.06400323379819281,0.05790409704019353,0.060799190656631315,0.05904340913314937,0.06841723365840177,0.06482970719338098,0.06512248009226934,0.04911649650221696,0.05843870749820893,0.05438053871151603,0.07429345537115248,0.0723671847314583,0.08028407574932056,0.059199877240674076,0.04729734323565327,0.04697643637375322,0.05632488351247582,0.06635073039736601,0.0462790018817239,0.04968503253743938,0.05395638232515462,0.051865029430728404,0.061124821429097524,0.06406755196054834,0.07101614702116478,0.06259655637779578,0.05576859002477823,0.0609409677903984,0.062771605565248,0.05767835316285033,0.08107881636815492,0.07374961041906192,0.07971692400657272,0.07330902310982557,0.07100628937789155,0.07048134759676819,0.07131092788540527,0.07634552158947819,0.08001695520706972,0.08097868457102372,0.07611500742471088,0.06694371151008985,0.06464660902807794,0.059991394684403405,0.07018891310157364,0.08180200526151228,0.08506777758801175,0.07651631413193268,0.0655835305757014,0.06488474454068903,0.06807059828560184,0.0599814083538449,0.06635351201783302,0.06450099833438334,0.06006665513841832,0.05490214655133613,0.053235320980650626,0.05966065673944607,0.06626522656513786,0.07546398568762855,0.06723845006892311,0.07354819980605581,0.06688729336276293,0.08220298476690341,0.09346532405231675,0.09047059782074468,0.08780528025264153,0.08472506371096529,0.08477557594077419,0.0888906712873037,0.08907687216101311,0.08894218371581372,0.0926082863811743,0.09414279716380029,0.0877987363739258,0.08818373437362405,0.08820210388309273,0.07938161591105315,0.09319118677877776,0.09470468112995313,0.10854659564444918,0.10205478915058236,0.09708462429527581,0.08373961510544596,0.08415471336792801,0.08689582250004403,0.08999216592832995,0.1002416830252225,0.1003654281091365,0.09708243884957556,0.09547109967505168,0.09746729432602776
30,-0.0027511766235426287,0.012954356429870757,0.03602218918160267,0.0894219212142912,0.18680558564880964,0.2633997257962343,0.28875344681838633,0.31796823837985977,0.3098964664113946,0.311278858391833,0.32819209874298727,0.34359401859155164,0.35269624399327376,0.33919670013550857,0.3262002456161398,0.3270664019774454,0.3302973455411988,0.33682807056675534,0.34005823725250117,0.34948143155226447,0.3462693475817948,0.3357875668172889,0.33333792596696027,0.323029705836607,0.3120932769061572,0.3055074496438576,0.2968879630205358,0.3102611643537763,0.2934049540005989,0.29572321787601075,0.2975189059336859,0.28966455793215745,0.2951869331815805,0.29523045719101826,0.2845441783468794,0.2809732286297267,0.2785635255344285,0.2787466198069039,0.26631006515412287,0.26539118941088086,0.28201193498866567,0.30465207232527275,0.30234532829905175,0.300775841934044,0.28961680512681126,0.28274559818219713,0.2826868848498666,0.29424787048913864,0.30195757129064194,0.28203540838043273,0.28338488914342286,0.26790612836740313,0.26865754395725516,0.26718012398680235,0.2658869881706943,0.265622672225904,0.2670245115907133,0.2655753289555209,0.26985237656311556,0.26669065597935204,0.2741751761059379,0.2843726717163818,0.2855456044747859,0.2800891100421624,0.2879503807808364,0.2894475589079329,0.30428646538789494,0.30195848736167824,0.3020312756862628,0.30934892967666844,0.3089381479191483,0.3059168711817913,0.3071469880650797,0.2984498712961786,0.3025085058396164,0.3008027053321945,0.3026126709612064,0.30675410083014265,0.3052393927794561,0.3009929831810921,0.30531596343335377,0.3023802984350639,0.2968253574991794,0.2985802576305139,0.2864740432145998,0.2827034164738546,0.28960421024588745,0.2840457775922635,0.2829081712470867,0.28260744275191824,0.28504803467898443,0.2834206320987376,0.27954343866346215,0.27924269564033516,0.2823987537767199,0.27871499779378955,0.28771143230815766,0.29546509227283946,0.2983209149107174,0.299222840110002,0.28472893122988924,0.2808689126727944,0.2736190950436267,0.27962173578797583,0.2745092980491024,0.27232289462314563,0.28116730351566444,0.28188886341684877,0.28233314664820186,0.28415340413754614,0.2667320398746289,0.26853189711307907,0.2771712563772349,0.2718047098428796,0.27609285255708094,0.2616181352810053,0.2676814809798012,0.2677005976685029,0.27209340050621367,0.27467914362248647,0.27406589332905273,0.26545631138784304,0.2673910418668324,0.2751380860074512,0.28864785607259913,0.29412125815793894,0.2942259352811657,0.2867192121709442,0.2838495197586962,0.2972783265707247,0.2966384480204214,0.301567114045251,0.3003024365884248,0.2934733986469925,0.2848812494680514,0.2785446506764952,0.2822996852951531,0.282979518049463,0.27865839472620363,0.2781218808116841,0.2814215688482442,0.27910065295290826,0.272254334982619,0.2700275699747438,0.2760298029366006,0.2676109929316001,0.2792979209499359,0.2741444487073282,0.270165267454143,0.26359665494017526,0.2571937165125345,0.25972758060018775,0.25431906387621217,0.2624509330599747,0.25669256271125923,0.27572143333809046,0.2602518704355175,0.25056706987500205,0.24699058084336173,0.2431032410800149,0.2332252480653563,0.23987843983659768,0.2384226963059585,0.2411901971369469,0.25297977360220103,0.2643193079243156,0.2651921973451209,0.2684272696020982,0.27925571415720857,0.2801863214986422,0.2872979379932799,0.285435322607092,0.29315396222379014,0.27531981146908274,0.2767837980784586,0.2841407371823675,0.281140378745679,0.28612553785070527,0.28570810661716345,0.28658889061904047,0.28360441238734163,0.28436144304139943,0.29806225659404,0.2962125347822436,0.2956830863761919,0.2919037253554723,0.2959353635431897,0.3003696903395312,0.2953053671819565,0.2938666894317321,0.3005661071380726,0.2958142150257852,0.29990118668345045,0.29807218489356285,0.30541348322929757,0.30236866790372735,0.30605082381569093,0.29079385592273665,0.29103810808817626,0.2783013434581092
31,0.012714858345138353,0.06946590536114552,0.17257354214571616,0.1821346676568649,0.23401587170391752,0.1896521420138965,0.1911076230439144,0.17764862609835178,0.17465678904139462,0.1690235710902079,0.17206813521102016,0.17598120870717085,0.17866182061010702,0.1782289338123421,0.1817993028518026,0.1886022871840211,0.20675078077178471,0.20662708577257835,0.2052754176854279,0.22123006248137514,0.22138980166450564,0.22141019255200603,0.20608984096098562,0.20464770979315858,0.20384048290319703,0.19123529924708244,0.17859067156038688,0.16774142259892744,0.1600006217367094,0.16517334836914685,0.17297096399327289,0.16439073313139846,0.16282216090739318,0.16164338803423284,0.1562684827513092,0.17076333688970047,0.17646472597128798,0.16608190700783068,0.1559990151844992,0.14721992841768683,0.14492342657444812,0.14415828362029556,0.1458325539910137,0.12826599983585307,0.13574156484365965,0.1355767399599737,0.13588786624538313,0.13892550213715998,0.12894939226418473,0.13713024646296923,0.13402396110865084,0.1422554149707238,0.16356261490182383,0.15337546561272902,0.14199499449904537,0.14193458492452218,0.12620121219310038,0.10953499134655603,0.10923859734130914,0.09439713784769813,0.08679042757637818,0.09680537714150357,0.08757485669811532,0.1037021676156204,0.10563384121587362,0.09682949510923862,0.10732289364310922,0.10609536355163891,0.10994312618030219,0.11861930284229767,0.12004082035763246,0.1246303757949555,0.12505562063106196,0.12658659277037107,0.13117175235902695,0.12677428613569813,0.12648700650958075,0.12648306835354262,0.12160620714613397,0.12436442488909633,0.1208546635134465,0.11117576137557247,0.11064684318375759,0.11163333910760344,0.10641912973595702,0.1149099061835463,0.11273380779748181,0.11359120873092782,0.11092346237364371,0.09612238008584507,0.09280540761917268,0.0939446559021908,0.10299290165562805,0.09907906439484954,0.10376316175774088,0.10994081340632667,0.11387526100533357,0.11902176005479535,0.11742666754674647,0.11950057471550617,0.11922744168636934,0.11895028163810582,0.12601503454113175,0.125146818712712,0.13955165633974345,0.1356186412205448,0.1525651274168569,0.14573714957223624,0.15141457744494574,0.14990748669257278,0.1561878415545462,0.15936659194460628,0.1629928574641774,0.16710939859321453,0.1578035936324923,0.16310219009252958,0.16431521455860998,0.1620394373730597,0.1717228989419679,0.16399413294640008,0.15849811277178086,0.16413879779093446,0.16827773306905555,0.15725336442871413,0.1582500871865457,0.13025446359435244,0.1287746690898793,0.14043217463286806,0.14916015035392555,0.14393480715365387,0.13887588184401342,0.14124876214628404,0.13403148944508614,0.12750109096527282,0.1451555633743854,0.14042667779375542,0.13930022496572572,0.12580413870648344,0.1316012674363107,0.12590419306702547,0.11831356390211915,0.11756944150233249,0.1092530054082802,0.12776613711082957,0.13964172307891853,0.1463662875194103,0.15111395638921155,0.16357378545598317,0.14663215051124165,0.15003769502253417,0.14609077051962216,0.1355978057741983,0.13087339325113378,0.12619419729817427,0.13643574965217892,0.138441120279541,0.14150061220039223,0.14160353377448598,0.1527786139403633,0.15757110438276817,0.15887348028492773,0.16418606203546646,0.1601471164087469,0.15959498145180945,0.16064146461800177,0.15443070529296288,0.15309774214681549,0.15155157648341233,0.14722840976611354,0.13193312700084558,0.12508715870377585,0.1390949423241608,0.13552213850227185,0.13749890705277082,0.13007282995502797,0.13187746996783206,0.12915127553366892,0.1252770069991627,0.12282740892824698,0.12400662151915115,0.12118426604368365,0.12219141811009936,0.12444421603437485,0.130385122179289,0.12003334925323035,0.12524428990922135,0.12100875046410026,0.12003386475077199,0.12059683947917438,0.12383631686712843,0.12903642182156025,0.1255214868750887,0.1259238633308484,0.13517523218819832,0.1307725540014708,0.13058655427394067,0.12397014213019933,0.11517332996214534,0.10672357839880126,0.11031194405328672
32,-0.0045127182427630195,0.016651992843789157,0.039118170007677505,0.08908726617571407,0.14871881871812376,0.18021617723300104,0.18623558433744614,0.20043069863952495,0.20558574921655012,0.22328963475902974,0.23331947025462094,0.2201162618251208,0.19625866685424995,0.1886412692712846,0.1756034365388118,0.18597318816116432,0.1846261961830686,0.18730247320179394,0.18812635132261663,0.18063335368018374,0.18273936999919985,0.174160828021523,0.18580575062031315,0.1887014315697459,0.20247632877622337,0.18862639119901417,0.19047424619025566,0.18846322889467348,0.19290216633298388,0.2010367425939063,0.20063585053742897,0.20516957679350703,0.19563127843483244,0.19132304792123775,0.1924779790039216,0.1935137838095388,0.21062208415205663,0.2137327769854121,0.2297008989591451,0.25134926289738935,0.2636666287022276,0.2556467532991413,0.2517666341994116,0.25826648236942223,0.25847042255378017,0.24812331906654925,0.23381700726663912,0.24178327626830076,0.23845404645168997,0.24826923899441242,0.2251512242616897,0.22868941779784424,0.2268173681045739,0.2308730043936346,0.22573008811419318,0.22166304940995793,0.22549374494593688,0.22555744586403026,0.22555662045615524,0.23579254028940017,0.23053948716280437,0.23123316977401498,0.22310361440278798,0.21709730107717284,0.22495261021565935,0.2237022378943958,0.22604258223368567,0.21420308610200578,0.22245415237607888,0.22923180951990482,0.22378843710377372,0.2204530063507045,0.2246091258953616,0.23358377162084026,0.23266888824195256,0.23271705928588232,0.23309183448293905,0.2295342971534401,0.2228114098484029,0.22392330892564544,0.21382432991864056,0.2189258107738172,0.22334562415517464,0.23545682716250838,0.2417272339623147,0.2572289575853279,0.2624414773165815,0.2596349801430109,0.2593523937933501,0.25060699277746984,0.23978204729640873,0.2218870206051904,0.21143255023094262,0.21140491506491033,0.21853041681787144,0.23113980147010324,0.23109639441025767,0.24231336595544226,0.23716518278144474,0.2264047538379971,0.22281795206571084,0.22697690312197644,0.22166925024243994,0.22626131316133763,0.25462912260662596,0.26628772792254607,0.27508927829000385,0.27691488305270473,0.2776520888103977,0.27427174816306404,0.2579856524846993,0.24826148850980242,0.24881340152241058,0.24751941398545124,0.24721397526640534,0.25253235035296895,0.24651785607656748,0.23914103582535307,0.2375707252700357,0.2251958010112528,0.2202660954462435,0.22817099279262323,0.23600408638547957,0.23710505724493916,0.24555047320093762,0.24091209263682814,0.2367374793979372,0.2385143800979626,0.24028469668496327,0.23952224611875483,0.24197153152412823,0.24457700554151351,0.24481521857518765,0.239946476565654,0.23510952437972,0.2455512361188642,0.23745587453908648,0.2420524119430199,0.2419592103799406,0.24489085576646805,0.24415930875630554,0.2438824968764154,0.23798665089495888,0.2386909948791712,0.238934416362815,0.23858447608165967,0.23037032400862356,0.22721732117201282,0.2272447309417791,0.23257649083793094,0.2271278827721054,0.22269474529913766,0.2206026066733499,0.22732161409464477,0.23130596704956982,0.2352873224549418,0.23858050695727392,0.22346816316841933,0.22299927589497692,0.21884997149772153,0.2120921268063908,0.21017141371557205,0.2035601042799833,0.20612001353047668,0.2038128379944898,0.21068961827638655,0.2133795733833429,0.20978059105889532,0.2093064456311496,0.2094454565359896,0.2110658930044468,0.21852947697083203,0.2243452679095158,0.22847395217050967,0.23102241718531832,0.2409140459058382,0.23802325189137008,0.24431116176559498,0.24195603384721415,0.24750590131698152,0.25495692879908516,0.25206863528750106,0.2433895405353194,0.2466539357626365,0.24298676065676214,0.23736545253616598,0.23172949285443523,0.23566085352740182,0.21910554979717034,0.21469812584971015,0.2105069233406304,0.20185820176272384,0.19686892196819777,0.19557447801779468,0.19197322229341157,0.19518091470308907,0.19913916195631778,0.1989982430916637,0.19797834179137577,0.20262970892069407
33,0.00181213192283458,0.03506403355294843,0.040870600216036994,0.0900580570487624,0.19074202394859188,0.22040538159270467,0.22827190949564188,0.22148329502739894,0.23051965304248687,0.22638306740925881,0.22165118008255555,0.21482277437776812,0.20668045314636876,0.20589632743895683,0.2021546929900457,0.18032249555817195,0.1706596270383904,0.17470516270338354,0.1764548239350707,0.18097640827021913,0.18859490561744469,0.19965329027407408,0.21474796081111167,0.2087876297916547,0.20731196589714304,0.19896895190282365,0.2048810487073876,0.21525097032040955,0.21575399565910527,0.2264833325064484,0.23586254124055184,0.23618593442332952,0.23149454415972312,0.21594029039174154,0.202443540423194,0.18245856988341724,0.17707389092989068,0.178261333276726,0.16663160362016644,0.16362323082484345,0.17039865993607584,0.1712968845694401,0.17646325763428852,0.1744694388027408,0.17730959020064493,0.1850718300692056,0.1785634443641255,0.17907527471370432,0.1788043205919246,0.1833756457243733,0.18727273860765506,0.17983389479996148,0.16770129284184399,0.1741544696445284,0.17621035558798134,0.18047014177513426,0.1733304281457229,0.17087643123621923,0.14354351413765465,0.13876673591084387,0.14761664303710564,0.1447300206677184,0.1523087338187226,0.15153411496573618,0.1383252595260533,0.136224240665215,0.15878853724411407,0.15216368117234302,0.15502606640065011,0.16162648541580674,0.1532706471296366,0.15659352655259057,0.16431803796019914,0.16569958406433835,0.18387255868529223,0.19753406600469392,0.18540333090555763,0.19242804541796235,0.1943112685925624,0.18174400662498102,0.17835211802702436,0.1804402700545157,0.1734760928960044,0.16869102398893301,0.16840322421090584,0.1710977010024083,0.17853233760251047,0.1784378420028801,0.16921932371865456,0.16568416240625694,0.17605348422663725,0.18062889449468247,0.17752431994663642,0.16210401425316995,0.16784064788865904,0.18775587642939304,0.180959741957121,0.18206816719982988,0.18145955641182554,0.1913978303138785,0.19938506339353798,0.20850787860285117,0.20098233935413318,0.1939145140011875,0.19456442060446308,0.20774118170991024,0.21648831281394276,0.2142299908714907,0.19855135775284566,0.19857017251179596,0.21451181968746968,0.22136629028708263,0.19815921509705503,0.18237822136873805,0.1797840886738309,0.17491978364504018,0.1825288782641741,0.18408497972396531,0.1905169582057617,0.1863950360756532,0.18689278495022454,0.19890522179292344,0.20686626672763264,0.20261179180463337,0.214464270164607,0.22238584010974066,0.21282892816589125,0.21384725374491342,0.2016769153733925,0.20095057014919523,0.20411282694254504,0.1979154367112458,0.1856939725575552,0.18442596011137194,0.19851129142338453,0.19396194834853936,0.19096070899509532,0.19530696849295864,0.19881030357207893,0.2008140773987734,0.2143409668784123,0.21452170771066356,0.20826984643434718,0.21460347907635824,0.19794432745585117,0.19692657903254124,0.19949419876805893,0.1896590417605779,0.18132485032310616,0.1741683219028729,0.16750414859658974,0.16858906698530085,0.16680333412942835,0.15660724277564347,0.15553665864256605,0.1522309882685861,0.1467211808579315,0.1587029239123817,0.14360614679428318,0.1628185166774652,0.16175281961391239,0.15716628923950293,0.15754031485991235,0.1609661110225402,0.16242498482276152,0.16331163563381657,0.1610526854624379,0.158157391377854,0.14228441076028292,0.14105514983477818,0.1457128135746773,0.16058539859709975,0.15885622011153516,0.15958092280476235,0.17292137515764314,0.16574221880399256,0.17512346683790925,0.16672834370043854,0.16191881620858553,0.16472840076690004,0.16049832936027816,0.14628611500570143,0.14861657249421473,0.1542332152187437,0.1676630507314901,0.15708810519853733,0.14596707004795292,0.1479598684166104,0.1518117109978146,0.1536842069887952,0.13943470199879157,0.14210687576055875,0.15790012262409892,0.1640765480026518,0.1690807198752394,0.17019688220107854,0.15565951871374362,0.15798406980059707,0.15926056243218892,0.16288655223581155
34,5.643462918507966E-4,0.028155260296121174,0.0995297101463056,0.1956516982675492,0.3176092410672302,0.4070359390818674,0.45981513012825437,0.4974728751243167,0.5160283857880621,0.5240275437322692,0.5361356563613967,0.544025445742203,0.5345815686262327,0.544213375549884,0.548837852784384,0.5627902422068343,0.570286006004053,0.567112080774418,0.5693538880527746,0.5623244122549707,0.5723042085469748,0.5725577442818518,0.5542003956397832,0.5499700760185732,0.549457969744834,0.5538862476656944,0.5417787214054381,0.5358537724850375,0.5213592838845514,0.5191703394569781,0.5253852033517736,0.5353593755798035,0.5413125805764973,0.5410250015017184,0.5435337765360496,0.5308412757674106,0.5202843691590595,0.5258966797561537,0.5266728783392827,0.5356786145389543,0.5292556478406577,0.5356940221424823,0.537038368105232,0.5350256830083007,0.5411194252154369,0.5433948651430104,0.5494362648228127,0.5537090645430162,0.5455939652521375,0.5397763671931606,0.5398933378599934,0.5437814971137732,0.5463729772535344,0.5398355286873512,0.5344293891565991,0.5349621907012552,0.5413983383287061,0.5523098993708736,0.5541039184066635,0.5626564652270293,0.5663602360418379,0.5618328050999903,0.5541169873609837,0.5537176939092197,0.5592303908289566,0.5613966134904074,0.5675588247179878,0.5626999224864655,0.5701735428451734,0.5661541968844359,0.5672560318034321,0.560143472047066,0.5615007310202005,0.5622614785437823,0.5648934104589198,0.5673312004139712,0.5607990265836496,0.563877803815712,0.5606591620817393,0.5646966464094295,0.547985965228762,0.5502844568346338,0.5676224845524797,0.5669804893281549,0.5613651938286784,0.5451970386159618,0.5435336758029744,0.5477236935144549,0.551466673215276,0.5496896486509858,0.5463824128953821,0.541203202199542,0.5455018382196082,0.5489112100750073,0.5333740921321026,0.5355580554701207,0.5325742076498351,0.5518759921841834,0.5552757421662268,0.5531247472120283,0.5405736413706318,0.5319859793127723,0.5258481808172966,0.5209656744362751,0.5097544001053836,0.5195880030076006,0.5182148408340461,0.5149902859192496,0.5250388711692318,0.5131284130084913,0.5163960503617743,0.5186094943388745,0.519868066071748,0.504747256200151,0.5010971895110601,0.49482477830395766,0.4971462071201755,0.5061825255766004,0.5135783393787107,0.5283385036910648,0.5215745653805729,0.5106098433268239,0.5066945295537143,0.5042794046797677,0.4958959028156572,0.5083780580103356,0.5140304615696999,0.5100178316359232,0.5081292804013751,0.5043932090835391,0.4952870206133271,0.4874892332482155,0.49004965912805304,0.5014742570379969,0.49708425650725707,0.5223172233022776,0.5220688377538152,0.5237820582539658,0.5275335762110793,0.5197970061091804,0.5218594187808524,0.529794613324218,0.5301062149684419,0.5416482972947435,0.5394896977912065,0.5296877929976561,0.5234110965076811,0.5249438782736278,0.5229588438860284,0.5342615557597962,0.5364724407695975,0.5158073161407256,0.5190193649414536,0.5218289541325761,0.5097059358767476,0.5174163514794136,0.5189045684602749,0.5126422343336535,0.5066006615627231,0.5155111353782049,0.4935866335152825,0.4955037493588286,0.49984082619500547,0.5087967406549374,0.5006441710982241,0.4936429522280157,0.4882817337800056,0.4921102126038929,0.4855118142307283,0.4836915773849732,0.4768642898135769,0.4870565647432044,0.4859861066620324,0.4849365300991295,0.4822214481497509,0.48337154303682567,0.4781770153471829,0.4754141621216407,0.4775930506750544,0.48101506581728215,0.4750368199238074,0.47256876214396093,0.4721210716826782,0.47027254778537303,0.4628667678314421,0.47242882653258716,0.4764187196411261,0.485783017346983,0.48809051610855164,0.478430741090883,0.48394734686930607,0.4789330310448139,0.4741521644346895,0.47777514129911147,0.48954019098445406,0.4998098541655333,0.5046999638054325,0.4851122690860569,0.4913157025999826,0.4953258728178644
35,0.001777955209267391,0.06261401805464833,0.11015095386052103,0.14119900425570805,0.15452608355646769,0.1723622603141122,0.1712023106267489,0.18636684151408128,0.2087013108552334,0.20612173968753858,0.2160473525748853,0.1996674035308147,0.20998027147509835,0.2166284073691085,0.23152204774897414,0.2385274001409176,0.243785170320184,0.24118147270945026,0.2396147732178909,0.24171980152524875,0.2521774350382382,0.25211904135627006,0.25007909582381155,0.24202472385886076,0.25081795133847534,0.23860510338938817,0.24266722135606664,0.23666168987317832,0.22506091570562628,0.2156345982573624,0.21141654773257076,0.22391097710296912,0.2120160004011436,0.21784942638774293,0.21921743775790706,0.2200728395353768,0.22003160731389515,0.2105511343675631,0.2080647296218886,0.21496188467279492,0.2108110711259251,0.20576335589799993,0.21190009904627186,0.221650050285218,0.24057492280003787,0.2342858611888422,0.23517851723288202,0.24777857336575515,0.24240744813393525,0.23648034824574934,0.23296663278870103,0.23826504880442773,0.23818840863825883,0.23688736482568679,0.2434476907658341,0.2369630750902879,0.2448888416669227,0.24637554437122514,0.2424655261609188,0.24993773986670115,0.25949540390464615,0.2639958423362072,0.2630640327402515,0.26136708069748127,0.25285332730840926,0.24396648742389437,0.232300479621961,0.21885640181159993,0.21546988894623373,0.21734924422536903,0.22096401586150707,0.2178753100395167,0.21306089008664,0.20950146815659523,0.2026257435204987,0.20596378114817454,0.22012953804222082,0.22956921074656372,0.2400730248444037,0.23593395133850947,0.2327228677068487,0.2501938330110372,0.24280191414225474,0.24756311651105317,0.25611167615266905,0.25752902424036805,0.25410316446886005,0.25628362887656153,0.24654631470243263,0.25299764930656937,0.25404595493210474,0.26207854202815917,0.25719698244732636,0.256245498244855,0.2559589859536934,0.25603966652122667,0.26096172990221117,0.23549411990113675,0.2221736086456723,0.22768432219766374,0.2360133959029722,0.22468822975754152,0.2207482731471798,0.22884514967639163,0.22387121605369537,0.22073573537611943,0.21653850121195872,0.2105176462870617,0.2019098881827298,0.19749512314333703,0.1921286956864479,0.20161283119698784,0.20378051465014205,0.19136934517453186,0.19160682862207473,0.19013508370938279,0.19949899270635094,0.1897464753806518,0.19102612425353085,0.19050906117838218,0.19126214695871366,0.1958500383311994,0.19160453493375257,0.19512386027496295,0.21102237620712952,0.21087788431778812,0.2009499886299081,0.20778106625260342,0.21389958409230958,0.21857202679821036,0.22177897301723834,0.2210098763765901,0.22309092080382956,0.2294112466445134,0.23333751658984453,0.24076025263403597,0.2341158475931255,0.22559375762491535,0.22369310237183956,0.22123868921092865,0.22915684368272685,0.23088170917307946,0.2258998796069767,0.22361796186766716,0.21262810370748628,0.2205527605210651,0.21655995106940534,0.23000258508501648,0.2225432062036813,0.21102279115079559,0.2147236034422149,0.2217370469100253,0.2251674878961586,0.22366771387372839,0.22686541124705728,0.2230955191241331,0.22883027072504722,0.2218217467561855,0.21349012526801014,0.20594811046951084,0.2064413966744292,0.20010896041063725,0.19904420762733188,0.20492874292609894,0.20946128082271823,0.2019434152719622,0.20742530130619374,0.2017565811078919,0.194409853501962,0.20120639793885783,0.19801797604885332,0.2019710280267627,0.2118628618125035,0.22098615643934036,0.21453999148709435,0.21669943424636245,0.21635268235059574,0.21117155577410165,0.21395437254959748,0.21201098348015335,0.21259621675377136,0.2152011271482568,0.21218622736725556,0.20826734629378013,0.21092995908968284,0.2098290264387045,0.21602698605636111,0.20837241472899223,0.191975337667308,0.1964465868223832,0.19561612550621682,0.19944988002163475,0.19559093637517877,0.1978484512854269,0.19784306247740813,0.19708933749998955,0.19521956967595613,0.186884125197278,0.18092820885090155,0.1809644262743231
36,0.009010320786539622,0.08914559136905766,0.17357689498991058,0.28636063083489266,0.36403648544562855,0.3996005539358405,0.424079972702426,0.4394783456026257,0.447328562621859,0.44622222977726217,0.4356832159433657,0.43113356032972466,0.44032452762838453,0.44024560505633614,0.4413281191937785,0.43805978619584635,0.44185120053675014,0.43222322344124015,0.43223381966576313,0.4366167692204608,0.4366505624535174,0.44080873816646177,0.44226882991314753,0.4448327244866233,0.4499003845119242,0.43578575002720604,0.43688471944123874,0.4405102389935683,0.4406415950771093,0.42736625877139384,0.4183260575394263,0.40003272767996684,0.3997352247880221,0.40060536587074425,0.4016447788885245,0.41825458669505244,0.4158965625282016,0.4218496795189286,0.4218924186364096,0.42331463836759303,0.4353171789522242,0.42963959195179724,0.4373710470358154,0.4475918527597033,0.4450104182702493,0.43656401450809246,0.43506431646063126,0.43893454012755484,0.43032811114165964,0.42741305891783077,0.4298237718963347,0.4397235774156191,0.4337498889681434,0.4351122720258695,0.44905713927722,0.44804652047963395,0.43957529973967213,0.4334382077136136,0.4312033929542682,0.4290745334237485,0.4209408429920655,0.41000297207993797,0.41553117488645,0.4242339644147804,0.4370988632508237,0.44021110220268883,0.4407946831441455,0.44791331978311305,0.44080675286999155,0.4393198467246379,0.4303632169872894,0.41596163058614555,0.4050861061166441,0.4174176206006571,0.4199393809540895,0.4318876492929409,0.4355497902387644,0.4463662289191676,0.44415078963460625,0.43847069926065557,0.4420338295358067,0.45285602581049494,0.4604970323948077,0.4503947890795579,0.44755232751183577,0.4400445734957033,0.439864768548544,0.4401654412948012,0.43547935813141897,0.43518064339797596,0.43851750091957575,0.4360376389620256,0.4286975959213353,0.4194651016558753,0.42490608806641555,0.43911209803989837,0.434685886935416,0.432562499429661,0.43017330341097876,0.42866612424189865,0.423129546186195,0.4217338353042402,0.4206801980932834,0.4220832323830034,0.4234277199540747,0.4263802929192848,0.42198286034413146,0.4209828099096977,0.43242786644696257,0.4386395369367753,0.43565524729874744,0.4289907008858122,0.436157422548354,0.41835780459125826,0.4166966178937698,0.4082377530277816,0.40177959738698965,0.40277939676286495,0.3995440758453791,0.3959066180045569,0.39597694913231946,0.39872616057240295,0.40670290599981895,0.39623887410525316,0.3937209053097094,0.40230296220596834,0.3967852778934789,0.38516435108556296,0.3828017215012513,0.37954768319024756,0.39480952638488936,0.3872996726360125,0.38176693102252907,0.3851175917638033,0.39014609621718443,0.3919115960674591,0.39807301757023017,0.40121117039329646,0.4197601322717692,0.42648102141681193,0.4321505164414241,0.42921546021394474,0.43224136081137204,0.43344786692778137,0.4320970842197957,0.43280704315061114,0.4356678595980301,0.43571085471567345,0.4332544043119894,0.43286981665258817,0.4278321910363811,0.4271831373379394,0.4306449112174582,0.4351036981369118,0.4334881377722706,0.4388810366074015,0.4417563211762305,0.44659467330259495,0.44487537215273193,0.43966816487976634,0.4386053961328218,0.4334827034113158,0.4257814930472186,0.41646147273119355,0.42543269558727437,0.41763112925647994,0.40833590524352936,0.41173277938957303,0.40610773332043704,0.40395539671088093,0.4122236264907505,0.4157651371957467,0.41635788327972634,0.4055572493590337,0.41054762849892684,0.4084331649994047,0.41817688505385703,0.4171267003844996,0.41292090857531377,0.40615581691208036,0.404094800626911,0.4076751955337277,0.41438689192096356,0.4170112201768697,0.423832312539644,0.42163030111910155,0.4331136051713554,0.4384514860672262,0.4228029178220723,0.4181712119260522,0.4150526454737875,0.41718850945656827,0.4195428263047938,0.4111887319895054,0.4157452251249167,0.4146979444546756,0.41358100337520753,0.40924503880518937,0.40417182118993866,0.4031805127659204
37,0.0060849314195798206,0.06217871723209385,0.10639007867147471,0.1316972507016841,0.1194891986682011,0.12995669159778533,0.13573786756863146,0.14139771084099362,0.1399843000315858,0.11523828401948723,0.09140017725788015,0.07576662139257372,0.05915816154245761,0.057742646499239596,0.05244055655038525,0.02822357698772783,0.020109411400449386,0.023239347145298427,0.028497642925948353,0.02076332850347653,0.03190920769344288,0.029071314770351492,0.033389600274798335,0.04185755472763156,0.029431868820664862,0.03545971946221977,0.048723532918012145,0.07097028983480141,0.06273978321293418,0.05797061523986505,0.06259272634318225,0.08179806829475283,0.09412272260702068,0.1045785117733833,0.10976920495461345,0.08781975189238408,0.0667430645767588,0.07612759090479078,0.06430259716069422,0.06511793983327245,0.06326174479046384,0.07220535337422157,0.07443502035197838,0.07704144243671772,0.09022999282669461,0.0846368988528587,0.0980398463145721,0.098218152348933,0.09626039168543502,0.10395557404311799,0.09990439579934605,0.10666997478593881,0.1162345843283971,0.12564305281672167,0.12357470055363734,0.12487799234571133,0.1299057552794818,0.1325241814542305,0.13050335591227383,0.13386533624315228,0.12686351617550304,0.1213818266551287,0.1333796342009999,0.12699247225715693,0.12934106516239935,0.11878066658422565,0.09746548101658854,0.08019180498770251,0.08429612675149599,0.08554860938311924,0.08158896548337272,0.08378675802124563,0.10046223174526818,0.11639295018313607,0.12350093485757817,0.10748761279033174,0.10345470426745519,0.12163171253961243,0.11000523797387513,0.09554155107578291,0.11306246058873076,0.10545163057216012,0.10804229415265595,0.10223574205255564,0.0965378586555443,0.10513374121429392,0.09604812733467698,0.10485359248182896,0.10206245462146138,0.10084451733925598,0.10294751745386171,0.09932355938284246,0.09823992674843629,0.09731407090331899,0.09285725174152348,0.08989965316828635,0.08240993047154442,0.08420706596497504,0.08679064265895833,0.08817594985820179,0.09019927360220847,0.09401150791481626,0.07053067594794885,0.0780706187924851,0.06647836594199186,0.07315809452329207,0.06779783792957683,0.07740294686586187,0.0678321202269714,0.06668044513932136,0.0693945062751971,0.07450976342773181,0.07748462222581275,0.07857635130694413,0.07465558351254678,0.07609197396816848,0.07413021412871534,0.07878619881449428,0.08037352456132714,0.07304572545762697,0.08911707022436223,0.08889076321829638,0.09748226622027399,0.09535131525560363,0.08458780253162253,0.08146158905124018,0.07503974501044652,0.07253311309830089,0.06716615021759931,0.07581566962840587,0.0724882127268082,0.07104064108525368,0.07075804864936588,0.05399789532178858,0.0552177688040525,0.05934476324288831,0.061267542488276476,0.05193638429184164,0.052651764322008326,0.05572747340422848,0.05768666266407327,0.057882679456247754,0.05837907210616913,0.06150095376329673,0.05253423614274297,0.05827409578424041,0.06297767151343629,0.05711348072443532,0.0485132545807828,0.047205958047357825,0.05889359145972586,0.05335454795618337,0.06016349591068563,0.05365024339069583,0.04277398811501973,0.043055098007047835,0.05322258390394033,0.0524052714811808,0.05085941254636606,0.05729996876884667,0.057717962933401125,0.06556916971095958,0.06569341450565408,0.062057198142761526,0.06705917598721572,0.07119726822671939,0.07311123208296672,0.07904528678037231,0.086598428582974,0.08329038915286877,0.0855974240835095,0.07680470651357969,0.07853408803898235,0.07701438081988403,0.0792330802293668,0.0853864307929151,0.08751767388975282,0.09030915616684872,0.08206672853965413,0.0925494781342098,0.10258743984842052,0.09884157822846197,0.10396695407511564,0.09458748360329111,0.07196311642403135,0.08066324890580216,0.08687816731690667,0.08937421598103641,0.10422144265005313,0.10568566196484283,0.10408567783666073,0.10735016717587921,0.08725834589449631,0.08382110777711776,0.07550031974161348,0.07316327287438519,0.06101211639844942,0.06687803886587323,0.07666325650610233,0.07586138842354818
38,0.011174902026240678,0.10502352366545692,0.19399051379753574,0.26790200024391136,0.2978479435404273,0.297794930795597,0.27546801580668495,0.2880939226898686,0.287167356876127,0.2870352228101669,0.2971974727241523,0.29670002166674,0.3085406900840713,0.31257230299376193,0.3127564492650984,0.3045505592188013,0.3148916834690848,0.29972153645517224,0.2840645598449847,0.2809784854966235,0.2960310795259425,0.2907892091021701,0.28632414426889186,0.29475584565675367,0.3043933348178676,0.3036356777250593,0.3140950204728085,0.31387058642028776,0.31697259619913365,0.3215907615199863,0.319350316205811,0.32685125868259113,0.3344319834336113,0.3358476741319281,0.331761790276892,0.32409600714468867,0.3200650023025883,0.3118351759874296,0.3116693006104158,0.318778458921308,0.31575849432197267,0.3154158315783821,0.31814079101046977,0.318473944707484,0.3258065716219996,0.32844705870220203,0.3285902807671656,0.32986725156295754,0.32781337687091544,0.3212185595563538,0.3153403911520785,0.30899111226460013,0.3014997402497641,0.306274128839882,0.31055984973689527,0.314889177142716,0.322015322887163,0.3171668239894093,0.30851066099292157,0.31242241951817035,0.3140982639996675,0.31675637133577417,0.30631529639700483,0.3025708495376329,0.30471680655510325,0.3172562111278095,0.32209529311645907,0.33341946152197055,0.32256223493486913,0.3212953501760304,0.3217564270315889,0.320397484624643,0.3126787528525017,0.31622477393082915,0.3255747121105967,0.3337152004473616,0.3391414562828408,0.32097210577373014,0.314324996737631,0.3146022188636124,0.3197957732424002,0.319312021110462,0.3328836505099136,0.32656641733407654,0.32701748501718325,0.3238082871775581,0.3209154947752186,0.321156607565747,0.32514269641683063,0.32722410030029636,0.3297829454741486,0.33081860869255086,0.33736032927708304,0.3346934154806509,0.33517370861881934,0.3276302865083852,0.33471390292031944,0.34114542238370715,0.34764734651623574,0.34648938136382607,0.34184739068821357,0.33478492346062194,0.33236135560310764,0.3272689329929336,0.3372239117510154,0.3413091645465838,0.3399638814232264,0.3460681870057758,0.3416369899330072,0.3422812149472986,0.343849500914234,0.34449563234337693,0.35464195269299764,0.3528917399589111,0.3567146052679837,0.35037416561148327,0.35150944265024214,0.3502230635469666,0.34460354829792805,0.343215270946709,0.34018849569283505,0.34213864124728505,0.33706118236856697,0.33741384047084594,0.3361889706699718,0.3316884308075681,0.336672364476136,0.3447778348075607,0.34609545027064215,0.3497379968235373,0.34685917994243765,0.3406004149513808,0.33808779494567376,0.3413148690625778,0.3364839857202645,0.3355768268258401,0.3384508343813114,0.34649260346063115,0.3482583743794178,0.34708486386717063,0.35522870845822924,0.35882832820637717,0.3644118076379322,0.3631450080577887,0.35715116166168764,0.3531098239822043,0.34978348300333695,0.3471389718701064,0.34597816821292116,0.33513763767053445,0.32883741715305775,0.33167550034705834,0.33721999696082194,0.3328465861687359,0.32113755846071235,0.3178320638484622,0.318798885366828,0.31259109014499953,0.3067905639356764,0.30252205093978307,0.31876408832506786,0.3256911040873376,0.3318563993509447,0.32680463048807723,0.3260681460074148,0.3127985075697852,0.31634080326786757,0.3197327908523966,0.31639235144589734,0.32210735206482577,0.3201735795786382,0.3167845593049084,0.32107964466365624,0.3325359951242713,0.33559577297432874,0.3410097914746679,0.3340610501112769,0.33196809232290875,0.334499740964538,0.33041292117099486,0.3373777933256049,0.3392368704882624,0.3389619226060433,0.3364014867557227,0.34107348627370954,0.3474860680638326,0.3414362750570519,0.33451436991221306,0.3347579854140872,0.33260651537767877,0.3273043589111,0.3285679062083201,0.32938300584255975,0.32908866404725806,0.3286985519354361,0.33565019684237285,0.32996652973926993,0.3351086548482132,0.32802053010281484,0.3315250183799037
39,-0.008376932839255278,0.014945171307319632,0.04568628423329967,0.09058138384240681,0.15138479025856397,0.17172071714552214,0.19768641980196733,0.1676555951274082,0.16618731208090562,0.1730126199234565,0.16034336184945538,0.1581979480876651,0.1407858996000261,0.1398678095370116,0.11864896072268946,0.1326658810821346,0.13953429736325154,0.13575770970846737,0.130541275529782,0.13591556656166406,0.12203562186578296,0.12196631019082284,0.11714655107278386,0.11837968009215992,0.1180823794173879,0.13312102276178772,0.13507767514602884,0.12753307110648224,0.12659470394212116,0.12221933514523839,0.11696972947430863,0.11786742809461247,0.13138045147329397,0.1353190413523397,0.1460323823483546,0.16338131332053277,0.16109727560507903,0.15806483926841858,0.15754705944246822,0.1617346681881144,0.14623217321831591,0.143458027935213,0.14209595686722262,0.15503842677368918,0.1666623970900184,0.16451815337088366,0.17777187725950355,0.1789918793644441,0.1518263754752042,0.14654178306263269,0.14496587189856747,0.14112545522297137,0.13197809204235367,0.12113234167506684,0.11802937583357932,0.11294622053724357,0.10659710547239319,0.10388866390058608,0.10018435331783557,0.09704163649892711,0.09846755146513118,0.09952428739170985,0.10962247296320396,0.10460791653596857,0.0900916742156347,0.07805702101419326,0.06118838253670788,0.0586414042772141,0.050815658556787095,0.05805845979105672,0.0625294307955748,0.0691876795131733,0.07041762976652093,0.06230569880469825,0.06277034925475732,0.06031901994244302,0.04852773509878072,0.043253282850755574,0.04228356908274691,0.03534665268003165,0.03141972508286862,0.04007556268193503,0.041474055456599546,0.03477050235314028,0.04569808186547722,0.06088659944522873,0.061904163916987213,0.04985093201668279,0.05028207099688614,0.0552048031357612,0.047020566206799924,0.026495763785524228,0.022794009533342038,0.01421969892730062,0.015878059953874712,0.021490812267932643,0.039440616916679896,0.042070258556111656,0.04276068671207,0.04715943059904712,0.051008995598416505,0.043233155520010544,0.042749881184300384,0.04349294576162559,0.04181034344552135,0.04312762436571494,0.057856263325947184,0.06969597833809395,0.0710164378633431,0.07371199928181267,0.07511494163387451,0.07928165438349233,0.08307907068677296,0.07540195733988661,0.0757200483668905,0.061218322138096214,0.05184752516856943,0.04685481289690844,0.05295919848041764,0.05339112042741521,0.042692960905778475,0.04933861553843077,0.04930686098809564,0.0637885594784446,0.059668092683949375,0.06285100228988823,0.060769637404930216,0.05794889393639635,0.045147650294426196,0.038422950531887906,0.04087035026236418,0.04585572217147352,0.05514207787414566,0.053472538874505655,0.05665552057574634,0.05797484643424086,0.032317478223105545,0.03660500970755075,0.02135927975058078,0.04246598308524354,0.03988759552723442,0.04022272603631017,0.05789318529083096,0.056916444082255505,0.06015579769813833,0.055577658403563185,0.047008630655295834,0.04933008053503701,0.03414255374635807,0.032716706889966744,0.040176582157839744,0.0369943880624805,0.02675368856560282,0.022255099974466574,0.020565552628084384,0.021539182560389593,0.02759492871246235,0.03347749083614893,0.034706645643757465,0.0385214146093154,0.03559952195455349,0.027518699081742648,0.039328775554971995,0.02713312045225054,0.03439429707612162,0.027945242541893327,0.03059351417282078,0.030119989900796423,0.025186961807003097,0.029336762926978784,0.03238521887844047,0.05620179881731609,0.05575736387243135,0.06717019923154446,0.04293121831889084,0.05732747463667389,0.060271184376059314,0.04365626197537973,0.03867254441792048,0.03968878856434763,0.03786764546311319,0.06024665761844476,0.06310463079888826,0.07755463170534521,0.07460548156563541,0.08777165020872553,0.10440399348991639,0.1082862096907874,0.11491482306805624,0.09015703296804677,0.08131127844896327,0.07256380803427274,0.0840003870557687,0.059200627919964506,0.07274116250785852,0.06866842270088534,0.0695283428995531,0.05463660832601654,0.047772829536746685,0.04817366797435148
40,0.005967777737956529,0.0522818172782307,0.10929746351943445,0.1736481370982683,0.21198752626568865,0.24613097617973761,0.2554276387019199,0.23732275485146268,0.25182689336812375,0.25321284491339596,0.2589478217042428,0.24992462036593543,0.24225222577700373,0.239019873683666,0.24575481611232142,0.23428813284677946,0.23195153599765816,0.2143249956744039,0.22972159548348906,0.23166124688979242,0.2177588823282151,0.23109319168982875,0.23149111509323692,0.22555703559255863,0.22333449377638698,0.20261259686158348,0.17030204316101683,0.15972795921764515,0.15652409567629838,0.16909557023088354,0.16449091597608842,0.18214209880005394,0.1950295625017388,0.19659643696993345,0.20782821364842025,0.19780383658204936,0.19806380717391459,0.18591915737358333,0.20262448906499794,0.19974709394493645,0.2088376674283537,0.215882162879494,0.22081460703581904,0.2140918158267292,0.21459733244735837,0.1960745245006768,0.20199517170239495,0.21101170372439462,0.2177004673509112,0.21934164948550353,0.21119681323162237,0.20751089206730722,0.20418062637492754,0.2116559405240043,0.2098506800381281,0.2238855898723295,0.22692374917679903,0.2140464455329775,0.22160635845068416,0.23890595368115797,0.22959926404004274,0.22458999605310662,0.2327210605944985,0.23829563696957137,0.2375163790011312,0.23305539972045908,0.23347419431601682,0.24383774466860342,0.24444611228358157,0.2522211110560758,0.2318625523569492,0.2364946519439692,0.23505608245046536,0.22158884665788312,0.2201559088116155,0.21157552790166423,0.2083389912553366,0.20555836930716093,0.2000780200385578,0.19099035931351072,0.1923392780753904,0.19539560936206693,0.19571882165648397,0.2083785991112707,0.20763869156607764,0.20893872825706594,0.21105767479623005,0.21498133588464122,0.21385739843674692,0.21188098420719098,0.19847945161226824,0.21402168866123955,0.21111548573938677,0.21237349725352492,0.21484416751000052,0.2061344720248097,0.20823765608415512,0.20047237425330264,0.21533085024503898,0.21778711242030827,0.2109001017156307,0.21456180120079438,0.2046050281992693,0.2006982158431244,0.20516760618200341,0.19895923765401485,0.21243466724565196,0.21332876176644638,0.19520715584381154,0.21122300797426205,0.2126771207500593,0.2122525610216285,0.19816107932616034,0.19943934234969823,0.20303264888929085,0.19887522954588058,0.20707988513567255,0.2093061144664734,0.21054961927823634,0.21872880622931493,0.2328645072492968,0.23159881665543028,0.23496469750093962,0.24010811654186703,0.24395645937289667,0.24440699814749695,0.21721150581507587,0.22279988916468307,0.23146857964715636,0.2114735063957948,0.20860489215751396,0.21288025601953886,0.21178411962480417,0.19553063393997092,0.2018579988647281,0.22075250337365435,0.2235313959075966,0.22861397818429827,0.2293155966321321,0.2312033793007663,0.23276794238729856,0.23682245215756953,0.23055365151535187,0.22314587040114262,0.21469125503583636,0.21782835023099165,0.2305579479537705,0.23706528879053707,0.24727285609482588,0.24226182211694508,0.24370362802715642,0.2529640975540628,0.25622803619876694,0.25351261091803595,0.23360061356235126,0.23219982548261098,0.22025106337794426,0.2103555698155156,0.20043740312961347,0.1999311575700627,0.1896183832087445,0.18896501660695303,0.18585710487780072,0.18540871054596525,0.1821932472798707,0.18657092549463677,0.2033777125387099,0.20445002870053866,0.19753051568403315,0.18628381465835575,0.1970951276459218,0.1928078927656241,0.1961508517868444,0.2097688000473214,0.22398078834718865,0.21001764549356458,0.21382821065968594,0.211357609386638,0.2128684759947903,0.216274089631555,0.22350879697987,0.2180059930234556,0.21930993617342565,0.22573229187030536,0.2064766856328684,0.18121493168595962,0.1901742871990567,0.18394805075753282,0.18303163776758397,0.1756254595779602,0.17532743766199713,0.1741940384973055,0.17386513870878426,0.1765636288654258,0.17759733704955863,0.17732532724146355,0.18311778514227356,0.18865547826608522,0.19441179110899034,0.19626362094956093
41,0.0018295359496236059,0.04727249328569613,0.1316889774238561,0.24691403865567582,0.3135131447110251,0.3351479423260006,0.344105824352223,0.3424486038975531,0.3558127417616573,0.35534018646987064,0.3372634753022603,0.3502255177877946,0.35192150446128606,0.35598748312583567,0.36532159481320214,0.3660302716976371,0.3686716069068416,0.3715559012880833,0.37540561338787515,0.3839179654534444,0.39077570390464345,0.3920251497057227,0.38582862713052263,0.37935953761526064,0.3811220914928064,0.38353774060228135,0.38185390690844767,0.39243752744176014,0.370967013684444,0.37440372558253954,0.3730576744781041,0.3563036769592005,0.35492669232615554,0.34741243790208215,0.35701332424002596,0.36566394154279036,0.36402599748413567,0.3544300341240357,0.35577841353010287,0.36271811739019655,0.3673430147805666,0.3614605509339753,0.3558593576708674,0.34668025949364056,0.3517520740615157,0.3671961448978473,0.36407358908498955,0.3808371032355866,0.38526712562286497,0.39227674423346426,0.39556695080691684,0.3882107461674956,0.38581526653890885,0.3754689208329195,0.36992481708556996,0.3666366035154441,0.3669076127437378,0.3650398714127289,0.3487725832966352,0.33399915121770407,0.3356308305966565,0.3293772020356323,0.3300828726994955,0.34291107625759226,0.34473023322204005,0.34124703111595733,0.34559084171381016,0.35251730913718005,0.3461472559966583,0.34283567155850386,0.3445251018116465,0.34743746696389594,0.35168323120571077,0.34874534945317137,0.35197757218127584,0.35425186397820335,0.3585925098385461,0.36267270351043435,0.36131599891802396,0.3598358824712234,0.3572972845588433,0.36330543697203393,0.3627049091624641,0.3776955887176447,0.38592739249967556,0.39093413239830327,0.392878072017343,0.3844134046123964,0.3681411337687045,0.3744629053244062,0.3820201414642897,0.38021363042238293,0.3800110639332655,0.3812705214316916,0.38465924728598766,0.3790450047521156,0.37405911324803265,0.390337870614955,0.3891464281516474,0.3887928540995658,0.39138220432772175,0.3880119200181944,0.3938993353309359,0.3931807158671469,0.39190971808189806,0.3904816086250728,0.38964600585151005,0.3899365344838283,0.39045064662936574,0.3963871912805195,0.40556138805763203,0.40810544587225517,0.41317518852306995,0.41451795509921063,0.4094926426319648,0.4061217030032147,0.4087580112428785,0.40935195823337056,0.4193847397665084,0.39971354228565503,0.40527844537752217,0.4176401846739353,0.4131981678145622,0.41202829301905525,0.4057690548855781,0.41293483205979215,0.4284508623131254,0.433409092378412,0.4259021108197031,0.4326860116461236,0.42480636423737145,0.43293391268298675,0.42944703943285767,0.42395110136465336,0.42456166815365387,0.4235441820383288,0.4253883013016732,0.4162837746409387,0.416064838853661,0.4093280997455281,0.4167347833734767,0.40862424491398835,0.41145432769222046,0.4116528686844098,0.40495306702095496,0.3979333942111666,0.397163999122693,0.39996719711906464,0.3969062500935906,0.39497702567790705,0.3951885028267555,0.401428264714637,0.39112275582714917,0.4035672565606225,0.3859576408928642,0.3803345804535862,0.3734607232584773,0.37485873522015295,0.3719420220850605,0.3723973945031812,0.36735934509991464,0.3629146695960076,0.3707928009663334,0.37899007539622626,0.36513889593680837,0.3582220486039227,0.3543063706401566,0.3685494117433285,0.37294860918000644,0.3695539929026432,0.35508876057419386,0.366458825146923,0.36972225304938583,0.36323799607499546,0.3624634559064956,0.3609777549663783,0.36737413340341624,0.36306663825340046,0.3613400776291925,0.36161550974868606,0.36330507191288836,0.3608295569578342,0.36169985785890174,0.3714016136615152,0.3744134556506266,0.3726229162871492,0.3775187197728147,0.36353048336522886,0.35763570317412174,0.34407023611027443,0.36105955261916456,0.3481358691119288,0.3562472356204733,0.35518964630080047,0.37765532445656463,0.3749831021749768,0.3819774688663118,0.37810480383895007,0.3786200000493668,0.36921165418850826
42,0.0014612919669642424,0.058694557579867496,0.10302852137739213,0.1729708000852994,0.22916765281735355,0.22707807998388738,0.20021618505472724,0.2011585244524114,0.17823797962720606,0.1783297382483277,0.1673409407491979,0.15364583639259707,0.15257551794114182,0.1543129767523217,0.16034192433961134,0.14796480952690902,0.15036318389415207,0.14752109976014238,0.1450179979494202,0.1353066175753914,0.11566187407805063,0.10318815176933052,0.11104528108831378,0.1043009180554464,0.09905373968511377,0.10718524082001273,0.12251337852885308,0.1299813655052872,0.14062044347172148,0.12847960388756965,0.12667765853459345,0.13356347515537167,0.1370539397241604,0.12442514147149027,0.11779362105935308,0.10867110358096672,0.09453100490344213,0.10295058124264031,0.09553693309170513,0.10777241608377265,0.10311535086652915,0.10936525135761405,0.10781525499069425,0.11315782655403858,0.11120473650723489,0.10875846831237108,0.11737441798160116,0.12049663631891844,0.10637519226772846,0.10778102095148093,0.11098104136150065,0.10487650404314625,0.11442925470601564,0.0961593077672029,0.08931716555378841,0.10059280957570017,0.10215252994487647,0.10112381538551787,0.10875632833270274,0.11187088006500481,0.10520378391798742,0.10928641158797187,0.10211941391651325,0.08881491949246458,0.07665747784198682,0.07464733897623443,0.07651301288303994,0.06709823837949544,0.07627922849889035,0.08277139162303838,0.07124618743469575,0.06606059223484408,0.07341699334869428,0.07544622584667371,0.06921590805934047,0.05116945123277593,0.04408108055644099,0.05936602000316094,0.06511834705546059,0.06604798141594972,0.05833857455414823,0.05675113816982066,0.05354202920265247,0.05041074703206902,0.05336503117540378,0.05509090528707379,0.0639752371348489,0.05915457712689786,0.06163007788915029,0.07033317151513774,0.05993066494560157,0.06928189984868262,0.07701630607631371,0.06693192378356963,0.08135194390619606,0.08431799379807155,0.08980061462925802,0.09598302498730174,0.10377362705833225,0.10093703800893143,0.09996958521160128,0.12408078618388574,0.11333280191171323,0.11579536155943002,0.1215463559086005,0.13477707345214188,0.14413442958257117,0.1401498076038211,0.155657460143026,0.15071004573579835,0.14608431364298413,0.13698598523395872,0.13200354862045593,0.1269373011217777,0.13458281290580776,0.14814334751875188,0.14190975467421452,0.13369663602045942,0.13090031632018972,0.13636953089766332,0.13468258065166444,0.12692655425008126,0.12721365908664517,0.11944824935256176,0.1146825684357307,0.10992737453234681,0.09784411613457085,0.09689129906150801,0.09734592965389302,0.09532841551941118,0.09764785105094445,0.09182126669948594,0.07208767828242418,0.07687912203788028,0.08927718764674894,0.066935311863346,0.060359014600187486,0.06016016897449814,0.05122398257060132,0.04846625437178012,0.0403160598101721,0.04827794182263512,0.04801817055253624,0.04860828775629253,0.0712247008409799,0.058056702736445275,0.05364261734625503,0.05779426054902872,0.06042795211368456,0.05190785142917788,0.060866882374371996,0.07939331234484877,0.08540364340576016,0.08471517450272469,0.07634841812742914,0.09394552620213517,0.08826556526076533,0.09662319281648118,0.0947038591256017,0.09097459206213208,0.10014696137788372,0.09898099798227142,0.1049393489030711,0.11586128259895727,0.1459115379536743,0.14406844098354757,0.1421161173723612,0.14580775596838216,0.13719618372396508,0.11803598278858676,0.11793595928386859,0.12136086846540955,0.10949356092761776,0.11580948362287018,0.1074208097508247,0.10044495297892046,0.0990613891613808,0.1065915242480168,0.10649963141318863,0.08565034914864222,0.08470532018868564,0.08330691938665317,0.07611268051466367,0.08322065876676171,0.09196811027575298,0.08624354627699772,0.08757730514005205,0.08558621189296353,0.07885321183232137,0.08570237987700213,0.08989698050749469,0.09789585853721863,0.09979171347555119,0.10470815444253838,0.11386517146792804,0.10700629797261277,0.09827753751426824,0.09910558054430439,0.10063662291189183,0.1013504734551446
43,0.005288318833714924,0.06740894800086561,0.11898243592785825,0.19037829169179976,0.20169832681269514,0.1869635575043802,0.1824671981351962,0.17817420299112222,0.18158968970033137,0.16825626474074817,0.15956675797585163,0.16294158064450343,0.14846169565669004,0.14532080931645364,0.13734861336334375,0.1574282795924819,0.16048336406375335,0.1548662728729123,0.1496643583985823,0.14578340555564429,0.16007372771952824,0.16462460435032733,0.1340430149424949,0.12982695037439,0.13086451029869745,0.1178505806412511,0.11263012258548263,0.12979944802728283,0.15543514434308162,0.16016947188374023,0.1453085322799325,0.15284990228879633,0.15245883559783208,0.14125161584797408,0.1561001625714743,0.1560648649667299,0.16458992064826097,0.15875360821368234,0.1535399312514757,0.15717324539585592,0.1699681435492372,0.15062541055317713,0.13499477299988386,0.12619862062292792,0.13176760698241094,0.12224287852541985,0.12506798572130243,0.11073340451034745,0.11657058349775686,0.11194425067200386,0.12198018884181482,0.12267026080300882,0.1371283747785429,0.13704297941457957,0.13157562478649223,0.14155720512812267,0.13458056354764614,0.13727300254598035,0.1307205657437074,0.1383201214441166,0.14653996352288412,0.14699905758595405,0.14820697808917827,0.14890940214032397,0.14809525504844523,0.14672119674613032,0.14489247161429902,0.14687779513221286,0.15914522669288544,0.1574449173412525,0.14022426744726174,0.1275351964548773,0.13101247504344127,0.12499516515402381,0.12060757423633735,0.12196538235076337,0.11127488757427245,0.11211942116408967,0.10410196213389276,0.09793399179570544,0.12456275725660002,0.1234613375441556,0.11228458968727453,0.10455540495197183,0.09127929438595858,0.099304096123794,0.09467660898956407,0.09669519617105563,0.10056972517932641,0.11496344599762585,0.11446094314083878,0.12578116114219642,0.13344111941588443,0.12004223490104828,0.13234579196179275,0.13864123034255682,0.12929435676532827,0.12979613938997053,0.12133498707667584,0.12411292402148172,0.12960561791647185,0.12111531151004577,0.12046412529382905,0.12193126958813577,0.11253572905035554,0.11019412682664784,0.10500199357669572,0.10567509271355252,0.10618113504652082,0.10341642531570265,0.09289416011265991,0.1075081320004049,0.10735585195710205,0.1169949215657168,0.11599058398153796,0.11384223235865862,0.12339434953603413,0.12131421876996411,0.10540339064121639,0.08950107318704541,0.0879798934385029,0.09055084734077665,0.0838771001409358,0.09363424253727072,0.09939879651894491,0.08709956384458582,0.08414058293394718,0.07827236632930579,0.08082204520283044,0.08728252505552686,0.08503800317344684,0.08697998539586774,0.09775339645612834,0.09941990045086185,0.11728305606725849,0.12468270027163976,0.1179101646128899,0.1060318151701444,0.09480325176206988,0.09590282327681336,0.09308837386612477,0.08870967998238374,0.10181606617935976,0.12306280173100319,0.12101577856373133,0.12212532712375988,0.13449059482230968,0.12460060218733286,0.11102413017853642,0.11244455279281797,0.11677116270058711,0.10832201440967165,0.08963719013038533,0.08229334547330139,0.08226635210027705,0.0895750190468923,0.08998426398014785,0.08666781067607494,0.10341713137743881,0.09944705523081902,0.10496772985904093,0.10505245807737934,0.10819809990570035,0.10340342297037486,0.1048224348206907,0.1069735500098804,0.11147412980257085,0.11436203860803902,0.12321638333639771,0.131694727810892,0.1296518398906547,0.13737596791442694,0.12646093115568155,0.12787438247970204,0.1309793537053045,0.1275960290303386,0.13060602116201103,0.12657501928690823,0.1317274144345782,0.1142306576887731,0.11439700965035522,0.11874676722441749,0.10682766762217259,0.10024227502033506,0.11225664580687043,0.1039562714407518,0.10260524153510789,0.09918537883481998,0.10232527453508337,0.09736509063980808,0.08632593535323538,0.08455793493337425,0.08037793759223201,0.06845662972490386,0.06908723073294917,0.07235120646274526,0.07008886704561473,0.06992183588977141,0.07860794764828932,0.08608155683691204
44,1.3440395994027157E-4,0.04716974047580183,0.13680849763807607,0.1409077711096671,0.12422704829298623,0.12052446226139049,0.1370254793233079,0.12449549749132187,0.12526318257509764,0.13008070022196017,0.10382823938382789,0.09468222302236132,0.07659651145780158,0.054630702882510755,0.052883061552573725,0.04945999753847676,0.044312274588353226,0.07433323315829866,0.062573515328325,0.04030407570716653,0.04698788792591583,0.04276999709937499,0.03306633277711255,0.02888416768160254,0.034364322430975834,0.025946347613065912,0.030154277725695608,0.009235659826322996,0.007853206445428503,0.013792348876824392,0.019908730826950806,0.011084314926379884,0.005070236924416949,-0.003673186301609584,-0.015594744949883279,-0.012468175853148031,-0.006178434489573621,0.009131914115011859,-0.006248883335655545,-0.006845019078167928,-0.015153366555902827,0.00580439016343628,0.001986274757288286,-0.004160484350191615,0.004608995596393376,0.003383966630734487,0.001616957701445542,-0.002707960445621019,-0.006260987461625575,-0.005472619978793732,-0.016178649158704213,-0.0097979324916044,-0.014293227672303697,-0.018998641424912897,-0.019522662610375368,-0.01671735954680085,-0.012022217097336061,-0.01017538610620885,-0.017243316233636615,3.521864896397683E-4,0.006509962459993743,0.019706862878496136,0.021544762636160893,0.030171474566658665,0.04156928303934411,0.03386147084408406,0.03673631802090959,0.03589841387230837,0.03492418514853295,0.03667751169183212,0.025263839615500445,0.021107773389052852,0.019845464122569118,0.018692256416261363,0.022555317983849715,0.02487406463152161,0.019326890762260816,0.024556336876991425,0.020164265458249803,0.019109237703230843,0.02431216491833995,0.03300516330688271,0.034779534451931354,0.02322232745170967,0.02623496744044069,0.024647511588168147,0.018508141441230228,0.007552913743849882,0.010669614792535944,0.009390053181764828,0.0148309340155549,0.016299272971206365,0.013791585624222202,0.00885373921875751,0.007388025097547735,0.0015008407681720603,5.962783459928961E-4,0.001533553894863883,0.01971894633848376,0.02073862532604482,0.015486380297723383,0.022991930297085725,0.02398739198732394,0.02635787109734403,0.018182867075190696,0.0062638551124609134,6.935941374828903E-4,-0.0030403112140992817,-8.984123522526377E-4,0.007163894713784536,0.014426227948055696,0.006881877564424552,-9.931364209890669E-4,0.008256869696681428,-0.0021235840327007626,-0.016253830268871176,-0.019762916722573007,-0.031410360616638926,-0.022046509714041353,-0.014322624724252466,-0.010427347803297278,-0.0047769655235962594,0.0055459116783111015,-0.003810742791930498,-0.009279300858905819,-0.01066851991951565,-0.008761606754102598,-0.008240735622362631,-0.010719224579692377,-0.012466376399902508,-0.02905228760189208,-0.034566574864683106,-0.034175153289129144,-0.03199216244162591,-0.03512274418674322,-0.036375274330128854,-0.03693435630003029,-0.04136720810811531,-0.046242432098416726,-0.025723132949751003,-0.0229029930514133,-0.025941698704273132,-0.019692466544495586,-0.02733021577090764,-0.022069259545801495,-0.025020830409354114,-0.026496428365474126,-0.023844915986877862,-0.020313683939292716,-0.019687995535789603,-0.011252110646202051,-0.017297471786619875,-0.021043942864861047,-0.016828102823998638,-0.007226613775852879,-0.007912220061701036,-0.01448403932205051,-0.03496521610980007,-0.029189418476466375,-0.032346341815759495,-0.025875319153636084,-0.022761118813584336,-0.02489509655565741,-0.0372935040243026,-0.03371772367790406,-0.05095658486243667,-0.04715544417023155,-0.05468107272302374,-0.031988583402576924,-0.02669458655015281,-0.020934478470060348,-0.021490008006805755,-0.020947016468902114,-0.01500679537333837,-0.0224868596321932,-0.027866263301800684,-0.02211604223341029,-0.03500540487120476,-0.03568959552862247,-0.026495101921836905,-0.019169547914863062,-0.023932300421016815,-0.03024248608656169,-0.03149469113302709,-0.031127025000736094,-0.02849269382237574,-0.021975506519588236,-0.01453449394060234,-0.02519790678240698,-0.02441680474544194,-0.028910207153646183,-0.03629669050123061,-0.039699113211699104,-0.04489424482324669,-0.05220767689993497,-0.05396394071593998,-0.04881581209352444,-0.05150224987929172,-0.051551780018565224,-0.03890450169288442
45,0.010182540951262267,0.04299915074410477,0.102136807472062,0.15282165317958538,0.20752802371083628,0.22907594392001537,0.24020502448224246,0.2396980471253923,0.22014215945501067,0.2218644618125668,0.20364206341317995,0.21046207141873163,0.20364930438032328,0.20417832836340544,0.20704332232734263,0.2085072739339957,0.19785229731856804,0.17874821024839985,0.19225216950337246,0.19655665550964943,0.20450268312063172,0.19036109393777345,0.1868121047571265,0.1769117428314206,0.16607251264899697,0.17087235168958487,0.1744523610455434,0.16456850213843238,0.16089463795407244,0.14703552327909952,0.1601447770476716,0.15705891318437679,0.17815264405455727,0.1844888007256521,0.16881567828852279,0.18100050897749267,0.17934416984808035,0.16592706840773278,0.16408439324982566,0.17021046346327043,0.1693189887404263,0.1462140152334026,0.13939055873488054,0.1424243370255159,0.1488245542835973,0.15760613710912622,0.1650009894204214,0.15165079939169732,0.14902572255049776,0.14948970268279402,0.13133714169320782,0.12564005902409267,0.1424725217198362,0.13933154938865353,0.14089645645143373,0.13561227910962403,0.1232947984355139,0.12517867824069306,0.11454015023982053,0.10732728604801785,0.12374266122257124,0.12210238955828079,0.1208519935834891,0.1098599882886775,0.11074459585026818,0.09673401054532178,0.09203385809614596,0.09668819897659729,0.08756414464528134,0.08938267799461787,0.08685417461957874,0.0939767934499043,0.10960753740794266,0.11558973264549194,0.11274118272390524,0.11655156484437011,0.13311911968006712,0.14624004538719337,0.14560335260999635,0.15101828110133403,0.13111900975375967,0.11095937937161734,0.10692934825681358,0.10930742564222641,0.10603717141504682,0.10736912117029146,0.10249086560570848,0.10290628952240465,0.10144758441656185,0.08434484656942842,0.0700491816978098,0.07438409556745026,0.08122184181540008,0.06393194067157268,0.06625286957880097,0.06684167902087002,0.06283428263436941,0.06787590241566922,0.077104652093596,0.07805781087590151,0.09937954972327429,0.10670892292539906,0.11755478308531535,0.13471294526850064,0.13601922583139717,0.1363222549944887,0.14138342256793954,0.13894033142364948,0.15588471976703663,0.15586391718352086,0.16056040037037328,0.1647926479612486,0.16225475559802438,0.16132789377060308,0.1645178471056882,0.15672223598921003,0.15436735319308337,0.14646318871300898,0.13931634903160942,0.12683435079177968,0.12384637100877638,0.14049079584288013,0.13513451162751644,0.14190048258161714,0.1410385545807815,0.13566241306847496,0.13538454545780182,0.1410198330937214,0.15163041714300024,0.14584144046191827,0.14050051207462697,0.1468095539614103,0.13797617212060673,0.13715913131104873,0.1534548390237332,0.13826260835381612,0.1460643896277096,0.1425424823809496,0.15180261530355385,0.13955427122575492,0.14066073318585834,0.14823845348077425,0.14859976151668422,0.15042644736863736,0.14828578495526787,0.1516663820103613,0.14332034121793844,0.14186800289939425,0.14963662038120218,0.13793770707571867,0.12639595372057347,0.1311453466278894,0.11816124667605557,0.1241954919254264,0.12213254145252321,0.15958759243875045,0.15733154124323245,0.15916146160752104,0.15046970907341972,0.12456257975934806,0.11753135788887308,0.12084397658951293,0.12081918882596861,0.12302483038503549,0.1290212022570475,0.13829886369210898,0.13625673711633168,0.13110441207134094,0.11827705025747105,0.11996346778875182,0.11451150074137591,0.11291789084570271,0.10543890833868273,0.1021598988201228,0.10434417367776351,0.10061353431904278,0.09867649443064881,0.11227711469026656,0.1219521186648104,0.13021269221892184,0.1321758807707744,0.13515205924729307,0.1383100360076115,0.14049033292656252,0.12915053260149323,0.12313175510366489,0.12283183670205988,0.12113381767533302,0.1266550677994024,0.1380795686077133,0.14356791438624783,0.1396434566965847,0.15165373502586582,0.1419018379031464,0.13461816701004475,0.13973621322534402,0.13504758386581922,0.1250879901108447,0.11006459621494509,0.0971139539211775
46,0.00581378378434327,0.05380748638429843,0.12044225104315948,0.2002227963114934,0.26075159641114803,0.2832168736209199,0.3293506431571614,0.3096678880666727,0.293873044787687,0.2756229995424048,0.2702104930306976,0.2593294634936848,0.250758973219167,0.24407088369109947,0.2516922240956891,0.24819869193966249,0.2563264094504493,0.2587704844375831,0.2646297005540724,0.27488221266803153,0.26429086542410773,0.26777008053280293,0.2799696247210957,0.2841427607802991,0.27810176672780273,0.2815141070818655,0.2799572628185013,0.27197538813728217,0.27467527712358625,0.27010492599293184,0.26422633427228687,0.2558351074153121,0.23959168495819808,0.24085311301257323,0.23630623998433264,0.24796555018567484,0.23974497960160282,0.2524104647476263,0.2627883536231793,0.2529134376144754,0.24314144050849612,0.2604989965776053,0.26501715128053466,0.27594734151314015,0.2813003597116586,0.27070335336343143,0.2728748511041259,0.2690652436301171,0.2612911818583188,0.2544756935652595,0.2580554872977284,0.24608125240003642,0.2530775819457055,0.24073184843225903,0.24104870009497234,0.25406139723919624,0.2323516252396167,0.23142025299154498,0.2327828592963505,0.22947312490344396,0.24142720071485396,0.24300141401616934,0.24366221570973823,0.24746673450893789,0.2511882766526185,0.2590024229640683,0.26233007678816617,0.2586517510517459,0.2448684182861179,0.262065821730568,0.269460995326128,0.25622775733154385,0.24605362150982157,0.24564070463152987,0.24198704817412853,0.2513566433475858,0.2578521616468937,0.25716701812506565,0.2484254108426466,0.24445645430706897,0.22927545048601217,0.22182045698053532,0.2145803400946642,0.22374712431537408,0.22738994521202296,0.22389264880699478,0.22511459473141626,0.2193582671468796,0.2193974550420171,0.20638537527585638,0.20604130037867815,0.2200136171693388,0.21841448736910618,0.21679066598434787,0.22522478830956863,0.20653507711098726,0.19755205140098542,0.21100488834708295,0.21674709402667777,0.21925557396411435,0.23149107032301863,0.23406766276025512,0.2304603636999013,0.2414827678592308,0.23785407711045295,0.25459830591040494,0.2587940493522881,0.250885918368606,0.249122083797636,0.2474315800912506,0.24389921104327145,0.2416553409702145,0.22938023651149841,0.2298941056978863,0.24393968165442437,0.23745133564090068,0.2528612087212889,0.2429307036701076,0.23910439517085422,0.239836071923817,0.23027662677188793,0.2321424411393027,0.2300683916825276,0.23345621229715932,0.24470869711700044,0.2172147021051717,0.21058193417201107,0.2117858045183132,0.21424979503209898,0.2200227873717592,0.221368309710673,0.2206230352957302,0.21740741206202668,0.21319536774734835,0.23286321025823237,0.23528636093655048,0.22909051443865525,0.23115850796109158,0.22467847312268296,0.2330439490681435,0.2307217066510006,0.23068324469196821,0.22694374293456954,0.22907220305276035,0.22287282305832865,0.21830523447791592,0.22156166354793508,0.21057906077362434,0.22565788399651787,0.21784657077672825,0.21838226725715768,0.2271241694007248,0.22011879344041332,0.22928276842897638,0.21981705866933804,0.21796076338428944,0.21110436530364443,0.21677761781819183,0.22011359098460034,0.22001075158865105,0.2327794516082219,0.23578435450194213,0.22415198770303413,0.22677218297467827,0.22941377726995,0.23425746280426757,0.22175681642548123,0.224556431137822,0.22451183837348027,0.22628189309882593,0.2265719024487881,0.22484898079265198,0.22354562043265813,0.218197381862604,0.229844653684196,0.23146498426809528,0.21454494968624932,0.21488069860463882,0.19514537004685673,0.1931497502898071,0.19055378761676064,0.19566858875233728,0.20023101452327205,0.19338418841728366,0.1873105724083722,0.19312887581077703,0.1871788276821593,0.1923186489673091,0.19782597019239082,0.19866403834092305,0.18169128762001394,0.17989485185262857,0.18437861229353708,0.18299553863767262,0.17838805610504033,0.18337090394312366,0.19417683520806336,0.19019298831581957,0.2044495364061097,0.195498114044692
47,-0.010561687355919905,0.005283573823520866,0.022966580374611884,0.03283538330996842,0.025920505389992434,0.019133908073609693,0.012744524665490038,-0.01870273000321894,-0.01677259910087398,-0.03859933872032397,-0.03874252406553819,-0.053242755425024574,-0.051488976804580006,-0.059942014703797036,-0.07282495776564617,-0.05547627058881166,-0.0503815866177473,-0.038627376172049976,-0.028703221018901146,-0.03284311484888496,-0.03149416208480377,-0.032198578961772126,-0.0315762284766107,-0.022316657034245558,-0.016753799787950815,-0.007513559493217298,-0.008996466655968616,-0.024135685773199345,-0.012868071776011247,-0.015261296007138141,-0.015376150351932872,-0.01327137360352713,-0.033571347656457355,-0.046955610745625924,-0.05586670752316323,-0.05551059045366496,-0.045715077355258885,-0.05665225030296111,-0.07585042029263991,-0.07622635923921807,-0.0763668763155941,-0.08130433447437162,-0.08566842569955739,-0.08102823826158181,-0.07943368534369333,-0.07901413549729071,-0.04707299845108114,-0.04896970106839858,-0.04244247990219367,-0.0445049023833752,-0.05850166552186525,-0.06863512165205508,-0.06736598366347066,-0.05259745716701723,-0.043537148080069865,-0.054071058635680985,-0.06016895610485592,-0.060413554357080596,-0.05435144197261451,-0.050050752832710675,-0.05884576319746924,-0.07424032561328411,-0.07321915945960016,-0.07851279300069379,-0.08842383718527215,-0.08934694998885967,-0.08258192846846626,-0.08873056895373839,-0.09311697923963212,-0.10332250404701453,-0.0966794591013829,-0.12209654107904573,-0.13364967169683306,-0.13302777784463266,-0.1332370455535168,-0.12625977886378187,-0.125720162476776,-0.1153989291963111,-0.10482781224091708,-0.10438371278116061,-0.1038017010361042,-0.11390415746707674,-0.11460679855085734,-0.11273422599089163,-0.11459236375982144,-0.09983145565397639,-0.10724135116185567,-0.10302915053663769,-0.10169313383818362,-0.11944831763340755,-0.10254014896055783,-0.10283527573375646,-0.09392829295688339,-0.08991126869500927,-0.07642756151616008,-0.07010328917836275,-0.0757554092028296,-0.07016555345667946,-0.07175687684356644,-0.08633747688691658,-0.08969828537018495,-0.0826290030594474,-0.08370890270511509,-0.08837204762302317,-0.08313788066206257,-0.07811409482842643,-0.08983359453101988,-0.10065727539979313,-0.0995367992728887,-0.07281984560466441,-0.06693632090906726,-0.06779046862410179,-0.06352502428568782,-0.059484463511624154,-0.059830926256463864,-0.06177883289996729,-0.06059301357011467,-0.0597005894764569,-0.058601442986900454,-0.06377968275653544,-0.07110835822123054,-0.06912609994231482,-0.07742987020223478,-0.08262871462523746,-0.07674058739374792,-0.08673145799450763,-0.08632044450278965,-0.07980171053803174,-0.10046398261441863,-0.09635620891218913,-0.10650612725444834,-0.1082240462236896,-0.09344237461707249,-0.0929089707496518,-0.0902312450252523,-0.08621593439654529,-0.07339300047508407,-0.07006930284416238,-0.07122521349716922,-0.05064832747022033,-0.0352225663144668,-0.03576074909875207,-0.018977236643094236,-0.015154927062707704,-0.023819101872065037,-0.024483597120305928,-0.03145577015419515,-0.03635556806427714,-0.04925040881235097,-0.05253619342025102,-0.05457186221154964,-0.05486653140112213,-0.06135918955106506,-0.05885440662783274,-0.05442864208119278,-0.06088625308632526,-0.07347864781792152,-0.06990430997143714,-0.07693823670333604,-0.08150187215577186,-0.08422689438698998,-0.0927211601627457,-0.0972906464449561,-0.07276057697366467,-0.05937160402289499,-0.061939091365741966,-0.06900768652248464,-0.06494259365028332,-0.06433483050144796,-0.05883226797494737,-0.06230613773940106,-0.054673020774370445,-0.05939437045437032,-0.05762507110676501,-0.06712902299840971,-0.0696838277444143,-0.08464489530150898,-0.09141378425510707,-0.09428284361403502,-0.10459447981056406,-0.0994625712809527,-0.10352126595625459,-0.09119999405153165,-0.07174549466818196,-0.06754143257570534,-0.06354202484356099,-0.055135779587770835,-0.06702044532317673,-0.07634275701052938,-0.09897094295177279,-0.0963074670191014,-0.08480161903562361,-0.07872474341160013,-0.08017154229295627,-0.07832003111987128,-0.08100082992899303,-0.0795313285660582,-0.08085488645122309,-0.07246715311179815,-0.07351699711398492
48,-0.00546747835050038,0.03011752630125684,0.11113498509030144,0.19171465592776762,0.1888045620934381,0.16271037506569805,0.12298190673588398,0.09408171863510498,0.09845432990675346,0.07579088511698008,0.08747043859277409,0.043129772584160966,0.05341190613068126,0.04661949787964459,0.01735992679785244,0.022560195085082873,0.022844826589237227,0.013232613108019948,0.0372718097418156,0.03194970013563095,0.04470938014997371,0.04651629834558306,0.046383592955901595,0.036571525548127315,0.059052504679328495,0.058867299604440086,0.05491281567244442,0.06275158208856292,0.045213540954175055,0.058181603014716095,0.06722621120590667,0.06136939808305606,0.04313916068479845,0.03455940942427154,0.0464661302440187,0.04747333114055196,0.04063193036235584,0.022513211977581653,0.025347625238014218,4.621756973946678E-4,-0.010967884331987653,-0.009988801850222419,-0.011944662402792152,-0.005448460318980722,-0.0021960982724457258,0.008995950368084822,0.013131924789337036,0.012180487258083635,0.008096556383705633,-0.014747254951391356,-0.021501813413860746,-0.032808524959130274,-0.03476476544831367,-0.02757992762968594,-0.03428771020983576,-0.052835600070467226,-0.06204943930311142,-0.07091805118867611,-0.057691461967090935,-0.06969744354178159,-0.08087741591396287,-0.0650787858708954,-0.07105645713147746,-0.06428457661209577,-0.07212193811532047,-0.08977071992607756,-0.090714806926919,-0.08706416347395882,-0.09453388902799639,-0.10730531481147274,-0.10369293802121839,-0.08768408230273321,-0.08793322706974724,-0.08012759721197654,-0.0769027213351681,-0.06811612614285699,-0.060815524981370175,-0.043482888290972514,-0.0467494417981294,-0.04591339552603941,-0.047117575787012554,-0.04129735458409474,-0.05991202768290313,-0.06403336872699536,-0.06525890921090945,-0.06584074255544467,-0.07253503896129197,-0.07421863641867349,-0.08119154529231133,-0.08136666143348247,-0.07804738674045333,-0.08350997831729683,-0.0817387392834607,-0.06472320161170705,-0.04839088823067577,-0.04384755828227559,-0.050951786585479525,-0.04874440790887978,-0.040777571264826874,-0.03334475755841579,-0.03812583085710489,-0.030547386281889896,-0.023215318114298274,-0.01936409875667581,-0.014047611172631834,-0.0027117653892678793,-0.005326407730430669,-0.004971186192200987,-0.007030734165759836,-0.00941324337970017,-0.007384481352479504,-0.0014996479366102366,-0.0039596516904435546,-0.0033453663223901686,-0.008135282514873667,-0.006205737639539974,-7.697108040990441E-4,0.005453982435860664,0.0030345583920460507,0.006120884597326875,0.004799939164257374,-0.003141134978569491,-0.01026024307274247,-0.016576592234833123,-0.005639180083761958,-0.007004525180706295,-0.010690479024473785,-0.015308012215168015,-0.004193999385977731,-0.009253112643958072,-0.02336537483585161,-0.017426766587854994,-0.017734463777633463,-0.022816957958196906,-0.017421898320614585,-0.02337230480852216,-0.013355651542811259,-0.0074135233021471155,-0.014281315674406441,-0.013353340304375485,-0.02650131505600128,-0.027918996731129263,-0.026264387605299623,-0.02282761003399698,-0.030953713218205153,-0.029177719392608766,-0.040934043164808843,-0.04104881327594557,-0.05347315093300492,-0.05934070457458561,-0.0596182841740112,-0.06248316817837138,-0.058166099824252825,-0.05093665319032075,-0.04827322840238785,-0.046298797732393544,-0.05214081560247591,-0.06351616390100158,-0.06245757372153934,-0.06121426446632409,-0.05988989516086785,-0.058471471720753475,-0.06043713821724147,-0.07064557320395722,-0.0686690327652588,-0.05699671815375409,-0.058660769358947935,-0.0470736246640577,-0.043463403665427204,-0.04040526271065689,-0.038906037293668504,-0.034755298970812726,-0.036444339694250115,-0.040855799056712876,-0.0353454470306608,-0.03651190522446618,-0.0293249702908263,-0.024632777400518613,-0.03996483374395679,-0.036461233465689115,-0.03472386760033842,-0.0361760460147584,-0.03500986710366211,-0.04112076391605484,-0.037863994670932044,-0.040499445540010226,-0.044794565616975694,-0.047637515146730244,-0.038059075154920345,-0.03717075375751278,-0.03207678057562917,-0.03794772827673146,-0.04441670611109189,-0.042382492297178984,-0.04476822483462623,-0.03707181237975798,-0.03526480271373272,-0.04909048243083289,-0.035653927400561204,-0.03300511529485261
49,0.0035405766546861557,0.07734758242511018,0.16234045419004048,0.23618562780750538,0.2710048724440884,0.28851338788238895,0.2768426455785408,0.2532626944829505,0.2291536456269438,0.19033651525377415,0.18567057222523378,0.17035368182293528,0.16546660638137528,0.1677888592151272,0.16795353729417076,0.15821553523706688,0.15347950783865,0.14719664008107503,0.1469592870322147,0.15086875253267734,0.15945279564200834,0.16129695680539752,0.15032165982979623,0.14483613726263753,0.15559470104659678,0.1636656507175655,0.1745803240952112,0.18185907928286155,0.18235295194082185,0.1922928043119871,0.19619292327772023,0.18204556040531955,0.176811210401065,0.17062615818988786,0.16940525582843285,0.16798488879760914,0.1685528907123663,0.1690266100074044,0.17111131741890112,0.17706080279579262,0.1770512496128684,0.1569947548122438,0.14439995318821722,0.14425855678269112,0.14335536468517449,0.14279843695604502,0.14399848699098258,0.14971627939755916,0.14830406259715442,0.1432831226647738,0.14407863946095653,0.13178871869237502,0.12499009100197676,0.11890683917515017,0.12204098171822743,0.11986285434539645,0.1221903181858684,0.12476608467928582,0.12303951055290081,0.12852225013009305,0.11509089158435268,0.11732827675991812,0.12028399464243501,0.10664630579666352,0.11813459298653374,0.11100581467257863,0.10398007130744708,0.11560768985254519,0.12657731388387655,0.11712586910650634,0.1197810612525967,0.10610793844212113,0.11187770733736642,0.11051761751087749,0.10957914617374614,0.10291359845694568,0.10097140109435396,0.10656573836314466,0.11403158884043052,0.11299090565613013,0.13113463821759436,0.12194180676057455,0.12746734760847267,0.14156982876172194,0.1297167186953624,0.12180850333526738,0.10779172572324162,0.11840818634635862,0.1250258654969226,0.13656939567218887,0.13124688087259354,0.1135154373064387,0.11105400073894148,0.11170254217669465,0.11414342043301097,0.10748326347540926,0.1201295950006958,0.1156446504324686,0.10361827714442454,0.10466042267366486,0.0991708900813415,0.10786006982219551,0.10721086382129184,0.10293385285182088,0.11056740705415953,0.10545541361135945,0.09916144430508961,0.09553671048090492,0.0931186860188445,0.09685590847647896,0.10172969385856227,0.10184556053158221,0.09971042551288171,0.11050464473299483,0.11058119468484855,0.11137545425077156,0.11446396136445569,0.10057280896957516,0.09869891540503989,0.0972001812512563,0.09608648558924181,0.09936778056160538,0.092637002274769,0.09867400669359146,0.09839100909649386,0.1015975182154747,0.11510544434071752,0.1103422946848907,0.10085623726331767,0.09482924516547024,0.09969137655275619,0.1002611227639981,0.10394771914951717,0.1028870567940845,0.10624356365875878,0.10033435613085301,0.09505834252970828,0.10661364723823549,0.11559769628994719,0.10815993023007467,0.09541660460066831,0.09419443712830124,0.07836251474529382,0.08238522455488813,0.07662581774721808,0.09102254240925185,0.08473116955518956,0.08686288926708352,0.08591955127920413,0.08787911966357788,0.08008623492882966,0.08096765557087672,0.07725603166905143,0.07417723450934224,0.07261175167300898,0.07609102598703255,0.0921549602891295,0.09304266520128633,0.07640478035139661,0.06427249661287196,0.06427042901667994,0.07583804367750258,0.07268750800142305,0.07449065005140891,0.07799934002462461,0.08473757702693435,0.07541119214354469,0.08929678076776673,0.09528133203918587,0.09748732149252466,0.09856886648164176,0.09664229628653544,0.10135552728118041,0.09155792932972538,0.08831020314684379,0.09321657890747101,0.09647865365273604,0.09658011688214296,0.09877107716294246,0.10112141477350409,0.09100522552031076,0.09727413671020296,0.08770531310381903,0.08423779271385948,0.07976952469534647,0.0759710748091329,0.07502748104508088,0.07247636432152926,0.07619722352582128,0.0833314614117907,0.08785487426555803,0.0854430077968396,0.09561459857445391,0.09150823708150144,0.08540163341289815,0.08286179926537868,0.08079370821628697,0.08654922980326564,0.07768044360078274,0.08006842837177248
50,-0.0019262627570284898,0.001769835022178773,0.01821031779364439,0.058596743395051644,0.1290501137972457,0.15681545790270074,0.14036652831560967,0.06656254800174813,0.022800073226646456,0.0015464496433990494,-0.026223198940463637,-0.0688278779575631,-0.06619663594304143,-0.08153337960461307,-0.09695065751609937,-0.09168221937231343,-0.09028713528480038,-0.0842975534716073,-0.09238899699187654,-0.10180744170778888,-0.07899651125506196,-0.1059015611457732,-0.12604443612086785,-0.1428915652586955,-0.11266652039083448,-0.1102303111698809,-0.14685437789098907,-0.1608707251857907,-0.15332959893222195,-0.1455033001585961,-0.12619266258411782,-0.13012344848732574,-0.137813558781776,-0.14080946591687316,-0.13119603921853576,-0.14110362978187857,-0.12041799339170545,-0.09659902719554453,-0.08011161333798046,-0.07362007036504573,-0.0967601842502983,-0.10146961987738301,-0.09662777169971949,-0.08450041953777701,-0.07548899722000164,-0.07482661232795187,-0.0734739390333467,-0.08344791651659231,-0.07364458863307251,-0.07695006490223069,-0.07943552304866137,-0.08186273021767278,-0.09082337748082113,-0.09310157194555575,-0.08653861364157553,-0.08217857464295858,-0.0836475898344979,-0.09346619989422593,-0.10132543801304034,-0.09625755836868329,-0.08514396943614021,-0.09926422766680715,-0.10793067392781958,-0.11220529868531842,-0.10510865870646571,-0.10796263603793126,-0.12259365862983321,-0.1130915898891553,-0.10296355038596493,-0.10212201249766743,-0.10690121146970276,-0.09828625877588834,-0.11090410821112164,-0.11153565985597495,-0.10073875793637123,-0.1099683799732019,-0.08679887067856958,-0.0778045750566185,-0.07763528819800987,-0.0762920546274271,-0.08228024185946804,-0.07908135163809007,-0.07991790267111482,-0.07368262282167927,-0.06995188222612136,-0.06792945019461265,-0.0685704638658667,-0.0657874779035666,-0.06585379741589986,-0.0787999907382133,-0.0817597798984024,-0.07986701610810697,-0.0775996324888287,-0.07533289194122277,-0.0762398390836848,-0.07764660646334062,-0.06779044736084634,-0.061528251958298516,-0.05857620085805454,-0.0495826046212078,-0.05793935956205572,-0.05637566534514035,-0.053775938814528655,-0.05752933265352787,-0.061590600509221105,-0.055257594048048725,-0.04231253651622385,-0.055460644474841024,-0.05488859483150876,-0.055428437391110405,-0.04400635244389072,-0.03158540291677173,-0.023340985930309734,-0.02443954368622903,-0.016637757966146017,-0.02362154624092857,-0.047266524484225754,-0.042275244369524304,-0.031004759021052472,-0.04280229879348947,-0.03860437491185766,-0.028008851750277067,-0.03310276841302737,-0.03704531632681254,-0.03351309447645723,-0.03266563738452994,-0.046634729960781135,-0.03553090433402317,-0.03154672983104526,-0.017643774448164666,-0.014182586734425497,-0.014512550598444815,-0.017296297222654196,-0.02773398890651649,-0.02472697875571261,-0.013131739398538799,-0.01805683843167605,-0.02058846952048786,-0.01634406966956844,-0.021193506801677812,-0.021736716434496487,-0.03731772852576161,-0.0375393623764699,-0.04791997441932503,-0.04531467385521217,-0.041966112181574235,-0.043771093611741856,-0.04107474529594245,-0.03472099060887482,-0.030831189600820364,-0.028520020223890764,-0.030635226768522296,-0.03571339151059127,-0.030901683870576332,-0.02662236302785107,-0.024826610286754983,-0.032204070428192545,-0.03227866716848975,-0.04101839079708327,-0.043435251030193404,-0.04442109768176991,-0.043168998623240966,-0.04058614447915069,-0.04543887980744144,-0.05829357794427519,-0.058282047704526455,-0.06379363822769699,-0.05276480293732175,-0.05119413420801451,-0.05770982232140707,-0.05714157426503694,-0.055038975362748065,-0.0585608355376767,-0.043058994276726735,-0.04792807022651699,-0.04156637952409106,-0.03490818291828967,-0.050372973390361064,-0.06624949550793888,-0.07246210220471981,-0.07647511621844322,-0.08123992611383443,-0.06342790369587067,-0.04839840751895725,-0.05059658891689111,-0.05185366669237808,-0.06519149664658447,-0.063443961721883,-0.06416146189163252,-0.06424089294463067,-0.06359530672992816,-0.053984529336818445,-0.06066971829991234,-0.06676534955884589,-0.0729834856842131,-0.07335897373189053,-0.08110556083375227,-0.07669378037876307,-0.08285635550938121,-0.07958097425272395
51,0.014686273494003239,0.10229329795427658,0.20971075423677554,0.2992854036946311,0.3647622116934355,0.40790982620956734,0.37941722871871925,0.3832959121168904,0.37580986601941496,0.3725840175673597,0.36979342173407886,0.36008332056727144,0.3506935776970424,0.35763036207893023,0.3622258486418646,0.36166416133995005,0.3659833021113368,0.3715063828572906,0.37658663736172004,0.37343735518839005,0.3631109219849546,0.34495040411672634,0.3427297537633608,0.34560882030997114,0.3474619987782476,0.3471072718316405,0.35048747217363124,0.3667041721750548,0.3552912153599055,0.3534571518443032,0.3545540257803434,0.3470157043720862,0.3509949531735117,0.348103191095327,0.3543759111790372,0.35636287104003317,0.3597461384899256,0.35413499393707104,0.35653291434886974,0.36770884002736254,0.3752715212388113,0.3773770179929155,0.3797310327590765,0.3812209734243984,0.38165040164613784,0.37857475416171693,0.3841005040106312,0.36993119261340385,0.3681818067439023,0.37223228616830345,0.36806967656193573,0.36731140966822245,0.36477764796321344,0.36005223319255003,0.3619313395470412,0.34655525391371717,0.32525610967805313,0.33070588410539864,0.32753193788391727,0.3231861408149689,0.31617585146509747,0.3219812941791079,0.33087185181764406,0.326562077766205,0.338602300423234,0.34462008503693353,0.3403234046527493,0.3434151317719826,0.3402747521151051,0.3505830945921524,0.3582713323138744,0.3592322198071677,0.35739212801980935,0.35872097072989884,0.350332278847204,0.3593795039116111,0.3572154170752295,0.35226572224295494,0.35632972258805756,0.3432324021763412,0.34462867140211123,0.3455221661144622,0.3371004707087231,0.33817243349977333,0.3390189310158571,0.3579716948073979,0.3683866098676589,0.3642422687490475,0.3488521971009259,0.3457876275921797,0.3350859912691899,0.3462849172985382,0.3425189053414979,0.3381323800222147,0.34181720342154015,0.3493752185635507,0.3525401204765198,0.3530020944362499,0.3585770159177067,0.33327101224021183,0.32839720598300937,0.3212259356773098,0.319151622061843,0.3142629325106153,0.30345610949655805,0.29283906195556186,0.2939657019602572,0.30485633975483,0.3113959077546456,0.3127011008118258,0.31447437068284784,0.3182053267081967,0.3241250042840773,0.3145826606569648,0.3125642192742062,0.32199565725475165,0.3324002857012621,0.33120126769511693,0.3278955944097978,0.33593394530605425,0.33427835985782733,0.3344747026143716,0.34285024784646567,0.3346137923982576,0.34078953013802665,0.32262289467957467,0.3305137350798948,0.31316616432886407,0.3171089510702178,0.3141628382028929,0.3380186398119241,0.3443525771213335,0.3362089687049156,0.3402768660676465,0.34227440675302256,0.34988176756057776,0.34664848271513626,0.3381585011634036,0.33843346875715985,0.34277998296932943,0.34638853382110474,0.3448179841532712,0.34666346878951465,0.34216759968796223,0.33601322269017464,0.34562146356830115,0.34718158687120027,0.3549274416562442,0.34602977537493473,0.33567050007355126,0.3478597674257836,0.34063113896896424,0.34186435123337283,0.33488153491449796,0.3443083944555421,0.3491252777082054,0.3530210282974223,0.34905544748087414,0.3539748046020494,0.3401241306994652,0.334632376729377,0.3323175981515964,0.33956558560943834,0.3298050872209977,0.33132965901505607,0.33173209041525764,0.330658849867097,0.3331007860617945,0.3381884658467454,0.33058891172207266,0.3313089658168301,0.33826347690163017,0.339672359442258,0.34373384897247283,0.3259035608742405,0.3178684444763715,0.3227044472560287,0.3187435289611453,0.31864276345944864,0.31480327935542946,0.33127136283554537,0.33051794866632084,0.32846467080260827,0.3216323894826348,0.33558072515790854,0.3316119490243627,0.33157963416465674,0.32785777546789174,0.324313249208566,0.3270425635200558,0.3308277654874668,0.33091275343412563,0.3364974456810695,0.3358100985988981,0.34344710766152126,0.34106056387940464,0.33734669972200526,0.34377234264665274,0.3337399767545197,0.3260163054109268
52,-0.001540784316920198,0.038367487198384634,0.12216918918138014,0.1635807220466204,0.1913280607488096,0.1920537151339609,0.23372916788241535,0.244891931062146,0.23500346263844765,0.24857338273809687,0.23867865787863138,0.2407060149869288,0.2478420545135649,0.2606694745049724,0.27059807853562967,0.2696390844499649,0.2737401112617614,0.2841403170047332,0.2784414018280506,0.2840074338277416,0.28226789288180165,0.30082911068952095,0.30258101139015037,0.2847781805149185,0.2802382659995217,0.27072508380826854,0.27682035814804007,0.2854954547798037,0.2729438385416459,0.28465042215216374,0.2807413670004248,0.28960264908174915,0.27776147506612203,0.2812761820057926,0.28674374022951576,0.29123105918583686,0.29242475382618777,0.295058271197083,0.281072296737584,0.2900565089647095,0.2989478486576506,0.29780288069036603,0.29919007228795896,0.3133168365193127,0.30179893988373413,0.3015434767017613,0.2917706594286249,0.29699891854948074,0.29832135101317414,0.29231097969338904,0.2975708554326921,0.27956839136065437,0.27973893434157376,0.2852864677125703,0.29567406708867866,0.29424363569999196,0.29651949073681433,0.29899114372465735,0.31869169307512285,0.3248146883597179,0.32897328213837645,0.32799793214759887,0.3370540016022629,0.32956845345802516,0.3257126081891291,0.32745932510341524,0.3301488257489458,0.3235916383720121,0.3180386613842042,0.3264822514034934,0.32144822869512524,0.31253375122727856,0.3105753988571563,0.30860555347835505,0.30129163130542885,0.29510431236426005,0.29673602148656336,0.3015823055377141,0.3029712185773184,0.30354305444293145,0.2881363535321886,0.281022125077143,0.29808240420294285,0.29647230515299383,0.29396890908115486,0.28809227072295784,0.2928140598967561,0.27166761280145796,0.26522178995010187,0.26145532484256107,0.2581313620424053,0.2581276674234027,0.2670994738893446,0.2604194706873875,0.27824212782434565,0.27738934677541965,0.2778148821769659,0.2942451424424599,0.2901585230605189,0.2799617726172256,0.3016807356118833,0.2970500392327231,0.2847659683265254,0.30327595237852595,0.3033298827436201,0.30542523527594756,0.3105680732418086,0.3155897880475976,0.3186798364914724,0.3008659938338087,0.29121965080721457,0.2824368734694193,0.2982808423674032,0.29540691113330264,0.2939969879427346,0.2932241307036034,0.2903974928405081,0.3018012211748806,0.31580354046517456,0.3156657417788661,0.3137368159674753,0.3373908292991641,0.33474737151476,0.35355205350194013,0.356879476767931,0.35744321561280684,0.34380660261145835,0.34398240679991365,0.3382385305734949,0.3435950444018582,0.3456269898861793,0.3431794397351705,0.339834376843774,0.342309272166196,0.34949882618049755,0.348735456229884,0.34721724848402163,0.344209283421347,0.3382238601186512,0.3406244479580547,0.3412513290815117,0.34705239827373474,0.3555730022911693,0.361284225663432,0.3631766872369493,0.3460393596086769,0.3471131964321249,0.34559657916192654,0.35824792377271386,0.3565471064401592,0.3587477277357695,0.3601833734377506,0.3715622229808105,0.3658661953930955,0.36304210118358127,0.3465166289700328,0.3448299775126032,0.33246863073419397,0.3256518154546312,0.32512302342753285,0.32311807369874457,0.32575940027299166,0.3366441421813452,0.3245090452003076,0.32847856158525035,0.3183756668112876,0.30979849878449967,0.3142529337109009,0.3198987487866443,0.3252149074806831,0.3211918874927479,0.3067963077352856,0.3229340703513703,0.3219565855652898,0.32893085635338726,0.34279104756050593,0.3313523134886063,0.34315472496288507,0.3512236848783946,0.3436650967040803,0.3415217030698545,0.3482075592388827,0.34657220130434674,0.35390961589517794,0.3420151726052288,0.3348229692105252,0.3309174604079357,0.3301912879544254,0.3347106736908094,0.341171023370811,0.3499602282114841,0.3448786891279495,0.3469521772834308,0.3457619501436615,0.3517106830204131,0.3415932820319639,0.33777703882400806,0.3282929621049551,0.32909147060646016,0.331630430691503
53,0.00387185270070017,0.05442947657466021,0.09569722861288427,0.19454960730625742,0.23376571764226,0.286576195808387,0.30980201862927315,0.3024044217665201,0.28645725891099233,0.2802145953937068,0.2919688430910288,0.3044921150648643,0.30544056950308807,0.3164916573041963,0.3273811633428905,0.3128448099730991,0.2926620031581814,0.2948119423585452,0.29926096866602525,0.3176300534954275,0.3250923345481027,0.32140257042904535,0.35173265614624205,0.3393078027478679,0.33630386745259194,0.34291250288445435,0.33986105682929546,0.3403488765880325,0.34487920977573333,0.32887461436179827,0.3338859190007005,0.32333757801190904,0.309173544883363,0.320134865896606,0.3072179980872985,0.3091057684598652,0.31825001951156406,0.31936642724959324,0.311709890808408,0.3005108494974457,0.30080068277493505,0.2943647372982625,0.3051768020467332,0.2942866672579411,0.2881872731040481,0.2869676633116239,0.3047063886818947,0.31344324593729667,0.32139107952206103,0.317047423659293,0.33477997663232306,0.3346975504044116,0.3326204212781954,0.33293847766949985,0.33636401754809486,0.3293667667808274,0.32225190936202486,0.30273121001901937,0.3131253969208934,0.3074424288474891,0.31248650027020497,0.32493786977005823,0.3410896281273665,0.3455096826043828,0.3432594092506186,0.34847556448592665,0.34589468277770835,0.34218336163739976,0.33088925012240367,0.3250399387676008,0.32729492628700707,0.3272438147103785,0.33735443249366803,0.3529153939220825,0.3522404529772603,0.3521605072023787,0.36545887225184087,0.36325538031305094,0.364222224219469,0.3707530811700012,0.3819789000736891,0.3801490865962082,0.35725687636931225,0.33295037732174876,0.3280778190133535,0.3348423078119034,0.33409668947242593,0.3345676771717251,0.33612113992653664,0.3310622958309559,0.3297235654457882,0.3434846256861558,0.3401376819104837,0.3363910328176737,0.34342010019437225,0.34569052769878383,0.3482619127168088,0.34364796147807164,0.34372244344672603,0.33213915130463945,0.3242462953717103,0.3236396364766324,0.3220583605242243,0.32721522335249986,0.3190277998651836,0.3167637297224152,0.31139822278564716,0.31167877091325263,0.31191601153597354,0.3210089348630881,0.3159992782581438,0.32332474832233266,0.3219523905827461,0.3129811525508266,0.2987783075545786,0.2916294741863468,0.28357789941317546,0.28555443289835847,0.2844561935893153,0.28780152516597984,0.27476202598292443,0.2815972671654283,0.2723384669923168,0.2734008742143616,0.28338520239600745,0.2846032412631294,0.2888327885343894,0.30337721615098007,0.2962279269707078,0.3068169273515732,0.31159583315003975,0.29819170594782596,0.3095576050969218,0.31179866691843633,0.31305990044391924,0.3089681013185478,0.31958716490030104,0.3194107083736927,0.3155414514007957,0.3199051894123111,0.3259520605087247,0.3169764978159237,0.3245092427127985,0.3263835529675357,0.31425805887143676,0.29623260547005037,0.29520373190483257,0.28883006534908295,0.287995481886328,0.29274507278008494,0.2902738058167347,0.30959572034005345,0.3219730655632326,0.3149160882967472,0.3228946605816106,0.32369545831182855,0.3304246196515709,0.32994238205303644,0.31908767995124093,0.32138097923661774,0.31909399066943545,0.34001921636153143,0.3354417694187567,0.32875299445054923,0.33177681419953836,0.33565419675601826,0.33008918939613624,0.32666270530343433,0.3364766283165067,0.33144911549463485,0.33168196782974585,0.3251768954075827,0.3349533755351712,0.33318912360635317,0.3105983882966723,0.28557609693246916,0.28709761928811484,0.2944523124738819,0.3108550633062704,0.3103095418289073,0.298948195673515,0.29007354694163967,0.30025503388032027,0.29750789457656224,0.2853837927603276,0.28502946410257324,0.2821007564343135,0.2932322167548712,0.2992283708764178,0.28820232844233235,0.2983021101352284,0.30315201897263483,0.30044668062769064,0.30108906336294144,0.2998151895876822,0.30960393373128736,0.3127332133920375,0.31438412028366697,0.32231875524866543,0.3364563750325489
54,-0.00314312976366946,0.03548641300558954,0.08252698755422053,0.17891359240998675,0.21074077953053671,0.30761026906195044,0.357682986318124,0.3971840729175,0.43933069400650354,0.45436631332792055,0.45314640573851844,0.45716272099683736,0.4749678128625556,0.49957832739734287,0.5058859888144633,0.5045407772106701,0.514314932998918,0.5078406487301134,0.5154061245092394,0.5055336699541618,0.4899633870083208,0.492337207062857,0.4998462759897272,0.48831251196044556,0.49297624372925425,0.49868066558211444,0.487580910539098,0.49562473615325897,0.4927550185617075,0.4954031761967334,0.4874847909895542,0.4913182960797177,0.49706945980066375,0.4985979321299863,0.49888577400683076,0.4940637583227682,0.4968324009781756,0.4998810014218196,0.5071072859514013,0.5076678642907662,0.5002783886695102,0.48835205408697846,0.478010180218292,0.4841918095870747,0.48988440266448485,0.4874443638981215,0.49419349154159276,0.4931131584117122,0.4899115888782225,0.4928879963256266,0.4996540913795776,0.5089820138909751,0.5108355597578913,0.5159691996663492,0.5123648894907094,0.5174264699503719,0.5129065034688081,0.5254466845385585,0.5254325791678576,0.5330597137929459,0.5314501476662058,0.5243396537103525,0.5187213587985328,0.506261752967027,0.5059541922247149,0.5120592802127945,0.5007026241806813,0.5025994517876679,0.5156684802859065,0.5045079591370653,0.5057178162562947,0.4938660317180687,0.4969856885864884,0.5038532338531487,0.501513054914357,0.5059943138631168,0.5087184085448262,0.5033369626955281,0.4981807704371432,0.497766775909742,0.5025399426801659,0.5047885350930266,0.5131891441130375,0.5279619352911189,0.5277941006174706,0.5282254324354363,0.5311224481160057,0.5218222384409699,0.5162749501850198,0.5166537847067691,0.5137373966929577,0.5233409156185345,0.5165603671973391,0.5257546652335319,0.5248986580815527,0.5201950442419261,0.5178004703356212,0.5167545629158098,0.505907491623068,0.5117675910224466,0.5142418355751464,0.509204763373797,0.507389626760599,0.5031329534714495,0.5041058856826539,0.5055000298458779,0.5048850305799323,0.5001973689045193,0.5001501090231769,0.509028123107781,0.5028676615768773,0.49962014520651654,0.4934480231511466,0.4902667466201684,0.49924763423242075,0.5087865963403495,0.5041009273641152,0.49225725553038296,0.4862496336192472,0.4910280666120079,0.5011395274518675,0.49731407176713305,0.5073608178923612,0.5016291401545161,0.48734274197889815,0.48776045086193137,0.48123615955097876,0.4803178869143557,0.46960456238488346,0.4754303484274217,0.48362987451507145,0.49226006942368195,0.48836806791212195,0.4855116673318699,0.48500341012196885,0.48947483328068886,0.4961101303704997,0.490634000911137,0.49773515802139334,0.4945434194392365,0.4879254109067935,0.4857773125441346,0.4844099039217848,0.4786632291957211,0.4801640023948432,0.47490834089945977,0.4593471196119112,0.4598489429871419,0.4640412457141295,0.4692858301683642,0.47367477585954254,0.4826008308260226,0.4720743602022366,0.4755824425780441,0.46865062063999935,0.47471354897109486,0.4816954102740068,0.4818641734538792,0.4798138237892381,0.48182761578377276,0.49879002182147114,0.49835440987789015,0.5011572238606941,0.50425921627969,0.49759825961632664,0.49800150153199446,0.4935273341936203,0.485440533818379,0.4787528423769921,0.4731673248329755,0.47752962466098253,0.4794628845956408,0.48991614496050906,0.49700839509617983,0.4932002812516542,0.4817842312200184,0.4747358960558295,0.4845108237104918,0.4767950586976568,0.48116179690021477,0.4739108781183466,0.47923252248689174,0.4795793935214905,0.47950534809488743,0.4733984248444585,0.4766031180536638,0.46526799850044886,0.46609405008726607,0.4665303598708263,0.4600786813504424,0.48246728396213096,0.4730801821974868,0.46311028563457546,0.46856858530289164,0.4757198809136125,0.46923564819826535,0.47444634738002156,0.47540038314385863,0.4803357965930985,0.4844561337769563
55,-0.0026654054396154946,0.05245171559684701,0.09355850730184401,0.09867195999151272,0.1382248426907825,0.1542668975131755,0.16742950980609436,0.16180876588363577,0.15331398182820408,0.14957642865190335,0.15899292094692236,0.14161944150699834,0.13651610604666892,0.13720207978672339,0.14469232969905785,0.13010053594647786,0.13948856717295582,0.1474635608554435,0.15271472438677514,0.15556815122000572,0.1650103762622208,0.14928491948622777,0.14088920657585433,0.1297745838640548,0.1376832653353372,0.12380597854845438,0.11849158541873474,0.10672488801849607,0.10505824457298887,0.1054885202173608,0.1064758819425809,0.1059316182404635,0.10485292530073999,0.1171884838657174,0.12484954890709314,0.10338852992765961,0.09894339059226465,0.1017546273648491,0.13006137146630642,0.1435644311491245,0.13781067228469202,0.13134370768757123,0.15937440592746668,0.15227189853191947,0.16154500285037066,0.17160382958162612,0.16303470562803743,0.16701394230308417,0.17502490437704835,0.16295792856390454,0.15029170480327558,0.1628646795115693,0.15378200073463785,0.1292852104156936,0.15184154895673405,0.15184451582952532,0.17267917296429341,0.17911316352486203,0.17777905900429974,0.17137702908371844,0.15547221090989288,0.16780189382223099,0.1658968510406596,0.1785614479301305,0.1771376086151643,0.19235746890845737,0.19433941703333116,0.19764042915042604,0.20536303953453283,0.20042183442249584,0.21191216689804102,0.2237067020991689,0.22683143024166877,0.211035846232345,0.2141250431543995,0.21093417478792742,0.19778974938910515,0.20173979930353445,0.2084449135518769,0.20746984404708266,0.20435182117141704,0.19414219005109395,0.19406526988913467,0.202619164838312,0.21338915412411918,0.21553449442816178,0.2138410957557136,0.21514825618265512,0.21149168621907893,0.21194807767356608,0.21006963711050325,0.20315947210955393,0.19180132447839807,0.19929268536057876,0.193119534328284,0.2040539716911695,0.2181912673229737,0.21611337397721098,0.22298316243755026,0.24039720066709386,0.26021092717613103,0.2656958867802574,0.2691532420527783,0.2880400090044992,0.2761730975681162,0.26801177709732465,0.2737310008630081,0.2679970485140933,0.26357506627871113,0.2504799158804343,0.2401546070222302,0.23979172415172836,0.2198810546413715,0.214335197292204,0.20987424227714577,0.20667181673973734,0.2026722027297742,0.19656112355133792,0.19544990282450125,0.19711985640265955,0.20664898520338668,0.21166501343732227,0.20920602515537762,0.20505522630643022,0.19750122991867616,0.19459098411623185,0.19890464885444328,0.18484640086040346,0.17674336936546534,0.1842368098044138,0.18788207826010175,0.19348225936707958,0.19731651583822093,0.1968573073985429,0.2073953588650205,0.2108689145874429,0.2077224196083353,0.21872694800640125,0.2203782470160986,0.21804716078060327,0.20971906127989076,0.22550945025175223,0.20352216005736165,0.19916905484746977,0.19483301863547323,0.18947201573879674,0.18462800504368776,0.18578725533884352,0.18119128839425921,0.1778709391019179,0.17402773999773927,0.1822484805169173,0.1895871993957564,0.18293160578177492,0.19424762203143778,0.19838457294225675,0.19814073107238359,0.1974280598446297,0.18017829429390278,0.18834729807592926,0.19318415390508195,0.19093959360075397,0.19839062074707137,0.18046821547760128,0.1806381052074611,0.19464250351866635,0.1837358619584355,0.17644167115034154,0.17076407627321913,0.17257369758232308,0.16774686643310538,0.1752127440881501,0.183874951898845,0.18064512189335966,0.18397666561810994,0.1867707251064282,0.17081558885108294,0.17826042618390187,0.18509090594968405,0.1932822118645455,0.19546692995038759,0.18717870196039427,0.20308813404827647,0.20718681245218792,0.20355291659751384,0.19421038949576322,0.1866588846833194,0.18952576674182453,0.18085519435286565,0.18163559659968953,0.173072551225221,0.1692911631177661,0.16202896624205546,0.15717887712768525,0.15655453050657978,0.1716174584768011,0.17029224953594554,0.16468363099296174,0.16658709529066523,0.16398336654431692
56,0.002982438412208584,0.035351869910073344,0.11589303377965778,0.19052490263195077,0.24203741144770097,0.30348828625019425,0.3202363546206174,0.3561695057695376,0.37408941923563505,0.3989488183200759,0.3985937888365645,0.40950637405257206,0.4008933293910746,0.40908900344216387,0.42405577133894423,0.4326274594691826,0.44249828404065156,0.4347374702648484,0.4256545783282036,0.43776891314918054,0.44390786202229676,0.44552552614924923,0.44290088378010034,0.44216226482840704,0.4317286520399636,0.4377018061284492,0.4266753174795736,0.41977781721629914,0.4067828242801823,0.4106673240229308,0.4054536519938538,0.40617379227070194,0.40119285031384644,0.40042028627184434,0.39989406434680186,0.405290343439393,0.40263106690019507,0.410376027501102,0.4105630324854049,0.3857205176276771,0.3662667835292672,0.3697369176512381,0.3597559374070448,0.3546369903268476,0.35790803977308694,0.3568447671427146,0.3607229131828784,0.36817685426337116,0.3675066704100493,0.37740355420082994,0.37829361391500915,0.39156581355766995,0.40103819598349505,0.4078643992338491,0.4022431944198505,0.39301157144900273,0.39325586379857874,0.3903820518925786,0.4002551348631176,0.3888056820789624,0.39434239755821726,0.3957834736269917,0.3967953972851263,0.38808671005270723,0.39227851175706774,0.39337063186064514,0.39979742029297755,0.39813563424817766,0.3954230164892006,0.39715797925699275,0.40382094284902886,0.4116805145854618,0.4082095520943797,0.4102416360752736,0.4037790122145928,0.41385147678882106,0.4038102401466823,0.4049847759202002,0.40174110894945003,0.39885706759705125,0.3929610770686739,0.39964152470480535,0.37559194332423607,0.3752621369716894,0.37410053743327865,0.3787905105467819,0.37908147419888016,0.3747701792933435,0.3820862517464421,0.37405242395462807,0.37626130909979305,0.36544289862322765,0.3734700690535413,0.3723063885335806,0.37937097320441154,0.3767650999159477,0.3866760356932465,0.3938322952620455,0.4050629820303017,0.4019342563466461,0.40523066215547277,0.39188833158671493,0.38683402162033104,0.38198931046548057,0.38335113824455697,0.37817509186994785,0.38512776198185267,0.38702725278599276,0.38797776268554585,0.39277269345767196,0.3987578748809172,0.3962390855341439,0.38350160025958835,0.3896661334383606,0.3833227387555286,0.3860771824408915,0.37862336754331627,0.3775868944799759,0.3869699098687257,0.3916576750984359,0.39963728670663395,0.4038909506884351,0.41146392230434364,0.4060963474636005,0.4141976961863944,0.40840833111444935,0.41244548218195975,0.40510873806929515,0.4062170700496698,0.41010717743831704,0.41095868216128406,0.40499759678708996,0.40459572997177257,0.4148096338656949,0.4116814203195738,0.40580166540312035,0.4021660185407416,0.4067914826563165,0.40304193142799705,0.39960279772991397,0.39803602420779494,0.386254081456385,0.3883739696605006,0.38080992742054753,0.3748841984083153,0.3700044242187921,0.38341634399441754,0.37580784556202945,0.37002134097609585,0.387192236093467,0.39009927783208687,0.39656621071458426,0.4003228685111029,0.40749574448945325,0.40954743019789447,0.420919660315858,0.4152308375886168,0.41031474430436743,0.4155263570373857,0.415345608477069,0.41701971862393555,0.4124808149765535,0.40457230355555973,0.39400481425037304,0.38552294779272955,0.3891115722988179,0.3871250967914447,0.3888773573352217,0.39495449768732777,0.40727429919396085,0.4060196552187522,0.39560329725757964,0.3926675765877192,0.3950712401509957,0.38894384760830597,0.3865945260286543,0.3963618940637481,0.39144849649897695,0.39175616634176513,0.3989550117336924,0.4037071907452146,0.402649698856377,0.40453580096959363,0.4020519335183033,0.4010845111371745,0.4049075418331224,0.4021317007498373,0.40468592392884745,0.39172031306368704,0.3920752229556414,0.38782332490437327,0.38235902023420176,0.38068999661447805,0.38190214322424965,0.3913744904190322,0.400230257597722,0.40627228432000523,0.4046334232888907,0.40795458023973524,0.40569415976134837
57,-0.005399648725562887,0.03092305644687644,0.041434940146046505,0.09736231762245895,0.18771143062638693,0.21688973574476436,0.2410694601274956,0.2524029243198937,0.2960869163069122,0.2924576551756928,0.30347324169220136,0.3287031570310425,0.31585185280829814,0.3279655792247836,0.3341502054074868,0.3366828760405774,0.37835777740680704,0.41096353300683885,0.42484740177751495,0.43934391534007156,0.4578120216109463,0.45913922101867594,0.44687631473831524,0.45019561265989033,0.45067795480376815,0.43672035142533244,0.44061117274851186,0.43695671181918105,0.4100492927630587,0.40554166594341756,0.3842589516236853,0.3812863847847046,0.38185528057698936,0.40357888551760707,0.4088317241583146,0.4066186030908125,0.4047385024309307,0.41186717914693505,0.4112200281495709,0.4114629571203035,0.4071082864205615,0.41586195631891976,0.4300364335959768,0.4243854789245449,0.42730562568487207,0.42233138904535295,0.4100209896267429,0.39777922203239463,0.39873040445813923,0.39866180726704004,0.4101694230455669,0.4123898960049635,0.4194952029282161,0.4003759287967896,0.39982095268055085,0.40713806697283844,0.41107905536147543,0.42288287109458234,0.42670893833230494,0.43656841224850546,0.4171451329396386,0.42263885340473356,0.43450281140154984,0.44757206654043796,0.4548858024587058,0.4620785583895717,0.463422395062747,0.4550917943379841,0.4452837746831721,0.44318542358982005,0.43253820899174983,0.43225994604505724,0.4116436622779617,0.4005621263536765,0.3956699708093233,0.3957381858714062,0.38411782164558483,0.38772635615030715,0.3900985009550019,0.3927896186470891,0.3967432123246391,0.3967561771537371,0.41493803800585694,0.41808700243815833,0.3981762420288154,0.4017533573955669,0.41375892818324345,0.41552986634058187,0.405885629769066,0.4069904522317182,0.4066189076817735,0.40464268367650746,0.3948877018200323,0.3930333878313037,0.37593428354328445,0.383700272473569,0.3922526876341159,0.38397265735173614,0.3790084937979598,0.38563326259834985,0.39077368470672125,0.40159069187363644,0.4033181731192446,0.4105556250774587,0.41115871080644906,0.4150163629053348,0.41101318100723394,0.4042068373144567,0.40479631155327267,0.403858924207774,0.3959142708919239,0.3941462146699661,0.3870510124613085,0.3852915696931196,0.3873918350610293,0.39345596531061555,0.3888281756744884,0.3858022288586343,0.3879610297908676,0.3871428667166755,0.3948858117689293,0.3988613575621383,0.4046558971289243,0.42083201180832125,0.42657601392335137,0.4023316890047811,0.4142905763968205,0.4135135442714756,0.4092601197590416,0.4127858279704927,0.40937153549042493,0.4167699583056599,0.41084461305815095,0.4116079283423323,0.3992380504263124,0.3942730030801657,0.407699902430381,0.40046781702686124,0.40110617410489124,0.40324998664166967,0.40302905350397955,0.4052630297076253,0.4107041349292485,0.41543781449134526,0.42328902543288066,0.4205187980850358,0.4190364552300974,0.409264477392048,0.40642132506073153,0.39957520350420483,0.39171219508624106,0.3782756583582699,0.38363224408068547,0.38547837657151257,0.3849082031039597,0.3739081038837436,0.3657978277012922,0.37643122195728457,0.38438334708819816,0.3872276323091232,0.38652933925630817,0.38395622656797096,0.39604269160947486,0.3990958522962794,0.39765598007022424,0.4036460322375725,0.41826267412603424,0.4105643546628214,0.40654845310105353,0.4042268636547153,0.39648369171864073,0.408913960566997,0.40504078740213495,0.40023765995548016,0.3938207407482215,0.396471085227792,0.39773638668818256,0.3870599095693807,0.3902340557678719,0.386120118455022,0.3823152287822843,0.38260533663683666,0.3768270054774397,0.37466576103652094,0.37879392854123095,0.37492595996720496,0.37295537307259286,0.3742574957288975,0.3613317331864354,0.3650037526393457,0.3739841205452797,0.3752165056146017,0.37454848078922476,0.3815829547862019,0.3638728033162415,0.36933696647253583,0.38756180628569054,0.38450434773368053,0.387444827923302,0.384484579051091
58,0.0020159847492238784,0.075874009603476,0.14618222210793344,0.1724486820686577,0.2210220916238696,0.18514727920204282,0.1750677455411862,0.17375109537958744,0.17411264169590412,0.16554503372512497,0.16710606625150018,0.15424246653868467,0.15935004117107218,0.16521775176399622,0.16932373146592405,0.16080144676082456,0.15119622327411306,0.14136010033825153,0.15060586097440737,0.16118452748654452,0.16557402588360978,0.16878914619528929,0.15423736953958073,0.1654329159493999,0.1694887108481207,0.17614476211526242,0.1717604284050388,0.18235874947607297,0.19063343712799163,0.17838360017133806,0.1629470742415641,0.1602971330393518,0.14415422993104599,0.15175019661862968,0.13398741963324545,0.14249668238769378,0.14690129291392803,0.1382382540074918,0.1352824741549761,0.1379292754692756,0.14650155478557966,0.14155098439363223,0.1471944673821189,0.139908967539514,0.16050021539201897,0.1688638745922513,0.1628053745962016,0.1578501573702712,0.15962202326602784,0.18233250244582777,0.180115149817522,0.1769908098445091,0.18980624213607603,0.17024157618014304,0.16328316088546735,0.15367013196959922,0.15820559785311097,0.1775482108425855,0.18172581917281122,0.19336563832228315,0.19551196642242794,0.19992833595358062,0.21023512582700898,0.19672587975579578,0.18322486507149602,0.1836133711197516,0.18812699012340392,0.1820709559810054,0.18255766157197717,0.1810577293006138,0.18279645312751844,0.18579368408414682,0.17809192286773443,0.1762884528988766,0.1714280876662551,0.16825575984601054,0.16753920332316394,0.16320076459221355,0.16207882523276076,0.15595706684935384,0.15646027447600477,0.15819605948903992,0.1509331873904589,0.15067571674574887,0.1368680429157472,0.13539663556917736,0.12843608949657023,0.13321395519085039,0.14317841457029606,0.14425282537163006,0.15048571561122828,0.1477960075423257,0.1590645057623993,0.15487085492814942,0.15878997849390053,0.1660221808037661,0.18482271339561346,0.1817846442450033,0.17740219219012693,0.1741471176892831,0.17752367288016535,0.17456888942888263,0.1778634084709006,0.17181522171264368,0.18397272761119687,0.18688367801994057,0.1695375855305737,0.15702701526046478,0.14915230057386597,0.1486554432498405,0.14590624608272873,0.13992170794982567,0.1345638054732784,0.13042705394081616,0.13852259989702811,0.1439327024228772,0.14920236778286167,0.15484713309458223,0.15432207573725013,0.15051297428010194,0.1442271396365793,0.14585426509142818,0.14268047398967768,0.14398406292602886,0.14895442097752407,0.1338417136158482,0.13361286034644906,0.14133281164871023,0.14327144828575597,0.12585695697797783,0.11966516932425794,0.12113359847608784,0.12541419595680298,0.11402998605598982,0.10700295202595565,0.10165835148840818,0.11496247903385111,0.11857872177875796,0.11815457155536337,0.10935511499419018,0.0958944943442992,0.09315770279141156,0.07783702407344933,0.0765709302051192,0.08342731128449568,0.08378025826054766,0.08806804002267443,0.08461600910156036,0.08558188631949698,0.08506033442005626,0.08042197046200877,0.07532671466740325,0.06440237970669795,0.05774321828807197,0.065841609336228,0.06578747802694616,0.07326123583754103,0.08347900972775092,0.08994899299516015,0.08899340734169081,0.08749224643742476,0.09346958710627593,0.09504761339950456,0.09775560017776,0.10176890489246958,0.10219105635718917,0.09090134185140399,0.0826708448962388,0.08334152981921418,0.07724015930307,0.07512103659348693,0.07117438985898204,0.0699933396150007,0.07630416319686543,0.08994466820706391,0.09658632306725319,0.10254496735779953,0.09904038837752975,0.0955242678576082,0.07978257088915319,0.07351547430880143,0.08161349226344981,0.06796862282837651,0.05485950300299197,0.06071876318813725,0.068612714311849,0.08326824823778178,0.09186715195608834,0.09490050992233828,0.09387239410242523,0.09917754739642672,0.09949295466906728,0.10407837753709157,0.09313497716768217,0.0959229462956351,0.0954885018704812,0.08537038506549824,0.08521024541087309,0.08070231833705543,0.0700368279587017
59,1.069054124152756E-4,0.03079265442341792,0.07879344360083745,0.13708998233334996,0.17488223247362608,0.21600929214488665,0.23625806697427126,0.27062593915483435,0.2887416807396568,0.31002562516957505,0.3475750455242563,0.3518443689708187,0.37008382010967444,0.379144851297769,0.3843840350484745,0.4087333521173024,0.42431744709557817,0.43786736192367165,0.4405306348215803,0.42113347262391665,0.43134770109559867,0.4272469434320375,0.43044029303982856,0.4176248231176149,0.42821068454030503,0.4143680292982518,0.43310410024521495,0.45082363827967464,0.46392805684356664,0.47857938358586993,0.47789240499010155,0.47141182259386916,0.4672313406727231,0.47696818311013656,0.47321661332332404,0.4627841385150234,0.4610368706306568,0.46776844312196014,0.46355433361659576,0.46190154848964116,0.46661189173213463,0.47101335225958685,0.4795774131725404,0.48149321196104794,0.47250697021599264,0.4656039469725719,0.45115234958265515,0.45551008536003207,0.4595448602700481,0.4440131895403349,0.43559164236177145,0.44586823575713547,0.44226451925292465,0.4443036983606083,0.4530610727535461,0.44214347319068514,0.4457395695302616,0.45375351156077537,0.4478974424826461,0.4418875247633188,0.4427412791368422,0.44039559815269846,0.4424952185433108,0.4380844121051682,0.4449631208016199,0.44301995416827755,0.44093170227930983,0.4386311962686647,0.43855395305197925,0.44126041834660357,0.4435672871208414,0.4446642389992613,0.4492118509288319,0.45648665144383144,0.46323833990780794,0.46409420301662174,0.4575708218350563,0.4597588316828087,0.4489515686965194,0.45229190670318375,0.45638688488687984,0.45166499124023785,0.44592190253062003,0.4430239994258906,0.4498066572386811,0.4452591647741712,0.4417624673231131,0.44867248490287637,0.4437061498604208,0.45422755052803937,0.44602915297663404,0.44571911988612506,0.4452986562617686,0.4589203415187287,0.456693755853134,0.4562091315014331,0.4594847031718198,0.46319206029080734,0.47009415257512727,0.47263496175872677,0.4713192965263874,0.46155116748266,0.4491433892661715,0.4544273154249004,0.4427451642205802,0.4488592971855805,0.45469740946142123,0.45991779923717824,0.45952510184543643,0.4528085351595667,0.4507405588916695,0.45970130451481694,0.4448842483442052,0.4470708286657257,0.4585873931009706,0.45184438509795166,0.4568567208946662,0.45009518792483194,0.454390431553347,0.4429526297848792,0.4439387046085673,0.4433977632454937,0.4520614392494478,0.439888399221771,0.4370491473780561,0.43652165776936686,0.438418396483012,0.4359385872111365,0.44332647570090716,0.4554595873173806,0.44545284103317867,0.44048379022359924,0.4367922161927277,0.44734929595841416,0.447615295913103,0.44153487506567807,0.43516526045276194,0.4352182625861865,0.4468872785766744,0.44815209959558805,0.45007535426353257,0.4615646530190508,0.4614426065852873,0.4579260771402289,0.46683394911462506,0.469534015981891,0.46380007729389594,0.4561561562343312,0.4518818603810289,0.45151742059880173,0.45357187760890716,0.45390110066858674,0.456288513720603,0.46132228122259383,0.4609942445278166,0.4614811820944829,0.45621290318383,0.46052122326031664,0.45576022772602864,0.4498429971279409,0.45652644080322236,0.4594548503040815,0.45468350665923674,0.46176014624870965,0.4603995738719492,0.4622472603096937,0.4627403531615873,0.46130133412109653,0.46044108656382476,0.45219862267339744,0.4614506089354944,0.44818065234558135,0.4475520728554291,0.4444807601529563,0.43584155145521214,0.42393837699807624,0.42082129395979856,0.42928360680351363,0.4308205731119029,0.42255934293350456,0.41613948433875186,0.41697709532066013,0.42313817751433114,0.42673417403852154,0.4334115566204148,0.4255287368466268,0.42768708951442486,0.4307125110082451,0.43226367888275513,0.43617246221882255,0.43188554666710316,0.4273196411993536,0.4323947383255157,0.4318163896568921,0.43457766463863556,0.4343979235473852,0.4346679142848451,0.43254051947684397,0.42295140466052017,0.4252429519072027
60,-0.003604113112325189,0.021044596489973616,0.046628179658733844,0.08650928039287008,0.1318870974845302,0.1585962359127165,0.17706725878001667,0.21516156531920852,0.21973052475535526,0.23489250702805614,0.22374409270172027,0.24569089242536996,0.26277951837974883,0.25515386938481754,0.2684606799588724,0.2621902274559021,0.2701079726521098,0.27480471588650807,0.27930546783217547,0.2825633703299031,0.307134574752478,0.32364848456866946,0.33185379183398955,0.31730716178523977,0.32812060806428145,0.32778318269384743,0.3335363814951107,0.3194743894605271,0.32555500994468356,0.32408651420167395,0.34321957297538935,0.34729677083879323,0.3534161664165339,0.3544240923734164,0.35953995942921524,0.3506238899741953,0.34909026486741235,0.3375269898636053,0.3295643519468111,0.3410158239665516,0.3420476427385794,0.32738658139746685,0.31961104760269604,0.3156144696879445,0.3001290073093076,0.3113501230863269,0.3067890200745163,0.30114976464252874,0.29986437335481214,0.2995551955548627,0.31051215331484605,0.31906651094237026,0.3141024322484485,0.31931752907512334,0.3226801716533373,0.3379799317516046,0.3319539099986165,0.33918918461803627,0.3330524196446216,0.32652209312406183,0.3294898426485498,0.318967951236493,0.3188184500313119,0.3355452447527371,0.3537880514270458,0.3583083411567439,0.3529655340499966,0.35377382134837854,0.34537367288507226,0.3363168334187487,0.3315440653448952,0.3292776602373928,0.3099314529515245,0.3149572197947975,0.3218548269046373,0.3311254355751208,0.3302654222526734,0.32621076510421626,0.3322556905282879,0.32435957694885076,0.3446362712761361,0.34619379844508374,0.3479094544182403,0.35218173053832297,0.3601629503890016,0.36496373820848355,0.3484327250215997,0.34671482093442196,0.35192860763939643,0.3510595376700192,0.34217989964204676,0.33410076136093386,0.34194922173497155,0.338822492251389,0.333743373701119,0.32795467875536916,0.3146717538508247,0.3087951999174822,0.31521945689709285,0.32579850369175056,0.3293870410832085,0.3343346978392486,0.3347662509779733,0.3326876435317721,0.3365358433079596,0.3430289975880319,0.3419929255322415,0.3430414987965083,0.3602372452115163,0.35659727385517437,0.35911088497962124,0.3556804987766318,0.3542683135080608,0.34020064296753033,0.3304616486128548,0.3437957610203203,0.33766107574178583,0.32992491859889594,0.342919966974381,0.35001937962362495,0.340889279352267,0.3420560194287406,0.3440225077275621,0.3250729120131271,0.33512049250357984,0.3586425261656902,0.3634488251094918,0.36683338933408416,0.3629245781350867,0.34300250905627705,0.3323960412926404,0.3179737714323098,0.3259255201440721,0.32415885714355624,0.3211464536076037,0.31226616356917797,0.3183726190189054,0.31489108052153303,0.31139249551863435,0.3082701334736413,0.29859368651980955,0.2933119938174524,0.28586949334405276,0.2844796244405357,0.2848495178211067,0.2740005415598137,0.26948573494516237,0.2667101261527706,0.2681891449242928,0.2806890146225538,0.275139078160515,0.2811399091197196,0.2801603582060249,0.2823372686972086,0.28765835524571864,0.29250155153897156,0.3025418739260819,0.3128821157679296,0.31792329735398667,0.3153904538743025,0.31826889046408374,0.32813615996397993,0.33314018403112877,0.31654658700686417,0.30908600567426864,0.31029417904318285,0.31026896079316457,0.32286851464290156,0.31517441476997704,0.31621286126555337,0.3100832731375339,0.3211612180181133,0.3269801489675388,0.33551951396462676,0.33879817682544705,0.3365240798225972,0.3322276008194451,0.3168475220378538,0.3250458020402831,0.3299712415162655,0.3197707402640071,0.322398367726343,0.3227401560805205,0.3175141624873527,0.32228312840435364,0.3185921640074785,0.32652574891746383,0.3255284606026536,0.3224605648433234,0.3270753305010426,0.3226426759593633,0.32598912181855966,0.3189113863311249,0.31185856092887365,0.3062145280772,0.30527847814575404,0.31945315907501554,0.3212210865030551,0.32447363563348935,0.32128233389418726
61,-9.37985725837665E-4,0.025256127604281975,0.06621917160252792,0.11835255162338221,0.14991354461966655,0.15521138859200748,0.16074019880123827,0.18172525944037027,0.20187755979640382,0.19637670850052913,0.19166723569376298,0.19572890835772813,0.18781347348184038,0.19673912981125968,0.19287241500681826,0.198454676215707,0.20111488847699976,0.1938226696268832,0.19532960991643922,0.18575447723923458,0.16618341056646485,0.17157372959735018,0.17655557236548064,0.19180540114758954,0.20862358767477446,0.20649021920301108,0.20880312338638898,0.18935711071351918,0.16087598568404748,0.16499513407508382,0.1699503345710317,0.17071399559395228,0.17395352879509635,0.17473157954126106,0.15051709456107804,0.14123715143850538,0.13417026658651257,0.14502065207709278,0.13960454467651298,0.12095487886887296,0.10344521023921642,0.10744018876816364,0.12200481843411859,0.13089471084634619,0.13241780234365053,0.12726692481489568,0.13662169904143226,0.14337962594794065,0.1514160394828455,0.1795795350936075,0.17563051489676737,0.18195658123578398,0.18296807294777892,0.18877300818762177,0.17110755929840277,0.16270808058626757,0.15578902871326072,0.16393130537109987,0.16015029420818852,0.16601041379959539,0.16909907499649054,0.1670794862785635,0.16317276719205737,0.16134693096182884,0.1604715254638002,0.16539776311478063,0.16593695931775954,0.16370980012773717,0.18938471039524843,0.1722302002456387,0.1603814296861168,0.17406290545666092,0.1713438041995032,0.15420832650519867,0.147755131563219,0.14365363590894195,0.14975302842302893,0.1597343187881557,0.1657896285919109,0.16080763729014616,0.15240473336516255,0.15890470859350136,0.15727298609371398,0.1580958411224347,0.17094277638152972,0.18346543211254918,0.19908109793918213,0.20121901490596922,0.2047405488466615,0.21173068371986048,0.20933416298213797,0.19911502565019013,0.1839717508378089,0.18721132979323263,0.1850635696122123,0.18540913914562207,0.17437239279536015,0.18636432300861488,0.1812888477461036,0.1677130112632107,0.16465075184892392,0.15693835534167283,0.15066291509522864,0.1552949998065583,0.16647606223341338,0.16664951744824133,0.15616415324699678,0.1557501911521525,0.16313464970677902,0.16337653517415124,0.1772090916446821,0.18338929866435807,0.16740254655478723,0.17929428522101742,0.17823415702027062,0.17519435177358147,0.17317313051653563,0.16908839235502118,0.16222969390466774,0.17612142856004914,0.17887236413422142,0.1770069129144456,0.17749659402794374,0.16896148747978035,0.17100815485355214,0.17001361601477336,0.17122487768640057,0.17982982167760977,0.19201727363435053,0.18827707885187864,0.19314604156765694,0.19032565487609326,0.17394771015701654,0.16089013018319798,0.17222041933723528,0.16844840108859718,0.15990676031593865,0.14883145431864314,0.14539870582062242,0.14364363371414698,0.14982434855511342,0.15731712789178073,0.14702529237951617,0.14940270913697043,0.14982454187297628,0.1479503960463528,0.13929393198146284,0.1442850038758154,0.14135683074561553,0.14987091912626715,0.1671865618252671,0.16704816894237168,0.16933645319892654,0.1543609620728671,0.15560336286283705,0.15657995116161977,0.15970561469624342,0.15653473714185492,0.16189467382644585,0.17153560189648104,0.16221798017972172,0.1623634525442339,0.16595804303677764,0.17139118262040146,0.1615670539055064,0.17027718656437035,0.16730010005752624,0.1601830226068911,0.16449079089091248,0.16828496470179793,0.17641798086627758,0.1856092077620846,0.17980557852425239,0.1760159188941925,0.17129384676754397,0.17024618343688716,0.17874100954166888,0.1839012581861758,0.17469813769329243,0.1655313823200626,0.16613832223612446,0.1717967500446306,0.1807149186681098,0.19972992201146791,0.1995213046342736,0.206952073534533,0.20438535300560473,0.20021852765610834,0.18007630260701663,0.18922030234836765,0.17812323671862693,0.1814455876411318,0.17129094080826573,0.16995033649253335,0.1552222753991252,0.1548387626104728,0.16071144902480733,0.15372249700477203,0.15711698329774035,0.14730303286519747
62,-0.005719202964908502,0.03029417602036177,0.07360122416283492,0.1531382783129028,0.16891897499307004,0.191059230132368,0.19295306487798786,0.17488941021973062,0.17378112796782344,0.17625412722264727,0.15560381283055535,0.15889908251408547,0.18619968640397666,0.18659428088847613,0.1757458411013802,0.19069893313558572,0.2007547818430373,0.1975685761991033,0.1997100750016557,0.20832483796496626,0.20670508823761036,0.19765945546267838,0.20934839271616912,0.21522796449621637,0.2212542502595361,0.22039205413793336,0.22221926468771053,0.24335248479914717,0.23736844733950999,0.23999252412680935,0.24065469760955602,0.24210693598409422,0.24088103711873973,0.23599654336150247,0.23145621734214575,0.2303283195098224,0.23024829246281667,0.22777230520808026,0.23819612657412448,0.22389848136590007,0.22415801463235493,0.21318064289524521,0.22031387159243773,0.20389500630680898,0.2113184113429069,0.20827030085856302,0.20730679541353123,0.19763025322958455,0.2002780957090946,0.20290733629665333,0.22966075314540008,0.22421251976506762,0.22981709318274543,0.2258802982867031,0.22013681647240996,0.21081911661101166,0.21096677711355433,0.19918894706426443,0.1882159716493005,0.19173614572506742,0.17694068314204475,0.18062803100371286,0.17936140614783466,0.1775253490621504,0.18005481892075167,0.17563473869374632,0.1765982140808664,0.17473961412734895,0.1781939183688636,0.18312223164701488,0.19092439524702043,0.18845694331997048,0.192938382039071,0.19529423070320495,0.195510933914801,0.20768249109777084,0.2121628591625649,0.2161367991631634,0.2155551690501134,0.22520287981317552,0.23894376361403402,0.24884933186396652,0.24348303501913127,0.2421366248017365,0.23844016528078713,0.24619144757170497,0.2552849492542811,0.24990791617689362,0.24117252863727937,0.23753729540774354,0.23531725323254934,0.23266179322115024,0.25029209101053324,0.24159735857731277,0.22829263415265383,0.21113460880129753,0.20742191101610566,0.21819536858905095,0.21513356637837355,0.21443860366876882,0.21060527235412008,0.20280485658307398,0.20078076447993926,0.20253688054624103,0.19974256385186456,0.21341005394763587,0.2218333329123385,0.22714289500655943,0.2237771318775682,0.23386045310871162,0.23388974497976672,0.24303050290316502,0.24190017477562153,0.24063794856611853,0.24103989354686547,0.23556539685966585,0.23925325275873024,0.2318730968380446,0.2359382288563676,0.2274990032306499,0.23637909886047986,0.24906075287465246,0.24415343225780387,0.23482812633463052,0.2367404902099625,0.23392734387898123,0.23233378223960435,0.2443369714661194,0.24613847415997692,0.24685413960448105,0.24072677430327327,0.23367059361701417,0.22907846890149686,0.22626921113970277,0.21890020745090802,0.22797574857686442,0.22470663498770474,0.21549281102697013,0.22262430656687943,0.22376503081662616,0.23301046619313098,0.2267037186339865,0.22294615853256555,0.22797718386975077,0.22629730531975167,0.21811558628790562,0.21590129992006551,0.2130046402945294,0.21780992989864745,0.20585000557186015,0.2180723838305864,0.22185436245449044,0.21856102554665174,0.20734300048672377,0.21779932825431034,0.2173393557102995,0.21158224749448723,0.20810451682704048,0.20427216775302662,0.21171300052590095,0.21663345268008208,0.21205231014532638,0.2178370713566078,0.22550918081732926,0.20409353353442802,0.21122259612800232,0.21907532108876332,0.21883788568911658,0.21105597810434054,0.20315520758986033,0.2019275115415256,0.20689426878792802,0.2060036484944727,0.21674892819876126,0.21561272734210613,0.20796796284811328,0.20075632301578955,0.21296263675865493,0.21616536139108894,0.207288923178043,0.21473332034865655,0.2153778102742439,0.21487460881393836,0.21349778081905327,0.21837933620697125,0.21090787416424756,0.21737332727794897,0.21600372366737183,0.21276528524903837,0.2054685876119118,0.20698317583730116,0.19859711023037907,0.21442575860493754,0.2088794156496174,0.21902649137532795,0.22513404405905174,0.22502526476032333,0.22579939604016938,0.2135651169067559,0.21394358684649323
63,0.01241735467188466,0.06900167479916926,0.16045729771484557,0.25187602391715275,0.30887294840030427,0.3590295478126259,0.38245849315767777,0.3915921966142148,0.4221371737014294,0.4309531752640249,0.44823966008797533,0.45523562907505044,0.46495932455406264,0.46803135015804576,0.4410793868616766,0.4569804088597828,0.4549010483649923,0.44642294724057746,0.4371387617923263,0.42966113268459,0.42429168808503476,0.42981277339383317,0.4331853796864245,0.4379335216011745,0.433854478063455,0.45595714185821945,0.4616880849081977,0.4625359293291298,0.4543176015931835,0.4495878782675078,0.44319134976389635,0.45191386973373077,0.45535658200052515,0.4567759546190554,0.45816796934969334,0.46126754067503695,0.46818240857321103,0.4676231415860878,0.4677962810065054,0.47323891086243,0.4647021205847092,0.4778270141291809,0.48677278148195546,0.4881776263234383,0.4760819975911471,0.4760359550380795,0.48412833055066556,0.49240961263966115,0.48888807301124987,0.4878995962014418,0.47396971127657855,0.4786770811937167,0.47772105089457517,0.4797030485006144,0.47781409653321033,0.47241184330509456,0.4833279558390796,0.4831372103170219,0.4881168172767397,0.4790225406443419,0.48704194836134723,0.47673353271085006,0.4793600123870709,0.47790122707749233,0.46736819799106266,0.4610638751305739,0.4752521631744389,0.47615088223124397,0.4725590365849585,0.47062136894916745,0.46789968247216,0.4819628815564616,0.4691254341629407,0.47120513358232274,0.4809592685825598,0.4751501312901118,0.47122652362004525,0.4677427609205382,0.46049187042021295,0.45847090986534406,0.4637761013708901,0.4629705291245029,0.4590311690879656,0.4667704138261044,0.45775041179087295,0.4526475399549274,0.4559912240971468,0.4555007767130239,0.4504436778585807,0.4520503111863033,0.44596071580274615,0.45317327701175025,0.46364848704236905,0.45801929807920283,0.4606932495924068,0.45852797028260567,0.4608459300501769,0.4629084540981786,0.4686022958496078,0.4533050491500246,0.45038909179539005,0.4452358830930534,0.4432054045113867,0.4470276533577963,0.45228435002870543,0.4501930669015522,0.4437779361221188,0.44490458917936343,0.43791497148402825,0.44709476158717676,0.45103904671834366,0.45614830066904405,0.4503907532560021,0.4568860708025458,0.4521988532605903,0.46170049511402467,0.4574142735654042,0.4558529852108249,0.45834699363503184,0.4517058954066167,0.4516100821908494,0.44932427695940147,0.4452130235681744,0.4524168960340069,0.46131729244991343,0.460603107438856,0.45522071531711206,0.45674621566715534,0.45726808443100886,0.4611559268862795,0.4560422634157723,0.4530076887246468,0.4552816667030154,0.45457823086521015,0.4509175561857356,0.44761816738449384,0.4535370257943089,0.46039098109203913,0.4543026220949238,0.4476565091566352,0.43822899468649473,0.4387411442351256,0.4467197640807843,0.44609885902637303,0.4601920123593332,0.46645553201279555,0.4518186341983553,0.4514457342985547,0.45964423741627786,0.45184944353899487,0.4444650819970568,0.44401924923262437,0.4491478511835012,0.445136152335254,0.4479834532641218,0.43894099837618183,0.4368288033430627,0.4491304563933213,0.4489572141664724,0.44466679112948126,0.4401224723517931,0.43261719989843556,0.4160041810424307,0.40850867849038325,0.4180529268685272,0.41988119245094746,0.42892905500271494,0.4323075816722607,0.4335538932996537,0.43309494020529343,0.4244244808600175,0.40698697815147883,0.398854740626405,0.4172283297547467,0.4153887469440968,0.4120352258308295,0.40812201565874234,0.42072915791157306,0.426284783203595,0.432170103928979,0.43732275432973133,0.44228922680640836,0.4417639525092744,0.4623898324510554,0.4515259111526276,0.452885155041168,0.45793073914096083,0.45772398623648314,0.46783271339907634,0.4605216240128056,0.46834398955519385,0.47014391902609565,0.4637079213601688,0.4761633776834156,0.4744891500211243,0.47573687388785063,0.47834204336095093,0.4727513818789465,0.48121241613925336,0.47730028155640136
64,0.004601816555144424,0.05657877744330445,0.13469904485342613,0.20460286742697306,0.22173440665699012,0.25865237018704734,0.2538924212511302,0.2690963409599975,0.26761006167821305,0.2984756570966649,0.3124343898472603,0.3126354582445624,0.3298772557288883,0.3419658207886796,0.3597103066299245,0.3570745578680251,0.36787382250963846,0.3503664100580455,0.36571527625847805,0.3769298268600203,0.3623887223115127,0.37661773831281153,0.37818291106532986,0.36911802588385134,0.3570044816854581,0.3681889549427457,0.3422713001792566,0.3368827374063909,0.3362199616985653,0.3437905354303631,0.33771251401187413,0.3366885714299517,0.33643645795363525,0.3365410058145891,0.31334600513973326,0.3099195253005023,0.31343735652681376,0.33056027673195876,0.33793703255495033,0.35363580416251167,0.34379157979543945,0.3389625074924341,0.34265760628153397,0.33839537391747976,0.3478102193902563,0.3589470048070633,0.33461275628173226,0.3407576587242998,0.3479625842681778,0.33927625990565125,0.3393003893777056,0.33519227559711384,0.34188370954083547,0.3606866998307282,0.357690637034369,0.35320869896719453,0.35193962986358,0.34988457075814094,0.36430259767430406,0.37274730097921394,0.3707932386250845,0.3585304914623599,0.36417354694738363,0.355293639835758,0.35130777808818076,0.3467764377969232,0.3391515085874983,0.36349902440453485,0.36088424202831804,0.35778120383281725,0.34242207002869324,0.34997211274546275,0.3561264720062203,0.36077486670276926,0.3563511911503346,0.36171079793725647,0.34276707270920814,0.33914521505807327,0.33690629982889125,0.3330139527722417,0.33063223129740016,0.3236487176950047,0.3166193324242923,0.3101991953423139,0.3051345075784326,0.31086564776465586,0.3084784056709799,0.325328076842305,0.3186585076042671,0.3382120738311389,0.3488009246767755,0.3546529065339381,0.3656788790413944,0.3765288253325073,0.36184838110771883,0.34786656698254026,0.3470909032812821,0.3439864642488469,0.3363583960946648,0.335395175068312,0.32835793426789095,0.33241322428792697,0.32679428868069516,0.33440833982720625,0.3304458799069161,0.29129273052365035,0.26485808608436673,0.27125067839605826,0.2883225768310453,0.29308115825973236,0.27830505412048107,0.2772924257774386,0.28225481539222885,0.28647871727813895,0.27919705822006297,0.2859973891265036,0.28390222698528106,0.279245397039691,0.27487057878348786,0.26752129135352076,0.289341497864654,0.2880634477777515,0.2902155354488838,0.29181362580488535,0.2942580221379761,0.29507600010412516,0.2860169140375203,0.28241307030349294,0.27905059919346664,0.2880133023108565,0.28011609738667986,0.27653294314169974,0.28083348073730674,0.27382965434719436,0.25509773569548744,0.26183824865583,0.27071250074274494,0.26666325912358313,0.2727796962468449,0.2686714635427421,0.27334103873756294,0.24681839140681197,0.25350802313187815,0.2590531142446602,0.26034946715550594,0.25211739729952126,0.2568442627838867,0.2712641175359921,0.2651779168727869,0.2625941622790412,0.2815407879329973,0.2770331682379237,0.2773133663884954,0.2708887072673169,0.2820964038416621,0.2683537384990624,0.26266993474341577,0.2645040886889718,0.26545499496001157,0.27772023250607136,0.27682605569239227,0.28110499259780236,0.28015907136051516,0.27556884181774294,0.276102553355231,0.2803348562705015,0.2719575722975809,0.2751150491753207,0.2780221458681253,0.2659117511449104,0.2603105302730768,0.25805939978852316,0.25895275927691214,0.2555515527654484,0.25579131561588153,0.2555342744864826,0.25972435959957574,0.2566823894080788,0.23883949105627483,0.24544956923160818,0.2485643015659676,0.26419964589369005,0.2637612334958115,0.2729485942855224,0.27279551604962426,0.2643950377033835,0.2678379752194775,0.2778082436221158,0.29101567277512613,0.30343837579264277,0.30059921479744545,0.2992298095378701,0.3062427595940022,0.29874622100469034,0.30539679050466506,0.3235122487472984,0.314767787506945,0.3134787186842789,0.31219057851321486,0.31795032555806896
65,-7.135244380288464E-4,0.03068611965807544,0.05099391667764272,0.1322371410790796,0.18641488797535488,0.24009921181629645,0.26206601378201577,0.24553837206077372,0.2469329178876232,0.25516480351870063,0.2560804061187181,0.28053711851560925,0.2707288879093012,0.27081524363808446,0.2793623338805643,0.2820410183542252,0.2892396141502392,0.29463852884606045,0.29442248474887495,0.30965642329449133,0.2892036791224222,0.283335727783506,0.28026174851956587,0.29465880279649054,0.2840556195727415,0.2711042590931636,0.27964246065874443,0.2926629190615245,0.2881266656529538,0.28366960365284827,0.29893567622607414,0.3000676439721382,0.2947912862380303,0.3000199563783751,0.29753420172698375,0.3043235151312366,0.30587605230517084,0.30488956430617004,0.29454210948587606,0.30887235329061974,0.3141320721875088,0.3218911171704775,0.32454530525883074,0.32298195251896655,0.32346060116434683,0.31440690860052156,0.30566110947311803,0.2989900326240856,0.29717717100920227,0.29505537065758547,0.29704256640101545,0.2983948778332216,0.2986796882595078,0.304364607766064,0.30109685149765936,0.3034539678326244,0.28715846569487863,0.2723595085634755,0.27286539177322,0.2661855981770319,0.27402720270147685,0.2903652883779404,0.2820648138165588,0.2831896592988615,0.2819684230338149,0.2820128903242538,0.2821889264612408,0.2855525475816733,0.28990122044941297,0.2892177290147112,0.29078598371909953,0.29509224675535667,0.29736817298107704,0.30173957103903826,0.293782711993814,0.2939698661855439,0.29667257655452,0.29179734180083694,0.2992048724911624,0.29647145359413457,0.28532900776063025,0.2767093338513118,0.27076631052160427,0.2658225405299201,0.2675572468069663,0.2693790053318946,0.28041359282995043,0.2720311742639836,0.2765951944504621,0.2845852076066335,0.27901337168193385,0.2862488958067596,0.2698849364611463,0.27261205904640884,0.28099693864072395,0.28448745915651186,0.2862829188202666,0.26792547123365845,0.2645892482518575,0.26588034710313563,0.26574515489589484,0.26190306527854273,0.2524260531441396,0.2478493046434417,0.24946704898071886,0.2532643510278479,0.25223100856284025,0.2552221603228221,0.26523568990841934,0.26909000370068026,0.2665511349464929,0.2625418429044118,0.2645843597778009,0.26263202998638363,0.25952108274221936,0.2637440324054648,0.2597095773750225,0.25735070023235684,0.26136010101372675,0.26300040849812417,0.2674106741405015,0.26658096098022743,0.2838464141310249,0.27933766028606155,0.273412823894904,0.26576076144873023,0.2647266749190085,0.26774610182157904,0.2682746231018561,0.2626694665511778,0.26886858935094754,0.2676820029326329,0.24840307388590563,0.25888095454150084,0.25873724676670196,0.26365490648176804,0.2707658720735203,0.29179914642674176,0.29284876840955404,0.29626619572282353,0.29921151085799524,0.30407810362174076,0.2985622733536143,0.30964856223311465,0.30756311937095043,0.30762578989825506,0.2947479587295889,0.28638859886825857,0.2692476231294326,0.2773841143553064,0.27401911353511665,0.2754516051309156,0.2759352895001371,0.27934063952927113,0.2736776565004541,0.27785976712596755,0.27895455307878586,0.2668069986475353,0.2714974589373328,0.27556709593552453,0.2749612107641199,0.2717207571910814,0.2743179641692864,0.2741570541574616,0.27349949899249004,0.2804827365778885,0.27088106601816925,0.2705926141269412,0.2798775465625017,0.28013286030400353,0.2835999372613415,0.2783189790246135,0.27975632743918083,0.2819193971448476,0.2775274012244323,0.27988288443605075,0.2797760783052552,0.28189394379797655,0.28506783320706397,0.27855955248886344,0.27850461164424994,0.27392024872776227,0.27856601736846864,0.28206723801841815,0.2761861915580338,0.2811351049259717,0.2732791429824079,0.27440050703648755,0.27095965302867725,0.27975386278458286,0.29130307627984847,0.28950376995955696,0.28260902348507855,0.28178194639679427,0.28507926876295564,0.28224216928844337,0.2797308659957461,0.2609377535401839,0.27419837391918794,0.27846171673251446
66,-1.969298210590803E-5,0.049180342745190994,0.07113288542726572,0.10501599972877534,0.13785396196400979,0.16081532757223282,0.15803864402067824,0.15954228815083832,0.1822851292683347,0.19558145076795863,0.18725941627124462,0.17668488182966002,0.19750436679011066,0.19387654395338522,0.2076198702964235,0.21671173407565303,0.20888959556842124,0.21919927406911185,0.20622390672134028,0.21009943159942984,0.20074596732345032,0.1942733511493778,0.18985289597266722,0.19727886861314903,0.18785521086447507,0.21425380620288226,0.21308194199127908,0.18334760822363852,0.16604153128494223,0.16406604186925405,0.16406142798058493,0.17259878747855606,0.19138665536715269,0.18114664601865665,0.18178609965336118,0.18632158049959233,0.17588916199178634,0.17949235861923854,0.17828339734392845,0.17697726767388247,0.18441424220522,0.2056537569574452,0.2146116500508839,0.20411183525640028,0.19413230395426087,0.18884852982256092,0.1854575065209411,0.18541740282315236,0.19767342466048848,0.19789457240051406,0.2126430886770519,0.21472147042748513,0.2183058714071495,0.21614772899097293,0.22296351317521507,0.22922252149752,0.2297971514956202,0.22896716626495547,0.21243164349506663,0.19717293681651993,0.18617381994794072,0.15876947707867126,0.1527587498536695,0.15188102630425443,0.15631307236276268,0.15985526537870465,0.1654963478760034,0.18302387103394732,0.162650627827615,0.16205311775139827,0.1612344758965632,0.16776983511347004,0.17804144658446341,0.17899574142192315,0.1780171903377116,0.16429414185865115,0.15771202375046423,0.1511921830866728,0.15058326919560275,0.15363664938219335,0.15600388575891558,0.14986801768069524,0.1469854638933727,0.14959179956567664,0.14284957739344628,0.14595353384716042,0.1537532559167693,0.13176094000340316,0.12774088713951004,0.10482469236952632,0.10503433362158987,0.10854711749023056,0.11056377512710702,0.1437352346172958,0.14092296195518764,0.13533698025339455,0.14032094745289272,0.1324058329010469,0.127955371817822,0.1333732942796302,0.14097116815530641,0.15223909847445563,0.16189583494265022,0.15323159845658146,0.16160405895439978,0.14859984362631543,0.14578961502749718,0.14740847449826738,0.15735638549823797,0.15881393349746525,0.15326124362804014,0.1597694732568809,0.16765116963405408,0.15929586072167282,0.16032583513075263,0.16127793590042153,0.18422396484965214,0.18307096341203916,0.18603145285013714,0.17787134192306084,0.1811497965201184,0.16521090050115428,0.1667169516547618,0.15915757152362334,0.15350897118353232,0.1473999175682375,0.1423894479089763,0.1432614088210264,0.16192093700597435,0.162713908547294,0.1731860395883719,0.17317275708622681,0.17432450480354938,0.1613386553489525,0.15829775172804678,0.15364645319220938,0.15513937272374909,0.13991147449444985,0.13420295878995175,0.12669632348169496,0.11608351529636929,0.12418105050644941,0.11334447268801309,0.11494970304796741,0.10515789882568054,0.11655492324958887,0.11093618483855203,0.10338325092354506,0.10886481170799589,0.1203442837265371,0.12077757684902038,0.14000156780143688,0.12933943741461648,0.14139515108068887,0.14230933910142876,0.1476499348219258,0.1378704551382964,0.12867204827749293,0.13445690058330326,0.13707989359846826,0.1450696635136403,0.15033648779755165,0.15493843159101875,0.15013488039956793,0.13460299292974334,0.13175252939224713,0.12778262677042107,0.12585118624159658,0.11499453835308192,0.11018066910545751,0.11182128745835743,0.10579778606902579,0.095721803723446,0.10404567990779055,0.0967323675608501,0.09230594554438872,0.0816175819647551,0.07251716610384358,0.07367004065465493,0.08447141635342187,0.08479317653874516,0.08458311228707693,0.08615958337762677,0.09146038230251069,0.09149808842099659,0.11570782438728157,0.12603065191018292,0.11059782905586413,0.11237550059731333,0.10599085608186835,0.10812727490054694,0.10558821319648379,0.11377449453620818,0.1245083606567951,0.12847975048935234,0.13160292962428335,0.13655342324031663,0.12190857521051529,0.1064104777741321,0.10386354828813492
67,0.00991240300314359,0.07436073408346015,0.0817270471917313,0.12733240879640517,0.1566262877272782,0.18817846870736762,0.2050731057011964,0.21252828299396317,0.19619999540727526,0.18891732649970738,0.16237154408388277,0.16063836496215672,0.18940379853849795,0.18387120823589018,0.19456354073178136,0.20806865201944935,0.23203162225404156,0.21991043299563234,0.2257120570023879,0.22187130797601312,0.22025618224753768,0.21375731213957583,0.21114386833318177,0.19896968838454776,0.18888920768754125,0.19759686626279574,0.20587727784777227,0.20122301601145956,0.1881388579615229,0.18659375777722395,0.18408665832788543,0.19051524693409058,0.2125024776350194,0.19924770374227094,0.18690380157429642,0.1860981536914332,0.19998467945467577,0.19491530677406757,0.1921767610758738,0.19035779696276164,0.21793154266560116,0.20989952401543654,0.22954295243831843,0.23374523486643672,0.2331204360210091,0.23555846245917272,0.21709305149543887,0.21593915363437474,0.21806911346256,0.20549336787777192,0.20620670762960627,0.20461293071336112,0.21972047246261867,0.21445159391538993,0.20824117727320904,0.21464432445764647,0.21509454000852832,0.19855292279358105,0.18941565551601658,0.18193840793636043,0.17411538811036936,0.1766843035572584,0.16031160252741447,0.14184946478570226,0.12022612346437887,0.10603141721250482,0.09407019785263943,0.11202023982188125,0.11376877111204306,0.11904858063346793,0.11515100983875767,0.12468959317955833,0.11596119176654421,0.13502562969665038,0.13698073399374436,0.13949186776753308,0.13510547792691077,0.13383543058804886,0.1463894870522387,0.14938767237551473,0.14607396934184969,0.1519270352616395,0.14950533610827102,0.14393769845137375,0.1500109572089905,0.1489363885229439,0.1485505336599576,0.16609177531183314,0.17254201059659738,0.1764884598895539,0.17885754524315953,0.1844701775809322,0.19758272055114137,0.20242390281894485,0.2169054149671585,0.2136721540551662,0.2336743218394692,0.23513119918009068,0.23950736392540453,0.22387836277265513,0.24591098395305494,0.25901403983446775,0.25910238065694335,0.2603260826260698,0.249842730440029,0.25273311790152253,0.25441231442790085,0.25481277643578654,0.25025059164739183,0.2572991574981811,0.2354885105319768,0.2354827137737174,0.23059589437261882,0.23735087126630833,0.23877641971393504,0.22051904582807258,0.21158005609455607,0.21347387445907054,0.21137919447443324,0.2072509817728614,0.21292745263022503,0.220514141709167,0.20615909792672504,0.20678996748581832,0.21592645995995918,0.22338365763986212,0.21620561351708997,0.21790064066799533,0.1934286829595847,0.21019454303111718,0.21243179884926264,0.21874159999115217,0.2277442590647812,0.22869828816502746,0.21856441881536282,0.2005881750859302,0.209748760437505,0.21598811862969428,0.21406255771494365,0.21645630686764822,0.22536323748506182,0.21885478986857254,0.22511924978215578,0.21842949511285523,0.2122294865964442,0.21140658766690618,0.2177565180068344,0.21497465137256924,0.22225353815617585,0.21683106116216075,0.21504386533174066,0.22328180730897018,0.1953119852907564,0.19207055878437804,0.20096330271098972,0.2079117740516603,0.21791392520125935,0.2162593970924846,0.21995313614432802,0.22577408305837654,0.22982911224984043,0.22912404211542348,0.23785509038781374,0.23411450340766027,0.2330985496693121,0.22727806805466583,0.22037920036781755,0.22728151486719983,0.23263403741944771,0.23236931118428555,0.23812632243240017,0.2394467006772362,0.243030297892765,0.2473683013427945,0.24450918597570662,0.24819956847148292,0.24651711824969044,0.23315952279840474,0.227611677475852,0.2293436320016673,0.23678632823705612,0.2239731535399489,0.21656873016851988,0.21343460500894934,0.20825110974218866,0.21228115745005322,0.1924634983489544,0.1905496799006739,0.19623811986925144,0.20171476980170144,0.18536206044196976,0.17783503484614815,0.16592353452952902,0.1667721495077706,0.18268988592183497,0.18518245910850759,0.19700387366334948,0.19785368707226908,0.19858463593601602,0.21004025350587355
68,0.003401244970875499,0.03892903972061171,0.13781591851534458,0.2460475970095769,0.3143070266295824,0.3378695750460023,0.34155015343962875,0.3498012652610085,0.3801002523722843,0.3799345542563389,0.3907980488310992,0.39499452820481346,0.39824824833470757,0.39342922488026344,0.3807524447964319,0.37105522170593885,0.3709063009737959,0.3866633967375316,0.4078068256491263,0.4086506900222935,0.39184081913722274,0.3823999540507764,0.3806632852835828,0.37342929953731696,0.37233318192841725,0.3701671246540093,0.3853512114086007,0.39380122222618175,0.40011394486779694,0.40846307328337805,0.40532613200703727,0.4144502408433048,0.4234615585174,0.4161370412863497,0.4212289444845974,0.41413002898468365,0.42073575081450193,0.4248771105543056,0.42882043754667426,0.4232006959967858,0.42621766721802273,0.42095217484576436,0.4197551726505986,0.4243283763445185,0.4180809067874498,0.40591805318934143,0.3989490239158188,0.400143139832492,0.3954863365258746,0.4020553279650488,0.4098678952249869,0.4129254874641897,0.40143908384978155,0.3980110153683598,0.38985156308353175,0.3982201249878755,0.4005633564352604,0.3758652451062723,0.38294415118836683,0.3915578894754652,0.3890817352452976,0.3928010616386842,0.39183855360892134,0.3895961058822078,0.3841595709618935,0.38540030681573656,0.3822369759808699,0.3731122684743225,0.39354403209373073,0.39939256481647006,0.40114555971784016,0.3914496895665771,0.39350856952045604,0.40819544374412714,0.4012017919595129,0.40396681885994196,0.3818268116323164,0.3996373520034451,0.39510193717332515,0.4038398659171525,0.40708457097718387,0.40160292146452115,0.4126056264834376,0.4064151582497479,0.4083097010440256,0.3947224358384077,0.39321778569201515,0.3875593857059835,0.39970686719211507,0.3968354433743273,0.3983538474500425,0.4037230762669312,0.39462177362343304,0.38951364514170933,0.3963802149930941,0.39805208676383785,0.39779227789091715,0.40163822026628665,0.40240281038314696,0.38505087783170255,0.38738433617459145,0.39214823729194637,0.39575759919254766,0.4001527179387419,0.40698250640834,0.4076454036911902,0.40097146744022427,0.3929996533125392,0.392631747312389,0.3872400467431018,0.38382986386960494,0.3841586410333468,0.38357769877146003,0.3999526505966598,0.3990038770135105,0.40339872076254246,0.39441204547364384,0.39609101565242694,0.38861590191511647,0.383500265204015,0.3920042631238678,0.39261174150335526,0.393372016859239,0.38684998287136685,0.39156061150357746,0.391971282509342,0.38895036085354695,0.38600383195160687,0.3886706361872389,0.3795420003638777,0.3733098892844671,0.35566175744221107,0.3522165406180608,0.3582637026309707,0.36339801301722013,0.35759206292673495,0.3685789430858171,0.36732205738878576,0.35893828513374837,0.3793357719863758,0.38984909079285546,0.3868408565153365,0.38939342103685326,0.38388475837906194,0.3966918866525229,0.3959715708058805,0.3911542869126005,0.39552233005432974,0.3930508876145064,0.3986050303775746,0.3913149631348598,0.40322099067736694,0.4021150060220493,0.40762918857895825,0.4063356141242854,0.4112877278368534,0.41136666553821466,0.4187935070092275,0.4231644782265252,0.4116517873046229,0.41074949720662957,0.4047316333218047,0.4076339606601697,0.4035236598521598,0.40115062174277866,0.38643218474551694,0.3880047524239659,0.3813169882324,0.37898304554099227,0.3843259545388616,0.3797422865150308,0.3837927603620829,0.38369293242202146,0.379002302139719,0.3840369130631677,0.3797035309584135,0.376192391627348,0.3762619097349252,0.37623003019043016,0.376163774594629,0.38809642026009045,0.3951750381636223,0.4068439042714144,0.39943505224757414,0.39630645789175944,0.4005991543748936,0.3969989565867008,0.3975548888120878,0.4077557973324783,0.3910302972749322,0.3831628639239781,0.38011932653961544,0.3861493538598898,0.3791416207929027,0.37429230037878347,0.3750739761869525,0.37460946036776627,0.37589110803080994,0.3857645635488272,0.376913959010231
69,0.005025192495128589,0.11053539469196379,0.16264882284124393,0.2465585589700761,0.22064491283716894,0.1989563282628845,0.20991986457487777,0.21963081671331777,0.21478049848650063,0.19801557804835263,0.17491641365803598,0.1759664154813615,0.18052285768152984,0.18479130685866316,0.1695849980745793,0.16549213721366893,0.15900996747893636,0.16083739061770608,0.14667059507515673,0.15611241953577637,0.16602311356371652,0.18670577256717386,0.19143423909166946,0.20744109667148394,0.20174251240945165,0.20375606298442928,0.18905179140982134,0.19402586278940884,0.1866978492707285,0.18114115966788866,0.17265139519887407,0.19123760217144942,0.20600212310614852,0.21566279019533094,0.20124749250799037,0.20396194516446664,0.20198041094812352,0.19720544806590776,0.1948769189579246,0.19122756848257286,0.19556853343705477,0.19494402291173682,0.17870416902400169,0.18808660470433533,0.1917955251457877,0.18682523311676336,0.17848727095968933,0.19280088395409195,0.1872196830192171,0.18527537069176275,0.19181485906164703,0.1902684893604988,0.18687445197399902,0.1956082399515639,0.1983482525611127,0.1862301119289426,0.19039852853157202,0.19045984004055408,0.18443802590968084,0.18580595394808092,0.1776500558379433,0.19705985522834768,0.19669712324047076,0.1852973735416621,0.17350529797667014,0.16971867751382466,0.1581786477696286,0.15144990138441464,0.15385322551195085,0.166635620603746,0.1542190549708744,0.16234648220185327,0.16601300667472507,0.16023621027027,0.1742395198934736,0.17804826050603595,0.17487943491198177,0.16994382926557713,0.18118764423589148,0.17534670708088776,0.17356228992099354,0.1651938930992702,0.15041401643281316,0.15008724849199506,0.15177041093387852,0.149629548220937,0.146697973851387,0.1451626732028612,0.15882721898734295,0.16003203952348075,0.16232295970514898,0.1608948212702892,0.17214201111409572,0.18380022998610074,0.1749685837195095,0.1659159575036128,0.16360117058410825,0.16425876305790535,0.17080696938560294,0.16985365789488316,0.15647270409792388,0.1704310670901599,0.16562244582131558,0.16731292272740922,0.17314519265427428,0.17443234280615857,0.1719415292934012,0.16523283923059484,0.1668634349355634,0.15244627185568163,0.1479219045823885,0.1366014450815176,0.1483547112893901,0.15630006564383855,0.15841985589768,0.15414065881449468,0.14613961637996556,0.15195614061103718,0.15762359904233592,0.16826308230397935,0.16810984092054804,0.18093274446944163,0.17325589118391554,0.17235837887329702,0.16428207227002417,0.14683365642351057,0.14213952822597872,0.14914286621906542,0.15087813752538834,0.1597785617747715,0.1538724710669576,0.1478193673389839,0.1404246259100957,0.1477249105467946,0.13823959417451484,0.14588165700816638,0.1561471883635056,0.14924687860456762,0.14530365498268233,0.14472030689408574,0.17034161268602152,0.17793854285721195,0.17141085438315568,0.16912766642114735,0.16211906936783915,0.1671297598787011,0.15847419578704006,0.15602288485727017,0.1487524830535408,0.16374604427552356,0.17289996976609512,0.18060855261088885,0.17943722408615334,0.17985374073250474,0.18182444746692475,0.1697826313187558,0.18555201695385043,0.1766870630260681,0.16334387010622037,0.17811411357518575,0.16243018351798025,0.1550325876261877,0.15057723016370908,0.15678877356906498,0.1575530230719858,0.15752735844178747,0.1509978855631791,0.135404646066116,0.12903551716892234,0.13027896187010102,0.1275981188361643,0.12964344832404742,0.13048835041305082,0.12474671746449455,0.13884662884478716,0.14408877413280044,0.14896110015295055,0.15100560249115413,0.1576168631012884,0.14492868680663507,0.13493679562592462,0.13756957578631465,0.13300998606522066,0.12781016299184844,0.12320736745154262,0.12889483679585165,0.14262055810098098,0.1470629745283431,0.15724589338264208,0.15277154495228829,0.150969493083129,0.1500429614179442,0.15535307147905575,0.137952421460861,0.12474798734567477,0.12470128985825517,0.11345541675334346,0.11219959793438138,0.11467890925627898,0.11504686263052202
70,-4.424308228191599E-4,0.02200705653150866,0.08257787276626928,0.13884061087335212,0.1774999043760756,0.16263058481317233,0.12780449017345163,0.12866282142229024,0.12029917141182475,0.1275932909440064,0.11918808872766612,0.10457298086732662,0.10367034484261663,0.09998303863392799,0.10508301424642799,0.08842233763174864,0.07730381211293241,0.058463916086996234,0.05170220181109184,0.056851923357574864,0.05056195289214899,0.06598736524955434,0.06136048948276172,0.06202006123715603,0.07144595679842322,0.07374659932210749,0.07805156797097128,0.07628963867613761,0.056552278928129765,0.033858975035058386,0.027300321639668005,0.03661573130516467,0.030616674457127426,0.018188578111329144,0.01575916909556053,0.01905822071350847,0.03819746244477106,0.022757166801694748,0.03540265950477024,0.04579780302345049,0.0399187680007495,0.03259556447613852,0.03385694004683148,0.02946844341702707,0.03851815640620478,0.04401460838488297,0.03084650471559457,0.02622625403226593,0.033397007154786953,0.015631921218225386,0.00639363617769469,0.013407066879520207,0.010675446458495622,0.004373893539084974,0.0036553153465132093,-3.954219906420239E-5,0.0034478653575667224,0.003612382546238664,0.005663498084980068,0.0030188487847437823,0.006790730564006251,0.010539430469083814,-0.001113797928552469,0.017572144725489423,0.019097047478366075,0.01937203547147998,0.01732310064762692,0.014012038220530917,0.018359484750591907,0.02487029178085279,0.034888309284943804,0.02710303252511992,0.015459426834745871,0.022597955900150138,0.02761092950561062,0.020797023900593476,0.012556649587423783,0.029364087157851156,0.04105067681318572,0.027982592090655265,0.03698898610506245,0.04249243038337983,0.050551992783715055,0.05792338719880454,0.04697008121393912,0.03208049247212832,0.027127945395048526,0.02875240965080977,0.028175517457576457,0.023649342980923912,0.03662142504307694,0.029696045802734786,0.016207214653308998,0.021226887683287544,0.012087197179526634,0.012684283252189161,0.012494638721791507,0.007272621213431422,0.021169282027558207,0.022215986880788022,0.02606009447241129,0.028285659606148202,0.03504510947518589,0.03846232013156788,0.03520561815049253,0.04069874422241855,0.034689273313033245,0.030631610315475132,0.012473405932098267,8.48232126751065E-4,0.0024153531886633916,0.0027023018492127655,0.0055613231227353635,0.013828973115851408,0.021309486894534574,0.03307184741298481,0.03463302159665753,0.03573122556011817,0.025434285006942635,0.01860715612331534,0.0035061550563288465,0.008089702210367892,0.027695141670461547,0.02335406505061809,0.018165193424440517,0.016910196631419672,0.0321882415742566,0.03684286403268677,0.026957336210474168,0.030451584688144146,0.040408426750676026,0.039613698332357006,0.05196102490796553,0.04860110392663392,0.041440335207438735,0.03334886444753772,0.027791828366040404,0.02037702754359489,0.021085639641122995,0.01981668413341007,0.01794918184149988,0.024611069316757148,0.02371249705378306,0.025298046135800906,0.012677209123861135,0.012050790309528976,0.003975161678722579,0.0012303368360918761,-0.0025153588679268186,-0.009426445019748543,0.005551987558392018,0.011040923315446982,0.02326298020113122,0.029453410797053818,0.03706265263106464,0.031311240219107944,0.03341161272829291,0.027773327220505486,0.025555349319681217,0.025491840885560647,0.019457341616781657,0.016374488662183388,0.027250691400898763,0.0205907073298508,0.015152317099480507,0.022369087002480494,0.015536924164694712,0.011639577685744697,0.01828188714094323,0.01568845797090612,0.014161496881176214,0.007112263373452994,-0.0027362028645642783,-0.0017210996871612767,0.009811078712443765,0.010527233340517346,0.009487286146733656,0.00847791117425187,0.007012784952874723,0.011892770214599311,0.02143756426537283,0.026965617751337732,0.032012116448458625,0.030880321327684018,0.03276087257754346,0.016949124569508825,0.01493160442358596,0.01893135155267162,0.009997220527580408,0.007314126207186156,0.011904445641623922,0.01766400596808932,0.02121042651718712,0.007895012977760409,0.001891807616761678,0.01346815800690022,0.009090874915543768,0.010910624445444203,0.02478964837794909,0.011994388389859912
71,0.007697729563224438,0.05687895216136833,0.10058345097735001,0.1769983187242506,0.2643440078642279,0.31901298868042227,0.38173191215202584,0.39936114461094313,0.4031540258128625,0.41947266825722423,0.4263463145438788,0.4332050214391741,0.43388469675750846,0.4405014257128566,0.4394178500198996,0.43604183030184407,0.44008486639965555,0.45294586750589416,0.4596652985440475,0.4561559057144063,0.4678529461865628,0.4615992061864077,0.4712454988824063,0.4792757260572398,0.4713391934807988,0.47282791478031766,0.46751205527093764,0.46716097796842787,0.46723879695110027,0.47059937167853666,0.4755218073113061,0.47334813780036195,0.47243512687250716,0.47705982917331197,0.47140810800313687,0.4708109969325964,0.4779994081845517,0.4904973925023872,0.48192757931840646,0.49298789862421194,0.47788900310837285,0.4783770334463926,0.47937238915652103,0.4831156992313529,0.4842752067053202,0.49109362497224296,0.4815347365520852,0.47343770268613566,0.45944279819060924,0.45715404635555684,0.46319968958883734,0.4695106452826643,0.47033526015440763,0.4731408355423764,0.46478041682780796,0.46111471716373975,0.471947408762314,0.4788933483711524,0.48142381572133636,0.47573111965066756,0.4677250390595307,0.4492910095022531,0.44405902566412414,0.43990749730952233,0.44936428683482954,0.43571425850854256,0.44929481066659926,0.4720596290191007,0.479051730109391,0.4800510395954112,0.48093588582381325,0.47652161429286316,0.47697979449596445,0.4778685679933556,0.4785502809400154,0.4722693345987193,0.4810860725032083,0.48225416371270263,0.4788311534642598,0.4862627887794393,0.48371603065941104,0.49236813774612054,0.48093988436572155,0.4737801003550107,0.47050263118617464,0.4840992175997937,0.47761736230886903,0.4708775351074077,0.47275534442717637,0.4583597498836969,0.468838739407213,0.47930927326381256,0.4817078136048043,0.471951437245392,0.4675807966901611,0.46950023660244056,0.4814613011271441,0.47650110414928,0.45690849745605755,0.4545737992862167,0.4436013941296153,0.44067246274858024,0.4388141381336172,0.4335413717534679,0.4362555875810146,0.4354085285036496,0.4404427905553473,0.44147189949979526,0.4403338731333096,0.4377607365435817,0.4347807043856429,0.42631485923202384,0.432431851287242,0.4288859672901271,0.431625310284995,0.4236119237663651,0.43328995576660106,0.43626796045015115,0.4404198797895445,0.4408863823804768,0.4449987139349303,0.44420408222003743,0.44482796662625396,0.4469017758909253,0.4493661120844595,0.44236187482699973,0.44566098960565165,0.4610066497704557,0.4463611322197377,0.4496175227446614,0.4472404419642325,0.4498152075137479,0.4489232969743871,0.4518793013138177,0.449975375519989,0.4503193053302475,0.4528037760188356,0.4488726133958363,0.4546448000954408,0.4386216630357622,0.4340356768981187,0.4387606407713691,0.4349935019697376,0.44521530207516746,0.4501509863052094,0.44670527418739314,0.444692716480137,0.44198602938656495,0.44376654827071293,0.4448174063702816,0.4451560546324226,0.44536967771282193,0.4464448030706672,0.442785168962245,0.4312699033536336,0.42831988414053185,0.4303086085695831,0.4288367634800181,0.4350629983603319,0.4396286058724131,0.4398367762680105,0.43991106049207673,0.4332976754632834,0.4384448758437264,0.43383521516245493,0.4335684888369897,0.4448604760788926,0.45438116652352945,0.4423067330996933,0.4460103898979404,0.4534663996855444,0.4574069937257685,0.44922436004635846,0.46020246564099054,0.45839110386508664,0.4624312743441884,0.4604732146719603,0.46132601783987864,0.47381038748050947,0.4571418590366891,0.47534504763119917,0.47696412407806926,0.4770563360952551,0.4683658551454824,0.457340931476794,0.45502758131358384,0.4673763015626446,0.47050401011326615,0.4723260882459083,0.48340030950984625,0.4895514465615406,0.4968116350977782,0.48664042570843946,0.48477751077584985,0.48035014911888146,0.47948170754328084,0.4733181716320001,0.48306759643903807,0.4781292916005478,0.4715296272449582
72,0.006556454021613795,0.015583162615536448,0.02787352330025028,0.0372220785902239,0.06086688096187142,0.07224720518038234,0.08879709791996293,0.09706370672675718,0.10047813822219341,0.09473117649580055,0.1097421909176763,0.10251495667101596,0.11540110390203856,0.12575492289404896,0.13816721515624772,0.12599480108136074,0.13983736544587222,0.13852092290918266,0.13086303419630518,0.11686500491417462,0.12454062201762266,0.1251013468480262,0.12205871118572807,0.11781204446851183,0.10335078862163254,0.09805017196034745,0.08963215507109754,0.08954986953704708,0.09843244398117132,0.11873207799253509,0.11243492596965085,0.11601580840408378,0.12424573490210256,0.13845648596780585,0.12192285699458988,0.11912335908087149,0.13041162967298983,0.13404672660981876,0.13852216133775044,0.1366234075351417,0.1309375617828093,0.13325733372164406,0.13999518491704852,0.12508582562262244,0.12426540982943637,0.12326306070324504,0.11104624434431125,0.11224879597496411,0.11165633520857893,0.12838521257106217,0.12710908760457545,0.12511890766174413,0.11637079413393327,0.11451320373845263,0.12033990017063688,0.11279241027073147,0.12628444217190501,0.13201586833087708,0.1215259593572155,0.12200449302276241,0.12279816492105036,0.130081937633247,0.1250491043117597,0.11173226220409513,0.10028798020749326,0.09219650187184479,0.09763965153616772,0.09386874679166121,0.09045936480375945,0.09223845581357873,0.1013912274468009,0.11213855715449732,0.10236596058403641,0.0857298178710694,0.08884110862946831,0.08419253173370138,0.08997892563403456,0.06634585484445778,0.06795105802705906,0.05675131852168461,0.044503420300946096,0.048048116379691176,0.04783561582971827,0.049607314761354396,0.06009034184618477,0.060722433464112706,0.06680508523055356,0.06613544869143277,0.06408465115126799,0.06439183439730521,0.06526911740837014,0.07951592384426233,0.07875997643649804,0.07045506194114708,0.05908953245602988,0.06994135001999305,0.06497619872105816,0.06279864167884092,0.07195788472386334,0.06151347057075738,0.06410153716319318,0.05105454349534091,0.05116101313953944,0.062313167658242505,0.05770641286727876,0.06823183434054689,0.06714771342687179,0.06641138550295685,0.08094524162978849,0.08296737275519128,0.0786052396655013,0.08190180485759452,0.0784782346848373,0.070455756584499,0.06957950301234232,0.07354653714672323,0.07770217575316624,0.07489898577597214,0.07350233102877751,0.07542582122333587,0.07893566616340482,0.07436177606040854,0.0671240868255523,0.06675429948593728,0.0691694454302377,0.06826638961590065,0.06534258916653282,0.06600866799512606,0.05998832649188378,0.0600079741858361,0.06061001042234425,0.05943014818137317,0.06335604958792064,0.06289190037179651,0.059328195739348485,0.06036649573776431,0.06776761014340904,0.06764788691040828,0.05755537372855306,0.056453751214952545,0.05232722292991848,0.0571388891012648,0.04888320640185673,0.05286211517997221,0.06556543633489592,0.07350101084802932,0.05929961582087677,0.06190280565763049,0.07226939139895698,0.08418319386667127,0.08052293271716819,0.06974450679784534,0.0644852264093762,0.06838871380332018,0.06373840052442603,0.05732393422730889,0.04981423329309933,0.04465041857135674,0.04064941364114311,0.04474776519495807,0.040242345250772214,0.03811052177319224,0.04426244666877448,0.04078578025536235,0.0337976052658764,0.03994602267541956,0.0376870601860294,0.04044669699104451,0.04349845906250407,0.04690392148339098,0.051904419244972716,0.04486828118346473,0.04033553447958742,0.03953923548234709,0.04351167810570764,0.04360065978292911,0.03428335288848042,0.03801653842367464,0.03004263173450631,0.035026499959222225,0.03451575992253295,0.029660150556130735,0.024447064746197164,0.030810482581217942,0.033462219841979,0.028741025728740953,0.03758358700700926,0.03887421905584512,0.03178711664475718,0.0241129414942064,0.01606238474591574,0.02057526105740626,0.010515089531977875,0.018528961821427246,0.02692277781513923,0.01891054562925028,0.01893621706228138,0.02141831286107119,0.03891316623802097,0.03364797423842779
73,-0.0037212456205942502,0.03595594695776122,0.11742428763174273,0.1902472047168652,0.2793928261562952,0.3303283230434769,0.33638407754235944,0.34402845587336267,0.3591861758740656,0.38165199599601496,0.3692376101185001,0.3791178266487825,0.3936040335097235,0.40328017345622535,0.3997965753126288,0.4069395424605208,0.39924195420550995,0.38294187291332493,0.3898874617135381,0.39832011875296935,0.40284842758411343,0.4044468572510521,0.4039184115623363,0.39946659534580287,0.39336864676454736,0.409496507513672,0.4074002690292786,0.4050012797537596,0.40920835909774744,0.4085889801760166,0.40563784087370314,0.4099216602002752,0.4120519881285442,0.42339947845661696,0.40967726448708114,0.401072991069618,0.401135029574493,0.39812791219294086,0.4025189739969981,0.3964275659997199,0.41035853592148236,0.4157290480992769,0.41483041641403934,0.41800970927329123,0.4141451881082627,0.4149974821592764,0.4018918064831433,0.4024322728512368,0.4052955996559039,0.40579292095698477,0.4045872556985107,0.4231528608865434,0.4281001927670334,0.4296200448095099,0.43182594689006815,0.42771754838112286,0.42824853818451303,0.4357164860948242,0.44440096162228926,0.44669966167470176,0.4448139117106087,0.4440659756487992,0.43962796339381255,0.44483209840430293,0.4499130782904757,0.45783433889951053,0.44665714384268485,0.44393810091843555,0.4324058600626819,0.43354618318056687,0.44280969900395273,0.4366856800546348,0.4399628558416195,0.43348152562752285,0.4271199806073431,0.43193407957290203,0.4352478818008222,0.4426773510160422,0.4427205737092722,0.4229166491514152,0.43786302008510125,0.42753139375473964,0.4223120592024566,0.4269365244173162,0.4407339851759629,0.43824810727671815,0.44745578601546654,0.44467583564469476,0.4550379651707711,0.46070884924701205,0.44705586621569865,0.4488910077536371,0.4589793475763338,0.45608163458544704,0.45421149792439075,0.457530115728228,0.46197255863226916,0.45892352883375487,0.45776531597487347,0.4627174760550825,0.45094292977868583,0.43319502598991383,0.4330392560173001,0.43574463136223734,0.44218653954082027,0.44205249682987147,0.44220791926314235,0.4402976963992533,0.44839612182631533,0.4452594633305084,0.44744856195038163,0.44539199609978875,0.44482951105688984,0.445479436071579,0.43886609606622445,0.43804433103194795,0.43245514443823607,0.43726060034697367,0.4377110422337925,0.4357677624896636,0.4381898627789733,0.4333963023499119,0.4298902119507113,0.4342693558325004,0.42722777601930334,0.42905581559384975,0.4243660799290283,0.426117148253931,0.42918753187616443,0.42868369089975544,0.4285863701879932,0.42968533982007934,0.4358634021150898,0.43684697910579784,0.42929545538133274,0.43096068788961084,0.4356152749639438,0.4287368080658169,0.4327012321829502,0.4386220138883885,0.4391403378461525,0.43694474067584804,0.4367758797502279,0.44760383152998107,0.4478923388743409,0.43812846870341154,0.4406277226194705,0.43557930097220826,0.4396817553787855,0.447245691721654,0.433180122810859,0.4263545488120687,0.42223151886989635,0.42446634047194565,0.42588229318217996,0.4381475743706208,0.43212091339211917,0.4318844565129424,0.43952270979796715,0.4410866485597711,0.4480523625188672,0.4538457335290943,0.4484481514288833,0.45028041104510796,0.4379549736517366,0.43365648690760866,0.4336096487609482,0.43218528838744563,0.436506900397688,0.43267431500046455,0.44036418339593814,0.4460668911174141,0.4452423469627281,0.43964384571695747,0.44245255011559387,0.4337770381074727,0.4224069590442649,0.4242408871828915,0.4187387380360097,0.42574590567208936,0.42272370566078377,0.42262517543572686,0.42418511425876565,0.42896860751559446,0.4348503945582333,0.4280030417440674,0.43491784846722525,0.4325978573480589,0.4380104118486702,0.4387703393833753,0.4289311756760281,0.43322400743133954,0.44605733216893617,0.44008490738072725,0.43466887012857625,0.4313881508671357,0.4376755177909692,0.43414447651335053,0.4405264854490277,0.447831335539637
74,-0.002543787486086665,0.0048660219983527745,0.01857374660204472,0.03309547129409679,0.09661888403354997,0.19166269972894667,0.26754302867716306,0.28057392161222233,0.28949274338838704,0.3046495397864291,0.28758210689965946,0.2911750721638084,0.2970046147228929,0.3134123504989349,0.30953515209104876,0.31013768489723154,0.3110344934182484,0.31477714167622695,0.33183954188374903,0.33699267435335967,0.34012657290101017,0.3286348867363023,0.3385703879443087,0.33915293893447573,0.353063853992549,0.3456405575360678,0.3527570981736348,0.36367398131691153,0.35917540293462075,0.3522416034014329,0.3484555641962531,0.3425592018460841,0.33955582558489644,0.3434051189606285,0.3485328405435936,0.3590827700080313,0.3560292885095089,0.3446515456265617,0.3396704078597188,0.33368479752524755,0.3416032906912363,0.35334602520220687,0.3531271409934122,0.356810715716744,0.34726621839309063,0.35076038032688955,0.3473281988927565,0.32924357064821413,0.33663902540428375,0.3391695387304713,0.3390384182621078,0.33860372106749426,0.35155265966278665,0.36408725729207475,0.3619695115963457,0.3770567102100659,0.37840298103247044,0.36638847991313056,0.3553619406321723,0.37620428654382065,0.3637238339926708,0.36125223963597697,0.36955568884749374,0.3699376811854805,0.3497597607061287,0.3620885810459536,0.3581167643452041,0.368057099608059,0.37124246249220105,0.3646562181828277,0.3563050761608674,0.34499235472875983,0.3462166308548406,0.35205928281761684,0.34867902534996914,0.344163550113401,0.35633588702812136,0.3489079904631691,0.33200170534022805,0.3282435890194681,0.3307036136543776,0.33431817737201913,0.32811923560746836,0.3151065514383099,0.3193223517979668,0.330241845485546,0.3256522924262552,0.34699446116777793,0.34544284897651556,0.3460874669053306,0.3497332058358393,0.35739986093925374,0.3641868144705688,0.34470122311569534,0.33966659992581905,0.33750547026456507,0.33920214203376825,0.3336696782564538,0.3335770680585115,0.32373904597611725,0.32733819233968137,0.32148722451185985,0.33428446310094206,0.3268816011905989,0.33461675735441987,0.34579809275430906,0.3301993062938527,0.32880673922530207,0.3262820343336122,0.3319347616809558,0.3184888454057145,0.3234119739714149,0.33862046946672913,0.3556665099049578,0.3605220114080812,0.37032615397385593,0.36459053007573855,0.35961294403159555,0.3493178115527541,0.34131836266379245,0.33755668493228,0.34048991367097625,0.33869874505748243,0.3367499557816435,0.3260679320616102,0.32003023065695385,0.3169676947612698,0.3104309127056128,0.30499936295413116,0.3096999461140197,0.3155370423898168,0.3158464020425426,0.3254624441138858,0.3177404120617988,0.31265435814712783,0.32233663806025414,0.3221749335183348,0.3177199284952658,0.32313945782824677,0.32293496213633355,0.316608750687768,0.3191786161118595,0.3141854670347833,0.3195568250606765,0.3281260484744811,0.3277663210149332,0.32292622210389754,0.2998933380232819,0.29829756056447443,0.29750358785967523,0.2958261616559445,0.29804821275151044,0.3067753419764738,0.29861148513928204,0.30221445419915305,0.2987462717407457,0.2893815407252995,0.2783067745459105,0.2850716576775432,0.2918847882309356,0.2836091659537391,0.2770827347252699,0.2703331154858909,0.2782647462239216,0.28388590991238355,0.27945285141216275,0.2857969751384674,0.2936227344709753,0.29290491894395776,0.2946122360080734,0.29416115521081737,0.29010807184346726,0.29561462182358744,0.2851669261192082,0.28966947989320596,0.2888412669603092,0.2862242534594323,0.29187215222972823,0.28442077384669123,0.28903464467393347,0.2864741000896122,0.2811947269810826,0.28539839048250243,0.29339301964695436,0.29033496300607575,0.2843146282733571,0.28585172926658464,0.29222368883704997,0.2944708405804309,0.2944080927911706,0.29703104847006073,0.2891043694677294,0.2863315755669413,0.2834976717317113,0.2739765168279948,0.2671932196797909,0.2622069013857353,0.26946305134472137,0.2765903195887695,0.26908068786245626
75,-0.0025213078208666563,0.032252997832530925,0.04063201268748225,0.10116739937469305,0.13690153825208745,0.17836764434184618,0.20829579514651292,0.24745943843998716,0.23691706695876064,0.2393686771785344,0.23978890600736752,0.2535278406631068,0.24590607752560578,0.2418153874775361,0.23019659923864208,0.23170465223601383,0.22930585845425708,0.23269306206335116,0.2361211694581689,0.2498547380396261,0.2430689747169588,0.240545576418956,0.23017835490535343,0.23013166429886975,0.2255544934857518,0.20667850634793158,0.21570345458567364,0.21775139579106162,0.21301059929146463,0.22421841498552908,0.21611512676713487,0.21779047775713967,0.23289082650120066,0.24504623766997763,0.24357999316850687,0.2517444237256761,0.2671714696355255,0.26005535699305576,0.26616283672329005,0.2602573338707259,0.27316807538740095,0.2766723840728911,0.27404017152155463,0.2754435277578802,0.2834658072783756,0.27805694981049844,0.28060544891185013,0.2847205196326133,0.2732262390638813,0.28162601205958837,0.2810035064465217,0.29190127749075767,0.27028205388150184,0.2714600772044692,0.2807529261844636,0.2844260904906186,0.2767491414834648,0.28516255450623346,0.2780032248996649,0.28007874226496254,0.2849092502065307,0.2898720518459394,0.2768451862546804,0.27976071906590383,0.28249766563441,0.2970657308298822,0.3033439938266306,0.2954303874722637,0.30340200402295553,0.30087136804565195,0.3029397938937746,0.3033533852460771,0.3038282382030432,0.314266764782622,0.3122518848156462,0.3075588785654732,0.30389775286540566,0.30616545601199385,0.30105023776933193,0.3132958782470789,0.31914223630300803,0.3114346921444976,0.3091599300496458,0.3053640846635005,0.30643598141021455,0.3071500874005103,0.2927968127586185,0.289716692636077,0.29141813798880406,0.28920761212620216,0.2910448851742068,0.2943096909374495,0.29985808363506794,0.2922942816977821,0.30032073148437943,0.2988521069264181,0.3003077604417996,0.30505249118933797,0.3036307507144464,0.29655811652943237,0.29676577196741205,0.28869886586543386,0.29482648746543466,0.30077775061668316,0.2993108811864561,0.30369555881667876,0.3105111476260699,0.3017285041797553,0.30840860121357877,0.30599491694893904,0.30211897733482823,0.30204850773860237,0.29987670129963445,0.3030491519541592,0.3109125826736199,0.3023691378939696,0.2959729404704088,0.30948379250641145,0.3128563443882157,0.3057309828992611,0.31658019691496575,0.3175951895519477,0.31055577263077494,0.3100968886382978,0.31326608362653924,0.3199804741365917,0.32258871640978903,0.3247965849376643,0.3164642786832928,0.31757665317072464,0.3177998825371671,0.3174703577000409,0.3306110310826568,0.3178327955086557,0.3111567040721428,0.3098933929075031,0.29991703716857815,0.29727843803974074,0.3024421015271612,0.30559228219645623,0.3066385309617946,0.29713052975712867,0.3015581726512214,0.3011544230375898,0.2864240675182451,0.2796632647581992,0.28004088269142635,0.2816466184633744,0.27227963326270677,0.2707795977706848,0.2728374876022696,0.2742821217773492,0.283000441323653,0.2772613358128318,0.2776242663943389,0.28242946300593447,0.28014418133717284,0.280546485056587,0.2741968442022157,0.27671185043928004,0.27454360117608023,0.29204074667378593,0.30134132218314347,0.3037936859951186,0.3198978337286809,0.31819728582250784,0.31230376707182417,0.3033818784391201,0.3151162636580498,0.30088803825617977,0.3115809741482618,0.29858319547052903,0.2980557636572584,0.29564236340470595,0.2941858423669021,0.29362510655141355,0.3100391686395316,0.30018872815210274,0.2892601363096139,0.2781548443049603,0.2950725883175683,0.2905233748455314,0.2918729738668197,0.291240547894856,0.287273490033884,0.2866992590199725,0.26937723564803373,0.2695002460389057,0.26974344954315027,0.2787463901368133,0.2746626226937227,0.27965773567856156,0.2851303971406379,0.2841243610062293,0.29204408990485586,0.2805549838398743,0.2704177604201148,0.2661658234690596,0.28145423658894286,0.2899867423390874
76,0.004873510706141011,0.040048000693577473,0.07375735196632077,0.11833670391258697,0.13427701509287776,0.12413116490661985,0.11057986045333515,0.07735619581051298,0.02523180977660931,-0.008912670766358976,0.012319298772053133,-0.003651772375453455,-0.0178372476282999,-0.004117125023405737,-0.017650205501644683,-0.02152356597389241,-0.023139843562929644,-0.020620598636838915,-0.01566383275738036,-0.0011575822587779267,0.007153599255425057,0.008710384520059474,-0.01039451657051492,-0.018454627967362455,-0.022119306642177258,-0.03236468950951952,-0.03746692745149962,-0.02504586356766839,-0.022861490994700678,-0.034346257192495004,-0.042630130011379615,-0.0381374485005316,-0.041938104874787906,-0.028654962191155212,-0.03343580376349051,-0.029970376613111464,-0.034808958196898644,-0.015686464452335475,-0.010008658602274964,-0.0029028344207864855,4.550876222081224E-4,0.00640353864928642,0.007181456110040944,0.002064978783899449,0.005506925772425627,-0.0022477607600545203,-0.004396783572183003,-0.004206216092677538,-0.002421690844588746,-5.365040292672596E-4,0.005909702833104313,0.0027916449693467416,0.012524116866451445,-3.5977943358946885E-5,-0.018327981026372897,-0.02427511802128118,-0.030509302256813572,-0.029081672271187315,-0.028654542251204562,-0.03132879136080498,-0.04291202292703757,-0.05328488702613889,-0.057260770318878614,-0.05910100663932609,-0.056522977232900375,-0.04157483382269857,-0.04065249677877583,-0.033540101848973214,-0.0463598336121318,-0.056051980642571476,-0.061645669346115095,-0.059950233420763846,-0.04915757571461023,-0.04767102881213147,-0.04342969351694693,-0.02376184906260648,0.0049513620240634,-0.002743029426923541,-0.016043152943833502,-0.035044155100067975,-0.051340112997762866,-0.06260685134235694,-0.052307329664739693,-0.048067291298750404,-0.05162362764749639,-0.06131126008593721,-0.04658758892749636,-0.039192499713278955,-0.036609578103801034,-0.032957544714308465,-0.03208638072773997,-0.02787578647367802,-0.016128774257898618,-0.015173916546758544,-0.00802975833714526,-2.8783646514595195E-5,-0.0015378769715858652,-0.024508417855659916,-0.028464353251374974,-0.02247403997153865,-0.025479460355002967,-0.025800365428120083,-0.01800463423354272,-0.0312813308505319,-0.03107711198673053,-0.03320146637413408,-0.03862565061396814,-0.04216113182214209,-0.03574080957522934,-0.040629410077601257,-0.03983013973564949,-0.033373194659293226,-0.04326601159953307,-0.05972130275253692,-0.060691588309308875,-0.055573257156746145,-0.05568264032792073,-0.05491361981180346,-0.05508566406860975,-0.05737899488247487,-0.0697742888162784,-0.07175751215519376,-0.06606942892418348,-0.06542477449877915,-0.07050437214686936,-0.06957705595436377,-0.07495708483209693,-0.07894885485017757,-0.06994282354533059,-0.06536441476971179,-0.061494366002421794,-0.05314667157193293,-0.05697812084375314,-0.05851056764701081,-0.05997582906084778,-0.058109507576868745,-0.060660743943574236,-0.06735872230974359,-0.0632494281137236,-0.07154632978666758,-0.09168379683702016,-0.09377844029150836,-0.0971407858632699,-0.10317444035318438,-0.10525236637567832,-0.08836647435396947,-0.0820942814678765,-0.0777160871707833,-0.08004326705936748,-0.07635148847670177,-0.07249042522289054,-0.07048524410248361,-0.06407968503759488,-0.07164812020366176,-0.07885135436974779,-0.08705999807846221,-0.08753063199491627,-0.07781978034535468,-0.08187763040463059,-0.0752106656415021,-0.06789202093359992,-0.09056989785606927,-0.08271598684581472,-0.08404333996798202,-0.08818750055697738,-0.07942917184986209,-0.07323973345397988,-0.07709703929060822,-0.04962736868264886,-0.03980209250618461,-0.04414657992943515,-0.04468272380711378,-0.050060086139246396,-0.04771691880131142,-0.05352988559286711,-0.043811974573541565,-0.03804713847225803,-0.03354475000316192,-0.03291597289754002,-0.026873175745733197,-0.024702382147996627,-0.02524181277574313,-0.04019697677541087,-0.04545479597506704,-0.05523012851873734,-0.0517089896045127,-0.040233078397628935,-0.04802046482125616,-0.03966077242221859,-0.017142045077884364,-0.03022084401775488,-0.034585003960552405,-0.03211572477428887,-0.029997651833748876,-0.024807550992581345,-0.02560572886779788,-0.032738750797540975,-0.028103786223990387,-0.025769061658090592,-0.02615686244236124
77,0.0018069174615156682,0.040964048375129306,0.06660024839353987,0.09741516231709682,0.14233901002059585,0.13603491635405104,0.15529169645917684,0.1308047356903671,0.13540289058582847,0.14346517351141588,0.11709726604065004,0.1189580522097601,0.1182326544448804,0.11854906310252321,0.10915701844443053,0.10532514903059986,0.12364860373828268,0.11774464354528591,0.1270950753457274,0.12964855331723846,0.12944959759196478,0.12380704088058764,0.11129483304040949,0.12413276960735148,0.126994491932776,0.1376006385766746,0.1204109504543506,0.10525703401484153,0.1047389426081152,0.1049644096383208,0.10831264918352035,0.1040714505542679,0.10816654997306503,0.10006748735137151,0.10203832915429491,0.10222960381044106,0.09686579806967202,0.10434589687589063,0.11216932784448329,0.11132043289422879,0.11628882403766687,0.14320306938268587,0.14968855818418217,0.1495147513904944,0.15062963866475287,0.13489599278375514,0.13835337952108287,0.15105366615018423,0.15802692182415187,0.1526341351023605,0.15835335538070522,0.16160050913394436,0.17468602014348988,0.1636417314894756,0.1503254138058506,0.15236331814466544,0.14720022091078777,0.15612016824410246,0.14768745938854907,0.15080832486983048,0.13958712675623708,0.13991534048450796,0.12764400951060562,0.13895561244933008,0.14193428974941316,0.14017746389667088,0.13612270780965058,0.1309513923182838,0.13303566104353148,0.13806974820073123,0.14143837733257408,0.1365023754974338,0.1359573005807716,0.14441245033456102,0.1466663717724552,0.1379338755808669,0.13851855860534537,0.14518461273653402,0.15557118606775183,0.15260265883271418,0.16216919749467007,0.1503258723901633,0.14982173693688636,0.16263191005895375,0.15087902750367463,0.15661745163567764,0.15963418979280644,0.15135976429290257,0.16092692492800917,0.15164055189122846,0.14788981741052795,0.1379343885074306,0.1405972569239869,0.13285929690538634,0.12620066388505127,0.11682441070271338,0.11405596878142886,0.11032376168063601,0.11166175971334283,0.10903892952598487,0.11168840441865364,0.11816402505193203,0.11581721706439083,0.11442352487212679,0.11085450402659863,0.10832489649149858,0.0847783381928842,0.08199205391003775,0.0752817515563286,0.0756204313495665,0.08029878340238772,0.07271789293786057,0.05322375372078331,0.05332290022998558,0.06789688645433896,0.07460695419319058,0.0743349772354114,0.09297060923215789,0.0958039523035395,0.10120757092491772,0.10024858589301922,0.09444281087120081,0.0872330022612728,0.07531181486865693,0.07935384377656728,0.0802798784973068,0.062420275185044505,0.07122449529368072,0.08752079629664576,0.08615277743831505,0.08545555135709218,0.09447686015949562,0.09147681169934536,0.08953403861783082,0.0842702348301016,0.08433775463105336,0.07546197126044793,0.06806633447605283,0.07126219904693686,0.07045441753597473,0.0608119526783398,0.06194200404224004,0.04972307173402432,0.04374277053869738,0.04241560186498658,0.04773045940694416,0.047120398860821755,0.04467943857073371,0.06229058655389073,0.08260800635339359,0.08963059578098558,0.09906932791993697,0.0847273479342224,0.09580873065942891,0.09343598371145706,0.09370133087228723,0.0866705460447459,0.08579365843127945,0.0858916276530134,0.08600721238481322,0.09215848116195359,0.08580772778662839,0.08739795544449336,0.1012711188155596,0.10159080501913943,0.0944663163937784,0.09417658188925229,0.09477415498011471,0.0870782900243762,0.08215117298844157,0.08610765829984833,0.09665157371826678,0.07957236510869818,0.07891320860955825,0.068165947970791,0.05565764456552959,0.056478209670902134,0.0666634822564306,0.06999516056055242,0.08044881179369055,0.08828513904635782,0.09750497865650506,0.08831893880414282,0.08952992098010631,0.09488213082160996,0.09299215127675607,0.09746701112523513,0.07894359329441804,0.0718658802545134,0.05941676465746209,0.07734383966434709,0.07919365702686632,0.085484821469321,0.07742930646395511,0.0734618851054965,0.08087865466442964,0.07208159707905744,0.08269935025171474,0.09371990658161242,0.09463777299206802
78,-0.0021807496679160936,0.04357541625368583,0.057145761501816855,0.09082660575200105,0.09571398171535032,0.14270665866520624,0.16493006256883175,0.16927573545214897,0.19853457718837705,0.223860123975913,0.2298526107710521,0.24936800368462353,0.2555498561096534,0.2577304828007078,0.2542541824936416,0.25872386641519596,0.25316965832402577,0.2506930260848399,0.2461129113038627,0.25620092972265235,0.24772459358793533,0.23334629477139132,0.2169659804314227,0.22235244920247965,0.22221286605192592,0.23214060168917952,0.22812788160214098,0.23086033172243126,0.21894058907203162,0.2236125256654792,0.22066448217867432,0.22809153609455263,0.2218630589976464,0.22674489794008096,0.23540728420246204,0.2236276569652357,0.237105000164926,0.22664709612080894,0.23513149032117525,0.23883173444291464,0.24053344789076736,0.24096158970189532,0.24051945995180468,0.24027183153866577,0.23668657254248143,0.23367587363287023,0.24059359118786042,0.22720862176543366,0.22689413098708344,0.22125040308483718,0.22126733943655463,0.20829332682232995,0.21646072733579966,0.21191499044744228,0.21546215500389077,0.21816728123863932,0.212928518475156,0.2199849054065645,0.21132960212145865,0.19876372631543046,0.1990639556058095,0.19871502399771898,0.19768223735576892,0.2013276897805229,0.2139571042777904,0.2082611837470799,0.2136543355280358,0.21057382999116311,0.2192543723690588,0.21415670949021742,0.22668421734945668,0.2292209194091289,0.21768330092465188,0.2219085591805707,0.21324455366939252,0.21163705857736065,0.21320220294840875,0.21887172813303465,0.223669448074277,0.22449286145910397,0.23594829518092333,0.2284320309862853,0.2227545823698,0.2376243891985028,0.229708461094126,0.23681875956829643,0.2362048384811569,0.22173127580228053,0.22287121811341454,0.2252102243285576,0.21846985613335745,0.22068075578432,0.21024386940776663,0.21596904743340337,0.22114564645605259,0.21999372918225912,0.18929537118538234,0.1799747854185121,0.1729286572843668,0.1564308570679624,0.1490613996763342,0.1603990195952088,0.18481228655847562,0.18039810317138866,0.18349492305054438,0.17307361278518216,0.17724311346860178,0.17424305024430845,0.18228449898747448,0.17627937658142376,0.17713481729773264,0.17225980267782962,0.16544658597233486,0.1759709944238294,0.17780540165527559,0.17858931062882763,0.19232520142161644,0.18818900293581092,0.18674151958736804,0.18170683707561366,0.17952864670117863,0.18238678450031565,0.16131265440501052,0.1580321658192122,0.14779762158351797,0.14419065722205252,0.14315356205544563,0.13921000445723059,0.1353708111889525,0.1495299957397165,0.13922713924291055,0.13817090678712793,0.13675481787365235,0.14233915120598234,0.14543056664114376,0.1502986279859669,0.15026263956499597,0.15473896941643017,0.16590846683169186,0.15834290823177313,0.1607044338241861,0.15832633575090851,0.1785955998632284,0.1675797835585622,0.17358937417721715,0.17533760879386623,0.17078872860566766,0.1715063831037956,0.17511733614850872,0.178653746259078,0.16168399875309591,0.15789244891989473,0.15823194477402086,0.16751189022313462,0.15863066960640773,0.16086548687202515,0.18419237021337373,0.1819977307756835,0.17567344600603363,0.18358028198114806,0.1989179769640177,0.1904426383549238,0.18905734645967673,0.18037102113465595,0.1760051083759166,0.1724571782026232,0.17547223357660155,0.17543149908904646,0.16991321620425276,0.16354305739776576,0.16891480472232678,0.17502780593808726,0.16603300561700254,0.17665714521037376,0.17638293337724867,0.17991205345493558,0.17390504916326996,0.18138904486430532,0.18973214295650037,0.1859038930101998,0.18625617742905795,0.18395506445661802,0.1749660916457378,0.17247310527070528,0.17836063778213468,0.17480973998610877,0.17261200393633158,0.17018389781596102,0.17436140069681255,0.1789791595537245,0.18462924663779584,0.17360546645421895,0.17347553448545194,0.16690993121619635,0.1863598588769663,0.1885702946621322,0.20301833796657312,0.20066435238183383,0.2000278907785024,0.20793859750213442
79,-0.007711485520561675,0.03999893690593271,0.09323262577835417,0.19848874312149395,0.27633236803781147,0.30521604109365247,0.3486197084408518,0.37818892202391163,0.38783438141352333,0.39130440223866636,0.40357447743100766,0.40848582518519505,0.4051280345416344,0.41109805157133955,0.42666371943436354,0.4283112040977408,0.4346824425727197,0.44503757979508257,0.4557584244344954,0.4634197491869596,0.4547789838404922,0.45556379618137494,0.4451308095645735,0.4477957990671658,0.4585469414142726,0.4513315006763405,0.4583137252684423,0.45834428989801906,0.4527389691308465,0.45346178331471393,0.4615000534508597,0.4604423840703516,0.45114242448107766,0.4585828773364275,0.4631875190152341,0.4694224384464471,0.4738018711703497,0.45931915693311637,0.4737728054046853,0.4684171714201153,0.4658548170671779,0.44670440103728004,0.4438353827934079,0.457228205430265,0.4673119828856486,0.4616516458607375,0.4698899749365751,0.46663083453752763,0.47179112644854543,0.4801234300100328,0.47424658818909743,0.47535619689937136,0.4764489182487073,0.4732692299321867,0.4671701445243853,0.46765491879933896,0.46981329981257425,0.4581313100706243,0.4446079926644544,0.44467655012156215,0.4423826966994762,0.44676311766305843,0.45354249140756314,0.46180892152521275,0.45790230697747214,0.462922898379511,0.4596293170990161,0.457724500151943,0.4573085925833494,0.4532673508429179,0.4559954745777705,0.47250866212825665,0.483321391700013,0.4827341723890815,0.47472561415187337,0.4732558252083022,0.4755757564497825,0.4758543974915401,0.46741576454951284,0.4820570509218959,0.48874768883797437,0.48450988232938513,0.4825735165942504,0.48486239578408175,0.4812456027414908,0.4842048726745001,0.47816939865377506,0.4779437958468405,0.4777479805357309,0.4782950624516053,0.47908341697822115,0.48225740338933787,0.4782943308057737,0.4766007744798564,0.46684400020410244,0.46121473518355155,0.4622525481450955,0.4611165094366712,0.4618836809949655,0.45492959446796,0.4563964339027474,0.4576309745699653,0.4610455704891195,0.4682744945943142,0.47622303238193603,0.4742402121739705,0.4770576092225707,0.4742394538419949,0.46985541796963,0.4696558179396934,0.4655058192234923,0.46471460642181905,0.46807901362588644,0.46987176268476544,0.47494096375348394,0.4747100573352562,0.4813633302224422,0.4792126432374188,0.47414155533906055,0.4667168680016336,0.468301433870429,0.4713704737351259,0.4626820898295522,0.45665884404129486,0.4625804190728764,0.4652267776271904,0.4668450270804495,0.4785340353971906,0.48412194448468354,0.4813984081687168,0.4822618221771432,0.47839544786471033,0.4783993962593632,0.47457630201406303,0.47516033941987,0.466870403127502,0.4706027819559109,0.4630914394125417,0.4576073158984684,0.4508848373683382,0.4433953147282708,0.456003925552384,0.4692391363805527,0.4653775983308883,0.4590445194739836,0.46137576154974397,0.46255230792402335,0.46136013874061804,0.4531653094218501,0.45229816040995113,0.4438202915766669,0.4372745850222415,0.4306406588083506,0.43250745295770426,0.42880280894931827,0.43204086967692923,0.43342072381358837,0.433976262484317,0.4320601534859577,0.44401995980480274,0.44601619005905424,0.4439754823886286,0.44739227142103066,0.4433885566550035,0.4538338797219674,0.4568417968288612,0.4600240454474699,0.45340388436324774,0.4571834829543673,0.4586964032673937,0.45951346273298144,0.4642673122316381,0.45642267347834403,0.44998077043798856,0.45673148149525317,0.45169294923510606,0.44047851200621063,0.4417579683654543,0.443092931439459,0.44807373328460565,0.45101648385008275,0.44346859886569995,0.4419693182666152,0.4419833237442267,0.43556406875907394,0.43393394721471173,0.44199691055809637,0.43820076234619215,0.43806645373692615,0.43347876753407805,0.4260727921292796,0.4162190742372367,0.4171432100567754,0.42446778135066693,0.4272774636624345,0.4231334542231431,0.42306256171605516,0.4163144797699825,0.4245212691684458,0.4341143335812923
80,0.002204139549685255,0.05147422789810819,0.09865859624969671,0.16270152578199848,0.1892587663918399,0.20087390957616919,0.19073658922640838,0.20069092497155336,0.20847466171108076,0.19325137609524692,0.19680387103471705,0.2119054926416228,0.2150235853133826,0.208691386246329,0.21047962047109967,0.19957305510223672,0.2038804665564384,0.20970471923832323,0.2122519534929629,0.20003043030798973,0.20293794114381092,0.20285618621997042,0.17627573900447926,0.18475666203815333,0.1790770307977775,0.17631908295506538,0.1850550658042075,0.17561986268045954,0.17610718382579865,0.17481079778604985,0.20350564862646128,0.21925580890075655,0.21188656960110627,0.21731567456205933,0.22831172631143518,0.24366468195194466,0.22042817215519103,0.21436186814582492,0.20371577888152076,0.19150211670712758,0.18191617560033635,0.19575555166868797,0.18475580215570933,0.19133853851971175,0.17572839370432486,0.1736172701109453,0.17917289109637946,0.16975034536579858,0.1490641507170324,0.14347180946411842,0.14403712242423672,0.16330150267640564,0.15214116541385275,0.1417079375483006,0.14852913217536629,0.14975462635165948,0.16444811648592478,0.16595015690901024,0.16207177667311765,0.1324165855044382,0.14756648340981576,0.14756422213919695,0.15376404435888574,0.17703739417351066,0.17191867937368677,0.1944833432886717,0.19826969985191412,0.1949665537218995,0.18711113026902762,0.18992866909180584,0.17673994241119403,0.1779307880643714,0.16554862061426412,0.17135420368962506,0.18220179903571385,0.18068598439788114,0.17795287656251582,0.17870488261682166,0.16996982357551216,0.16228022429386482,0.16328528301321557,0.14058211814038699,0.12402809050235872,0.11882837301239559,0.13853124138695871,0.1318765305584442,0.13368147361845162,0.12974761035213173,0.1265692427985479,0.12168579376218142,0.12245846015325922,0.12062532535976113,0.09983371949625967,0.09823290308126294,0.11310629137668723,0.13224424248410466,0.11861144820996124,0.12089604763647703,0.10295415613855473,0.12176614065850014,0.12160494654378785,0.09133748930127261,0.08247603657829286,0.0775154978140578,0.07493340831729274,0.07995581906541371,0.0737167434827918,0.06639706262477145,0.07460664416902284,0.08101109517427486,0.08398204121762384,0.08978671870445268,0.07545704463758157,0.06380081581662353,0.07224050688022929,0.08348685388473114,0.09601688494788659,0.09103805919007947,0.09915588957842976,0.10727072414577692,0.11411289241587695,0.10091560835188859,0.11150717250202533,0.0977950871034288,0.11195025579599191,0.10390009996180542,0.10840622611755643,0.10994030454338914,0.10803687006660224,0.10628096482444942,0.09724865268255459,0.0871589891703139,0.09397354946043239,0.0886433228293622,0.06662447213501227,0.06231578576531637,0.05896384543746143,0.06116791447193047,0.05705699724703608,0.061550886188610654,0.06885216236134158,0.08723999740864916,0.09888403573869152,0.10660350949571713,0.09501419426474043,0.08527468260176693,0.08958836704330642,0.10245064520887948,0.08080478048704362,0.08468779360548492,0.08858835483477655,0.08432855802320668,0.09204458388472321,0.09553839890858623,0.0855660398480571,0.09836664870666946,0.08346776511382753,0.07104800568299506,0.06115311230163102,0.06304936601103918,0.05436105366427364,0.04310068007806594,0.042347369931581946,0.049943434540745374,0.054982431772344416,0.05986873760181479,0.042357297493161174,0.05196897674179572,0.06380455611988435,0.0666382734634106,0.066871556620507,0.05815056573209577,0.06916377487827947,0.07753839403559869,0.06333103799970648,0.06838549201355691,0.06414969838212325,0.07965392881193285,0.09092751242221228,0.08645937453389185,0.08870093500240989,0.09290528104364265,0.08681164703782521,0.09076809873385566,0.0855360982561258,0.10152176331453916,0.10199452696045717,0.0984574480090325,0.08864505339642535,0.07855159509567383,0.05746480206908088,0.05625119948630317,0.04322623827769536,0.04801539403095013,0.04834513119023562,0.05240677547190379,0.06552715537457197,0.08301417415815958,0.08423685723424956,0.0886309115872455
81,0.0013371576846834057,0.056826780755879255,0.14754273890016964,0.20000460666803688,0.19288301416408493,0.16191906103425263,0.1701010104120382,0.15919388846270477,0.15725408033018853,0.14085829105315725,0.12957619212904622,0.12948532024786796,0.11767511102261975,0.11550458833684366,0.10148433992196777,0.098461524593778,0.08853050647811464,0.11161069828747432,0.1145356151439546,0.11051270013770537,0.11080668866309239,0.09955333452680834,0.08726056124999433,0.07669623619047519,0.0666448322293284,0.05806422774250609,0.055411055675401465,0.05088835110049003,0.05632300867744781,0.0774584740246175,0.08943951834709196,0.11463585272900698,0.11966194671157773,0.12059744454236655,0.1286017617651378,0.12443443257197753,0.11832098229855753,0.1146725628194506,0.11734026271278988,0.13222386076290937,0.14143657786357036,0.14297403501575212,0.1300528911115058,0.13866293880818448,0.13841880632938447,0.13098688775016368,0.14932555303538073,0.1488689428907741,0.14445239534693058,0.1347574191233491,0.14558207353226807,0.1278068223135398,0.13551240496855269,0.13535319965315656,0.13619278360737627,0.15090975918290447,0.15627807766064572,0.16071176676519305,0.1631270232256162,0.1841459185490033,0.18545154324624055,0.17247193714041878,0.17317704232843353,0.16246251547033602,0.16338539488855852,0.1580451549481576,0.15738444145800215,0.1624610348901651,0.1656462028779714,0.16585023521844622,0.1612753909737634,0.15990170722835464,0.1686012007263381,0.16548155673560583,0.1606578931601902,0.1539601091722209,0.15416758205562706,0.16113879073393778,0.1522915833367361,0.1590940531870676,0.16131942707606017,0.1740721989285911,0.15341492344087218,0.15175027061584895,0.1596104868796492,0.165881718258852,0.1666713990475197,0.16672151674320448,0.17105898670222786,0.17282302455202958,0.1825609153223453,0.1852827598156854,0.19222394892832637,0.1871355453371329,0.18228312876575342,0.1811190956243016,0.18066985210956005,0.18842830901288488,0.19555210508251336,0.20092824967397768,0.1984248948613423,0.19380280867607855,0.18692424980191025,0.1847466608937776,0.19058640809790936,0.1884867956547852,0.19427884429506023,0.20079236226963393,0.20371232725691063,0.20794363093676277,0.20700045836120395,0.20726419834141477,0.20413989966051574,0.20601962407251576,0.19524234251650097,0.20488535373864714,0.21035946506704,0.20760649591502087,0.21149589536341293,0.20936476708099272,0.21687325010123903,0.20771079334817347,0.20876877943985092,0.20225895720700904,0.19826079822517928,0.2059311540899158,0.20205431173240196,0.20756428155331355,0.20376234285977599,0.2069493435501634,0.19356293772022845,0.20651681797145602,0.20881466188168055,0.19233453747385915,0.19588493972099402,0.19375892320443278,0.19286417209251483,0.19166410364989017,0.18973951895789504,0.19429024878559167,0.20289907166884688,0.20786631720480636,0.19673462776059822,0.19633462933092338,0.1893599842203202,0.19426063127463233,0.1945810224557504,0.19158543872025896,0.18468735807437123,0.18541182527742206,0.19466595791997776,0.2008182302720528,0.20447005131532825,0.20773867115181358,0.21915981865965686,0.22928200077284056,0.22229556491839286,0.21907392816270768,0.21588203047323426,0.21351935339426667,0.2153833132028766,0.22725099617563585,0.23882296308452503,0.24750163520202745,0.24875740757482925,0.25660546328565886,0.24854893406199796,0.2561941014906927,0.2472918077536594,0.24124837008017916,0.2339956319662523,0.23080631463867043,0.23430950929306718,0.23831199974090336,0.2422125782903315,0.23906693615213315,0.22756081052324426,0.222018743757716,0.21370018862848159,0.22701511304422364,0.2183101330828967,0.22571667942221457,0.2320403230406695,0.22977444007440215,0.2284783370485537,0.21459024630347728,0.2172805274921788,0.21703760551651055,0.21798535423666313,0.21626174945368642,0.21138615274219302,0.2157682684948772,0.20081308018833155,0.2026635532977379,0.18975940899489852,0.1969088037603705,0.19119258465680034,0.19540418468817033,0.19535047319490673,0.17795587992827955
82,0.008942265977608251,0.05145697340217599,0.10844530274224712,0.17270929354682127,0.2156770302173664,0.21712339060031613,0.19454618695759607,0.1531676290292374,0.1469390201967936,0.15842127473705594,0.1481607415852016,0.1238106824980081,0.11780440148907229,0.1139350842305274,0.12033973704628508,0.13275603855278637,0.14101662942954088,0.15203669348206156,0.13020138060565695,0.10227979343223793,0.11768843874478963,0.10924100807229134,0.09205600941697675,0.09134381910439783,0.08087778845555402,0.0977939326285994,0.12828468572562016,0.13532405757863977,0.13528957392061228,0.15824210048568182,0.1448021890309084,0.14910899499212316,0.13781362253468632,0.14884609192111664,0.1485678126889959,0.15018682820136164,0.14997422006105857,0.14901047513400476,0.13394195885835042,0.11698356686924635,0.12464439938037453,0.13324107521018105,0.13711788663560104,0.13217480632928577,0.1260485971264451,0.12102274202938573,0.11668426404899232,0.10932254941781214,0.1013783766755466,0.10264822882654911,0.1142901744175094,0.11377011732772668,0.11244767672582895,0.10488110672784907,0.1078530493827172,0.11459462713820068,0.1241797966985501,0.10535622109446634,0.10769947348834498,0.1287368513283603,0.11673147318726781,0.1356773906507672,0.1341620054366781,0.11955539261563798,0.12765401829296882,0.11891501899642055,0.11581764333842898,0.11714970435518574,0.12021782912861198,0.11758905181651143,0.10256468907945106,0.11302423610367121,0.12374777168613703,0.11952076985278465,0.1102147713717558,0.08365266893462829,0.07740997132600892,0.05690761322613217,0.05620147173110534,0.051739254173797294,0.06385766887475663,0.0648876956576418,0.04574688040913715,0.04095045765719149,0.03644514350528874,0.034452550308315705,0.04395124443403322,0.05331705125073773,0.05825224108193039,0.07184480966014123,0.06261728914312029,0.06397790124707131,0.06511065673755112,0.060627860112608435,0.051732887548637495,0.058104925105937656,0.044322600750941146,0.017687809219108126,0.028445953865302343,0.04295078061727601,0.04938425716315075,0.0491753019873864,0.054693734531651376,0.07413450424104902,0.07935939561007731,0.06979786554407318,0.06297346849798284,0.06170818976540574,0.04252856505902424,0.046852786647614685,0.05371898343947513,0.04291772375525589,0.038596318109314826,0.03129579938448466,0.03323620155099002,0.03991338321801654,0.031707238798100966,0.03345082153360237,0.03547035821012505,0.03796620054081846,0.03461289226077663,0.043580982661181905,0.04394561219979314,0.04592420469447136,0.05310565387243292,0.04231215243419683,0.02199590024400831,0.01560403066537344,0.01731716862743472,0.014733839627672177,0.012188262115638036,0.025592766427008425,0.03809413543007265,0.03809218169813895,0.04449904450524025,0.05428360350769646,0.05921247346597665,0.05804623516413003,0.05762124651562815,0.038468027877308665,0.030833410204349484,0.03758995069297315,0.04121238367568059,0.017252196345037874,0.019814984154614045,0.027959753230822795,0.04103786302681203,0.050325537099829516,0.0458035686446592,0.025521667717031512,0.02366088065631947,0.02091300070649016,0.016566646328803704,0.02235641287105261,0.03221874731417906,0.0352311026773488,0.020060547470553098,0.03320580242947913,0.046806930700436525,0.038944170737893545,0.04423305423699505,0.040837529803857686,0.04194517082875092,0.0352814184384283,0.023862375385261973,0.025510212055947067,0.017360255775248846,0.018555904427802656,0.02012142106205491,0.011886492564756277,0.013765807207547595,0.009927796546615943,0.009252254681262338,0.0035015833528114337,0.01470879447224036,0.022373920004686524,0.02746859280585537,0.03296380218906405,0.019684578395881475,0.015924627845915352,0.020984377822245593,0.015876407518683112,0.01857584469118911,0.0203769645313008,0.011029275045048708,0.010683251518285579,0.011341271530992084,0.011729686610696555,0.013725532979130912,0.01648163117696215,0.029056869247942103,0.02767634822935667,0.029395010933423518,0.032184848382924375,0.016634065354693806,0.019334540940420697,0.019713842148704322,0.01615198539099235,0.0162590761105026,0.02372684054789171
83,-0.00571381231620264,0.048116464304434545,0.1032493592681205,0.13011696636336795,0.17459066441761184,0.16803290265164267,0.2094060365843541,0.22551656946390516,0.21636718542053565,0.2099998865978232,0.20278042306504504,0.19931817300509977,0.2006548469094147,0.20907748327137127,0.1995456692358491,0.2043350830260994,0.20579841203685617,0.20372678451477177,0.2139890564789687,0.21305636465091893,0.22060836303401118,0.2235769059101466,0.22168561211635335,0.22039612746199502,0.22803818748363797,0.21699007017533856,0.21229450835538574,0.20436098638632041,0.20129099773136397,0.20805863276837183,0.21599281775138038,0.20081181016647975,0.20172461139149775,0.19375654691357286,0.19361621954287953,0.1970532742065646,0.18940282919867843,0.18625666344044717,0.18257567510027428,0.1913717158935739,0.18455837060001354,0.19302468626918273,0.19981021905072782,0.1949839681399849,0.19299350997739986,0.19233807035729392,0.17751209547887373,0.15307555283684462,0.1555474629055559,0.15819184907756204,0.1706509106568942,0.17007061119813677,0.1704148110553744,0.17521647982627178,0.17777971786604646,0.1810379536186722,0.18749561844579093,0.18931912064205123,0.19714133318282684,0.20767567046126506,0.21523608186931067,0.20406838950932013,0.2009953037948655,0.19116932075325666,0.19364740742312087,0.1991060890304729,0.20645808254154147,0.21571443515288208,0.23444949390347503,0.21360476490839872,0.2152194861182039,0.2249737508595567,0.22532575860310688,0.236982252961929,0.2311406907748091,0.23075687865703767,0.22161099459634015,0.21127569032119553,0.21153657331336156,0.2029494487740506,0.2124409916175157,0.20224208326525592,0.20587068726682806,0.21379248516037333,0.2144787557112854,0.21360420987821802,0.2136978228312787,0.21671109468833902,0.22017705708252433,0.23204955373445468,0.22814672117826246,0.23167465822996278,0.2164670874072449,0.20630656840798725,0.2173714247600821,0.2196282625499664,0.22875187984228196,0.23356295836075605,0.21902342492734694,0.22486534674862171,0.22349994249730973,0.21841816378356912,0.2127178033693984,0.2140303587708234,0.20885506093190767,0.20827642410357172,0.20953927518162374,0.21156213173233998,0.21022821953860896,0.21795430909748192,0.2185501322708811,0.21394789095267683,0.21331506998912592,0.20983123798740114,0.20290481000920713,0.19306882567972025,0.2000899358454866,0.20717394403410336,0.20294890378227348,0.20657877794462767,0.20944104046719633,0.2189202832151509,0.21470370854702772,0.21404634955494078,0.22725050927381524,0.21553706923781463,0.21284499151936534,0.2185934710420864,0.19855589451958292,0.19811372307005068,0.19132521240975042,0.1969560017394663,0.1952049560045988,0.1891870107582147,0.1921139439417109,0.19878839197392145,0.1837578972848762,0.17234881796073243,0.17580610109904618,0.17575709391448807,0.18467436033741919,0.17231305775617753,0.16604673185751256,0.17725035057235958,0.17322722274345265,0.17107900224331365,0.1621131886284641,0.1519697913812925,0.16017805113841188,0.1601212903986485,0.1559971471077916,0.14298514576307864,0.14443053990065743,0.1327582989895211,0.1290467942557071,0.1520923142080863,0.1633340218864172,0.16282669832236926,0.15971402715919306,0.1684581753737449,0.16521568169280543,0.16563472291132228,0.16407306857964118,0.158438273669387,0.1708830818629562,0.18784427779344962,0.19619741331413018,0.19004414664932068,0.18034845834080912,0.18672749757777105,0.17508951064568548,0.18288079308753713,0.18606133140947642,0.18711253221716656,0.19574774698021608,0.20548140653603494,0.20080987244982462,0.19606140193303187,0.19170789396240626,0.20199209107301996,0.2034523268341256,0.2019275486958369,0.20089637599345556,0.20155083102687144,0.20276214926635489,0.2052979118738204,0.19568695235000105,0.194543322986543,0.191479492241513,0.18217269039744255,0.18161851804964294,0.18006634643786384,0.18860208016360544,0.20116690384656727,0.20143268849309753,0.19799440763277898,0.20523341925547892,0.199530756997552,0.19901917034865244,0.19935830441356506
84,-0.01011992511041505,0.035084868826942096,0.10813421334691503,0.19033146689450234,0.21607809976490774,0.2562006196650278,0.2759330400763731,0.2767359674025787,0.2993252994453047,0.29646449595058344,0.3059948679479805,0.31424434019231007,0.3127498864060886,0.29116789411540833,0.27424165500710196,0.2770990008749373,0.26149591704571495,0.27994395875658046,0.2840366791301777,0.28373715047728615,0.2958792004360713,0.2761142202204718,0.2714080559194574,0.2818725180021245,0.26798405831859784,0.2870346909027809,0.28366306720318113,0.28612330307441847,0.29638658766985576,0.2845505130182051,0.2774524538436692,0.27858609791498085,0.2695753314278263,0.2552240381637482,0.25240046659230087,0.23748021348149467,0.2386790917386201,0.2533981288773677,0.24148796903730405,0.22608065894521936,0.23222475818400545,0.23444454044422156,0.24277055378497053,0.24210106238677714,0.2268841094521037,0.23246695586040633,0.230849184575618,0.23820793863024986,0.2377589973587224,0.23811473123844196,0.23231430829355054,0.2322003844944604,0.21741069554449574,0.22383716838530535,0.21623256810570882,0.20913440308174347,0.19664574877808122,0.18650529012475026,0.19023158866810913,0.1906575557620166,0.20079314181686103,0.19033883842967644,0.19140885371611546,0.21071713528962044,0.21696393367345446,0.22811734762325098,0.23006676128022138,0.21821174087862133,0.2120817829678597,0.20418626800731318,0.1862063558532142,0.1894206820059612,0.18046986497136833,0.18398399317614064,0.181231716199674,0.1785481548041205,0.1776846630037982,0.18957206012710237,0.18561456520723574,0.18845764729852504,0.18930323917887557,0.20083911339505942,0.21028513795448195,0.20264740112557494,0.20656960330844717,0.20533751104674522,0.19773773247301168,0.19845393570526607,0.1989747863145655,0.1897319743681158,0.19279539268491472,0.2028242484250141,0.21772174137689151,0.21732004912540698,0.21619387879901403,0.216025065674245,0.20627722845406896,0.20963082518869564,0.20215462586056415,0.20384977913355085,0.1962807678563433,0.19535828452422382,0.19387380251950248,0.19405680139083498,0.20333674137426924,0.19643061853523588,0.18864105180179422,0.18905984271549067,0.1844634588534722,0.19461771407857578,0.20008954202218082,0.1975007901362396,0.18421616177617264,0.18193774900046977,0.16694138533518896,0.19243301302975438,0.18320927769979836,0.1892350803127982,0.18133540868967957,0.1822228086077104,0.1919973660700132,0.19257646614994342,0.2011220136206907,0.19160139252226657,0.19377243457515367,0.19113749116025577,0.1962528897987789,0.19668646609568063,0.18579121957699865,0.18832754416191805,0.1931904294729578,0.18520719669904334,0.1843139916543548,0.17792578544538049,0.17860883555797827,0.1808966546863385,0.17076851146439403,0.18289626443165394,0.1896242840723912,0.17998995401479603,0.17249160933311725,0.17280313272079223,0.16825528433605869,0.16208720364231818,0.16492111664138437,0.15499662473979245,0.15692441473149307,0.15798244620164975,0.16374010940388734,0.15485643863371265,0.1546231588881962,0.1575048333089203,0.14161839194860865,0.14159636306583961,0.14970118085984915,0.1419240360100755,0.1483006191245159,0.15561970059062083,0.16400988064939498,0.14858936421016497,0.15782015601273106,0.15990725866991506,0.1528237411034169,0.15099377804272954,0.15311301177284242,0.16827985470403647,0.16881253051859815,0.1560011963137646,0.17604866991766052,0.17979848271329552,0.17471866984289114,0.17377995646467553,0.17351032499643812,0.1769750154845208,0.16205347698457287,0.162726717664472,0.1782628630254525,0.18160318195305777,0.18526567968743218,0.18654746126387278,0.17946934762388214,0.18374178213810688,0.18268668164999102,0.18951478190897716,0.17604903809195324,0.1745613728432247,0.16680843443668095,0.1558701208271633,0.1567990220533957,0.1750235511300753,0.16653810172252606,0.16677689022688508,0.17224671040118256,0.1701829127105813,0.166196412041312,0.17274059550177803,0.1661515250616463,0.16141276354340647,0.15845515540968763,0.1634233846609366
85,0.003703075596562565,0.036275695116129526,0.11255349068900256,0.15033849268849395,0.24049951317512053,0.3000079533301735,0.3266705517312403,0.3477041068523694,0.3673953382645575,0.3685042095693353,0.3607681438415635,0.3583667477634196,0.36801018952466646,0.37232797336814955,0.3781965612042202,0.37968900539593975,0.372174883677743,0.3921007845559724,0.4011595034953138,0.40287160602783956,0.40528791453473617,0.4059188017795406,0.4107957443687944,0.4148053102004806,0.38780306516999347,0.38113690964333125,0.38086920920903516,0.38643691979495237,0.3720517518844095,0.3709871932148724,0.3702102193734483,0.3710396885483718,0.3642762058125045,0.36659802401587754,0.36664907631242644,0.37966928222280094,0.3751756481467634,0.3822934253419292,0.37730129639699067,0.3785682265197556,0.3758229832283777,0.3638151048452686,0.3544784001675547,0.3584791153853917,0.36726908793495305,0.3705594153959658,0.36234736555842284,0.3625619328159491,0.36718191020400887,0.35912554412965414,0.3652809829124356,0.3647870094125167,0.3615653297055509,0.36485431962927095,0.36948505735294596,0.37067710509214635,0.36101742791608593,0.3554234640918146,0.36150616741924835,0.3574964825903916,0.35963005869907555,0.3476698416837057,0.3657831986680462,0.3732022195145221,0.3669436495252921,0.35549782787414974,0.34772379658975366,0.3538000740231803,0.3509919674600581,0.35986761082992735,0.3638999882100634,0.36124482854593964,0.35802746306519695,0.3418989136879538,0.35368756891298175,0.3619167167785848,0.3562801702633054,0.35532857314064265,0.3629020477561609,0.36519532895758344,0.3627636476919195,0.3477997206712897,0.3346782485531037,0.33724507729849884,0.3516514374716527,0.3576189355451682,0.35943548890041394,0.3670003691659348,0.3629068647809746,0.3605831209957313,0.355544516182826,0.3435220967956613,0.3416222313102978,0.3387599184331292,0.3362083129705035,0.33791930978712537,0.32482580944709144,0.3245785622799808,0.33671290085318345,0.34375061757754877,0.3355253261423512,0.3281068279426785,0.35426210737379166,0.34783236901478864,0.33408169428830325,0.3397774100643801,0.3441457793033527,0.34962926035600866,0.34602166710913607,0.3597107535168507,0.3607561202054698,0.35737695026109,0.356306468803153,0.3608998156318286,0.35934476703418106,0.35376177287633387,0.35193353316455556,0.3473152142710129,0.3503632099947691,0.35960805226965137,0.3562253074343165,0.3586945236803001,0.35515185828246776,0.36373932346928695,0.37974615540616485,0.3910280199225448,0.3770700958032485,0.369685165165778,0.36138813450381446,0.3649523301412374,0.3738850118911101,0.3665636606057895,0.35735992568794805,0.3732777359582732,0.36761013468496917,0.35682068695543373,0.3467263596824596,0.3424121955963186,0.34259257576855573,0.3486556409389426,0.3567976659888846,0.34711656844054645,0.3470333330391607,0.34256711422978475,0.35013379087095275,0.35099074588424534,0.34558952953255734,0.34630555199340923,0.33819869255165375,0.3373591124864454,0.3352414660859195,0.3413613283892942,0.3341922215405679,0.33101269339404316,0.33234600621978205,0.32420340407061077,0.3328741168425934,0.34377524376935426,0.34807136660114907,0.34632620986863477,0.34142232635216646,0.34605401428617744,0.34556229456202736,0.35846539779152137,0.3668032743617844,0.3644964175110719,0.36435574776645857,0.36929312548440996,0.37007704015507714,0.35625841772379824,0.348237135869868,0.3510816628856517,0.35375371747751605,0.3640505421334314,0.37002395646253045,0.3741015479861655,0.3738191495148422,0.3582017936519324,0.36797815880518914,0.3666038282099574,0.36920358464301656,0.3639290924185497,0.3702071212113395,0.3743716412158316,0.37396740596393485,0.36828135733093426,0.3704871245137516,0.3640554253112053,0.36133852772770647,0.3615909765471121,0.3464729272201199,0.34390726428453,0.3458037124182378,0.3452330630988643,0.3378644348377219,0.34781285624454106,0.34410016224635465,0.34494205449919346,0.3442065688574203,0.3391002605732904
86,0.0015497573398823344,0.02794250057775993,0.07013457946199571,0.09655161907331118,0.11009614141054824,0.14824984014282766,0.1666508746506938,0.17425107498375714,0.19466533173956765,0.2068400373725451,0.21144630512629764,0.234561268388162,0.24075627502477143,0.23170544647752606,0.25976632370746766,0.2578557158820405,0.2576293825116373,0.25333254432616176,0.27051628991445215,0.2578625468977023,0.2548624910090302,0.2749543168780026,0.2868764492933816,0.27889957228539003,0.2913201192928306,0.27655461731974085,0.2851174536737719,0.28703115605545376,0.2873730132723372,0.26992440366170406,0.27575716118651455,0.2832141204473684,0.25988775739312703,0.2415503236470315,0.23895245737980247,0.2657914566977935,0.25848109409845077,0.24624225277578574,0.24175683822457333,0.2453967378190407,0.25431445149970167,0.26060287237665664,0.2560008601651529,0.24430184671970065,0.25563987098628826,0.27221712879929,0.28483865323187224,0.3001383358425835,0.29274211439993364,0.29182053018522,0.2906076932617832,0.28194470600053895,0.2747360310275393,0.2685832012757353,0.26264559183230785,0.26936499011728154,0.27796632628857115,0.28225567781783534,0.2655570572847494,0.24877717725647094,0.24879044415338383,0.24391579475776973,0.2253055227606886,0.21816509854650415,0.2276254682232296,0.23505249549402207,0.24036985036304231,0.23584468474473763,0.23557408385650416,0.22226731793092483,0.2193673451650849,0.2326826100854308,0.23190688897127285,0.2444807549120497,0.25341654415945686,0.2388961440132514,0.2634977054833578,0.270811538774265,0.2699575945504122,0.2892504025355567,0.28342606130746056,0.2782837259488787,0.2655751567082151,0.2656245451584099,0.26544446017421913,0.27815421484419095,0.2844649941495647,0.29185884112418453,0.2886224454902488,0.28084954575199333,0.27424361252633617,0.27652307361143585,0.2799375129908946,0.2832765160495791,0.27560056529807214,0.27275505947074624,0.2654656886964574,0.2670202465692276,0.26346521658683203,0.2589320042061937,0.2668813280305769,0.26759830957199987,0.2704536937434515,0.26903555582727245,0.2682365902564801,0.2684433360280808,0.26015300744274816,0.2593309777831155,0.25550545155564447,0.258220374103363,0.2565424862403965,0.26736076493008126,0.2770299978211062,0.2706148332783871,0.2662149375209095,0.26438453434028863,0.27639364036848585,0.2732012333678119,0.2809401894944468,0.27743021084099595,0.2755268887215814,0.2698980168674557,0.28405629048093184,0.30033724982897625,0.30146256495149165,0.290290267269362,0.29428617862707707,0.2913480812679601,0.28645428029723674,0.2785044451473069,0.28042339861135646,0.2730184179109794,0.29047737077915065,0.28795895004944594,0.28345227281478164,0.2904994559434905,0.28119625963800987,0.27671770093648446,0.27561819268163484,0.287052461818736,0.28714122720078733,0.29766629824386326,0.2963070507195827,0.2973815318025805,0.2998621982026551,0.2925591880261023,0.29497582798730265,0.29569461591290325,0.28720585679915756,0.2969758286009396,0.29124920736464777,0.2978872856626841,0.29449057728775474,0.2958965200956027,0.2983736452858222,0.2935282644401683,0.28123540119147417,0.2797586401000027,0.29026654270480257,0.2983812268383661,0.2970715838732742,0.31094537795776955,0.31228399618942804,0.3093285304879964,0.30408514071443027,0.3034266130144794,0.30821952249355905,0.28315061072194875,0.26738655292717367,0.27450896327359,0.27950683134041276,0.27633626625214575,0.2820146604461727,0.2864356826917265,0.2810396849176798,0.27425316635480035,0.26987102610806823,0.2734960732065219,0.27600182333906065,0.27297554565982535,0.2824524883585448,0.27569814542360194,0.29266512023925306,0.2919545113990276,0.28523013153616217,0.28408187235357274,0.2819646645033316,0.29498525882159,0.3022245634407794,0.2953738464282081,0.3007821450417075,0.29214167400159907,0.28781860145550087,0.29386244725631255,0.29698336369631134,0.28997845023859775,0.2840772552313513,0.28238775713820913,0.2714936023422534,0.2531944947152323
87,0.001470356122091082,0.03531243256543042,0.057290318595582396,0.04424230400027728,0.059723367780559304,0.075188268753725,0.0916684199681209,0.08883602283548006,0.09741971446414603,0.11199416217350365,0.12615108172706763,0.15620791041053855,0.15952731566635803,0.16134066548803994,0.15587220847546296,0.17487078330713388,0.17283204380833855,0.19657561574700189,0.20668763107417967,0.19943486734319527,0.20314765353609904,0.201705892827247,0.19089802544333392,0.1898545916839367,0.18029254512013448,0.17200309702638036,0.17913609848657625,0.18659618073237375,0.19274305767639427,0.19168598261610176,0.1859339921848464,0.19863421630646547,0.18736981699989616,0.18215852013555917,0.1810665885550442,0.19586212013995438,0.19607750053135795,0.19553483475030636,0.2028082279822976,0.19273183875862945,0.1923751327996983,0.20122034085790153,0.19741273700710643,0.22075288139322663,0.22141595125415034,0.22258949967001937,0.22670244722701852,0.22760995441541193,0.2202754168401831,0.22373531651179365,0.22730269007117804,0.2213768047701312,0.2245049741165631,0.21110048659671385,0.2089954522989073,0.20486799201091618,0.23011536023182227,0.22182580243254887,0.21448212213063286,0.20987019331381185,0.21021558375978583,0.2098007743845221,0.20057640750055847,0.20213664170081508,0.20888820791910154,0.21128396568606192,0.2101646140590579,0.19738446334850196,0.18013116894864464,0.18661493203997812,0.18157847481995648,0.19409169822659378,0.1940261122503981,0.18456480179664858,0.18904541105008155,0.17777363032651988,0.1753620330055483,0.19057162113616669,0.2023268796838612,0.17694695553401601,0.17668127547510276,0.16410670994623214,0.16047760487567886,0.16576458422386803,0.1770309741220535,0.16119495270059223,0.1575654736678052,0.15192390543334092,0.17005020993322012,0.17571099113217262,0.1691396822141132,0.1635945800560464,0.17325906900330446,0.17664787388058012,0.18224084829654014,0.17957683810914635,0.18140544594212873,0.18001745190793192,0.17726094496934713,0.1810944324987255,0.1821353263341,0.19656607034487775,0.20266638738803824,0.1988611823178219,0.2037507353764984,0.19514247329511747,0.20015155981135077,0.20368805427167871,0.201236405473727,0.20349664808119466,0.19994741599759816,0.19005596497225302,0.19343947845889098,0.19701829397486736,0.2024413076067806,0.19353424884995138,0.19431341241216152,0.20704468603146212,0.20653426178675674,0.2142282362457306,0.21485445311983647,0.21650390438125314,0.21505192958902786,0.20617392916326832,0.2119455264894863,0.21681467157324572,0.220570103352067,0.2248342105013926,0.22806685436164512,0.2208811322371361,0.2332096963013788,0.23420612873188465,0.2285688011057498,0.2379262858070888,0.2384126297556982,0.23080916382658503,0.2306759337977086,0.22643450285731195,0.22418241477165213,0.22713636023602882,0.22932141997426522,0.2238454197810819,0.22766477753988326,0.22652843698279018,0.22550056167099775,0.22578704350686762,0.23011877052939725,0.24273175234150904,0.23475651681149756,0.23647530783664053,0.2250599109723791,0.23519927379679959,0.23862255139750294,0.23263809304100383,0.21813478356337676,0.21722566568568763,0.21447280518714584,0.2332509367364519,0.24079602756521662,0.24621564265187293,0.2399236156801696,0.23936996889706597,0.23809992013256365,0.24156891829195148,0.24358799924042107,0.23226905640395545,0.2358170945931886,0.2172768256827174,0.21288236123926033,0.2143429268304968,0.20922647987698717,0.21218799522944035,0.21544116703032348,0.2205219984469199,0.22436292976446848,0.21531916490195596,0.22004420241059386,0.21866499436970302,0.2153362935605076,0.21461695259032884,0.2258803922464838,0.2321050027215159,0.23181150227030367,0.22599528014916143,0.22019566221273593,0.22006545110986875,0.21671151665349409,0.21956659742367382,0.22462975603055363,0.22036192523726497,0.23657578418219605,0.22991675507994264,0.2239053046671432,0.24503918526841698,0.24747485943596698,0.2451005996363167,0.24088777238947515,0.2305156291063892,0.23767964560066074,0.23401145341631
88,-1.5635700733174871E-4,0.04875237881684896,0.13986556313877155,0.26319324680403067,0.36507164907440304,0.4222720720761156,0.45178385743067223,0.47491300195217967,0.5022678134830364,0.49834784538216303,0.48890826460510467,0.48110176430369683,0.48292596288950923,0.48770920835278303,0.4961920049026985,0.49346944514107705,0.5020607562348616,0.5114509427941571,0.5172657499200344,0.5253975003804264,0.520495780426781,0.5247843529855494,0.5391401351306164,0.5546405554699085,0.5502771433755472,0.5209093136292341,0.5108568802136528,0.5010302493928441,0.5049347695447519,0.4997796729988872,0.49621660623480646,0.49967176938955526,0.491133926916754,0.4895536963776506,0.4972891588730289,0.498868311675801,0.4972417628430364,0.48703600688096393,0.47738362544699287,0.4764920478394683,0.4697953315871146,0.47118023783802804,0.4785006757671889,0.47195021002728615,0.4656555385665312,0.46465073290978004,0.4640571739772655,0.46254458039567675,0.4643313775220683,0.46371512857539393,0.47482904632414125,0.466423467851717,0.4672764245449159,0.4745496534215453,0.46783299733617106,0.4629826726013977,0.4527131958337698,0.45801713622837326,0.46491980976110625,0.4593199249236973,0.4586225174879033,0.46253379342145556,0.46972190673111364,0.4678980203897731,0.4694672430440771,0.4518673405517154,0.4520522297101725,0.45417105704241983,0.448111130357406,0.4494341579821057,0.450617679412972,0.4539750699277559,0.469760007259918,0.4594408436147816,0.4624868510644123,0.4675363907310867,0.47362736184675974,0.46950903740602157,0.4522378992255375,0.4536584274435227,0.4590889633120972,0.4608531611312479,0.47254475322256,0.47249431395845576,0.47007887694077916,0.4667298552285263,0.47392912557402345,0.46339602853141093,0.4637731676343501,0.46111463263567515,0.4631270665875293,0.457610619177472,0.46024198360320967,0.4660811102434894,0.460547628336431,0.4676691509988893,0.46669340928385383,0.45183806763105205,0.4560441557731339,0.46115601549805263,0.4592349500591885,0.45297036380382705,0.47456111124004385,0.46951416954950387,0.47072622481013027,0.4638407191134503,0.45737272476927765,0.4632700290097578,0.4792772550100223,0.4864913670638933,0.4914486920980435,0.47837214993999067,0.4679814110393082,0.4670142974317644,0.4823975516844615,0.4812249220134364,0.483046500029995,0.47303206509145923,0.4696988705449391,0.4699753211552959,0.46568323430965214,0.4730431765594018,0.4722254473060395,0.46986477908103924,0.4639501065007798,0.4659478430654764,0.46373143887033114,0.45544084025351766,0.46102771060085296,0.4569218717348449,0.45584744111268494,0.4579617950602608,0.45959433694768204,0.45373379912077133,0.45101292399821724,0.44267684656839096,0.4366600040670313,0.43496587224732847,0.4420011219894859,0.4418464562646874,0.44634562417718987,0.4456327065192072,0.43731650788965526,0.45064549792145336,0.45284783904881737,0.4552957636870648,0.45192728459235854,0.4440886478084057,0.44510702214516223,0.44108092403209764,0.4509971364906507,0.44914345800515754,0.4546079293632279,0.4545402752416279,0.46072613753967573,0.4519156921608598,0.4396217579620223,0.43842399542613547,0.45385981348664606,0.4556629973923008,0.4600066239798191,0.45863640705167374,0.4566785515073695,0.4493071473155132,0.4448042490201368,0.434800194877184,0.4397429904426128,0.4415887174310668,0.43395595800008613,0.44483352498832024,0.4448487266602859,0.44820621301032304,0.45670235821180244,0.45176549578251823,0.43465781101149775,0.44178815248231806,0.44413413373389987,0.44337735684640384,0.44694150765892104,0.45180678009435377,0.45189590407745706,0.45147978963232993,0.46518208367928243,0.47851496149641515,0.47952894512510985,0.481306845595133,0.4787955383899954,0.4814996520370248,0.4830908922540063,0.48112491144603126,0.4789962748937461,0.4773210825310433,0.4762582162085353,0.4772442741132565,0.4666812198379504,0.4607573073071159,0.46934893625369756,0.4695752004035559,0.4713874354666057,0.46926936170275524
89,-0.010247994801036449,0.01733022148786361,0.028432314131251125,0.052888240818131635,0.08051952781176361,0.12055848728637937,0.15749120448997908,0.12531741557562337,0.135683691340461,0.14609300101783804,0.1375689813345108,0.14975658607677725,0.14123290687682277,0.13418118031367102,0.1152462270920552,0.12637721879385908,0.14167904991629438,0.15506040336865615,0.14007478375222185,0.1460576915365898,0.13792188847701475,0.14348724066466065,0.15202250289665545,0.14688997929347739,0.12977080170335667,0.14299272610373456,0.16482163894405452,0.1580946339363347,0.15293170084948426,0.15091343973428978,0.14243630953544226,0.12889699222738968,0.13006430150826145,0.12467043750902099,0.11558530610034502,0.10618012612485356,0.11676304747819077,0.1060550649664793,0.09444942999633936,0.09531349107996974,0.09201975863358879,0.08124031046779051,0.08128816398281352,0.07451933417892713,0.08254821976583418,0.07103291873293101,0.054780606520273986,0.07992061492074115,0.0842705763037044,0.073251034519862,0.06396593959674306,0.08120879019505368,0.0830917374484244,0.06737894134398872,0.07880582551328448,0.06829934664373896,0.06082450176359841,0.06490860270629745,0.06633464639424572,0.06404828544295492,0.061405429817212635,0.0566144389773531,0.06069391663534167,0.05919808683443173,0.07659085309274237,0.07750263335210048,0.0834578508290578,0.09058405825880193,0.09303303483596022,0.0922388590275078,0.07861390684433447,0.05851774693172401,0.058033432585554934,0.04393043040976299,0.04521896718191876,0.05028983298468062,0.036621116307609725,0.036374616545959915,0.043030294636295076,0.04460838246716858,0.050022430064086194,0.03677981282859247,0.028082020098913675,0.029452262066876376,0.02580635426994106,0.03001609444639091,0.024084720203021152,0.014927402940622905,0.006534529308752508,-0.005671445347835568,-0.004056795253819287,0.0042971941603448215,0.006374523970798281,0.012877264188683835,0.021683909388547,0.0231346845070889,0.009882894032830712,0.009808124689335795,8.682280352836208E-4,0.01489186704392347,0.011665909692750632,0.002280757316914322,0.0010296766845900498,-0.01817381732244341,-0.02279635533438646,-0.015028997771495864,-0.009431476073507547,0.004420357512747324,-0.002411031604824798,-0.00434114489082661,-0.00885372769116202,-0.007835378805143867,9.683259766322491E-5,0.001160409387456197,-0.016551317068321456,-0.023013482100651777,-0.02497718597965858,-0.01870061662031583,-0.023962795417325794,-0.02095077940834647,-0.018688431653869107,-0.022284754288004187,-0.02340315510668697,-0.025146088444443156,-0.008401187900160487,-0.012237488802146632,-0.009576811033940284,-0.01237620497789218,-0.01226811613236824,-0.021001526087416615,-0.0037042945773755587,-0.008716523337967165,-0.006072740129616272,-0.003295654424692889,7.664128149613217E-4,-0.01233140931979678,-0.014021924268677346,-0.01153794998927744,-0.021884935547471604,-0.03487868564811275,-0.04035491375860103,-0.05415552782536406,-0.0477154985424562,-0.04730135154100767,-0.03993273207365847,-0.035058601679843655,-0.033408086374059155,-0.0339610114354808,-0.04667309848334512,-0.03775641910809247,-0.0379826426612911,-0.04232031989140667,-0.04861876065304022,-0.04570592923352785,-0.053642563217613654,-0.05210305592804331,-0.04128152448761675,-0.05060855010902898,-0.035877906625514294,-0.03655504392828259,-0.023508311113819732,-0.02414717028264321,-0.024270739478220782,-0.029261587132404013,-0.03266525252449674,-0.03732357030523573,-0.018522557895357165,-0.01750250913404027,-0.0138164212030929,-0.013630112715901707,-0.006138768308961901,-0.005322329822714723,5.428280048903718E-4,-0.006146824701598873,-0.021796981390827964,-0.028871647281559238,-0.03568124007109871,-0.039484976273464804,-0.03822388364492868,-0.03638565984844095,-0.034796093377008515,-0.05034325467500043,-0.04297392432571896,-0.04012137532622354,-0.035642214759140436,-0.03574807457762879,-0.031829012080548245,-0.02879450671434224,-0.03464634209615913,-0.029439071352582342,-0.027299838259907977,-0.019197546263313506,-0.0146231925630841,-0.0179032711073895,-0.012596123712527807,-0.02320014514982165,-0.018958333670375117,-0.0026862235900775642,0.002450716581002679,0.004204230200279175
90,0.0051440323412095534,0.05861194427857054,0.1013805516008294,0.14453286068398336,0.17703919827078562,0.21045864945450568,0.2396492076390507,0.24141478893079912,0.26492713079494523,0.2705942291465821,0.2872007572764161,0.2923011595024699,0.2897388287538734,0.28794470074498424,0.2936088445540583,0.30700861088453474,0.29583439408970363,0.3011498278728277,0.3088896974954716,0.310740159124717,0.3125520578575563,0.31810281852449673,0.3142865025887919,0.3151207974293761,0.32738817907348894,0.3264975296953561,0.3533951698364875,0.3544944351099212,0.3492834244387604,0.33256647197126044,0.31757931802766587,0.3353835012495692,0.3323137926293218,0.34704882936658543,0.34166683536669795,0.34478802924142926,0.34161168763515337,0.3552444438070899,0.34261867304242605,0.3589532920537338,0.3537062795599714,0.35545104443137526,0.3419427868129932,0.35244449181040965,0.3440346685929604,0.3378477999653899,0.34135770358957096,0.34225839675944497,0.32583175773239104,0.33812887505574934,0.33856790606629206,0.3484994330985343,0.3505920013483364,0.361936016196207,0.3659217663676653,0.35752393386635745,0.35931025620577883,0.36363446914570124,0.37134036013601884,0.36799853988586423,0.3568300125902383,0.3543563284387099,0.36660531957447584,0.36820655289838067,0.3710975239376016,0.35936185780662144,0.35901338129190585,0.3434503276050161,0.34096076036676126,0.3395127508743167,0.34238481997543657,0.34131159722179455,0.33853996454159907,0.3323721457484076,0.31682989550318685,0.31078830824178444,0.3116263175050163,0.30467320605531867,0.31332402589600306,0.30706682604869057,0.29427170748303916,0.30294616281834774,0.2958690427668683,0.2976978446512154,0.30105259038177523,0.3081200033526999,0.3080463668578729,0.3113036991527842,0.3173853802238053,0.32883781791530375,0.33310981519337524,0.3394580847967702,0.33246251915912717,0.34476032948870866,0.34023772659607004,0.3385472162705241,0.32621097623304895,0.31979115185090246,0.3078033004703808,0.32110409633940795,0.3303467345031678,0.32336328579617224,0.3220185047051076,0.33236386710538457,0.3291956568680079,0.33496671566225045,0.33633745374691165,0.3292545914956868,0.3256773704161777,0.32442204409972475,0.316685004029225,0.3255503341508729,0.33306514791583974,0.3310954299561679,0.343969480806275,0.3411901372985955,0.3221375107012179,0.3224649998849279,0.32528668126999255,0.3250886312690467,0.3299124897374239,0.31850173457492903,0.32175836910337874,0.31738826366520223,0.3128460902601411,0.3104733470221974,0.3178471618426096,0.33103927821014345,0.3220186110173723,0.3210210090186723,0.31292460493924507,0.2903467188813681,0.30192468802605654,0.30778524896185044,0.30946631811160047,0.32034393540448347,0.3144191592377023,0.31183830936415124,0.2973545584374555,0.3027567308112113,0.31250369643346315,0.3150531475798279,0.30368068253375313,0.2920298296875667,0.2865275867091881,0.3012408522464875,0.30601006511318707,0.30931197425008944,0.31325260853904324,0.3156384825149572,0.3286333066775058,0.3361064452204736,0.33919539901137385,0.3341713327685271,0.3364523607058777,0.3488686181653485,0.34786857107254365,0.3449083683696266,0.35144829478321715,0.34770474081259634,0.34209982073213313,0.33496398514909104,0.3402938995888458,0.32688809355318227,0.3283518834782864,0.31281810974964236,0.30925165748374317,0.31426555906477605,0.322738526503795,0.31997274913265206,0.30766223770627005,0.3070166880138483,0.30320545012656086,0.29912257118585617,0.3093421099712025,0.3110771374033707,0.31763728095748567,0.3168453499024421,0.31248298305281735,0.31486034064178786,0.3087484798485385,0.30530238074288574,0.2973996655208357,0.30219709732894784,0.29685678045491626,0.2943443480086805,0.2879661069363266,0.2957275112124723,0.29385342904051975,0.3051319582541362,0.29260471314359154,0.2958363455014664,0.27692428396741076,0.2798924565845653,0.2807227423435123,0.2779153667595436,0.28955683837318313,0.29100129324206303,0.2903453148811393,0.2880330658560482
91,0.004720392494327191,0.03732601268110466,0.11841319030376089,0.17423118562160503,0.22718468216010262,0.20771063752620336,0.2236801790657386,0.20292859037073174,0.1936674403150877,0.19664279818126532,0.17471399474758226,0.175215854163686,0.17595668700289288,0.17379189847604815,0.16262717565363946,0.1496640889087367,0.13737663650189438,0.1316136160215228,0.11891902652146319,0.09971098395780771,0.09775401740059156,0.08924683540990473,0.10608208972549336,0.10133371293734633,0.09206707489942596,0.0713243550730824,0.0642748798874081,0.07304265670284248,0.08372942218072421,0.06992667135040503,0.07212875574997409,0.07469776709449516,0.0838469669822073,0.06571328907889777,0.06873014520481431,0.0885875627860549,0.08808724061266095,0.10219835460256353,0.11730975831671545,0.12424234688729362,0.13069069614544832,0.12954316100264915,0.11864095080290016,0.11626416653953937,0.10959420839408002,0.1251289972416366,0.12099935646344508,0.10604433354025516,0.09609025653445323,0.0921469498843345,0.10278303693678847,0.09700768746350336,0.10299938069042852,0.0974586050102023,0.08718559096754368,0.10713770872267687,0.1198507496326267,0.11072965419483297,0.12093039990580895,0.1348971119812813,0.11681750642394656,0.12669712541789765,0.11337260522343856,0.10615029648990436,0.11208095856584382,0.11933614160411904,0.12120007458690304,0.12483013471433506,0.1138853608810956,0.11880482601645773,0.11894718057337307,0.12032025272961291,0.10814325043232205,0.10178887158540256,0.12029101020941703,0.12682056790318216,0.11525426995731175,0.10085678620599951,0.11291810249305083,0.11469649403729142,0.11003196327296612,0.10995110073943484,0.10868923421856147,0.1176494557999772,0.12460210655374146,0.1154189866944864,0.12298415027339324,0.11686384363967679,0.1267481446643715,0.13318081680082045,0.14191303830963994,0.13693299538366127,0.13712769861700597,0.13867589111815742,0.1382137422097464,0.14452159755001337,0.1396743632092252,0.13350387992536786,0.14061453366639518,0.14633038756823002,0.1403225328898723,0.14009716497879196,0.1523695568139104,0.16207665316909245,0.16202513627812348,0.16870197205447568,0.16186904852628697,0.15814622201053874,0.15352201060692694,0.15036105067004457,0.15210092215693827,0.15727774109238277,0.15975150106233238,0.15289524809429567,0.16554684487670582,0.15676508437559042,0.14449653898825815,0.14215471302686772,0.13767559153502976,0.14201224481752153,0.14313043612941295,0.13115253379211458,0.1454945492049291,0.15608766144390276,0.17498728581134698,0.17592075309012756,0.17748383529241557,0.1688201469190303,0.1666772565904757,0.17958376900686768,0.18083652230537436,0.16997272721877743,0.17536650726804986,0.15460846091695926,0.153878079499068,0.15675473887013586,0.1621808397788908,0.15363634368273468,0.16232914726427364,0.15537291242354978,0.15084083640007553,0.14052199444658103,0.1443078499434112,0.1480401727491209,0.14904471708769196,0.1440591745330563,0.142171643040902,0.14732132922062358,0.14992064687671727,0.14440026926657606,0.14988492309465648,0.16724056772745302,0.16342847157321677,0.1600844338417763,0.15474113906953668,0.1561685576686374,0.1528307843414962,0.1590529132396922,0.15964022604852177,0.1588736908006694,0.16029335210971765,0.1513777655718765,0.16772715145954517,0.16854363162207778,0.15337838972242465,0.14975563584396226,0.14960397298533124,0.12991067823117486,0.13452800060795345,0.13248304610421058,0.1478988839170598,0.1382081323555756,0.1361310158283176,0.13304231569470368,0.13173114358304708,0.1254299692339119,0.12413990172892034,0.12342804047555415,0.1304196012528359,0.13561882459492122,0.15046081442164047,0.15172113104017723,0.15256070038809047,0.15624577539291185,0.1503064703074485,0.16319156425268094,0.17079086204862798,0.15627217324816695,0.1569764902740806,0.15592459630506578,0.16806218022407052,0.16875950619469915,0.16098307990050806,0.1530227407330625,0.16338132639624794,0.18026129363655843,0.1783900609660828,0.19275541716211236,0.1762855880540589,0.16783210931871628
92,-0.008610773102767998,-0.009467225096407898,-0.026569503146463908,-0.02705928903087443,-0.01635735268506017,0.007591865645831276,0.02053048325505614,0.059156626729744144,0.07799600897198321,0.09908287874667542,0.11471071078518026,0.10164505546694194,0.10185025685999637,0.09115074174354174,0.111907479334442,0.11558978977242491,0.09964884047221646,0.08684527650861411,0.08351696285433366,0.08514736004653754,0.08384305974932152,0.08996520485263733,0.07789316106286517,0.08298850536507907,0.0911043020311681,0.09689567381382527,0.1009081197527975,0.09504452971676763,0.08768176361766132,0.08261539407522324,0.06488209324248871,0.0526195554539798,0.05934052220436838,0.055126690625326755,0.048486357292914395,0.02975378394283355,0.05267591646170202,0.047777266821651725,0.04902506475995413,0.04799898040863471,0.046729321126966504,0.04591019013394394,0.04479872934488872,0.05412594753760239,0.05458526359031623,0.05583190655954387,0.06333272474944716,0.050824653611774503,0.026977606593980106,0.0414606246607371,0.04534696070599887,0.03637614864528753,0.03036942885452211,0.0386931866300812,0.03614679741967659,0.037084173788969735,0.04150595973068499,0.046867179572800614,0.03278013991609831,0.05108463754063211,0.059269644910376534,0.05568246496559668,0.07554362984085378,0.07995684576091933,0.07206486597800602,0.060250891415515914,0.05467365637620908,0.06320473886119998,0.0527266623153856,0.06626109375257923,0.052743273998526644,0.050736170095406825,0.035485781394411074,0.04764467516864149,0.04269365667065056,0.04368767091372071,0.030217822552805584,0.021446029302178572,0.014886715595896249,0.01773104108955996,0.013307599656002596,0.005753971672801627,0.00916823523627721,0.004233154271186371,0.003766036432015279,-0.007146628800649987,-0.014414613570362065,0.010333519997012758,0.01935705394490218,0.03034618576090333,0.014862278514540361,-0.008808656860498802,-0.00956873681899703,-0.01031584387614702,-0.016179462767453953,-0.014008983634636141,0.0027053005407490214,-0.0058541606221385045,-0.007697536296259657,-0.013611463244819023,-0.00437689997362367,0.0052529086198569944,0.017534695617651298,0.0012679987102785985,-0.00141126419433815,0.014999119559752902,0.032222392043190905,0.019403957575377086,0.03549774551333104,0.04225388632638831,0.03778743129307597,0.03714392930553583,0.03587495485422097,0.035778367619232074,0.02385951479033085,0.014447805543257435,0.013443016640200397,0.008672884617002092,0.015948100241801797,0.024322565522167352,0.02844370951598038,0.03300611437623393,0.04086933219747743,0.039603657525591876,0.021045638381030986,0.020706896167038216,0.028382751198642208,0.03646180265145978,0.03743783854718728,0.02422115144575812,0.011803961286710579,0.010736405762814254,0.004602236740361255,0.005506076641749458,-0.005487269149858289,-0.005986886249280605,0.0018667962396714851,-0.016296809524544095,-0.02541323302032457,-0.022824802838712556,-0.02379865871099616,-0.01879857896961763,-0.018864719161616344,-0.01660851462106573,-0.007158862884214055,-0.013066477525522664,-0.014126985363795268,-0.00818700910031095,-0.005044794610757623,-0.018097560774445628,-0.02694363252404418,-0.02541078399600529,-0.02315857464459476,-0.01754484556562179,-1.9573230751000428E-4,-2.795548552429464E-4,-0.011907124678738184,-0.013084822519354819,0.0027680181771689697,0.00402043598622623,0.025850788057567475,0.032766401931794975,0.03783004606678452,0.05858295960618364,0.06694953983485116,0.06570595711381738,0.07321383894644114,0.05914661986665571,0.05154597752129539,0.05566001210130533,0.04291869576375877,0.040806992449610925,0.03342722662564502,0.023268260615126574,0.01858983760457597,0.02027630861720261,-0.002617511941291636,0.002622979976460874,-0.0036038062873083904,0.0032010896113360957,-7.521577567596216E-4,0.0023200222566035285,0.005958113119438396,0.003578175885797926,-0.0019494268186443819,-0.012788108640273807,-0.017718850443581617,-0.002194296391982345,0.012194694898349411,0.008917182890521765,0.0020333960949118737,0.013189950280002116,0.00397321096553005,0.008605474450113684,-0.00189930593492378,7.796207654761813E-4,-0.00365716346687007,-0.0019250451281881506,-8.753407792294898E-4,-0.001170154282997611
93,-0.0022757099337596867,0.009632192454918387,0.03292191050219692,0.09419856435572789,0.14266848863892062,0.16267657754473108,0.18623513664880434,0.19349328949702407,0.19763382473015162,0.20514038447248634,0.20311427312507666,0.19059406197464462,0.18035194421641368,0.17425872785089985,0.15867568455147182,0.15845135632764454,0.1638183633217566,0.15845869317831462,0.16422921796880863,0.16824014433676038,0.15502407780880925,0.14583083862903426,0.15086784446176335,0.1612347666816242,0.173146271861007,0.17487165829852422,0.1779288372759212,0.1860505978806142,0.17146550527458954,0.17324169486356122,0.1639381777352511,0.16128388184619824,0.16076307887803196,0.16556825061307903,0.1658608606047758,0.16168438917761588,0.15269335492030986,0.18254910847723965,0.1843353394228556,0.19336643492415845,0.19529519011033866,0.19983394711614405,0.20173611794355475,0.19768571996450807,0.1843274234398062,0.17931825370181753,0.18302136603988092,0.1796326900130776,0.18784718985157767,0.18381419641160124,0.19280547906486142,0.1909033548946979,0.18129258785834845,0.17069872508131148,0.17857199927049536,0.1739613540226223,0.17348808739368057,0.17218200261056527,0.17509554903459695,0.17453681351132025,0.1657760926681963,0.17470809265405843,0.17151380639379274,0.167519542804263,0.1697438291701118,0.18915468155006057,0.19446139803157453,0.19138237834242108,0.17497023047222415,0.16777452829556744,0.16286022456183807,0.15423792720320104,0.1602654575675659,0.16036829792908447,0.15375336866240252,0.15052466476221832,0.1554791174608732,0.15288849141812721,0.14776241426515127,0.14642428599636031,0.15852061275104265,0.15070369074958964,0.1541148980593448,0.15621136350121256,0.15973027029107073,0.16469924085127907,0.1665327486605124,0.1721959148288211,0.17871865092681324,0.1744272584057401,0.16950242606149218,0.1833587660373982,0.18482362053623672,0.17716970058756765,0.16805088477140065,0.170914128414691,0.17159088397786706,0.17214823076778255,0.163592631234679,0.15764882809572656,0.1587308826184616,0.16161607694166616,0.1687150667859466,0.16580787562575838,0.17746454537908066,0.16864914313017101,0.16739927768325694,0.16527929348229908,0.1553802212605482,0.15237598354808032,0.14855421928084797,0.15218807175938226,0.15458975571679853,0.15854027259764117,0.16086488261286155,0.15874926935647987,0.16693646354650712,0.16388785387751575,0.15693557928059623,0.1439269877345479,0.1537050853484645,0.16319489423085978,0.1671520384636657,0.16763572262692106,0.17450724476364762,0.1642378509861866,0.17255955941128687,0.17194345870469743,0.17248749670728805,0.1764658793192665,0.1811730697251128,0.18119775476536776,0.1859125451209575,0.18934008914855532,0.18986879341453242,0.1865500247816445,0.17818494131839122,0.17279482535021096,0.172451474903717,0.17471777405867844,0.19548408920839513,0.1806035239994971,0.1814369653642725,0.1815978344169866,0.17782791536748324,0.17569352047308398,0.18233385053601647,0.18359552835048082,0.18177657188826668,0.17728569523581295,0.1869230833483797,0.18347319579203517,0.18214993722066,0.17485332308047571,0.18104714490769802,0.17123199459880023,0.1760840449126196,0.175531329148282,0.16840323305935723,0.1779323420998507,0.17833906677828146,0.18427556643850387,0.18137668757405884,0.16912112917366115,0.18157994831353227,0.17811208177366616,0.1646107977597748,0.16729242640006395,0.1563030523245141,0.16599645874130242,0.17470981386981382,0.1782094103924668,0.1651115205963652,0.16669096299600006,0.16152693500572177,0.16329897614752364,0.17557736407432928,0.18602035044952506,0.1996605021018982,0.1928366080705659,0.20313504035420618,0.18261700250769938,0.16852913518835502,0.1736412898747365,0.18016424877425258,0.18504256187916412,0.17747283773216663,0.1765156479668386,0.17633180668834997,0.18952120824114083,0.18550062841791679,0.1943008497626459,0.20006885197244262,0.20026444510798963,0.20170410119572257,0.19318212690273626,0.19591255281098674,0.2045418524783117,0.2058385565271686,0.20516326587456504
94,0.004943986160017374,0.052395562020839614,0.12481562410891066,0.2381213019655295,0.30089008581795745,0.3342390982807346,0.3344863106828468,0.3471755730825212,0.3252950384501691,0.3458907004897868,0.35054501279565126,0.3577883105326458,0.3646582668979527,0.34816484357434296,0.3236050741312354,0.328593937850574,0.3399695803769276,0.33700589748180726,0.34167002194300117,0.3449782544419586,0.3383670018336717,0.321319674509101,0.31345906978743626,0.314105580659742,0.29521787901998553,0.29007602004295385,0.2799536457005541,0.2709941238694129,0.2686644594847353,0.2794839439706118,0.27084708805758256,0.2954103418916236,0.2873625492708379,0.28080786492735643,0.2792044552322838,0.2780137284916852,0.2765040292733307,0.26935169683473503,0.2711247034791659,0.26058099109142474,0.26488405094691264,0.24989705484435235,0.2553770079261673,0.24624986588256928,0.2481549887455213,0.24562980473249177,0.23632566771315833,0.23659036276529516,0.23714684576087522,0.23040421843055442,0.24175798764616455,0.24607602851735738,0.24161928816184106,0.24516846294539024,0.24431830181544123,0.24615483680384811,0.24774587582411076,0.24168671187928958,0.22937813946323599,0.22647595148001534,0.22253511282232924,0.21289584333935596,0.22305220510961174,0.2192133844800431,0.24678978279714792,0.248338160786296,0.24484558645951515,0.2410885661100433,0.2416869065881313,0.24554522040210688,0.2440917699369262,0.2603554014539591,0.25534875929562323,0.24625334861832357,0.2522923806379676,0.25441505700185746,0.24965329543117004,0.24677462019742666,0.2462495458943723,0.2504100686038447,0.25507199076606724,0.2559089071471513,0.2593208048004859,0.2677170126992716,0.2632573572627282,0.2600313216761073,0.26248382458573827,0.2548634658923256,0.2564345124320421,0.2573400077929202,0.2565682371146704,0.25253252484597444,0.25095989987756095,0.2502487081482229,0.24860034000199036,0.26113062460614644,0.2596822188217401,0.25805783760175593,0.2577002170798654,0.25713263246433693,0.25582782404638027,0.24187683347487596,0.2478262357309139,0.24909472280273612,0.24196207888329396,0.23211626473316915,0.2279971543248401,0.22248946665339642,0.2198266830688711,0.22020784213601327,0.22391616695685063,0.22476820003547407,0.22073283703829574,0.21937414160110782,0.22752404970689585,0.21845083245215452,0.2214589323343102,0.22123750876944462,0.22768234132787718,0.2358148904503005,0.2386478568017046,0.24389754246423404,0.23644008807918926,0.23526501438859548,0.23330307822896595,0.230895604414918,0.23056740071321283,0.23385186469433886,0.23546040763850284,0.22830529327846386,0.22458728754460797,0.23612614339694654,0.23018742023659514,0.23618009737025678,0.23218278007309695,0.2341296440142341,0.24814408033673324,0.2528874040202601,0.24628703305579053,0.25242787790725524,0.25546442249834983,0.2620498977710232,0.2528600423866704,0.25029921782202197,0.25550169644752097,0.247951652110802,0.23666088957425963,0.23390811233877176,0.236182337802755,0.23418668326115996,0.24322320757098667,0.23868821933832748,0.2286933892114578,0.22019903837859295,0.22189262229201087,0.21719079999192828,0.2179631117396813,0.22300612312105725,0.23087367633122746,0.2364054430031396,0.22656268634253224,0.2235550793808282,0.22418917218219608,0.22474155966791248,0.22405573521787048,0.20680582348426932,0.2134067702104425,0.2142628114919927,0.21587448776453302,0.21712819844741815,0.2143430589581265,0.21023225341443966,0.21835498516131985,0.22134919159014652,0.2189053264282316,0.2160118739263892,0.2101230235897561,0.20885593687887138,0.198302341452896,0.20248780880885742,0.19617546522767979,0.20240329761925266,0.20577098138186556,0.20729461230978452,0.20932026684933233,0.20988050805454062,0.2093590339330917,0.2063930775963798,0.2163363541666804,0.20799483448730569,0.20269993311536255,0.20414881049557723,0.20564783712556875,0.21012888862832674,0.21146993666391103,0.21136767921693522,0.20973462619038277,0.20166892175868642,0.19401451394017738,0.1979079349766139
95,0.004158543095364584,0.07714254014358123,0.14262416898268077,0.13005184441817158,0.14952198423420138,0.14718909183174203,0.14975736637125572,0.14470277599616493,0.15086809283275127,0.15456373050069724,0.15571902133895393,0.16042404312997632,0.16044074961224764,0.16484438543425092,0.16497196207328868,0.14986843934959146,0.16542818568573842,0.15622389687463076,0.14807515234194432,0.14302306045921528,0.13912615012765828,0.13921835205034536,0.1316523408835318,0.13903028973269368,0.13224230279643426,0.11905538680159765,0.10919504575949278,0.10224522456332269,0.11577970330768285,0.12473765046359098,0.12893649491103484,0.1108157720794889,0.09483668050808046,0.10773093988361605,0.10010741777017888,0.09364640833249575,0.08982228897759452,0.08676205687796561,0.0858592792465115,0.06975056914426282,0.06341719629418095,0.043962993818582714,0.052219832742844856,0.049202487342994754,0.039492779931804806,0.05285410578924049,0.0528389628534671,0.0482220593419283,0.049988154561144985,0.049229381927678076,0.03835882870256136,0.018890090245971485,0.02506984459872506,0.030359437232859297,0.020854636926564016,0.010631102019445737,0.020268604636700157,0.03032006788543538,0.036794555818675016,0.029484884314182707,0.026570694017434705,0.03736847851075509,0.033759729728012215,0.028553730836191626,0.016740100110678294,0.017145224044077746,0.025853950543979508,0.019032150755161965,0.030610110268184994,0.048883979033434596,0.0398978671492173,0.02503440694754884,0.030362174178987393,0.04613642817752618,0.04662026296251656,0.03787745535542981,0.038048250789596866,0.024849182054466498,0.026980701822162514,0.023369567900164152,0.02443179564099565,0.02594156783966282,0.0279368814783213,0.010676419795838112,0.014187888584525082,0.010458054522399389,0.01877732850442246,0.018042118436318047,0.014005236984553901,0.020761330692278254,0.015794261229641324,-9.530449069727675E-4,0.00906320256010116,0.004788694416239431,0.0037111851316193184,8.780465817802851E-4,0.008077944920955314,0.009780724605287412,0.0029369919866059995,-0.0030436642733927075,0.004943937467936266,0.001964443994926082,-0.003504021227031074,-0.010367171792137126,-0.013896427076162603,-0.017490050374116453,-0.023586089877077318,-0.02407348058722918,-0.031677931739416354,-0.031624899281973755,-0.03342681878813798,-0.02648848395494636,-0.022121603846233406,-0.029497704500294774,-0.028916957090018354,-0.010419451619639208,0.005145790564646738,0.006963498588274822,0.007407773449399312,-0.0038334388646773876,-0.00491345819777695,3.885402912860159E-5,-0.01111669592302761,-0.010598942141897877,-0.02236916709465037,-0.005997330607178033,0.008349837839330488,0.011020538881831266,0.015710861481715105,0.0224443107762858,0.02660475409761557,0.019202845372086056,0.02020152936915557,0.04009278764958876,0.03475200420488524,0.03814305050326666,0.028689785961455775,0.04089168485051598,0.03941129480386907,0.03321137243159568,0.020040644996777615,0.021407695377640132,0.0275013077287473,0.025992018813537462,0.019281629484181603,0.03511007024901217,0.02521846863591076,0.022765423631833984,0.04723367086743084,0.02733557188892883,0.04105217885709897,0.03953650867950296,0.02700772703400251,0.03288250279069611,0.04083648604940548,0.054396441605747956,0.033355379641363245,0.03913144631044389,0.05115247110352454,0.04365310287225288,0.0495768908285738,0.04814837613604432,0.051157214029813686,0.035126821614707995,0.03172762273950208,0.02959454124285827,0.02919536769877132,0.020537109542083917,0.004438314766698006,-0.0017655840353516313,0.0034313085032193387,0.021099675561997183,0.010941847892628986,0.017879498507366132,0.0015657324143185864,-0.0016650988345487262,0.0025362867715655823,-0.0030494053474804184,0.024496912653880702,0.016501048109012678,0.0269535410947802,0.02121842075436501,0.01840614020106245,0.01652536718732368,0.01994043694200039,0.008529841558473196,0.01285338793965674,0.013189176996391985,0.011676773405061246,0.01808964708538647,0.013523057455183323,0.016201956715331027,0.006524122531897867,0.008385200972522305,-0.0010252819055852627,0.004006017743642692,-0.0015671082230022135,-0.004411496042721778,-0.009939316458310211,-0.014947048259336862
96,0.014098054147390333,0.06693913150649934,0.17531210799233285,0.2704418482548789,0.3159501461457381,0.35860724690254864,0.3550705453065216,0.3575972005563719,0.3494264069522539,0.3614089194112042,0.36317254698988377,0.348373369385109,0.3471314265109166,0.34682274664964363,0.3427703613197332,0.3547372798070508,0.371585791017182,0.381130165004982,0.37038536805107364,0.3635658261404764,0.3555211669857664,0.34714755685044,0.35093664472669994,0.33163682582003906,0.3426446010894905,0.3520652819254984,0.35115483139642456,0.3315251014591887,0.3342642206852549,0.3449520571657587,0.3422371396738544,0.3518663841976681,0.36354622477887993,0.3663195552031216,0.36133016626181635,0.36206625664352265,0.36523909325953463,0.3618754560091622,0.367729069124433,0.35924220839792986,0.3601242749730489,0.358190371120245,0.3718126168135082,0.3674509019462686,0.3674234565567939,0.36768358859283984,0.3628503301830527,0.36995624042471037,0.36273882511657957,0.3678030441929181,0.37407440361466743,0.3596000810660183,0.3519441190899765,0.35370746131556546,0.35074381839333035,0.3481722440664437,0.34051403251630885,0.34191297550561695,0.32799509702730023,0.3303553112701115,0.33020383088991173,0.32763530902986504,0.325773048116312,0.32334154270645693,0.32181378991501963,0.32744444990019084,0.32045352600564664,0.3106011762834061,0.3150168918561955,0.31647209574607077,0.32631411146936984,0.3285150162091622,0.3280053294325228,0.32498726661145966,0.32977472407178565,0.33131274538331085,0.3418048645519001,0.3440443603492615,0.33753018752259867,0.34307572212229503,0.33415616413684923,0.3427040209152877,0.3362100047852647,0.33150226829617757,0.3312958108076595,0.34616930274831703,0.3454833103429786,0.35673366041662596,0.3590729369562883,0.36097878444209125,0.36443682177645387,0.35317922317852257,0.3407565553733737,0.34121749333692025,0.3403994170369369,0.34711933431811587,0.3416019355059899,0.34046101777234744,0.3519358954256477,0.35883028711143494,0.3541279136687174,0.3547533488212743,0.3566983327850841,0.35090455424758515,0.3388665876098021,0.3296316636639423,0.31831317250069224,0.31380093245765506,0.31047527342420084,0.3101151294740198,0.29933782192462377,0.30666342311884964,0.30728174017423415,0.3051945779436836,0.3069970075439928,0.3032914991942003,0.30861479165175687,0.3148318308047917,0.32185078490090674,0.31344493559956216,0.3127864884151841,0.3030877523290127,0.2999098183680863,0.3101224717109761,0.312522799680506,0.31136485279176257,0.30313985541607597,0.3137734334056202,0.3098573512438364,0.31513668996869465,0.31483838902509204,0.318241693954698,0.31866578505241505,0.30961460768703053,0.31035299104900493,0.312932874656729,0.30481242737047576,0.31054983139164455,0.3107106403626809,0.3147811954077559,0.319379989801238,0.3190289055821125,0.31184271090347937,0.31931224122541646,0.32051688347946233,0.31656667341008643,0.31589959935623424,0.3201916302765013,0.3124992245341441,0.3137140355368817,0.32055291375994494,0.3141074340827931,0.31792574435186227,0.31917751530366684,0.32066707387305626,0.3106024755211728,0.30860805720279255,0.31505318240079594,0.31166521590386825,0.30838505218242906,0.31412767401891173,0.30309560417724757,0.2947291483156761,0.3080948276571646,0.3088895095398245,0.30791248529441456,0.29582433594672347,0.29137322894146445,0.2868267088975692,0.2947026796347393,0.2894068911176195,0.3031410639109884,0.30311691193812335,0.3006879713855539,0.3010616382216656,0.29467089044624845,0.3076937994651232,0.3051920604671087,0.3047588928880056,0.3032777858886997,0.29384086709776774,0.2961192034059348,0.30426803771763145,0.3051567836003807,0.3076890220786722,0.2995492409131069,0.30435395946002436,0.29766434974567857,0.29346209017917674,0.283034248871659,0.27690096285213206,0.29074738392112176,0.2877526657638195,0.288797462557379,0.28074236841862166,0.28313715900744496,0.29273732140372144,0.2909423620529741,0.29568062196452755,0.2990637494373196
97,0.012188114165546483,0.04194666670267831,0.12992032319365085,0.21068771675075504,0.2954565986583486,0.3537205742177212,0.3434127481843645,0.3705810570050089,0.35521534850574477,0.3564847308856817,0.3545505766844787,0.36510465109304435,0.35637309216394797,0.3584654835587295,0.36147278037299463,0.37073988256300533,0.3763982789199955,0.3937107341427506,0.39496475751280846,0.3957018520519947,0.3910521671886676,0.39930530300303885,0.4021203306515072,0.41614685045984956,0.40747680485020177,0.3995371688520119,0.39046456293709525,0.39451883251226055,0.39905991633907206,0.4027839255934168,0.3894158396163014,0.39049756676692005,0.3927899862810248,0.39668272993471815,0.392883106641606,0.3932355741404278,0.39075260820146646,0.39293449379334755,0.38880333430177716,0.3940828097616882,0.39808824783915175,0.3883359942993217,0.39421379221953023,0.39474754697453096,0.40955534965533175,0.41603350157320457,0.41545841212373474,0.41784664346769845,0.4184328079479694,0.4098615606251749,0.41174830826067826,0.4250538122590134,0.4266950883198066,0.41512880701427834,0.4110256365725407,0.4095881911746956,0.41683411126628317,0.427968367359536,0.4325302438972058,0.4284239979098195,0.4250472939886981,0.4214570988388943,0.41997014207258965,0.4092466745941518,0.4043968133760302,0.41191074053119453,0.4173833246201284,0.4151035922874861,0.41010397586436825,0.4107207395349162,0.41943828928709415,0.4183917365132679,0.4132962123918524,0.4044216645502483,0.4144471040649062,0.4156558032377542,0.4079956835993952,0.40800943515843563,0.4130467340503076,0.4097156968217479,0.3975233885203817,0.40238211058508727,0.42305893687485735,0.42150151546176945,0.4177997514349576,0.41738880527586125,0.4163127129102684,0.40825700030780654,0.4069594459385265,0.4136288583426497,0.40621942805545275,0.40381311285313926,0.40230106498620544,0.3977883067748762,0.40199199829073157,0.4028569480092922,0.39863952149486814,0.3992741406676626,0.40121032540087526,0.3961692750941655,0.3917864411207197,0.39099593642529157,0.39498685948834766,0.3987360650776777,0.39788294932509033,0.4032597840165263,0.4007186163542363,0.3958561719313272,0.39339800060903213,0.41074163731914426,0.40393541987052406,0.4084473919205089,0.4082829648275381,0.40528900019019715,0.4113458491041336,0.40649809949628507,0.40956566877480954,0.4013781137845209,0.4019533727802693,0.40229542960778225,0.4053523740400571,0.4079283266642488,0.40718304184576504,0.40486093170019294,0.40807578383127713,0.39941645576042356,0.3994627699625645,0.39667895113031143,0.3928316886956631,0.3956064678735827,0.3906348275965527,0.4010748803611861,0.3966458325309952,0.3934341747659856,0.3992334929715024,0.39950248940008537,0.39306425596588324,0.3849744785497591,0.38733263397897305,0.3884515864364147,0.3946922946353791,0.39786067400823577,0.39098746441890236,0.3859826383760801,0.38839139413003215,0.39810920062455735,0.4089936337999177,0.4113571252038245,0.41593789660496716,0.41968719158847817,0.42071238313360615,0.4193196807849642,0.416544731849862,0.41817615160868776,0.4219748154272846,0.4292771577639279,0.4265966192464327,0.42907948705901444,0.42559947787305263,0.42153907801389,0.4216563104828581,0.4176434969979179,0.42401392164133256,0.42465651696302326,0.42956189771332254,0.4245235893154954,0.42788141970581095,0.4268241851018745,0.4217891288881539,0.4265105382627948,0.4276727632731853,0.4272741841430808,0.4232195165398897,0.4218895605531356,0.42146760136087236,0.41915286647186256,0.4125120656646836,0.41150593772625593,0.41226478268026284,0.4105176136047037,0.40251117200302344,0.39514132648911193,0.4028400262886123,0.4044911621234324,0.40835013815420174,0.405160891603106,0.3927339557660555,0.3886005033167803,0.3975943932374698,0.40679758411632894,0.39628787189818043,0.4062131159963427,0.40359621866119283,0.3980824573892908,0.39326929645833986,0.3942826297239453,0.3987431908477441,0.4014133037006151,0.40301718985651774,0.3978819072764244
98,-0.0034985670315518165,0.019970830577968026,0.021954659314311478,0.039459679934869124,0.03966977868374901,0.054563921241997014,0.050215790939861754,0.038609242253461844,0.031201296521380536,0.03692023697952615,0.024149039479988952,0.010457735352900724,0.03322977522093067,0.048321937396295055,0.0584529043819421,0.0807907567080826,0.0918881046486611,0.0978682865112367,0.09156299825169752,0.08876532870318382,0.08562337898143652,0.07569767438444415,0.07831054807478785,0.09559986602331136,0.08549118838632994,0.08919032014508474,0.08731116356520227,0.08093665668764569,0.07415164001357331,0.07579015309456852,0.07649201784861831,0.07081802834893483,0.08119167680690408,0.08925350097563334,0.08172514807374127,0.07367897098677245,0.06939541220022685,0.05939282747237227,0.06472171492733353,0.07590769520910867,0.08430894786282545,0.09910383974508713,0.11051989312165963,0.12394850828805161,0.13542673381706904,0.14235355999640611,0.13274208746754332,0.12971466231623163,0.12083700078410457,0.09085695607114813,0.08816956496014594,0.07855653320210024,0.08181796816383657,0.09102998693728959,0.08781186117262144,0.0778162732120723,0.08510420983347788,0.09694890155291301,0.10536945490163069,0.11503459028783487,0.12298441144817338,0.14622406151256312,0.1307382013733062,0.1400549468814383,0.12996799592420563,0.1326962628452809,0.11726661219081792,0.10993946661237723,0.10586210417208325,0.11240760585044768,0.11129806313794863,0.09816785963457711,0.11295871965933957,0.11364914248898758,0.11028772130557973,0.10706335921287481,0.10677135434043102,0.1061663763514289,0.10396148342921986,0.10573245028930499,0.11130364548227827,0.11588897119192121,0.11206704293375523,0.1254184688839973,0.1336139369856833,0.1430591178001304,0.1101452140069867,0.10900820389412848,0.10642080849768472,0.11630539856999636,0.10413728000682858,0.10192360202439117,0.0942710040502563,0.09616991963599374,0.07675819446312127,0.07321729490741018,0.06612367110916009,0.07460315601478672,0.07575821204913169,0.06138948623619278,0.07032853264309305,0.07406510335268363,0.07277567740471749,0.0690984751708113,0.07690471352971237,0.10649595207968629,0.11494442006705258,0.10714234814734518,0.11551683254846959,0.11553271510642749,0.12291972622707638,0.13342941704422212,0.12934781731899203,0.12595839032000827,0.1213504420981109,0.11703368800360675,0.10743100959164076,0.10595117887792042,0.10524413527410617,0.09770027001269277,0.10724679130850076,0.1228787978086416,0.1257193166137685,0.11901493274627858,0.11190187671102253,0.11281619165096998,0.10906015522629704,0.1132824197732708,0.11333883575841151,0.11235756801246839,0.11472921867493334,0.11813919380426915,0.10605799214084238,0.1094472644189606,0.10501449259611081,0.09537287785815916,0.09054974488325616,0.09234268289872577,0.10276795653180269,0.10883816272132872,0.1167601059792316,0.11799224739306988,0.11079353152223512,0.10360078841195296,0.0904994990023654,0.09063923953166528,0.10903286356760429,0.11226624809417973,0.09536559645353666,0.09392072302706661,0.093467438840271,0.09390701819889906,0.07849700711912394,0.08686540522461826,0.09481143775876227,0.10005985813555532,0.10491481493058297,0.09482646206945815,0.09463400806608506,0.09588526966634454,0.09405711428407516,0.10377802617949897,0.09468663897343907,0.0788538235999959,0.06429468174752416,0.059506710580525146,0.044221177108159176,0.05131733644996055,0.054357872257250556,0.061552195320982904,0.07265771352384029,0.06808813108428152,0.06613280041424484,0.07910047586841105,0.08184483752799465,0.08147358156712114,0.08092240534329545,0.0809198332806642,0.080784944077273,0.07554561052074202,0.09011217785211141,0.0950401763456051,0.10216007869549198,0.08347477725664064,0.0695919938220504,0.07428417412972659,0.07119152550779394,0.07759165153383543,0.08947149980726886,0.10263416168445225,0.10479396319273279,0.10874665354846604,0.10722524513797634,0.09864992022085378,0.09022692321164875,0.09337099504642228,0.09842224660290158,0.09989112196555418,0.10298775221523311,0.10800081436724071
99,-0.009694975343455365,0.07586607033155776,0.13527052050850716,0.16912531199838934,0.20294994352489493,0.21612562377348726,0.21739879684149177,0.2317955191093916,0.22906511060970128,0.22885847446651467,0.2380532800233064,0.24455903552229194,0.23057986753594267,0.23373513879551108,0.2268618387104814,0.21626579472664642,0.2104988389829888,0.21919314609640037,0.22272110205504553,0.21156584477930945,0.21506720612279903,0.21405355056743644,0.22131682659441584,0.23793893467365076,0.24440530697473825,0.23303052996482237,0.2453682669515988,0.2447672496524303,0.24780440666569212,0.2539059886576838,0.2506996056675029,0.24975797679922274,0.25081571968526883,0.24637334858930068,0.25042022476378356,0.2595945152590243,0.2577311813124709,0.24994512520575657,0.2574750112846512,0.2653347137595103,0.26252998599833505,0.2589744858274021,0.25966423358118335,0.26708314780051656,0.255259767770369,0.2528607812823487,0.2527391805073053,0.2722100686936828,0.26994153508381313,0.2908551727821147,0.2851422613511468,0.28519570246566905,0.2777440489629413,0.2808077498691428,0.2918653413358017,0.29974623026296043,0.2957047180351975,0.28692021041734395,0.28751924438128595,0.2883916459241486,0.2838743462857049,0.29060841943750226,0.2828743146943544,0.2848526473832133,0.28005540104195786,0.28146841358443603,0.2753886182253078,0.2645959988371478,0.2689406649183953,0.2665843703784264,0.2655508718141542,0.2655188740381195,0.2652830326468404,0.2811084343571374,0.2806331206847157,0.2748510372469887,0.2688456565878786,0.2775098129282497,0.2663010159807921,0.26599625197872373,0.26003449044389204,0.2590639896197596,0.2568477803560766,0.261006010400265,0.270036920628215,0.26385852045775676,0.2664911113331754,0.26413621601682385,0.25886097893528004,0.2643153975756452,0.2721123364257179,0.2687894715703942,0.2593956023101956,0.24957560358140143,0.23944985621592757,0.23478038608798246,0.23780884326604948,0.24199228588337082,0.24974809209469792,0.2565789612938325,0.25405124856921774,0.24654924657020186,0.23673043624224271,0.22844055420597278,0.22817015986555222,0.22411891635067782,0.2199839015034144,0.21628794303720586,0.2158894992194253,0.22666973278697355,0.22557313242597898,0.23412180976611713,0.24556967330555357,0.2434301807017662,0.23822917220430553,0.2395533486276366,0.23694106387571828,0.2325460498012645,0.23005125937921714,0.23462893321116207,0.22971479835489517,0.21658062106498463,0.22261996872717227,0.2324628091954219,0.23002890010678276,0.23355404505660216,0.24057005702340384,0.24162589607818455,0.24301393465227814,0.24896081112760332,0.2526231400800177,0.2499668007862223,0.24622101137827052,0.24387655253113266,0.24269483056731958,0.24860815907015119,0.22751459020706688,0.23610460383710236,0.24151097364012883,0.24931356190461387,0.25464770948678,0.24998833616793875,0.25203619143961115,0.25484726451934137,0.25815373902005345,0.2528595782054239,0.26875226142750575,0.25381874825225803,0.2462134540203297,0.2554868392558121,0.24291667354902421,0.2525789439295969,0.26043291974226923,0.26335805125491857,0.265224476328051,0.2636232396313336,0.26331634759975164,0.25364948461966996,0.24473150771316948,0.23960091909185763,0.2299253398266756,0.22795955251784053,0.22419573152842193,0.2255327082788511,0.22574529689300668,0.2335005187632452,0.2265967962421254,0.21893456846044693,0.2234733477694629,0.2115261976268704,0.20970974115732466,0.2074358449132818,0.21506325964861428,0.213208607392276,0.2067703316176891,0.20453517703477606,0.22709482441609638,0.2229724130738299,0.21138231978024127,0.21769790755179236,0.21644865743602748,0.21266427855322587,0.21631363122547176,0.2195615870580124,0.21976328141508386,0.21354285652691601,0.20675704726468658,0.2023365460549783,0.20048618713622063,0.20922080226204062,0.21892016993977603,0.23278134193486064,0.23197740429536862,0.21817825143486771,0.2235783512603059,0.21487276402772384,0.21163434973300896,0.21237179509448587,0.21539310136098333,0.21195239056039078
