id,intention_0,intention_1,intention_2,intention_3,intention_4,intention_5,intention_6,intention_7,intention_8,intention_9,intention_10,intention_11,intention_12,intention_13,intention_14,intention_15,intention_16,intention_17,intention_18,intention_19,intention_20,intention_21,intention_22,intention_23,intention_24,intention_25,intention_26,intention_27,intention_28,intention_29,intention_30,intention_31,intention_32,intention_33,intention_34,intention_35,intention_36,intention_37,intention_38,intention_39,intention_40,intention_41,intention_42,intention_43,intention_44,intention_45,intention_46,intention_47,intention_48,intention_49,intention_50,intention_51,intention_52,intention_53,intention_54,intention_55,intention_56,intention_57,intention_58,intention_59,intention_60,intention_61,intention_62,intention_63,intention_64,intention_65,intention_66,intention_67,intention_68,intention_69,intention_70,intention_71,intention_72,intention_73,intention_74,intention_75,intention_76,intention_77,intention_78,intention_79,intention_80,intention_81,intention_82,intention_83,intention_84,intention_85,intention_86,intention_87,intention_88,intention_89,intention_90,intention_91,intention_92,intention_93,intention_94,intention_95,intention_96,intention_97,intention_98,intention_99
0,-0.008030704448137223,0.008692249147560636,-9.210635373596565E-7,0.01818457556863201,-0.014855947815435788,-0.07322590284159772,-0.13953459560246037,-0.19599679455191588,-0.20998086793049414,-0.22505114367439535,-0.26222753353096556,-0.27837845521386606,-0.31746664500762267,-0.342677051703321,-0.3728440093625571,-0.391764887372394,-0.4103709832172057,-0.43996898996580663,-0.45198096051102565,-0.472075045746137,-0.4830638360398838,-0.49197489215605317,-0.5054609859715568,-0.5240916602216411,-0.5296964476980753,-0.5444383873862416,-0.5477499827129904,-0.5487085234851663,-0.5473899487126789,-0.5602671951260308,-0.5585853796075271,-0.5671852932621555,-0.5786875128914355,-0.5842748004066819,-0.5938012355534429,-0.5926880573722999,-0.6061611514151379,-0.619514052223201,-0.6189159660707945,-0.63319173678372,-0.6391986797254297,-0.6482194259211954,-0.6567195169456117,-0.6645682374975312,-0.6579999105700903,-0.6628946543261653,-0.679531025470219,-0.6755641457058482,-0.7010140741904558,-0.6933019427690889,-0.6974635552942173,-0.707454141116556,-0.7095944547160865,-0.7086684728453203,-0.7135097182062288,-0.7108366391709942,-0.7140204231593139,-0.7090878237249982,-0.7059766908444292,-0.7056185239247063,-0.7041948065676769,-0.7057212555003309,-0.7068883688155703,-0.7089249114031584,-0.704541554534406,-0.7034578370908902,-0.7060625973833574,-0.7028754362986885,-0.7104013928954218,-0.7156957491079039,-0.7280280548456542,-0.7203412670991431,-0.72144868486325,-0.7242146968217269,-0.7314246574061797,-0.7328567099406116,-0.7330268887813601,-0.7316946204037268,-0.7287387108753669,-0.7266053239343694,-0.7269225316272887,-0.7391926400307289,-0.7510725354355563,-0.7535058287302224,-0.7499254940924552,-0.7443258096942698,-0.739414378545212,-0.7423465558025514,-0.7431366579664755,-0.750550714258995,-0.7550969699336875,-0.7537426257806783,-0.7554220272766385,-0.7496505924581699,-0.7520243237192471,-0.7586040216133406,-0.7604907399608877,-0.7664892636501492,-0.7641390325994604,-0.7606721496095126
1,-0.0022265673938013856,0.03091126808730346,0.04847774002122458,0.008435015155508891,-0.00445551008673069,-0.10147134053867138,-0.15033935087926917,-0.18824181063683806,-0.2048726435760731,-0.2634739478282422,-0.298995327095119,-0.3162180779331879,-0.3357167186769572,-0.3462849815891192,-0.38718476091952936,-0.3999457904095831,-0.4277851852930486,-0.43200416103899575,-0.4463282213218468,-0.44797625697381904,-0.4765705142299662,-0.4878880619612715,-0.5040080528931323,-0.5148557197265705,-0.5359167733518673,-0.5433317853914384,-0.5537570324105571,-0.5746940680129938,-0.5838184352020661,-0.5969499348544863,-0.6014888086738427,-0.6087411947375413,-0.6258083832645375,-0.6293074069752972,-0.631808784263518,-0.6411223707434229,-0.6588667945459338,-0.6614981961459974,-0.6702608481697624,-0.6821405778460842,-0.6792504905655783,-0.6877516501109184,-0.6898077661606277,-0.6880371520975003,-0.6938219860230448,-0.7096213422931743,-0.7141428080024406,-0.7212207777047237,-0.7203438774264025,-0.7263481342595444,-0.7275215222938545,-0.7255240929012581,-0.7249492199053071,-0.7352755813995502,-0.7452430863450904,-0.7540851377446601,-0.7609845165407695,-0.7688463089569134,-0.7746561806011285,-0.7748115044963133,-0.7719907324688957,-0.775239729484351,-0.7804184432545227,-0.7794927289682257,-0.7770370303656925,-0.7667444899174367,-0.7687910240801531,-0.77105846846117,-0.7701721797354015,-0.7741508748685841,-0.7780885328145293,-0.779240540677294,-0.7813479878727702,-0.7784347941545652,-0.7826446275513825,-0.7852103478141546,-0.790129573469326,-0.7877480126584631,-0.7979648689052722,-0.7949886980773343,-0.7969524390861118,-0.79854789775612,-0.7957034821281751,-0.8017492998462071,-0.7995069613998029,-0.7941359289256735,-0.7913472157700405,-0.7977695739345052,-0.7973850340047821,-0.8045708195423719,-0.8083871411207468,-0.8115569136048139,-0.8117129818407572,-0.8100779506677412,-0.8144918251096057,-0.8076501556061129,-0.8094331196075796,-0.8123774615711445,-0.8180142962335364,-0.8195288312208304
2,-0.012409386424847098,-0.018089779776896943,-0.0049342909986784325,-0.020417838205691277,-0.014168455959659937,-0.03044637978682993,-0.06961382970004144,-0.08451014407561992,-0.11178105485243778,-0.14928424968706142,-0.18026292765756693,-0.21860243625981848,-0.24535709089016403,-0.2700655780045242,-0.28828980522662906,-0.31392465219591464,-0.3132810217809731,-0.3205763505272388,-0.34494096552728093,-0.3653074990038013,-0.385811418303808,-0.39384072587595786,-0.40577752565961206,-0.4165985073555782,-0.4356342341294943,-0.4564489478264799,-0.4704410408866928,-0.4663072637340103,-0.47265610818535436,-0.4849678033993006,-0.5064635256112103,-0.5099934373745514,-0.5231680219213743,-0.5366976169173859,-0.53517128212876,-0.5555532657689249,-0.5734765377069996,-0.5973813476163246,-0.6061095965060317,-0.6183701475664252,-0.6244298195287321,-0.6285877948543783,-0.6349699362284889,-0.637473027429837,-0.6263333141846059,-0.6385040790935779,-0.6497212007107804,-0.6554902139324917,-0.6587050576856247,-0.6574347842862509,-0.6679462854669953,-0.6746646668466495,-0.6806699398829024,-0.6813023019474115,-0.6825366688903849,-0.6859858191143903,-0.6908794725452035,-0.6918613974091238,-0.688530319502335,-0.6941895015798714,-0.6993996934450191,-0.6984957976235865,-0.6947671993741872,-0.6973237827057989,-0.702877194598905,-0.7053714040952447,-0.7091095390160638,-0.7150948322119541,-0.7116813775973877,-0.7058806923222842,-0.7072496351883426,-0.7052080841555991,-0.7038897429878032,-0.7044376936567818,-0.7111796828914982,-0.7091194100839945,-0.7038153753887794,-0.7057327440055999,-0.7045933583908612,-0.7085124903518902,-0.706557542183493,-0.7130489189661795,-0.7142108908141276,-0.7150400481874553,-0.7144969722798092,-0.715078445148737,-0.7121132717658285,-0.7181245389582156,-0.7199297589744602,-0.7172143755526028,-0.7231113577149033,-0.7224702166186734,-0.7225497910064513,-0.7185051304386019,-0.7276557595675629,-0.7276815574218568,-0.7248800908664096,-0.720077774082873,-0.729110097613776,-0.7309540848890131
3,-0.011701298196335329,-0.0049197299471379664,-0.008060868186900928,-0.0028460395871298338,-0.016244328455124066,-0.03406661984679488,-0.05954529057352197,-0.079267047409327,-0.108017775128294,-0.12557491230407175,-0.16236288246190295,-0.22576146996349497,-0.26410582269590605,-0.2906722477686995,-0.3167555645618114,-0.3289053716197143,-0.33966201978226,-0.3620938967977618,-0.3649848219203193,-0.36925025151796675,-0.38511698903346214,-0.397016153549309,-0.410415740848388,-0.42051738106647507,-0.43844819126388684,-0.4382925784844506,-0.4511398660413871,-0.44814541572462757,-0.46246279192815104,-0.4528365471302896,-0.4673073797168974,-0.4850373070611468,-0.5064659763655334,-0.5224631338359742,-0.5331265705889977,-0.5372123173029624,-0.5427868077276695,-0.5560224260081584,-0.5650746383723901,-0.5637170356238286,-0.5693705238155463,-0.5721560615466057,-0.5750008982432628,-0.5896270647343533,-0.5917033140506663,-0.6031853684067974,-0.6048476494590124,-0.6017997922050083,-0.6010823338400387,-0.614637003078186,-0.6174557184419908,-0.635268183330884,-0.6277019443323855,-0.6280352633112135,-0.6274098881571375,-0.6418963085953139,-0.6500444550546068,-0.6510610605353473,-0.646666887907339,-0.6471619646339671,-0.6540466000493582,-0.6573560684269864,-0.6596933717141765,-0.6680689649426825,-0.6743402952882812,-0.685392483137389,-0.6912075967839852,-0.6980165639033925,-0.7072915678685741,-0.7070345356583871,-0.7100265492920097,-0.7019408439279192,-0.7087741203937874,-0.7067963957789702,-0.7194739054978389,-0.7219499110730951,-0.7235822394746075,-0.7307104504223589,-0.7206478139392357,-0.7268267206504256,-0.7323326721612305,-0.7421431984002127,-0.7434859121747253,-0.7466667924123661,-0.7641689929040091,-0.7669739163017063,-0.7692555106182016,-0.767561216519076,-0.7737958718557171,-0.7619748521122736,-0.758920072143173,-0.7630751845463081,-0.74521088457427,-0.7387513541555896,-0.7350562316465666,-0.7337110067938254,-0.7320713926548224,-0.738710205077649,-0.747207296915428,-0.7533356562813128
4,-0.009817828807753441,0.039725636859317646,0.06523128200901321,0.044225905354732316,0.01879998918751155,-0.020523560890828848,-0.08349521076406105,-0.13857018498603524,-0.1482374970229889,-0.20276689673537757,-0.2280046601053144,-0.2563826263592903,-0.30464481395695464,-0.34711392929246104,-0.39295224648765775,-0.43650308225716017,-0.4586815529651013,-0.4756102872691366,-0.49641294206053393,-0.5102001526412157,-0.5245339496059593,-0.5486120512821615,-0.5716326365908587,-0.5960596831143588,-0.5975492516649841,-0.6133962778943272,-0.6195573195261176,-0.636818697578082,-0.6457795440858526,-0.6540512312944243,-0.6521063853586193,-0.6676629006193815,-0.6729141789986918,-0.6883099268490079,-0.6858423399197917,-0.6918718867406934,-0.6960626657738551,-0.6978019754564078,-0.7058659154879487,-0.7108794529755541,-0.7187264924678424,-0.7274929245822687,-0.724572615201435,-0.7228031995746527,-0.7283814740827254,-0.7390361600495671,-0.7368562102919234,-0.7416560446526126,-0.7567516837737135,-0.7812932828864035,-0.7824053381342193,-0.7838785481454253,-0.7851983017185437,-0.7896413224961445,-0.795518515078028,-0.7950701547300482,-0.7943348712963911,-0.807346326995843,-0.8064198674252048,-0.8087189826440955,-0.8145429182801172,-0.8168477600278394,-0.8118078177644541,-0.8098745244540084,-0.8072865324095436,-0.8102320030058031,-0.80601752951593,-0.8124798627029917,-0.8078223089602357,-0.8026626398219531,-0.8019563752728327,-0.7961954709269261,-0.8033933573286944,-0.8078361572351231,-0.8069299792860494,-0.8131387949355012,-0.8125473069262157,-0.8178644416521854,-0.8150885442097118,-0.8174391515967742,-0.8165911555602143,-0.8210512179510668,-0.8222626216198381,-0.8210147155138706,-0.8264661249081909,-0.831305239270974,-0.8327899828113169,-0.8248619431824816,-0.8247552509840673,-0.8388565773900852,-0.8354474312125058,-0.8420023423593651,-0.8430133768251105,-0.8454279438426079,-0.8415639352811568,-0.8363208724449724,-0.8408636922103851,-0.8401298872199189,-0.8408548266798758,-0.8371390464710273
5,-0.016971325202120323,-0.021622108774816275,-0.022508574591351818,-0.0030169511089468497,-0.00982825093783267,-0.020049898935598182,-0.05585525859855706,-0.11543299473572305,-0.16708288524412881,-0.21224923909667112,-0.2386467028795622,-0.2959646643026682,-0.3351950844729448,-0.37750802775601433,-0.40752249961226766,-0.430118897643274,-0.4561466226775756,-0.4762263734614189,-0.5034401273573025,-0.5063455692248069,-0.5264321584004641,-0.5463046578251278,-0.5545330720101139,-0.5531665239335328,-0.5718608085253014,-0.5785750453918906,-0.595728626863734,-0.6113843540742726,-0.6218342999776136,-0.6335611278712607,-0.6401809141213619,-0.6446128623222779,-0.6541702805265963,-0.6570575414267102,-0.6688608765886491,-0.6883534380406515,-0.6978241185893268,-0.6921777377326692,-0.7001534681284655,-0.7119288805767517,-0.7180321638140518,-0.7227505951845629,-0.7212042420438053,-0.731984843586569,-0.7207841363745924,-0.7280805713756112,-0.732079589159748,-0.73385285815719,-0.7336710866130501,-0.7333293330111202,-0.7396064402331194,-0.7383682058499239,-0.7464241248407923,-0.7435722205139118,-0.7552973469171671,-0.7621476701131895,-0.7678156363608316,-0.7720110596233046,-0.7712554237862237,-0.7674676819428528,-0.7651268657393058,-0.7661348130677808,-0.7822840967421338,-0.7799418686463447,-0.7861592812594101,-0.8000771375347376,-0.7978530326372483,-0.7966199280233773,-0.8007411508749414,-0.7970576203471389,-0.7983185315597663,-0.8033707634992642,-0.798403696888042,-0.7948730540479224,-0.7895434133995429,-0.7863627086773625,-0.7884179036870731,-0.7927605000171216,-0.7999923026372219,-0.8055086431396181,-0.8104977219413246,-0.8026115886335069,-0.8083228136179613,-0.8079622249214686,-0.8115623236775648,-0.8048629249893566,-0.8079242070472921,-0.8057064156368796,-0.8109243102884242,-0.820175402971073,-0.8191508709368872,-0.8224638036904147,-0.8178027971139206,-0.8241760398845641,-0.8256010867317183,-0.8235754781504809,-0.825269695107093,-0.8180855163225996,-0.8170874076845069,-0.811365692752953
6,-0.019292023164282156,-0.013935869701306489,-0.0022637867410228046,-0.01463904804215736,-0.039307637330771125,-0.07450512125430284,-0.12129843876903929,-0.16135874536599765,-0.18275025134200729,-0.21280999346064025,-0.2533566646435992,-0.26922404999499894,-0.30865818948139934,-0.3576965279961755,-0.3740562829334063,-0.39721378645530675,-0.4158243068597167,-0.44748784708480194,-0.46141982644232515,-0.47827656431098925,-0.4742356242144142,-0.4834790618507854,-0.49662712049014734,-0.4982676988920848,-0.5003765262642794,-0.5195299247203559,-0.5188391604825326,-0.5189824147607784,-0.517476440370852,-0.5255556036102561,-0.5303913055292138,-0.5406233714243394,-0.5318021576102597,-0.5478055684870767,-0.5561317077055026,-0.5580945195080268,-0.5696725973340945,-0.5836232804474819,-0.586320024758439,-0.5996645037824548,-0.6107329964154571,-0.6047565093694017,-0.6186196233050123,-0.6235312169850306,-0.6243460459544445,-0.6366612613388855,-0.6471050440478707,-0.6647226803561362,-0.6746884163343759,-0.67178908594852,-0.6825670628796877,-0.6834733248875611,-0.6889048549957165,-0.6876507883482708,-0.6931840765988376,-0.6932324396368955,-0.699621629345563,-0.696061398804807,-0.6991612995155425,-0.7076948200041187,-0.7049301895089208,-0.7137100786226666,-0.7185170764334677,-0.7213951619245142,-0.73296474483097,-0.7357537671045158,-0.7494719459694851,-0.7490671934534887,-0.7500570161953266,-0.7599060855003001,-0.7555071869417636,-0.7561096401417902,-0.7592034737317133,-0.7531038670202725,-0.7600873980215287,-0.7608979873029091,-0.7679540348174878,-0.7686458007462214,-0.7641603032415873,-0.767158806205676,-0.7691183593917633,-0.7749928176612113,-0.778641548597093,-0.7731569855197445,-0.7749520664820779,-0.7803490372966932,-0.7876537329004093,-0.7780509565303394,-0.7824090484859118,-0.793818034059981,-0.7910788609775973,-0.7958776489008477,-0.7997516327243597,-0.7972535073112919,-0.7947572022679217,-0.7986008049781259,-0.7963178792566368,-0.7935480273562565,-0.7951260631472219,-0.802328047841275
7,-0.010082186487925188,-0.007992446745931308,-0.006184097560039799,-0.007594400788918472,-0.01017776219872117,-0.009660595171909815,-0.010159739279709248,0.004292581107217926,-0.04090000207198158,-0.0409543820425816,-0.0813654291137056,-0.12536108448390793,-0.16478674262728735,-0.2083194278507035,-0.25621558310793496,-0.2801803789614839,-0.3047043262931477,-0.3311330904551329,-0.35388155069759636,-0.36133045337176256,-0.38284142611006927,-0.4000840261770683,-0.41944680029588677,-0.4322448039044742,-0.4640621292100484,-0.4761898474671885,-0.45759271597600326,-0.47488055200925106,-0.48710920508635347,-0.5010237411714936,-0.5194638705676471,-0.533618232556904,-0.537431319696713,-0.5531812232218265,-0.5653078679956102,-0.5744667383946492,-0.5819560617985345,-0.5965620807137431,-0.5859100973147577,-0.5832913155728177,-0.6180552227005388,-0.6322829133591221,-0.6548305912600146,-0.6654672327031976,-0.674084360187512,-0.6853927033290655,-0.6921587994982452,-0.695599476201466,-0.698058674703656,-0.7165304247386417,-0.7239289850966977,-0.7242394996772171,-0.7357648954911531,-0.7393414873032819,-0.7497467591176552,-0.7449202962091216,-0.7398407704388493,-0.7397841789196652,-0.7241264371919681,-0.7257463747600865,-0.7200551979551034,-0.7198511864374116,-0.7258088956105395,-0.7257932404876112,-0.7286481289226598,-0.7372258830829564,-0.733469798904365,-0.729207586557157,-0.7265544584806635,-0.717060719572912,-0.7276601969954819,-0.7365768551623311,-0.7364335827450726,-0.7392613266341586,-0.729246507061264,-0.7312421151732267,-0.7255080500363954,-0.7294465803506175,-0.7415966377297539,-0.7445239846571293,-0.7500664863524011,-0.7513135823153625,-0.7505372683664459,-0.7521870009711006,-0.7500477231810191,-0.7532153121048186,-0.7556449344818599,-0.7649428099374807,-0.7653570798435457,-0.7666510578300074,-0.7611440910014408,-0.7622223996278072,-0.7636077115281643,-0.7576395182897546,-0.7654519032221943,-0.7785020320312123,-0.7784426464710235,-0.7744619336680385,-0.7769819164345954,-0.7847689247009764
8,-0.024846010790415606,-0.02898819227513376,-0.030105875495269486,-0.030465300819489952,-0.06319952597152918,-0.050789548591128525,-0.07671654176065547,-0.11129829664889147,-0.17042171331542755,-0.21251379569494894,-0.22477014457420677,-0.23842674496333008,-0.26409922112430584,-0.2722419697971712,-0.29062263699696733,-0.30610098704278366,-0.29987171597781315,-0.3285645903589507,-0.35201817820133496,-0.3654184464496046,-0.39192097321023084,-0.428339235424366,-0.4469212151699898,-0.47014753914135127,-0.47380904494962417,-0.4793211986393089,-0.48852208126532304,-0.4886594531879448,-0.5039995290908516,-0.5118574116103223,-0.528599580026656,-0.5624286776098786,-0.5645495494597474,-0.5774823927121389,-0.5841190392903122,-0.589455692790564,-0.5978425007342396,-0.6174555408372374,-0.6286693562121409,-0.6274308759238129,-0.6378811922881198,-0.6374358196384162,-0.6312290671242051,-0.639887217971884,-0.6488982349922701,-0.6515044592477941,-0.6639951210089587,-0.6707348644544866,-0.6678617692901362,-0.6706756975997336,-0.6805391447834027,-0.6841259601929884,-0.687721826908525,-0.6888774384584806,-0.6919188506023539,-0.704089284944206,-0.7080552357583336,-0.6987314570411906,-0.7012585803887855,-0.7041713130676129,-0.7036614850776894,-0.7033217509762919,-0.7111245243316604,-0.711620053652172,-0.7097729446909611,-0.7005157870279553,-0.7017027591373242,-0.7118173195590327,-0.7091073692259985,-0.7150077310016383,-0.7071291252366183,-0.7029570647499697,-0.7103915448125815,-0.7011773574751357,-0.7097995358309265,-0.7129773375964816,-0.7124721802147355,-0.709110275126024,-0.7098725177714263,-0.7148277342366061,-0.7126646257515193,-0.7081940533997724,-0.7192322902924012,-0.7175451918931774,-0.7153840537624023,-0.7260265057936508,-0.7264762853501534,-0.733570869662365,-0.7436869537593325,-0.7430248631793027,-0.7428201507855512,-0.7484627436291299,-0.7402189666006224,-0.7509878466763733,-0.7524262121337625,-0.7549053640147321,-0.754879959570591,-0.7622467701356704,-0.7646710527641334,-0.7677695155183483
9,-0.012915593978579382,0.01349072470629422,0.037077587029634755,0.05518409585545621,0.045310581896964075,0.03247061369947717,-0.02244422724651366,-0.06450895491107395,-0.08980784503262397,-0.11843320592225166,-0.15402832930866966,-0.19584186918907476,-0.22466021409099468,-0.23952372533679533,-0.26705604062732796,-0.2826017387529457,-0.3078476524839127,-0.3414946351802527,-0.3647829699347732,-0.3911647562440035,-0.40222185646686726,-0.4074962551621726,-0.4251074056606488,-0.44478802004645773,-0.462293461058954,-0.45878633222535414,-0.4750496931929733,-0.4797544950072983,-0.4781927166684888,-0.49136095984157513,-0.5109513804138751,-0.5296753884173665,-0.529343711287046,-0.5322423802643401,-0.5456631900677263,-0.5570496310070989,-0.559202065116135,-0.5738674722610971,-0.5758801909823477,-0.5886851858744747,-0.5756435919216132,-0.5857436337607388,-0.600849047229775,-0.6160104850041521,-0.6194531995817943,-0.6285293661318009,-0.6295234831580158,-0.6365360429137401,-0.6508432761383942,-0.648521900830678,-0.6452939276395394,-0.6433284776184466,-0.6562827567948947,-0.6780433004158231,-0.6822925841399342,-0.6849842181178546,-0.6926938369341403,-0.6945665218580054,-0.6957464525587178,-0.6987950080363768,-0.6930424013801211,-0.6924650659783851,-0.6877885939969005,-0.6783885048261786,-0.6799762103015037,-0.6755604384748592,-0.6772740510731561,-0.6859707783992423,-0.6812266568058644,-0.6851720956111449,-0.6811134101607275,-0.6843437352189956,-0.6862632393124882,-0.6884337314482497,-0.6898783605492558,-0.6764327452940024,-0.6804640888565271,-0.6864364007960773,-0.6839842575186909,-0.6918820894831508,-0.6853424465883411,-0.6839687288841234,-0.681047404520102,-0.6892417033393963,-0.6902941338154985,-0.694181095252944,-0.6969957071360746,-0.6974687881207825,-0.7011437893870844,-0.7103628060293997,-0.6997804308938655,-0.7035763875650747,-0.7039055809630688,-0.7032342896151326,-0.7143513116029038,-0.7132127751994151,-0.7134261709178332,-0.714596972021833,-0.7080428103354017,-0.705275207829338
10,0.003686887376524633,0.04242639091663733,0.04275466508948425,0.07695916606788028,0.07370157291116602,0.010711411115636138,-0.07000826367526533,-0.12252833657628594,-0.18843988247001678,-0.21997147317566484,-0.26078298447987186,-0.2902796960292586,-0.3117035401051945,-0.34145515170648433,-0.37803416393979844,-0.4026758832835711,-0.39875469420393805,-0.40558482045400446,-0.40001694465239823,-0.4127310288111073,-0.4540197689990574,-0.4671101573700737,-0.48302120580674696,-0.49823236659774695,-0.5104003089852188,-0.5236194262486987,-0.5280605656344669,-0.5390224378201525,-0.5532518691024714,-0.5535022658822863,-0.5509512120231681,-0.568317018183725,-0.5894577960440475,-0.6007237099783216,-0.6079608906165074,-0.6237197371398591,-0.630821685493195,-0.6206829635431812,-0.6333899175350425,-0.6396035166017149,-0.6418157797903806,-0.6438555762638665,-0.6421708626391865,-0.6455624353983016,-0.6540611841592378,-0.6573309201438096,-0.6625237554690747,-0.6590576725244917,-0.6675052687048796,-0.6742042097912976,-0.6864557419069812,-0.6920513157874589,-0.6874504907547793,-0.70090642405622,-0.6959941717382846,-0.6980215497512665,-0.704574496468695,-0.7140536507912434,-0.7105432553978699,-0.7091032486974389,-0.708102230250793,-0.7168384789286002,-0.7256297589789348,-0.7181867951214236,-0.7216555886885907,-0.7215093285086519,-0.7303582398513058,-0.7271775516411946,-0.7274613438888893,-0.7356467660408712,-0.735478135999474,-0.7346860295944733,-0.7432544433743002,-0.7419150870566702,-0.7418390162432793,-0.7341331849675927,-0.7358105917926587,-0.7411729276548962,-0.7476206105683483,-0.7569605629073137,-0.7535908358506073,-0.7523901768875207,-0.759688018373296,-0.7586619760738822,-0.7608514526063088,-0.7600159239942837,-0.7575031786750993,-0.7575389507614362,-0.7599500610303661,-0.7555800473300528,-0.7603388721803177,-0.7658551180040463,-0.7662391030930951,-0.7700787712407552,-0.7693369477577789,-0.7723574414068091,-0.7675341444645071,-0.7681955403640686,-0.765666414723275,-0.7643835653565959
11,-0.01021958196211635,0.009242756580618355,0.02448690448989605,0.03381665004078341,0.005507188186370541,-0.026641307499364473,-0.08180121622851855,-0.10882736474027511,-0.1414827780229859,-0.14658151035406242,-0.1826947018984573,-0.20982091673499992,-0.24003562448725596,-0.2699224204280105,-0.29941640143667725,-0.33076795138152654,-0.3292301524763684,-0.3551884426243632,-0.37139900454264557,-0.39142673790940913,-0.3938679641988317,-0.41422391780787676,-0.4323264132310567,-0.4608843707551534,-0.4860601558450158,-0.5139380906792556,-0.5218758538705616,-0.5260097555467028,-0.5387575992082307,-0.5508942851309573,-0.5592647427301977,-0.5796632765778137,-0.5900019840224179,-0.5954297085872691,-0.6148997599701228,-0.6115948306745217,-0.6072147585226643,-0.6242565011098774,-0.6278160433913484,-0.6173583991916801,-0.6207361703018521,-0.6204609625508294,-0.6194799842428703,-0.618944385095543,-0.6366457495661618,-0.6409345426407529,-0.6423404903636752,-0.6470630491207284,-0.6454883879403003,-0.6396988667105173,-0.6440836353999846,-0.6504628955439968,-0.6479452968329017,-0.6492273051563779,-0.6461964394982824,-0.6640482193312874,-0.6487300025569884,-0.6487801177006252,-0.654191469708286,-0.6519735948466397,-0.6543541152071782,-0.655358966257235,-0.6614641434569353,-0.6680192452495725,-0.6652539966873965,-0.6717900278991634,-0.6767767153446864,-0.6821487984341293,-0.6776813089877953,-0.6705553343870179,-0.6780250686531911,-0.6762480713195138,-0.6722188181265067,-0.6797734595963069,-0.6914673046271518,-0.7095881222555807,-0.7092896801023137,-0.7109042041502692,-0.7079201297684867,-0.7028136886411631,-0.7115141379045663,-0.7148714355785175,-0.7161085615900753,-0.7186403171882648,-0.7107234107446786,-0.7036610845083644,-0.7067209267448173,-0.7087431828069954,-0.7127430998094896,-0.7039226661063127,-0.7041606812031419,-0.7053967764980179,-0.7058475848156861,-0.7074511795035362,-0.6977595346944524,-0.6959104202892368,-0.692455472629215,-0.6937590053820477,-0.6965261223293483,-0.7031555131992117
12,-0.020796545505314686,0.00656088310133667,0.0404191760684625,0.0456713582869138,0.023446423369494394,-0.036864531218098566,-0.12032680008774875,-0.1819838789645885,-0.23551886427667218,-0.28992925075595544,-0.3306659765614984,-0.3568939376159495,-0.37971265420229805,-0.403786456095929,-0.41979529711204416,-0.4428344678653633,-0.4784913178377833,-0.479030459619825,-0.5146904283144337,-0.5284824498956517,-0.5542397918620371,-0.5657264976161043,-0.5879119306440616,-0.5849466113339892,-0.6096044379390584,-0.6299879202889278,-0.6422278124217032,-0.6502392013972426,-0.6617473798015092,-0.6627520394673191,-0.6802253397836016,-0.6934852686949625,-0.6891172546593479,-0.6849990764559709,-0.6873135433096158,-0.6934373465525416,-0.6967062291460386,-0.7089413602150705,-0.7205342354852458,-0.7296243883161024,-0.7333058250629745,-0.7378770549602613,-0.7520657919752007,-0.7557513386869934,-0.7584078641977058,-0.7564260362955904,-0.7645293145056442,-0.7754587795976051,-0.7881797361140096,-0.7950986956313082,-0.8008869357284668,-0.8122648459338133,-0.805276606801423,-0.8029172428766852,-0.8092173154993597,-0.8167677223960027,-0.8206350994184654,-0.8244604916529268,-0.825599526081183,-0.8289051956122897,-0.8327670389959637,-0.8346583718866598,-0.8406037774583077,-0.8443708025034193,-0.8481549820509302,-0.8473456000329943,-0.8445151953296057,-0.8362939121591739,-0.8370280944641517,-0.8338300059029531,-0.8381034413144551,-0.8469046287157171,-0.8492927240659881,-0.8558053825987753,-0.8572866953868268,-0.85407163718364,-0.8591547767529817,-0.8598616455118688,-0.8614660020321397,-0.862329072976722,-0.8631246372010268,-0.8623870518504194,-0.8623157272551037,-0.8634727021622912,-0.8661877064992808,-0.8703967976627367,-0.8753213849439675,-0.8680648139379717,-0.869018977087749,-0.8723704049521827,-0.8742074455729177,-0.8709260022511159,-0.8735923154619392,-0.8721203998645515,-0.8771531708967482,-0.8783321584779507,-0.8792585922684161,-0.8763529949601785,-0.8753937338308705,-0.874052945615966
13,-0.008257015587483514,-0.0013682100268489412,0.007281357096975626,0.037446612117495524,0.030230392527880692,-0.008515403162333669,-0.08160767379274438,-0.1416454971811435,-0.16157098957184768,-0.17783407002896331,-0.22093132957302702,-0.2639519297852155,-0.2765548666072669,-0.2966763220286907,-0.3270285548400701,-0.3330976972737493,-0.35765014159146125,-0.3725346128595814,-0.3726960853965015,-0.39332593409390165,-0.4110290687317433,-0.443923396032727,-0.4627615220746267,-0.4656547481198105,-0.4765829648866716,-0.49156510278608606,-0.4882566984893107,-0.4807932801376023,-0.5064003888865531,-0.5262486855327496,-0.5430838105416241,-0.5632232813384854,-0.5712084703557696,-0.5880467978698416,-0.60165292222531,-0.6181442976213252,-0.624159820395332,-0.6274406485194405,-0.641098991991581,-0.6425455370985691,-0.6572942694853536,-0.6425254462808959,-0.6378438259283074,-0.6463917896856818,-0.6629234776989477,-0.6685477745902253,-0.6716629828086593,-0.6740339933604104,-0.6901962964418468,-0.7000905832754131,-0.7072501393946803,-0.7086499249376687,-0.7138857330344004,-0.7094712681105342,-0.7137488081451362,-0.7186696942595813,-0.7242476589429755,-0.7279130283709131,-0.7351806444429049,-0.7282535057215034,-0.7326574132762838,-0.735839419771026,-0.7319024780479908,-0.7408684061823445,-0.7453296182363309,-0.7530070484454165,-0.7499483931607402,-0.7492489758569301,-0.7551938463873004,-0.7490285890112122,-0.7526616367800608,-0.7519085692082118,-0.7530344757411543,-0.7511677750373671,-0.7594694551639476,-0.7520820795659445,-0.750030653829195,-0.7578174431266114,-0.76048899661055,-0.7640618770906471,-0.7668114558539165,-0.7701765867821408,-0.7697804578650451,-0.7743669181435557,-0.7842219850685695,-0.7785225967187293,-0.7843946608567727,-0.7866406535583653,-0.7935789271973251,-0.8036778726157925,-0.806371998208958,-0.809415569385256,-0.80366761046931,-0.8026284004235391,-0.8074811525959362,-0.8080385707057475,-0.8122816451304231,-0.8071242545484985,-0.8078149948435197,-0.8128553758168919
14,-0.011622492099990986,0.0026537290135345355,0.004931371680501704,0.0030806394044510773,-0.039112251473623114,-0.08089973938294195,-0.11983867793270782,-0.15820539664298913,-0.20596521525978836,-0.2235369841338227,-0.28595442459332376,-0.309780171394817,-0.34883917409589926,-0.3590826202841294,-0.40120341222371714,-0.4268799835693887,-0.4440407466646195,-0.4568555948044193,-0.4884582523077715,-0.5025787956874627,-0.518061142679541,-0.5364117183668607,-0.5395393483717155,-0.5403725196937225,-0.544254899448722,-0.5457288524368367,-0.5643202988334661,-0.5812716132710529,-0.5659974977875945,-0.5740288536981651,-0.5713988499267539,-0.5738834551408613,-0.589467599109084,-0.5974031736046613,-0.6004558281393089,-0.6088129780816564,-0.6104930773388993,-0.6080378219462395,-0.5968851827878411,-0.6002531576586496,-0.6067411812345679,-0.6240651652765253,-0.6226715837302123,-0.6329633708409024,-0.6407782079439329,-0.6394616749479032,-0.6368020283296247,-0.640809230063449,-0.6424058700963471,-0.6343375625249115,-0.6274369185454843,-0.6426309450578025,-0.6421458748153768,-0.6403438889451272,-0.6468607902318969,-0.6426670871142359,-0.6554080850514624,-0.6630179259415621,-0.6764306853307498,-0.6712182403615895,-0.6709736298076407,-0.6583844641543812,-0.6560124498287437,-0.6671179642589183,-0.6722407644023766,-0.6666203849666974,-0.6636542089733765,-0.6631060730230129,-0.6607825695823801,-0.6602741959229297,-0.6581741229908568,-0.6619893630203656,-0.6606051958005017,-0.6662184299966775,-0.6625230067762595,-0.6649786852812366,-0.6742705661763663,-0.6682865857433308,-0.6667193750182457,-0.6689001666891192,-0.6819994146621591,-0.6821885654669315,-0.6744633286409939,-0.6911399896943208,-0.6918144893066355,-0.6820487465756517,-0.6847342695706616,-0.687074853074033,-0.6996971775538767,-0.6975176909374394,-0.7015506699176228,-0.7055330797242686,-0.7097142139177508,-0.7067263604834819,-0.7065785116936564,-0.7071063848319509,-0.7023454471977888,-0.7081922638280739,-0.7169844377224796,-0.7176865825495957
15,-0.01777306982323396,-0.015849044568244576,-0.014450202599961739,-0.014656633353956085,-0.029120508173525784,-0.033976016563545465,-0.04069406295211026,-0.043821107336131676,-0.04791994515524288,-0.05693536246011061,-0.056426146691038445,-0.06540306485392229,-0.06584285913315069,-0.06968702960560832,-0.07561888449404826,-0.06925280788232632,-0.07103589686373396,-0.06908936022196338,-0.06859320103636964,-0.07115426062151341,-0.07410854708414369,-0.07838042067465364,-0.07994192423281725,-0.08080176065448468,-0.07781270971899001,-0.0758945579545704,-0.07503486725806939,-0.07822257802537816,-0.07718907432187089,-0.07877194971203196,-0.08635368211373391,-0.08320104970710443,-0.08317623504858139,-0.09935711371859261,-0.10424456548578932,-0.1172119312260177,-0.13765117361816023,-0.16096368061803837,-0.16094622592769647,-0.17724388712808684,-0.19475546408165673,-0.19901097559535985,-0.20377054727447436,-0.2104121060180768,-0.21967569392259265,-0.2201780213088483,-0.21888633305592162,-0.21776629970901162,-0.22195154464060557,-0.23025246414645892,-0.23916904825835858,-0.26046064434890737,-0.2827309520784935,-0.29657077837820284,-0.31391764369623865,-0.3257800772442897,-0.33034579839886624,-0.352803310006259,-0.3600814129715351,-0.36951433284162005,-0.3881182213930137,-0.4045591997297377,-0.4190339359693581,-0.41544226256777605,-0.41229837964367816,-0.43015820070562194,-0.44473979338604636,-0.4494682950232952,-0.4591883066241775,-0.4693844704300464,-0.4759120542066821,-0.4714793529888583,-0.48139989172868375,-0.47615170583599,-0.4766770671259259,-0.4740777210316559,-0.4769874282585054,-0.48037086407972723,-0.49022850615115665,-0.5151588256680466,-0.5310359672406711,-0.5232825774175978,-0.5326098178737562,-0.5447552923891535,-0.5433269423996013,-0.553451023778221,-0.5564595482883106,-0.555751711815006,-0.5660309984007484,-0.5813862438521744,-0.5874891386761713,-0.6101122431355216,-0.6169493665857937,-0.6344585727339912,-0.6318194268732927,-0.6405290089446946,-0.6524633984141143,-0.6592868054786176,-0.672427099963472,-0.6706713359737441
16,-0.018831417479380864,-0.023325642776784675,-0.03627017088052169,-0.045064648131802894,-0.0759742063383839,-0.08179791148846997,-0.09384567743165073,-0.12952837200403555,-0.17584102238506688,-0.19411404431136817,-0.24372459568924382,-0.2853059562494537,-0.3126306191571046,-0.3309585904440377,-0.3465767165662312,-0.36940808516892376,-0.3903704829017549,-0.41412776055905715,-0.43619891141309936,-0.4470692744795343,-0.46317717561278954,-0.4708307828093315,-0.48274805156307343,-0.48690872252296225,-0.49592390997732244,-0.49573715859472367,-0.49410093405115213,-0.5004135268629852,-0.5107128442890582,-0.5224519435871274,-0.5203421845362621,-0.5319623951619499,-0.5368853215679623,-0.5409143361215082,-0.5529971552114723,-0.5753108130955232,-0.58214239729715,-0.5889473977978867,-0.6054656771193369,-0.6171869222759082,-0.6165312761353265,-0.628060816658584,-0.6335907661942644,-0.6443068972747045,-0.6506349353672793,-0.6643906209051846,-0.6754093409905414,-0.6761137550522249,-0.6790795136389159,-0.6928755676640727,-0.703289172860278,-0.7114586169763011,-0.7148372646242781,-0.7285700901208615,-0.7359045758755542,-0.7348259062186315,-0.7468967258950241,-0.7431210600598496,-0.7470804003184581,-0.7473630266072242,-0.7512876635531811,-0.7501726339614625,-0.7571381782722949,-0.7486025973414092,-0.7599781007606269,-0.7748920082117013,-0.7774651309152059,-0.7785251963158833,-0.7877019338075306,-0.7946315329468777,-0.7905225340454323,-0.7937625580331157,-0.7889399916154715,-0.7837764423133814,-0.7915581528566926,-0.786197890676435,-0.7941144595377593,-0.7932293782251668,-0.7934525201318623,-0.7946326073691584,-0.7921189745524556,-0.7996279019880953,-0.8024719793912332,-0.8036630246973333,-0.8023547393542334,-0.80194203291861,-0.8108962853443694,-0.820739005697716,-0.8244483010705056,-0.8202151231341768,-0.8187499348082272,-0.8119276675567094,-0.8080990190862627,-0.8129306061174435,-0.8170935479743148,-0.8188575265948805,-0.8216078494899193,-0.8136904018155323,-0.8176505110701051,-0.8233132128184311
17,-0.0037503725981281417,0.01368088259744038,0.008544424246230269,-0.019688086817174443,-0.0029168828702648975,0.011528241604824359,-0.0134814437532625,-0.05772299829218888,-0.07990394429682607,-0.15068670225362646,-0.18084009331196577,-0.2343489685759742,-0.2874423211855664,-0.31838055392447345,-0.3387623038094243,-0.3554640017115003,-0.37649428375046845,-0.39944770174427857,-0.41681460244788154,-0.44241975880099643,-0.4619895567289564,-0.48587705419581184,-0.4896826615105577,-0.4932461475806006,-0.5044061280093497,-0.49532440223752244,-0.5004480675933699,-0.5011366552895807,-0.512813163359835,-0.5147920669895326,-0.5452395407115338,-0.548752192384296,-0.5466505127123308,-0.5525176402191927,-0.5668678202887313,-0.5775122258748432,-0.5809111014618614,-0.5972727330897416,-0.6110337721327679,-0.6273505072926472,-0.6318916014360155,-0.6415489836634536,-0.6503779550852307,-0.652478358212944,-0.65377815471824,-0.6565145478733327,-0.6634039596248712,-0.6621696137031917,-0.6685686054147133,-0.6716457034993543,-0.6722396515140904,-0.6853424998028801,-0.6858731843338837,-0.6918567755139168,-0.6959046180778015,-0.6939598050073227,-0.6967253232048788,-0.6956361662065993,-0.696905684783511,-0.6937713473842002,-0.697698382370102,-0.6980911378571157,-0.695515862742865,-0.6992851530600315,-0.7022246755600087,-0.7025214273500054,-0.6998043303955099,-0.6922242199383772,-0.6984577518639017,-0.7037942574374629,-0.7059989586998959,-0.7097994483914647,-0.7090645488198946,-0.7077723567354113,-0.6991671284665241,-0.6969273191308164,-0.6980200917413064,-0.697404485680683,-0.6975177362414964,-0.7027632042100725,-0.6937933859882033,-0.7017537096674568,-0.7046824543832971,-0.7145138618466156,-0.717081481325803,-0.7112753033293658,-0.7202419322001633,-0.7187779101164211,-0.7020076213537226,-0.7214430797138774,-0.7193420343262544,-0.7009548103468981,-0.6974986885697995,-0.6966210083539985,-0.7010294235678198,-0.706854017122921,-0.7207741525649136,-0.7301275288733781,-0.7321352894632561,-0.7340924785662949
18,-0.011754684014814385,0.01469452498441538,0.016837771287281093,0.014607970658154416,0.005074719741420852,-0.005843309722760949,-0.0661782544554258,-0.10825189355205386,-0.1392478773422877,-0.20006893564854025,-0.24729670625402556,-0.2943782819288193,-0.3305876132156465,-0.3700807535068355,-0.38787207939138774,-0.4123946716781894,-0.4256994857889703,-0.4494574195168079,-0.45482688972857316,-0.4754477267762591,-0.48916109177576383,-0.5080052697799337,-0.5278782412563512,-0.5400505550402005,-0.5500065132622106,-0.5610602179311005,-0.5650385369375346,-0.5749664727847792,-0.5949708237600914,-0.5987437526345262,-0.622513421144102,-0.6501849996307502,-0.6677932215870436,-0.6900093717241969,-0.7031310170218363,-0.7104817476543408,-0.7026183761170764,-0.6891578410049894,-0.6928761294567335,-0.700243110489769,-0.7098486027310708,-0.7180284048484198,-0.7237064191909465,-0.7303169206915326,-0.7342314166404801,-0.7414896583075868,-0.7461871223635055,-0.761331520420422,-0.7654036178113883,-0.7704270764613301,-0.7817534437893936,-0.7770581728537529,-0.7753457009554898,-0.7733449008103561,-0.7719189946917716,-0.7722676041648279,-0.7715114414810976,-0.7805587970192818,-0.7854844547218943,-0.7857574195386102,-0.785510721984461,-0.7891297587649322,-0.7865632262771719,-0.7871933876468331,-0.7872118097525899,-0.7910499771452172,-0.7952555486783811,-0.7912562303611604,-0.7824762800603087,-0.7835766543268439,-0.7844371706345301,-0.7905595212674466,-0.79517219987966,-0.7981657755954932,-0.8029430530398387,-0.8034676162993456,-0.8095882883626291,-0.8110971711253988,-0.8102195472482028,-0.8140527970903745,-0.8108709537286838,-0.8123992200332322,-0.813108093730695,-0.8170278762616633,-0.8202604304120249,-0.8174672326783545,-0.8161608830846706,-0.8182172743120593,-0.8223173700513172,-0.8209753356864321,-0.8197319021167147,-0.8163419868719829,-0.8191050470583199,-0.819397828008742,-0.8248835426202399,-0.8252696709692954,-0.8236797108694992,-0.8274855364271189,-0.8238273588105449,-0.8280595812848897
19,-0.0055494680929868145,0.007336790014395665,0.015181376851906766,0.02287389299215263,0.036459136296604536,0.06749630992625102,0.01173446041994659,-0.060979396088102454,-0.10208552572654327,-0.15213139481061974,-0.21144501995491846,-0.2544651293895724,-0.29944565816167146,-0.35388610408835924,-0.38139896578745697,-0.42614390242939765,-0.46268723441207277,-0.48931790562708855,-0.5046168080250301,-0.5344899266571156,-0.5674472195803146,-0.5854479963157856,-0.6164212489601074,-0.6385104945181567,-0.647539631079995,-0.6579652316099995,-0.6731234380879896,-0.6981234528129272,-0.7111845595304027,-0.7325518959705124,-0.7465050313308816,-0.7526189388507996,-0.7482668375194317,-0.7557246406097171,-0.7600292679583824,-0.775239593171909,-0.7841879107458902,-0.7993435039665923,-0.7995891475526736,-0.8100494053158505,-0.8100261913436281,-0.826560277803951,-0.8282149813929928,-0.826414046014976,-0.8277015367899859,-0.8274042407156091,-0.8323977369284197,-0.8332891337628083,-0.832506746126106,-0.8328913119585531,-0.8332377115780241,-0.8349922619696697,-0.8359578795561465,-0.8392972120329064,-0.8487649295329733,-0.851607624897091,-0.8514898962339612,-0.8538015670115884,-0.852666812262269,-0.8539691648096137,-0.8562941716960121,-0.8549121021604746,-0.8617741770036621,-0.8685228333060622,-0.8705005900365141,-0.8710013432114906,-0.8741864195349267,-0.8727540683726683,-0.8742416493367233,-0.8776461381520388,-0.878508721833774,-0.8791087164677112,-0.8757743277106865,-0.8808826559483535,-0.8855122965355026,-0.8851161333136552,-0.8846190189747927,-0.8861596677648952,-0.8853784135466936,-0.8846201613713542,-0.8872510050976417,-0.8884005536061352,-0.8873068679507352,-0.8860549960534663,-0.8853793982010107,-0.8835960250964816,-0.8837622884334198,-0.8852942512005384,-0.8852849202945926,-0.8837957789893914,-0.8839654870517379,-0.8799244648211547,-0.8791329329916668,-0.8803112688435212,-0.8845672976085437,-0.8849677623191442,-0.8849966088492667,-0.8861903294339005,-0.8841684144167903,-0.8845210319691611
20,-0.015300673660061713,0.00940675142222678,0.032424118567067846,0.04847976832805563,-1.1972646910078239E-4,-0.021469783597666783,-0.05526459645275547,-0.05408212491118523,-0.08362255130104955,-0.11956572888557095,-0.15946073915313153,-0.19047320201526804,-0.22334471937555742,-0.27404864099237464,-0.3071244824537658,-0.3458968194122727,-0.3713731683524755,-0.3962621540221867,-0.41189054236389355,-0.41951522140253195,-0.446811487831365,-0.475972821045936,-0.49756812341276835,-0.5121165521522891,-0.5149416580393097,-0.5302736500999241,-0.551745725565958,-0.5590239057810198,-0.5635602780075842,-0.5878459340014648,-0.5989195590256842,-0.6093569985502947,-0.6176510229830993,-0.6386604312772385,-0.6435364050515989,-0.6457238650931975,-0.6591562200001552,-0.667062932179699,-0.6727423633661859,-0.6773922991361129,-0.6868768889512519,-0.6854587289950197,-0.692625676100992,-0.7003273869538938,-0.7037009669602264,-0.7237391364768457,-0.7105615650936444,-0.7151912045580421,-0.7281117380095865,-0.7270887369693005,-0.7343525101858053,-0.7302726914722183,-0.7384298133387703,-0.7405655403972332,-0.7528551629119054,-0.7616984454077492,-0.7707134371924081,-0.7746155992094943,-0.7844819075324904,-0.7921065881386535,-0.7949175965229901,-0.7947706707326766,-0.7915043832360483,-0.7940665450890226,-0.7949026500881192,-0.7957049916550671,-0.7952758093923261,-0.7944097030226451,-0.7930129735227999,-0.8024337657299409,-0.8073340304458375,-0.8032026092031426,-0.8040831298032178,-0.8059518616531804,-0.8089601817904558,-0.8103032222792206,-0.8118500502580902,-0.807352669501041,-0.8146254242971613,-0.8122847644493316,-0.8171530530590394,-0.8264818822856566,-0.823491756849862,-0.8262682469607963,-0.8281337108058913,-0.8269859644959062,-0.8266857123217918,-0.8265167808506516,-0.8221408968951057,-0.822228217317408,-0.8204247396953671,-0.8311089279350163,-0.8282703249930709,-0.8319451205578718,-0.8361694017310082,-0.8378930242876345,-0.8420850257673986,-0.8457960123543542,-0.8472118585886597,-0.8517713321176188
21,-0.010199368850763967,-0.0028990702429989223,0.005568919930705071,0.005481010123031947,0.019350431254796043,0.017333788827964013,-0.06439311417923735,-0.11617298554387606,-0.161416926287054,-0.2191881334902908,-0.2494753184709254,-0.30140609692683756,-0.308992721049034,-0.34853826593865017,-0.3983045490559895,-0.4252326016686148,-0.45478873370383505,-0.4627820674025407,-0.4720303002898371,-0.4960142673770057,-0.5151305867556792,-0.528261822919645,-0.5493951867315875,-0.5665799505832756,-0.587574586120668,-0.585997680978048,-0.5910230503379251,-0.5988469218740393,-0.61236791731608,-0.6327484673697965,-0.6442051365660316,-0.6596572461041852,-0.6743307833728989,-0.6758802082100733,-0.681656430832287,-0.6949963323196124,-0.7011338136224365,-0.7149537896448828,-0.7080204536607367,-0.7129558149552548,-0.7219572741636174,-0.7346645796418975,-0.7422201060686962,-0.7455279459237221,-0.7512807350799221,-0.7404713923828471,-0.7434535062136489,-0.74452053455816,-0.7459697218780945,-0.7536349375035689,-0.7550371769916902,-0.753110670585805,-0.7586660402862713,-0.7581815612398347,-0.7594249074593035,-0.7659564884832624,-0.771973112012855,-0.7800060747760484,-0.7767434593386509,-0.7771005585825117,-0.7744679846308143,-0.7699613825783095,-0.7798631374280446,-0.7876825587453188,-0.7836159322813862,-0.7854400623896693,-0.7880284337907635,-0.7922065590977175,-0.7879584215491293,-0.7861224720680307,-0.791944939513271,-0.7965723460879037,-0.7993198753724267,-0.8012200858470632,-0.7996763102088886,-0.7956411655441673,-0.802208795804276,-0.7981264230240959,-0.8053110210619921,-0.806847013265077,-0.8120549379929851,-0.813180303573212,-0.8186534540251502,-0.8133550500215222,-0.8149454155445176,-0.8165310298625238,-0.8184213967269429,-0.8157444599810186,-0.8187811380285838,-0.8212134408643824,-0.8139129125781801,-0.8126393202466149,-0.8201652256035206,-0.8213183084487706,-0.8189186799501813,-0.8141466224468392,-0.807349668108066,-0.795289222747474,-0.7962179949608209,-0.7924885509111269
22,-0.005694241999875872,0.0247383273908479,0.034075406457014984,0.024561500207452784,-0.00173692275084514,-0.06508226553721932,-0.14129773073745866,-0.17927616411975442,-0.21719974042190807,-0.24107887452545218,-0.2632193896336161,-0.28685160801036175,-0.3004837538582643,-0.31714072925376974,-0.32935405950320756,-0.3518175943427502,-0.36728459331667784,-0.3872833295483104,-0.39758703658755906,-0.42638633588025177,-0.4546376175330256,-0.47011540522785294,-0.49162796260993824,-0.49040848440471,-0.492868817154198,-0.49758075749687264,-0.5059588066313363,-0.5224071054396181,-0.5307898071378332,-0.5465302897427499,-0.5642684912824877,-0.5671422522718752,-0.586317160102674,-0.5984765079501456,-0.6046468900117934,-0.6194301793539513,-0.6221415421518731,-0.6317488930585854,-0.6415348023405221,-0.6480231159759829,-0.6547051973785716,-0.6656521038528597,-0.6697588963583344,-0.6775451050339549,-0.6834234787956555,-0.6939225860663963,-0.6965228798065362,-0.705024550762746,-0.7201441154211226,-0.720776075603773,-0.7330618596552573,-0.7360862690531959,-0.745960358626667,-0.7490976502651797,-0.7517006044609004,-0.7593433657929357,-0.7637288484501306,-0.7733766060866035,-0.7882353100470729,-0.7813560830534942,-0.7887989032675061,-0.7944548733263006,-0.7978573893786772,-0.7993906121219249,-0.7881374004600191,-0.7875386303785271,-0.7980702685649027,-0.7934987755066095,-0.7963672147539889,-0.7904930378031655,-0.7817860932045758,-0.7875587690321989,-0.790406580461495,-0.7992790382957239,-0.7934358139584654,-0.7907658984218571,-0.7965843121429174,-0.8001846217320246,-0.8074747491664719,-0.808003521894504,-0.8101607985830076,-0.8093572454639708,-0.8118733199140332,-0.8120754572991289,-0.808717009331744,-0.8083316373562611,-0.8111430577140547,-0.8157109144598651,-0.8073221774706092,-0.8175086223901207,-0.8220018560048252,-0.8239601744036373,-0.8293661016176803,-0.8311531483985333,-0.8296564651733295,-0.8302910459714661,-0.8274427047214601,-0.8295568131818117,-0.8346579853676568,-0.8321438642358645
23,-0.002313481176369459,0.013899485916682554,0.008788430694685472,0.016015242920037965,-6.288396562553658E-4,-0.034241311356385064,-0.06612689046374952,-0.09625833552174758,-0.1399039276534152,-0.19273507548658741,-0.21714053439667025,-0.2694187586049665,-0.3003808772718417,-0.32377188716757027,-0.3520824421063423,-0.3787010568041106,-0.4127762717790172,-0.4328270126614962,-0.44865685861823734,-0.4707561837817415,-0.4836009942236541,-0.4941848508673483,-0.5034819700736739,-0.5140150464690558,-0.5207021023236164,-0.5374027431703553,-0.5604258985843174,-0.5724946133838373,-0.5907739005674557,-0.6060340364397923,-0.6184699623233576,-0.6214130824288994,-0.6240626916255975,-0.6270337377669366,-0.6316361381632565,-0.6346270332238219,-0.6408950571514005,-0.6484495532797727,-0.6536697451791048,-0.6620796335755642,-0.6603922343057068,-0.6702720784288253,-0.6802943585739589,-0.681536813421335,-0.6927075468499035,-0.6900107101451883,-0.6999914506097281,-0.6979907434613883,-0.7037114206879218,-0.7069474790536739,-0.7105500830424222,-0.7100858265685756,-0.7168955096913685,-0.7218828326570476,-0.731502442983667,-0.7353919315664988,-0.7387746732817478,-0.7417806934347294,-0.7489153711878458,-0.751489212026669,-0.7492147784091066,-0.7550706633844055,-0.7508001026671871,-0.7534753017125563,-0.7575421319523127,-0.7591552773615972,-0.7563385315254996,-0.7529559393710348,-0.7637547364050435,-0.7646501334358963,-0.7690331417389372,-0.7755771848712876,-0.7668605870923142,-0.768501476705021,-0.7641761718951048,-0.769444160289748,-0.7597868087648034,-0.7587084310347657,-0.7600854886804036,-0.7639356648212382,-0.7681601957942641,-0.7676112132240449,-0.7664629889379525,-0.7659455910701665,-0.7699389180618135,-0.7749412662453733,-0.7724463952092756,-0.7686724117953516,-0.7687943638057136,-0.7740109137183598,-0.7681321542382049,-0.7789581094526293,-0.7815930175515382,-0.7807739075955525,-0.7843700911249666,-0.7864734703371522,-0.7913633615265759,-0.788537549058781,-0.7896691472041486,-0.7927071271474132
24,-0.006743838939017444,0.040925653568783665,0.024803228768279676,-0.023803067115510855,-0.06048466339518763,-0.10942527599844659,-0.1412312613950364,-0.2010519994029142,-0.21569395214293993,-0.26811132814555566,-0.29768736795574613,-0.3208581648915034,-0.34637591721446626,-0.36062732671963504,-0.37383502473271035,-0.4115428723791137,-0.4301429875818754,-0.4604978186498472,-0.4791049838293217,-0.49985097832147135,-0.49925977612889383,-0.5165641983147082,-0.5266370624036406,-0.5359808535195081,-0.5465812706011339,-0.5558355814247531,-0.5566702773527272,-0.5744035797688805,-0.5909879821222028,-0.606216445920672,-0.6182045242227828,-0.6320282065003285,-0.648059620538932,-0.6571655248468928,-0.663297815889965,-0.6789913300321564,-0.6859303176577266,-0.6905791401603465,-0.703084253109006,-0.7133244237484232,-0.7207164591588452,-0.7233348740478718,-0.7367284732453828,-0.7372757760955888,-0.7417005790551088,-0.7505211556938686,-0.7572936746320766,-0.759682192607815,-0.776426014965252,-0.7833574705422295,-0.7963771566801496,-0.8045974659580796,-0.8113943108458457,-0.8158478324481444,-0.8141640029034511,-0.8191024251366332,-0.8228120554526854,-0.8252543035027439,-0.8261877019079878,-0.8316649065599805,-0.8302680937248869,-0.8354801655649297,-0.8386239790186663,-0.8451074945112081,-0.8458645412988666,-0.852198574792888,-0.8522655086311519,-0.8584515519642048,-0.8651459644913395,-0.8672568030240464,-0.868154798895133,-0.8654222977040669,-0.8691895611612388,-0.871327491244667,-0.8744568805375629,-0.8808519407131715,-0.883543478929319,-0.8817507862202679,-0.88409088029313,-0.8848926679314237,-0.8858001424234425,-0.8886149732557608,-0.8883994110220832,-0.8943567897958874,-0.8959152310644591,-0.899352220878211,-0.8985836327616238,-0.9001174927357785,-0.9048277097555087,-0.9037097650068691,-0.9027169475393864,-0.9073281977369114,-0.9050304694243073,-0.9044268833199193,-0.9029256273747694,-0.9034679878830674,-0.9068179722212872,-0.9040597849850197,-0.9034219070033529,-0.9011883658741036
25,-0.02079588173336289,-0.006825112790591208,0.025183040524049547,0.03426927900392062,0.038204461142969215,-0.025249894717772996,-0.11036899351333988,-0.1607497763884875,-0.2190885442699016,-0.24819298551203645,-0.29369609909906513,-0.3243236926325743,-0.353912111810603,-0.3940965284361042,-0.4247199750725877,-0.47669698706319497,-0.4990701898929931,-0.5249995711519193,-0.5534790477204552,-0.5808464094104301,-0.5852115147033256,-0.5982011947520668,-0.6253946343098948,-0.6397286802466493,-0.6610165852120693,-0.666497541260343,-0.6724139660944595,-0.6800694496269278,-0.6871802050986692,-0.7062931903089715,-0.6955644961110344,-0.7033660864549013,-0.7132435930098409,-0.7168712604088587,-0.7305754388949248,-0.7310910324461212,-0.7351356625462345,-0.7392245898479382,-0.746012995533965,-0.7557667253226164,-0.7591911554700522,-0.759703541900084,-0.7612323137048134,-0.7548945773651262,-0.7627125471431779,-0.7675270893858969,-0.7711412711414337,-0.775213390910373,-0.7743836669367283,-0.7794876654037999,-0.786169815542748,-0.7869258438931004,-0.7845986987341438,-0.7912404403724139,-0.7939542966829809,-0.7935402817625762,-0.7900851832371013,-0.7937503703871439,-0.7985537392147318,-0.7979160457225045,-0.7989495705201906,-0.8000815334668654,-0.8005203869294791,-0.7952254675453283,-0.7948467242567695,-0.7963472945266069,-0.7983319199529083,-0.7982770069438778,-0.8007207959299609,-0.793730624893608,-0.7994077910974571,-0.802107229729951,-0.8036015925735062,-0.7994972375862024,-0.8060286651626595,-0.8018283459916065,-0.799737802932179,-0.8021262557176595,-0.8055862878532478,-0.808968893067711,-0.8132269086219296,-0.8188079981492277,-0.8196332326961105,-0.8169358827203057,-0.8179386164193707,-0.8170568221220224,-0.8074767836599109,-0.8061503754382603,-0.8119176475375544,-0.8097260215562432,-0.8096645679533025,-0.8157326987907383,-0.8210978919085916,-0.8304321210403727,-0.828010067268446,-0.8254856761956917,-0.8210045055743498,-0.8228021154584796,-0.8235568486996503,-0.8267946112988216
26,-0.011156497905857574,-0.015313758045557466,-0.02589403163719233,-0.03097440542202374,-0.035490942207626,-0.03027599606665847,-0.03445449882796322,-0.029763740968872326,-0.0284314129057761,-0.0313929309136503,-0.0307352676431941,-0.03658437735438967,-0.03792786230185554,-0.04978238664901121,-0.05392566554281953,-0.07189369330019738,-0.08378299569830426,-0.07671253099882523,-0.09016225855085075,-0.1323923534973847,-0.15236275361464657,-0.18819009571907966,-0.20313075871119568,-0.22859178562383017,-0.26278214002338496,-0.30457233767689695,-0.3305752296241604,-0.3498030143639577,-0.3643674058977268,-0.3961211426529919,-0.4137350505414538,-0.4378276302940591,-0.4470114889949582,-0.46684799855480136,-0.48600650821399666,-0.5006844243958198,-0.5155903130573539,-0.5200575382320352,-0.5342423350437242,-0.5378920631117833,-0.5400379389132939,-0.544996328685006,-0.555062685789966,-0.5644461990861391,-0.5860952539496632,-0.5979610915949959,-0.6008295450310058,-0.6058233248648573,-0.6201916168771845,-0.6220716739049557,-0.6219648185497455,-0.6329596816240999,-0.6340373596140025,-0.6342632188349007,-0.6408847240745249,-0.6430078112266835,-0.6487119805310949,-0.6466914580056017,-0.6427129019113874,-0.6434366133299692,-0.640619553337377,-0.6350801275853994,-0.6362570218462967,-0.6369100482055214,-0.638885266061769,-0.6486693978051489,-0.6544142953059598,-0.6478564704249901,-0.640299517705398,-0.642810732328607,-0.6453973942141827,-0.6396194477251423,-0.6354660052458119,-0.6286328082572296,-0.6301463905091755,-0.6360054532893303,-0.6347825674065087,-0.6388412796439611,-0.6473845205492661,-0.6517230561804266,-0.6565377497713114,-0.6649302910205078,-0.6587557174964516,-0.6636114605198955,-0.6503896609640895,-0.6574268815627434,-0.6596629896306555,-0.6560390467922571,-0.6570132921701988,-0.6708012487795724,-0.6796210104460307,-0.68770100186818,-0.6873261319222362,-0.682800664994005,-0.67916749033085,-0.6843398257435024,-0.684986615155549,-0.6862970584437333,-0.6857148928187239,-0.6833951604321915
27,-0.004471238404080355,0.033514983954278155,0.004307230061932713,-0.029058834394532954,-0.07912998104438616,-0.14985423370508116,-0.2158402183697536,-0.2661946254443733,-0.2892261668041812,-0.3077285474577006,-0.33817125828299305,-0.35525989558015447,-0.378453052488252,-0.404630084843713,-0.4357392107230806,-0.45230900973785587,-0.4670155735776705,-0.4889689657643971,-0.49521735157886665,-0.5178985654872349,-0.5265581093190241,-0.5312567238857561,-0.5403065054071877,-0.5508319043869343,-0.5484794471773463,-0.5540693343954052,-0.5598965922540049,-0.5654638672567467,-0.5664740709836518,-0.5758542721657939,-0.5758070786429288,-0.5813610337906256,-0.6009899873502992,-0.6054407200749221,-0.6112825713378808,-0.6230681994735349,-0.6278527048057971,-0.637979790426616,-0.6446421527562397,-0.642806933874004,-0.6438619182534459,-0.6497467157982539,-0.654883735301872,-0.6535254530397883,-0.6596707920982908,-0.666018652106495,-0.6678663702710307,-0.6658850393440175,-0.6751116617384635,-0.6736932396236043,-0.6920056530453027,-0.6956997284520111,-0.6917038444826079,-0.6956886662423574,-0.6978879713500727,-0.7056017136933147,-0.7128612288957886,-0.709698018981182,-0.706882472213183,-0.7106919029158197,-0.710309384520762,-0.7114485002883076,-0.7137032527383456,-0.7111457508569978,-0.7158753208206651,-0.7188914157106204,-0.7138113267711529,-0.7214510097674676,-0.7201797464857802,-0.7304520257649362,-0.7275488187199473,-0.7259351141954019,-0.7309372921299648,-0.7300323052587575,-0.7241844531052127,-0.7201360082398119,-0.7114996237216417,-0.7156745394487138,-0.7217770232623175,-0.7216684306122947,-0.7223940300371252,-0.7183385938981991,-0.7203140881696862,-0.7239034385475585,-0.7231611582327931,-0.7227419603374553,-0.7224005312721584,-0.7232594497459631,-0.7195693706656731,-0.7111145165651004,-0.7279846461058568,-0.7168406322646156,-0.7315385737933737,-0.7332766002640919,-0.7415088519946035,-0.7527170703126173,-0.7581923871203209,-0.7420408661332568,-0.7346868620673348,-0.7369661855168015
28,-0.013293117077389158,0.0037031552444050054,-0.015654031875804993,-0.03367566090810287,-0.04016165694707773,-0.06574035709715555,-0.07788894344400524,-0.11904347130068864,-0.1248380581661535,-0.1568671634324884,-0.21126110956490782,-0.24418290192462366,-0.2740762950699458,-0.30645536389129907,-0.34849779970106737,-0.363240912470855,-0.4002749709365557,-0.40573292223195684,-0.42170778722385516,-0.4324504829170626,-0.44055599587542177,-0.45513168337982196,-0.4706699391673773,-0.4794038813382613,-0.5013927310511651,-0.498918762014932,-0.4993691361045927,-0.5017524126293185,-0.5162870949653895,-0.5328901422286283,-0.5239324958858693,-0.5323980046674864,-0.5484084401766333,-0.5572905393712053,-0.551400420250042,-0.5543970732758484,-0.5676763437171011,-0.5821219086987498,-0.5872117591749294,-0.5915517696104252,-0.6037253940389768,-0.6014979658263809,-0.60994720392813,-0.6242878193486764,-0.6197745329102563,-0.6244614931158577,-0.6293168039147937,-0.6326378425441527,-0.6456663847877334,-0.6480316661425896,-0.6537833407570517,-0.6638417721581567,-0.6595582634970012,-0.6546651165559996,-0.6524157273175935,-0.649933038786774,-0.662786805795834,-0.6752236326538822,-0.6675807890045146,-0.6641333281940112,-0.6546658867156205,-0.6533324038162938,-0.6537287172547487,-0.6491331862283358,-0.6491758197266126,-0.6417017676050336,-0.6414446272862981,-0.6442685927372637,-0.6451641111737872,-0.6463154340471301,-0.6441414693881427,-0.6470125642544861,-0.6462644892955453,-0.6511748646747536,-0.641221985379207,-0.6491852034659428,-0.6454858296154221,-0.640269917271601,-0.6474686346499935,-0.6533169645127758,-0.6455075333484216,-0.6503957452827329,-0.6456703177182038,-0.6532694700180457,-0.6561888625130881,-0.655504879952241,-0.6573097906729276,-0.6589612662290315,-0.666323197451613,-0.6620277851797621,-0.6740109177291117,-0.6618594952114434,-0.662569417333294,-0.6631263061644274,-0.6536449947555202,-0.6604173399612426,-0.6688596533372727,-0.6636967576228744,-0.6609207181530775,-0.6550728156438639
29,-0.01809106161757855,0.010317097317349255,0.016832357406324886,0.025319536491139227,-0.026901249523040488,-0.06579425138715504,-0.09268454471947035,-0.13492612942026624,-0.15877440794628703,-0.20725328843127375,-0.25100376672504976,-0.29523358523932813,-0.32457479437289277,-0.3481557715958853,-0.3678986511038337,-0.3783885077003526,-0.3946750351177338,-0.41257723180268685,-0.4241653119801403,-0.4506990651176536,-0.46268337432362555,-0.47372774586245625,-0.4898355055342183,-0.5015518640704102,-0.5126280407245217,-0.5203176276840777,-0.5352737429295352,-0.545191382386848,-0.5550734830354929,-0.5641285435505126,-0.5557563187005168,-0.5723468325936004,-0.5784640855435296,-0.5996118330034733,-0.6094384564196901,-0.6263527995993143,-0.6284151076303847,-0.641538040835328,-0.6505654658493951,-0.6526312515689463,-0.6529251245718144,-0.6503118848871413,-0.6496658364228075,-0.6415905728947581,-0.657565007045268,-0.6657514892220433,-0.6666974438093786,-0.666427372551461,-0.6757410682392612,-0.682682706906203,-0.6985248917494549,-0.6978543575888879,-0.6950142598679568,-0.6957265820940765,-0.6968312050374784,-0.6995276500794146,-0.7018914814332734,-0.7048609930754052,-0.6982017509660678,-0.695475111660089,-0.6859058716525394,-0.6952896708768397,-0.6954909073245663,-0.6913840151047288,-0.687607522305224,-0.6894423719049084,-0.6941417539892669,-0.6999266450540428,-0.6973140260957521,-0.7032952246307288,-0.6946229860526004,-0.7026953467035111,-0.7124834489315875,-0.7074845128850616,-0.71188634457747,-0.7086963619954552,-0.7135682044467769,-0.7249745245225127,-0.7362585912666391,-0.735377138726948,-0.7362840710907264,-0.737831703630209,-0.7452233646981319,-0.745247210008908,-0.7479056518734677,-0.7504781535198813,-0.7576379578765886,-0.7511692057665723,-0.7487148930004024,-0.7541652664284156,-0.7484277287272242,-0.7479289053462259,-0.7472116380183611,-0.7518070432556725,-0.7542115187389246,-0.7464696406394483,-0.7456625830394311,-0.7470609937870866,-0.7455377385803535,-0.7512920764776254
30,-0.008665132219107132,0.027352676690159266,0.03862114313472445,0.01565568020194176,0.005774067094754608,-0.054304489734452496,-0.0796365490187865,-0.1139497857933936,-0.1707184138564896,-0.21608489371508147,-0.24236211503224972,-0.2787269751456199,-0.3188216427140831,-0.33684676746784525,-0.3731188786140481,-0.41676843849235495,-0.4428184153735239,-0.46042264775759845,-0.4769197393899848,-0.5035602243532685,-0.5191731974678276,-0.5339719755095921,-0.5459095407490748,-0.5558078878077279,-0.5660684514293688,-0.5793178143533643,-0.6016450700214611,-0.6087511135883882,-0.6141562604579475,-0.612774232042394,-0.6273837152073692,-0.6315239648335063,-0.6370933155413119,-0.6424359172788014,-0.6407877723239124,-0.6560601327315443,-0.6741447394718967,-0.6810334470903289,-0.6841249352629081,-0.6930416138725995,-0.6999604943823958,-0.70985786911082,-0.7224626038666699,-0.7219529979738306,-0.724473369751784,-0.7248721716029922,-0.7253191034620969,-0.7230125151681116,-0.7340265538007578,-0.7409025076719997,-0.7416616411130577,-0.7483405120327639,-0.7552191836775252,-0.7605824965770341,-0.7612021657319907,-0.7641112953909172,-0.76370794589693,-0.7689323738503986,-0.7672173349128724,-0.7625710745423098,-0.7622675925328789,-0.7638731053102683,-0.7697209796071186,-0.7763274404268663,-0.7723363071640867,-0.7732799674904723,-0.7784108604489403,-0.7753363730692154,-0.7899497640366294,-0.7875639493325246,-0.7915807433160726,-0.787623570207851,-0.7843960738883442,-0.788606258421232,-0.7886821344288147,-0.7940307162411215,-0.7790368093064791,-0.7792770453733071,-0.7779843989782027,-0.7814503768564294,-0.7928714583752254,-0.7946467683274436,-0.7933411455115746,-0.795640620870818,-0.7972463301360253,-0.8018868717017065,-0.8008746857889334,-0.8018613537977342,-0.8041300992824386,-0.7995028369987588,-0.8026476919845331,-0.8076091283364639,-0.8115031208859617,-0.8181705848655442,-0.802541149325217,-0.8024424117576047,-0.8016492765823696,-0.8064306393428546,-0.8032950450188965,-0.800303782794292
31,-0.01779630459125147,0.0118132869253326,0.03693916827437647,0.034956240943484526,-0.015624646298558635,-0.047573370851735824,-0.11839277537949564,-0.14282950260036764,-0.15107178128764273,-0.17069495023603115,-0.1964702405569745,-0.22570063368260163,-0.2838089673674016,-0.31079258859137204,-0.31626623322407865,-0.3183174675863274,-0.328115844397778,-0.34583368576223433,-0.3604281576532066,-0.38056601731771983,-0.39392008824311353,-0.4198438984805242,-0.4277905886242274,-0.4335351507701076,-0.44350373674837784,-0.46903016360924105,-0.4900680539795221,-0.4982613775279156,-0.5014831343008499,-0.5076283808687435,-0.509439237868287,-0.4996321623432648,-0.5143419781071651,-0.526016849159843,-0.5361962516317458,-0.5357772047561524,-0.5406802043586846,-0.550909779148046,-0.5656144327675156,-0.5737895605875482,-0.5680752493869646,-0.5725464875821701,-0.5769589450130274,-0.5814240100863352,-0.5878316927447438,-0.5988209010506428,-0.6081631695867137,-0.6138029955288483,-0.6174966149197967,-0.6274412246926906,-0.6259046678164994,-0.6244567072406865,-0.6229726523208323,-0.6208999263915775,-0.6149413037706751,-0.6161086220533276,-0.6177800144188828,-0.616793676218695,-0.6188135960672951,-0.6123708365884348,-0.6217951331719067,-0.6265694098355586,-0.6278000461868166,-0.63751056066078,-0.6413703176949322,-0.6282258775704065,-0.6346045513935024,-0.6416393238926831,-0.6487601459806039,-0.6492308163354675,-0.6530419847109806,-0.6533526275667073,-0.6437986135605138,-0.6454511137288033,-0.6501681818085002,-0.6448435520806265,-0.6599196626844993,-0.6537021391124486,-0.6537019617913177,-0.6526328086582726,-0.662291567150016,-0.6622742921636505,-0.6610838879272894,-0.6610395519764416,-0.659304308295575,-0.6653341224517375,-0.6639252686984597,-0.6650449572669346,-0.6618215961384953,-0.6600611879079264,-0.6628911250672362,-0.6705623224017261,-0.6679759960743583,-0.6669228471838718,-0.6720958523763646,-0.6764392766862053,-0.6843439776806315,-0.6847896089113396,-0.6801131539147093,-0.6785179802223043
32,-0.017966081867925754,-0.008680998645230673,0.017374434222555215,0.032272399949449936,0.016656312510672816,0.0026863202446865907,-0.03379739191904514,-0.0867947082465263,-0.12838773461387834,-0.1689248879053329,-0.2000634460038586,-0.24150750082239597,-0.2811381978503635,-0.3094244589343805,-0.3408871345029958,-0.36355747215033346,-0.3878998175415044,-0.4102432244807789,-0.43183385620598436,-0.43989645150499285,-0.47098506262620077,-0.4865326487849923,-0.4913062681446229,-0.4980431604876261,-0.5266110084491111,-0.5296857107969997,-0.5500006623754593,-0.5618713527579422,-0.572822369739633,-0.5945390724341637,-0.6086630603008006,-0.6162473434465645,-0.6222043346444824,-0.6099542350512115,-0.6052286783012348,-0.6121461811128325,-0.6180902914900571,-0.62864273137195,-0.6350309923712211,-0.6494348546969868,-0.6569717088259079,-0.6723374586426866,-0.6800670031645217,-0.6766264386212839,-0.6840669429446854,-0.692062952962009,-0.6908774697035384,-0.7008414395349735,-0.7036888439600127,-0.703377794410856,-0.7072881102893733,-0.6998332803776767,-0.7001221983149086,-0.6896871631527614,-0.7029163960483165,-0.6874997759742736,-0.6956553984645509,-0.6953798229943042,-0.6944939665431439,-0.7023569879896775,-0.7102142024898747,-0.7044747637662464,-0.7060899192387247,-0.7132927621553737,-0.7136259745524335,-0.7087466841980017,-0.7197103393623656,-0.7093710607937466,-0.7112813573644807,-0.7157503198215085,-0.7142281622526887,-0.7154853785878846,-0.7051980202973008,-0.7059443158275005,-0.705205774705615,-0.7191116223050129,-0.7291847370052186,-0.728429212248246,-0.7299659921393065,-0.7236511954162268,-0.7227487186153435,-0.7243952829815676,-0.7317486731764202,-0.7389520502447648,-0.7354179105046483,-0.7421960642966482,-0.7418667585615463,-0.7446104104068048,-0.7517615353313283,-0.7489020415368354,-0.7529051471364057,-0.7522612271521019,-0.7502066358967805,-0.7439863837350036,-0.7485318485441153,-0.750588465593978,-0.7492681901492908,-0.7514495703997377,-0.7554733701195058,-0.7524799813379456
33,-0.011043017922752285,-0.004092049409168385,0.02120991921254706,-7.309636082838985E-4,-0.06334497740135914,-0.08855042094885789,-0.15300621924876234,-0.1963727882068303,-0.24269829210005842,-0.27183775017008893,-0.2843853704594526,-0.3159311218164864,-0.33530969584523007,-0.37110612609266197,-0.39321736860775114,-0.4049591510184387,-0.4403697942329935,-0.46118166888217776,-0.4742326587120978,-0.48756783817700866,-0.49981264842740913,-0.5202154061242087,-0.5458249095884028,-0.5559308562815741,-0.5558633184834971,-0.5624980904207354,-0.585740419180781,-0.6127390094539485,-0.6146856908200169,-0.6212803790075772,-0.6296105693052908,-0.642097663044605,-0.6412714957645049,-0.647158297490871,-0.6502514979188015,-0.6641005743962676,-0.6644309494514192,-0.6704803183519065,-0.6722400416276382,-0.6802298699394291,-0.697430511528982,-0.7005926699277376,-0.710803995363796,-0.7117308214232367,-0.7040937681960137,-0.703089754953711,-0.7103296336029183,-0.7236224913970223,-0.7252506585777847,-0.7304462316329168,-0.7348884264756288,-0.7315615495387097,-0.7287078715934849,-0.7358939061707203,-0.7368634890271756,-0.7419812780579211,-0.7329608877739627,-0.7316646990832528,-0.7306080234508259,-0.7299641660529538,-0.7385672017100213,-0.734976354653265,-0.7364612135189532,-0.7380252242411336,-0.738375458274263,-0.7404722548792526,-0.7447732032527858,-0.7450966198917897,-0.7398259149393485,-0.7393265035251875,-0.7202309636765739,-0.7244413382738725,-0.730448120196534,-0.7268544875336309,-0.7298426324573577,-0.734809006093619,-0.7426534310174964,-0.7487658131208691,-0.7562005659862434,-0.7562162586206084,-0.7592885249533992,-0.7609202475752583,-0.7659838549407643,-0.7679159090748106,-0.7676074225032413,-0.775136699528356,-0.7729004802798962,-0.7785415293806356,-0.7761895582249707,-0.7768444279165897,-0.7813606907203551,-0.7732776917102222,-0.7733606391519662,-0.7866045535212585,-0.7833980865911304,-0.7855506511073608,-0.7852960623526763,-0.78974439098462,-0.7869026391112984,-0.7857966834921416
34,-0.00969087396858822,-0.0076533649149742745,-0.007450701770538699,-0.008879468900992338,-0.005876686832785276,-0.001119014962958293,-0.012715287317090769,-0.03110496185275708,-0.07497837308796479,-0.10924940394750457,-0.14635504578454697,-0.17669059700347398,-0.209152214349816,-0.23017676543811155,-0.24614735410791636,-0.2660289512088936,-0.2880657500204292,-0.3104654738509967,-0.3239110274031644,-0.3418709485042289,-0.36527753619172587,-0.376578494038968,-0.3894011019195141,-0.40809530065685246,-0.41443900576450887,-0.42268357519267497,-0.41414928827763925,-0.42203966104825974,-0.4386924884760197,-0.4585321259913979,-0.46028102525982695,-0.45856170845243355,-0.4578260851202781,-0.4844743305046961,-0.4965489092749122,-0.5139656173176989,-0.5124411245486802,-0.5269368072986829,-0.5274121738741203,-0.532210072451091,-0.5438385673185643,-0.5591837617639832,-0.5738362832066112,-0.5756385620383602,-0.5744524546082983,-0.5897528952735618,-0.5963413912534427,-0.6087120737324273,-0.5870507461300809,-0.6006053811608385,-0.5869317862630868,-0.5885872110195832,-0.6069527007887996,-0.6015750383228443,-0.6027195188132619,-0.6089945900582229,-0.6023346869013744,-0.6057867427717417,-0.6188709950577033,-0.6291145151292042,-0.624473102723733,-0.6258325197903898,-0.6203324336739573,-0.6277095893318938,-0.6281150401366765,-0.643776930231586,-0.6349681543511118,-0.6333121342423929,-0.6457838368855195,-0.6552968942271049,-0.6612003544683147,-0.6759998705658176,-0.6750392359460284,-0.6692688461219318,-0.6766088419392939,-0.689852385906715,-0.6878987178692431,-0.6942522956207864,-0.6925023536428648,-0.6874254406326606,-0.6911305961813389,-0.6895371450404254,-0.7014927941216128,-0.6959365795290821,-0.7018436446285431,-0.7045910418363346,-0.7147916507127252,-0.7125843335938572,-0.710844753691859,-0.715547219000804,-0.7282226773143973,-0.7252494092572946,-0.7217491031417426,-0.7265343263299302,-0.7266285012923089,-0.7241482768517787,-0.7253322953110277,-0.7313501633819616,-0.7232638653398937,-0.7193757157520543
35,-0.015787166045232743,-4.1527292816881487E-4,0.005144101590275364,0.04864952621680931,0.044654255873028854,0.0012922292747680885,-0.03759521175760966,-0.08322113465125325,-0.14451938402888617,-0.1988693851738793,-0.24161235656222196,-0.2807861438082913,-0.28448115679852254,-0.3041362713418355,-0.32508930553323767,-0.3293460724128364,-0.36051733738031544,-0.4036102252937498,-0.4217475551039596,-0.43712402547913826,-0.4671966557658295,-0.4864182737488014,-0.4983099125010512,-0.4949775753844875,-0.50219832542008,-0.5174609531809472,-0.5688389436519806,-0.5725015895427373,-0.5832102745687748,-0.5902409049675328,-0.6203335079146721,-0.631365322785316,-0.6279834702469564,-0.6340198157046679,-0.6489584077227835,-0.6587476233184908,-0.6564394116010694,-0.666766771852311,-0.6692211883616759,-0.6749046250701868,-0.6801838008637966,-0.6865720533922739,-0.691202973552626,-0.6860543111095418,-0.681421375628224,-0.675681078297905,-0.6726610653956873,-0.6890181656251428,-0.693458102918817,-0.6920798426967775,-0.6915415235755091,-0.6902239239767815,-0.7025276964352165,-0.7091486166515644,-0.7201972283667709,-0.725880107641367,-0.7281326368484645,-0.7238270289269777,-0.7163692500631262,-0.7317492644846356,-0.7483937675959271,-0.7511257433923868,-0.7576052208091235,-0.7570151147780513,-0.7546454533562887,-0.7631619830296381,-0.763951472806297,-0.7715938991243988,-0.7659595893235291,-0.7645643731797351,-0.7726412835653704,-0.7734372215070002,-0.7719515634911204,-0.7774643372695933,-0.7793043803720334,-0.7788214674286352,-0.7816127602207876,-0.7872543296579897,-0.7892434697175363,-0.7929251930787415,-0.7911398787174605,-0.7952616907772625,-0.7942462731048181,-0.7932358988904178,-0.7960990621732777,-0.807496337973544,-0.806951914776495,-0.8005818107725098,-0.7988378832783276,-0.7953986652129074,-0.798023330158924,-0.8003076149047136,-0.7991067460428626,-0.784479311211017,-0.7806081612482824,-0.7854285715257414,-0.7885214232455011,-0.7862245213276914,-0.7901810541311509,-0.7956913723849337
36,-0.007982501757991202,-0.001173214589249108,-0.007387274092309302,-0.020263127158140007,-0.0387474495574086,-0.04566110632332235,-0.062367976929672636,-0.0669064379629794,-0.07437808864876144,-0.09127497043800227,-0.11355120930337925,-0.1399359642082623,-0.1644621195435511,-0.19042117241260853,-0.2223577122309004,-0.24046317849445742,-0.2680398488315947,-0.30295646853209823,-0.33292346925847077,-0.372335407532004,-0.3941730960358287,-0.42811236524367685,-0.4514515429306997,-0.46609398938590124,-0.47374303874635254,-0.4693545582847331,-0.48769430104043543,-0.49984132060604153,-0.5116022494292336,-0.5207435346510662,-0.5176383258917303,-0.5393384778111815,-0.5525724520589901,-0.5497458804403591,-0.560277301286999,-0.5897602014621107,-0.5884315238590292,-0.5891787738143445,-0.6028231600282093,-0.6082419582702654,-0.6233637477664221,-0.6286338726837781,-0.6458533842724167,-0.645920411627205,-0.6496710185212016,-0.6453167324136534,-0.6508344295054964,-0.6640916743723706,-0.6718160958807085,-0.6743196302258206,-0.6831705959236507,-0.6995945590360648,-0.7031121015130047,-0.7099095919210292,-0.7164312033800538,-0.7057891044605284,-0.7102436369658643,-0.7074869802859449,-0.7066792008642857,-0.7066459854683257,-0.7069527577375929,-0.704072755625444,-0.7014217768394854,-0.7046396873704406,-0.7033659967356634,-0.7148268796231038,-0.7179204142855294,-0.7317411616850309,-0.7377815257056203,-0.7424458848347775,-0.7381271638190675,-0.7436259231059636,-0.7538467513856982,-0.7618031832562557,-0.7567145963701484,-0.7568424021285196,-0.7540827242903575,-0.7591334346227803,-0.767841529492542,-0.7683235368691629,-0.7679547102725198,-0.7710652212848226,-0.7684879352743149,-0.7740333814025192,-0.7714824724569634,-0.7660186162726393,-0.7625022815423749,-0.7613076863164087,-0.7527278514131251,-0.750449420886138,-0.7450953675888827,-0.7485449404015257,-0.752546419690738,-0.7476489604830009,-0.7423274137068071,-0.7582860116736567,-0.7668327732758791,-0.7703366491584173,-0.7706041919990205,-0.7653621565104005
37,-0.015302914801421066,-0.010035908050433098,-0.019331302762495017,-0.007096470073364101,-4.8211938377843225E-4,-8.179051621927378E-4,-0.028671004223759292,-0.07100983122087227,-0.14013789844527508,-0.1641079745410852,-0.214913420160313,-0.2607623665476823,-0.27848946261441254,-0.2831446710413993,-0.31539456067733485,-0.3104229789239122,-0.33565910630718093,-0.35641020933995116,-0.3730868276444351,-0.3923999602218446,-0.41236197143299774,-0.42829401689353447,-0.43773538056321426,-0.4371944131819928,-0.4507339823650691,-0.4663354139316789,-0.4644939331792623,-0.48113922634621664,-0.4937944114656227,-0.5030715567680639,-0.509138362487174,-0.5288295236500432,-0.5375450370218503,-0.5630644893786193,-0.5687856154008271,-0.5768125944663383,-0.5929468184141164,-0.5989861642845562,-0.5925565501271924,-0.592436089589869,-0.5958886029349475,-0.6088193285878214,-0.5955497273534588,-0.5986852208408959,-0.5986021942594763,-0.6067207266449798,-0.6064547621904788,-0.6300621680551576,-0.6223578367064071,-0.6243636030193067,-0.6207835506351604,-0.6257981725555714,-0.6403737390422389,-0.6365815950930742,-0.6366482339439778,-0.6443901642167646,-0.6448955341596121,-0.6452372154382338,-0.6509154978014294,-0.6533942184938892,-0.6562064718543789,-0.650265219566926,-0.6488128383257845,-0.6509901908310413,-0.649661118188571,-0.6459133919486648,-0.6603034431868176,-0.6496876705264892,-0.6591394177622172,-0.6529116846548141,-0.6559363474766193,-0.6589953128939752,-0.6615706960710965,-0.6567060471861359,-0.6661406393268265,-0.6708663738733079,-0.6754659412435844,-0.6728941183828314,-0.6735137646794799,-0.6651831620245237,-0.6658302226561871,-0.6670835490497637,-0.672300180351354,-0.6765955462600283,-0.6707229843943996,-0.6767520747475883,-0.6788854514559559,-0.682492198838304,-0.6798623132225672,-0.6803095682115726,-0.673291876061851,-0.6674629960506236,-0.6747962633228337,-0.6769536669753511,-0.6784188087260263,-0.6718481486372556,-0.6708791261835907,-0.6804103738162677,-0.6850091860144814,-0.6831881566503847
38,-0.0047508664405632684,0.023614347431725195,0.015603826435494975,-0.020205350840121337,-0.04057478822655327,-0.07595851629192717,-0.10101917393084174,-0.13236070744306214,-0.1701464159077773,-0.20801057603256695,-0.23817829098664606,-0.27899953377771286,-0.31060831817461304,-0.34810572094875214,-0.3761215637457579,-0.40030889149146937,-0.41482027250416276,-0.4254855515130817,-0.4455496222920622,-0.45289849521181486,-0.470184785418448,-0.4841706923501636,-0.498972885286324,-0.507748240037721,-0.5003089888640705,-0.5129781395710028,-0.5393401606339393,-0.5563984774025931,-0.5647796917695213,-0.5746675223741873,-0.5770245026987838,-0.5896567363016109,-0.5904356940747967,-0.6002926624253488,-0.6097716108815443,-0.6187346125975788,-0.6146477640891099,-0.6197443953381868,-0.6236981510710166,-0.6302099287856917,-0.628927025115367,-0.6445936408368812,-0.6561502845402238,-0.6613638422499156,-0.6703629302574692,-0.68686432344258,-0.6899113257137118,-0.6882557005623751,-0.6979445029824486,-0.6899656773136357,-0.6874143823774965,-0.6896249210875094,-0.6984048339775937,-0.699760827792501,-0.6986888377215739,-0.6993257993656272,-0.6981615082180613,-0.6939654345555317,-0.6948654722869614,-0.6911062419092241,-0.7056409338932218,-0.7158703999096221,-0.7200487653191254,-0.7147187784013522,-0.717891390895747,-0.7197578954279156,-0.7176646649178338,-0.7107660584295722,-0.7024817077527752,-0.7039761885413572,-0.7034654156442274,-0.7001802359894203,-0.7101552155810501,-0.7053774784625354,-0.7079578808365339,-0.7094861459213234,-0.7096842193408827,-0.7144886299545737,-0.712622928393789,-0.7190885983951496,-0.7248360679970193,-0.7211726219095209,-0.7296689725906007,-0.7319553189193095,-0.7311227211226691,-0.7240589750234961,-0.7240822098833594,-0.7224580803702071,-0.7209497973559842,-0.7130771625848198,-0.7121990504176465,-0.7141275685877126,-0.7177944915303921,-0.7172418343017829,-0.711865530641566,-0.7113852586599895,-0.7015316477425141,-0.7026307167238831,-0.7137902563409583,-0.7186476807108678
39,-0.009771801395584666,0.01819010141312278,0.03015479526222356,0.04019797269989065,-0.013764395636820885,-0.05939308540080147,-0.08460141630643583,-0.1319450913579876,-0.22519931563942625,-0.26546284233803474,-0.29357425542171134,-0.3348889670517083,-0.3587478898693084,-0.39593227771031253,-0.4245633395021059,-0.4532012937490091,-0.4927603233936665,-0.516675611098703,-0.528912801718571,-0.5360315385663669,-0.5634350660105272,-0.5656240658415853,-0.575986333532541,-0.5939364659638824,-0.6096979292546297,-0.6240763493129825,-0.6296944525920248,-0.6493298891779152,-0.6726784630345571,-0.6837941769912301,-0.6889146632764472,-0.7002325549710724,-0.7098705769921423,-0.7044713404118732,-0.712934802773182,-0.7216867628574826,-0.7275821537778562,-0.7302665792248512,-0.736170655457144,-0.7421680038110439,-0.740748022170227,-0.7458614408273505,-0.7504732140653725,-0.7659866010478444,-0.7669252233884584,-0.7777623511423967,-0.7762150880890097,-0.7738923474415874,-0.7834309347692789,-0.7796634496322503,-0.7893387749371812,-0.7923984949459151,-0.7951153870003551,-0.8013809130646717,-0.8047684109909977,-0.8098497173685126,-0.8081448813729837,-0.801969975594019,-0.8046644705848949,-0.8091513179201244,-0.8086729601572125,-0.8064903371512544,-0.8088797915890903,-0.8131396512302834,-0.8146884955036504,-0.8158854330769476,-0.8130845494388155,-0.816878118394821,-0.8163075337356525,-0.8240590686183239,-0.8250390520528742,-0.8294114147005491,-0.8298027806559518,-0.8288903435563485,-0.8354818244018983,-0.8377191823027836,-0.84080465517085,-0.8511906810347882,-0.8541022839491995,-0.8559207004098051,-0.8559457911591893,-0.8539114330308079,-0.8561352655763479,-0.8476314799975335,-0.8509945215084846,-0.8462646381713173,-0.847253276459017,-0.8441955749718676,-0.8513851742038321,-0.8521458288222133,-0.8518086354625091,-0.8558041477064363,-0.8588082273914465,-0.852760584257664,-0.854958742465604,-0.855474812128249,-0.8518454306703224,-0.8513226352976218,-0.8531628407619471,-0.8583096277271245
40,-0.0035949650047812564,0.030377107484570173,0.039518051139559064,0.0448053117965965,-0.004001837558694942,-0.06843883332871459,-0.06907771027724496,-0.09239206623650575,-0.13197972970499827,-0.16313902233294048,-0.19535355871344443,-0.2036788850964278,-0.23228989286305596,-0.2475633788902428,-0.27151808061283733,-0.30378577294969533,-0.33266408277877363,-0.36919441673985587,-0.3761891440799575,-0.3859874983321662,-0.40370908821754653,-0.4407751140203681,-0.4626448533595783,-0.48505393774670535,-0.5092037531974647,-0.519537298230732,-0.5254720874265122,-0.5479345502037936,-0.5522193194156443,-0.5601463654060488,-0.5710101602470836,-0.5852084507555871,-0.5907366417610317,-0.5950704046961431,-0.6036700753053784,-0.6090840389373923,-0.6161405214219238,-0.6148266303931728,-0.6188907428933635,-0.6209397033591668,-0.624548751092506,-0.6371130036565982,-0.6496988115861688,-0.6531307186927797,-0.6502418197286576,-0.6472983059369349,-0.6458422843016125,-0.6494239715837794,-0.6535574688480627,-0.6630842506716839,-0.6744589940024176,-0.6749210171693132,-0.6770635952148533,-0.6744285025234485,-0.6742031171219058,-0.6746133775575739,-0.6827284110038778,-0.6843442346958102,-0.6911516930189668,-0.6937266773020007,-0.6871328042823082,-0.691045711130775,-0.6940236565412323,-0.6978267055173059,-0.686436325376895,-0.6934964984593673,-0.7009974486271209,-0.6988281790205477,-0.7065687225919978,-0.7050257294817841,-0.7110286311920165,-0.7144042375297097,-0.7116261222858702,-0.7153287013791773,-0.7172800975601704,-0.7158022223129591,-0.7167397260487944,-0.7261929492292905,-0.7337290972996853,-0.7371571902002674,-0.7357899166610272,-0.7360529775899881,-0.739446893591481,-0.7363422510710075,-0.7442969362383464,-0.7413001237002752,-0.7405997138112587,-0.7451490735150061,-0.7447736447595587,-0.7387093447940289,-0.7416270623869613,-0.7391892230073274,-0.7362655683232048,-0.7399541716373405,-0.7338639640735007,-0.7366098602632377,-0.740586053538998,-0.737200044780115,-0.7433852795110693,-0.7391428996029111
41,-8.432072508594558E-4,0.02145780766069498,0.0013359976616921809,1.4547330779982062E-4,-0.0402026811702965,-0.07997629811900422,-0.10662304958131237,-0.14062469443649087,-0.17505601533057116,-0.1864453502797616,-0.2086523623956757,-0.24562812369264517,-0.2808209457921199,-0.3129831552557674,-0.32411424043146053,-0.332216330678823,-0.35302922509624685,-0.3493193735601872,-0.3629592837728242,-0.3795147660238164,-0.3937038284004679,-0.4111771921755173,-0.42761432957695916,-0.4353284780166483,-0.44515952131322417,-0.44702699389059175,-0.4656881578876542,-0.4808307609621087,-0.4916640030077388,-0.4957300404203792,-0.5110074994012576,-0.5145783570719509,-0.5327244693243024,-0.5422869975651796,-0.5537513756071658,-0.5587627728476602,-0.5582397625132122,-0.5614194161303249,-0.5643177794190359,-0.5757020653524934,-0.5875556630318626,-0.5958682069970821,-0.6010934791881951,-0.6119747969343758,-0.6263796770713358,-0.626235765071986,-0.6353305313734839,-0.6362094736119187,-0.6359291198947895,-0.6362912982460304,-0.6427506501500944,-0.6541698962741749,-0.6588780795092881,-0.6639867779298538,-0.6681900852781902,-0.6672698289027498,-0.6694691352945111,-0.6675374545942122,-0.6719494947558795,-0.6744999823786947,-0.6723513885396782,-0.6805386824603731,-0.6850344186546089,-0.6867206306026061,-0.691312220128159,-0.697108547376444,-0.7007395739899287,-0.7030577364569797,-0.6962558934889482,-0.6993725794386896,-0.7085782680563741,-0.7050678754996114,-0.707087352311043,-0.7202614160213666,-0.7201785952535117,-0.7200275221577606,-0.7238632231443279,-0.7253490281404978,-0.7177227555723938,-0.7258280765736306,-0.7254889093962084,-0.7285102203376355,-0.732796234807577,-0.7319815185239914,-0.7398946198341821,-0.7419498173819982,-0.7430553930082614,-0.7419281289856399,-0.7402988283544336,-0.74304829716126,-0.7446339931261913,-0.7452024836899231,-0.7396158099355968,-0.7427091068868343,-0.7387650807974262,-0.7415362610223133,-0.7449170157741477,-0.743343560149412,-0.7464348349769413,-0.7443266944469269
42,-0.013611328053645521,-0.007882136543197074,-0.0015204546835979648,0.0030407456375631248,-0.04621560455631953,-0.11170525009148748,-0.17097711746117536,-0.2355907076306088,-0.2848082362325569,-0.3520185853933198,-0.3776996213317231,-0.4042406248599248,-0.40954999966112454,-0.42949655868326103,-0.44825230231678165,-0.4788486941519532,-0.49678216849548656,-0.509796805378236,-0.5191546412687029,-0.5296594012909683,-0.5535419597893513,-0.5573681775023377,-0.5638805575201833,-0.5641222268338807,-0.5888845785557038,-0.5900181594948076,-0.60857504482692,-0.6110061293566136,-0.6175054811114371,-0.6209458571526852,-0.6297972710608577,-0.6298264279200013,-0.6349668670440773,-0.6366326491891393,-0.6404206255831216,-0.6394503736260568,-0.6629658732017965,-0.6740604280366495,-0.660611079899791,-0.6613932377066812,-0.6664789644834483,-0.6737946177033828,-0.6754200383618274,-0.6873181863759821,-0.6871536680911298,-0.6755784613929802,-0.6894010813588737,-0.6976481466747518,-0.6999586776227911,-0.702292439915528,-0.715627725410084,-0.7310659488527297,-0.7252103538734683,-0.7405918527788831,-0.7295434969434434,-0.7261867412926323,-0.7309156434826014,-0.7279077324983355,-0.7380396808518147,-0.7426704618961982,-0.7457798132361098,-0.7462353744466081,-0.7524698070657307,-0.7433808047862209,-0.752361625507762,-0.7588463527971622,-0.7644983471383793,-0.7658006094443863,-0.7684532252228661,-0.7668182150112932,-0.7789511841177691,-0.7731500921736203,-0.7718381631888911,-0.7671496190162941,-0.7829461649946968,-0.7819955753230802,-0.7809155809565402,-0.7875331802197043,-0.7926146880272953,-0.7934735344396038,-0.794085232109223,-0.7957497285775302,-0.7993799839963076,-0.7998669987501619,-0.7935393326482427,-0.7960412802328527,-0.7979660666237214,-0.7923522992543874,-0.7924649125064686,-0.7879149730641994,-0.7895979151937104,-0.7883805211248389,-0.7819514795974656,-0.7867771971359306,-0.7798759421863327,-0.7857751469211659,-0.798108503447003,-0.8021126338356173,-0.802432242956933,-0.788678781795146
43,-0.016003292534676895,-0.018367234412216837,-0.013677630565779263,-0.012138339377843739,0.006482041557291049,0.002636227192704691,-0.03951064824383966,-0.06210290415533511,-0.10514673923587756,-0.13748493965238429,-0.165298444589136,-0.2385345797068398,-0.2729208273270312,-0.30214712427375423,-0.3483712292536729,-0.3789151007962805,-0.4009072557150612,-0.42078881213881725,-0.4598619682650025,-0.48939564769390037,-0.5003755324378477,-0.5257738996987219,-0.5387759595678435,-0.5359986580050324,-0.5326741742932659,-0.5493262045123148,-0.5490017386177175,-0.5730855872947163,-0.5856868944083524,-0.5915369807089178,-0.6179710477441119,-0.6325446077542766,-0.653464724458159,-0.6581650930006654,-0.665219526926205,-0.6683444178144075,-0.6674544307794926,-0.6807618976870858,-0.6842106165164634,-0.6817536598316428,-0.682076011782331,-0.6956012984015316,-0.6917358655963968,-0.7016138657029473,-0.70568438576587,-0.7022887762251192,-0.7136946185238919,-0.7114392981555219,-0.7144032645104954,-0.7121029309913439,-0.7185843128813623,-0.7281656970032515,-0.7237839917283856,-0.7284691786726516,-0.7281122562604019,-0.7325635388885078,-0.732090545429993,-0.7474553741665518,-0.7456870626097767,-0.745889427210338,-0.7557535399666442,-0.760657752131639,-0.7620327989719597,-0.7704039314688914,-0.7722626424327728,-0.77224505047975,-0.7785362689558667,-0.781156251011273,-0.7880875778078514,-0.7880273007459365,-0.7963388574286923,-0.7968397162407228,-0.8029010149537066,-0.8029880334031718,-0.8017950067189713,-0.8025303600060366,-0.8139100274874659,-0.8139785297773057,-0.81507341249187,-0.8151785274327092,-0.8198567525026228,-0.8175719926760457,-0.8244845345128633,-0.8294861079581857,-0.8246110015602838,-0.8272203541614194,-0.8238032361690302,-0.8259639097009065,-0.8266172454491872,-0.8308540704582842,-0.8362427911243637,-0.8398175458759322,-0.8367356547481754,-0.8276271134368365,-0.8295120142168186,-0.8344450818426026,-0.83173383693243,-0.8342931311132022,-0.8302170866983286,-0.8325783677005735
44,-0.018036761177126735,0.0032208597069236034,-0.004564470025549706,-0.037883994557717064,-0.08740608319904125,-0.15008251039777812,-0.19872769209604027,-0.2395156503568291,-0.2866380629566706,-0.3119814385250626,-0.34808260748599323,-0.36860335896682545,-0.39244519315822457,-0.4168112720300784,-0.43753898547572356,-0.46134048188960736,-0.48293647491365704,-0.4965077215959582,-0.5027896376486239,-0.5222047293940298,-0.5291692042488967,-0.5347815066400222,-0.5524781947752058,-0.5669078880915958,-0.5685496101594382,-0.5866801611917105,-0.6009771872856049,-0.6063267212688699,-0.6167675141374489,-0.6301713216860003,-0.6422771264803928,-0.6586569348572631,-0.6595921713534384,-0.6654405367532568,-0.6750834493202126,-0.6810364427430708,-0.692849004329911,-0.6973559787729962,-0.7060156971113315,-0.7127095567369895,-0.7172999930417681,-0.7251831137456333,-0.7322124622065234,-0.7309600952303706,-0.7316971587720238,-0.725691631104285,-0.7311631359454727,-0.7300194066597495,-0.7356056236251581,-0.7406152282935508,-0.7430680001050254,-0.743940794798844,-0.7519781075207993,-0.7558026530477926,-0.7638350750571735,-0.7638910441622455,-0.7677918148131462,-0.7703457732345831,-0.7718202735125415,-0.7793854669035215,-0.7751365255993261,-0.7698268293106341,-0.7727318874354157,-0.7768841344845475,-0.7770548257793619,-0.7751221625208033,-0.7660336105574284,-0.7792246380427179,-0.7790844759809468,-0.7842009750309801,-0.783946975930984,-0.7837772842853827,-0.7899960417153439,-0.7891109094371695,-0.7903540765531961,-0.7859625738888709,-0.7751410346606588,-0.7794248685249664,-0.7811476004564366,-0.780214999277895,-0.7810811805754099,-0.7842115736994945,-0.7808765155728815,-0.7833925341715845,-0.7913830513146088,-0.7899589285593323,-0.7896511171045749,-0.785537118187886,-0.7863885162026034,-0.7847664432055449,-0.7836563806960715,-0.7817834732537443,-0.7810119628446891,-0.7895636741722776,-0.7872591180878811,-0.7911402542350824,-0.7893549774930669,-0.8052673608460971,-0.811853513058699,-0.7983527269298427
45,-0.008233856608012935,0.036039355026028765,0.04970957937188257,0.06545348213123434,0.05520634348717515,0.005767588202492873,-0.07060020013417503,-0.1319276340396724,-0.18749050541482423,-0.23624150702125435,-0.25965542931507163,-0.29465970684293114,-0.32388803902924623,-0.3501389146360346,-0.3728878606104453,-0.4200763327558963,-0.44299326427286556,-0.46959463759318376,-0.5030944961134552,-0.5297570540171904,-0.5409609664668822,-0.5586926957661567,-0.5739500336964282,-0.5698555565960868,-0.5866941606447131,-0.5947710369676318,-0.6046290415592622,-0.6120071502601369,-0.6167314946578307,-0.632747084145908,-0.6527001851801961,-0.6596886513231136,-0.6781572821971197,-0.6828095525837896,-0.6790093904158124,-0.6815774705760249,-0.6892638811488839,-0.6940644794497675,-0.6978402397428706,-0.7168141907768935,-0.7148360079008254,-0.7181601878008154,-0.7270378646681099,-0.7360364168867499,-0.7454385530340119,-0.7529568746681297,-0.7596419306256909,-0.7598634159744946,-0.7500178233705422,-0.7509374008129907,-0.7579723149444267,-0.7600790275968279,-0.7505211887890444,-0.7541999280296097,-0.7559014904250128,-0.7572361480693889,-0.7567226038760646,-0.7546662231091019,-0.7600790679103996,-0.7668552201329762,-0.7697956035108328,-0.7789211840019812,-0.7825752427927466,-0.7875476941401455,-0.7889556125637803,-0.7930671068336342,-0.7975662521444588,-0.7998179890234123,-0.7892801120953173,-0.7884865453272464,-0.7902530887477206,-0.7848153158945544,-0.789785349240525,-0.7884140652855853,-0.799864627180353,-0.7961741091046541,-0.8038454743246405,-0.8076958340817256,-0.8051984913120813,-0.7982045139303124,-0.8006650715736524,-0.8034704426643805,-0.8086427261731302,-0.8010793894311575,-0.811512161136901,-0.8065287131573069,-0.8070253240188765,-0.8118342906922067,-0.8242500815275114,-0.8220869168384722,-0.818516436804977,-0.8222808595641199,-0.824540033344559,-0.8306615067178064,-0.830251569077314,-0.8295267441928091,-0.829836624679992,-0.831810455980084,-0.8270831008178086,-0.8217385441914812
46,-0.009769088163687278,0.009646075077612436,0.0154907870913974,-0.034123339365064724,-0.07986083485998641,-0.12715719442334442,-0.16502891625152785,-0.22116423733051957,-0.23194954073433796,-0.2653550257636943,-0.294398328814366,-0.325300237690508,-0.32922146628023574,-0.34914134220505055,-0.36513550699096087,-0.3904720423096901,-0.41634170124442726,-0.4412719850793503,-0.4584067451180286,-0.46946023025062156,-0.47497878012348527,-0.49653454831028804,-0.5114133110264582,-0.5108764744640735,-0.5228868013712177,-0.5438472022122632,-0.5286784142432208,-0.5379233899852601,-0.554896753408744,-0.5615531938944368,-0.5651378389100025,-0.5775103202500254,-0.590478297003957,-0.5913013204141233,-0.59227209971487,-0.6024284727445265,-0.6028490115998977,-0.603972299980781,-0.6001126064907343,-0.6040304785706702,-0.608086438572974,-0.6183275585795933,-0.6264657953676691,-0.6507532761524623,-0.6443369895860366,-0.6566896702028783,-0.6654972072015842,-0.6820500874982578,-0.6852430796487197,-0.69536554148839,-0.6922910529006738,-0.6938811128002755,-0.7037616572622725,-0.7089725969480534,-0.7091951963359717,-0.7125912235981571,-0.7214512217192918,-0.7291540808257746,-0.731960171467037,-0.7430660058530347,-0.7272128016600276,-0.7250983731288847,-0.7328921466740737,-0.7370176818579985,-0.7379001001742023,-0.7335324236275409,-0.7367927342527691,-0.7392446347826238,-0.7388409732635709,-0.733756681071642,-0.7355977428389915,-0.7453699633686682,-0.7376270868403969,-0.7350421571966648,-0.7419079737477016,-0.7427711307222157,-0.7497456607268768,-0.755143493829879,-0.7646732686988734,-0.760227114985698,-0.7573697509294864,-0.7610570976544796,-0.7640374366972698,-0.7634729558436436,-0.7637757024378432,-0.7543492399427442,-0.7531148630199773,-0.7474447128774395,-0.7579899128361811,-0.7581851705741356,-0.7674599454125677,-0.7664548057675127,-0.762960539643297,-0.7670186115574522,-0.7615592379727616,-0.7643534904703799,-0.7634336758628609,-0.7703064597223295,-0.767775404384821,-0.76586675806723
47,-0.002609172742078859,0.023713364747252413,0.011787301777817522,0.00355259867666666,-0.003086586742984636,-0.02122637070090683,-0.07992218174270231,-0.13145640129056835,-0.1710250758476698,-0.20020035548794016,-0.2265449961975764,-0.26027755559535626,-0.2773299125862373,-0.29784608671895507,-0.3339626536171499,-0.36104316948876497,-0.3677795652170991,-0.37445918201168577,-0.38836246865410934,-0.413849363690215,-0.4274979119957386,-0.4417147398764287,-0.4570777509045481,-0.4694925420411171,-0.48647852115958523,-0.48851434014736866,-0.4919901083192517,-0.5031302723075561,-0.5047318539612062,-0.5210464674734531,-0.5365199435286466,-0.5331479577756677,-0.5485350077932134,-0.5515314952711525,-0.5642614954579986,-0.5734038696335907,-0.5900046526556496,-0.5978931625950912,-0.609390468725937,-0.6140971508373694,-0.6271183006176432,-0.6309838811711121,-0.6237326405020706,-0.6345905545641529,-0.6387178761234833,-0.6390783854639165,-0.6465029568277241,-0.6598956688826046,-0.6598283645187373,-0.6732349310169602,-0.6798652156859086,-0.6834056733000395,-0.6861608329066721,-0.6869049008290705,-0.688605250482201,-0.6920982451763048,-0.6900031567370225,-0.689967178290968,-0.6878348992418253,-0.6927877297103525,-0.697359038911777,-0.6988639429946375,-0.7003128601543074,-0.7036572727680762,-0.7095550264026528,-0.7114383419960916,-0.715417554555031,-0.7169889444306473,-0.7236475552836817,-0.7225782346994865,-0.7251374728322176,-0.728327452142844,-0.7430538824484624,-0.73439874514067,-0.7417007519889774,-0.7421777552037706,-0.7403837627295644,-0.7407403339653456,-0.7401906910399118,-0.734280867942038,-0.7338624712935864,-0.7422757670640615,-0.7351132637207973,-0.7476195467221446,-0.7483854257148796,-0.7443434714508339,-0.7496765427807894,-0.7478479220735023,-0.750350827241527,-0.7560047086756996,-0.7503759012455936,-0.7475096522361554,-0.7521807695611566,-0.754860275158347,-0.7613616384092421,-0.755259689212604,-0.7548062721880211,-0.755280943006192,-0.7522255951727673,-0.7530435398457215
48,-0.016980605055681615,-0.003892488631596005,0.010104974058525527,0.0318473737006095,0.05469412135870907,-0.001003103816678919,-0.032219774160452325,-0.07457259986059958,-0.1164329711921256,-0.1739566910132903,-0.22007623811095847,-0.26128231368033744,-0.3054781428627522,-0.3374608138023916,-0.3637806520638563,-0.38247622369322676,-0.4108245553418879,-0.43296553285048583,-0.45550828691123996,-0.47151091430906933,-0.48384861534672524,-0.5008604028096485,-0.5129266086083775,-0.5359739030978939,-0.5582005670039579,-0.5653123607549417,-0.5926369134737813,-0.5983268426437314,-0.6186201717055876,-0.623404096512622,-0.6327729622886058,-0.6466168916298805,-0.6526036632609034,-0.659358895076076,-0.6663627085041891,-0.6730640318303999,-0.6773917001795955,-0.6801304140472887,-0.6822400994227674,-0.6881502044474089,-0.6959414728654321,-0.706201995155552,-0.7138988387748895,-0.7102462842452826,-0.7200809554350082,-0.7252871448229405,-0.7271698389499558,-0.7353615743364584,-0.7389629452282241,-0.7363907912512663,-0.7315553066087763,-0.7355164829626643,-0.7337575396721177,-0.7307063367263646,-0.7300807511604261,-0.7308171218543529,-0.7326965939585083,-0.7312311275395962,-0.7319241267571159,-0.7387700635790334,-0.7355502834833277,-0.739192781195958,-0.7410581853703578,-0.7374635533485274,-0.7425801514209202,-0.743049774353849,-0.7419097516057503,-0.7503767392051975,-0.7518360338462386,-0.7576439173198293,-0.7556467073034945,-0.7615983549744135,-0.7637020730891098,-0.7619613924559053,-0.7616010175333559,-0.7562781170843351,-0.7538807196471431,-0.7580199295531845,-0.7518329695348948,-0.7466964237753995,-0.7477653319847671,-0.7512547435012056,-0.756543001894371,-0.7620851288023508,-0.7684346743640156,-0.7663108110273193,-0.7647379059987013,-0.7638257860643197,-0.7593225900609049,-0.7635799326519183,-0.7652137692619084,-0.769889610072486,-0.7687551095261553,-0.7726647738898518,-0.7706752817952222,-0.7683172377949709,-0.7684646522095249,-0.7657965465058508,-0.7661556193296357,-0.7672152567078521
49,-0.012939590267325963,0.01848496371443729,0.028521759128562627,0.002635127861457609,-0.046352291094853816,-0.08139191485999188,-0.12465221366729928,-0.15361220699612482,-0.19252058497930616,-0.232345862410086,-0.26757981279640347,-0.30248838452224314,-0.3092168846910145,-0.3280628187486576,-0.3476350079421603,-0.36800871991609496,-0.39038574384503577,-0.41368195607759517,-0.44003547008940525,-0.45606658864837046,-0.4687569965718882,-0.48064602003874063,-0.4951933823866536,-0.5048398509470187,-0.5146541504604136,-0.5243024183270628,-0.5332328113072203,-0.5594206004229163,-0.5617625701923472,-0.573292586436908,-0.5951074977697057,-0.6220110817903244,-0.6257939993359369,-0.6374766250993489,-0.6425270175043808,-0.6522081968630065,-0.6527352303784262,-0.6619865543877131,-0.6714317391390452,-0.6756277551170019,-0.6870970512369939,-0.6866626443532303,-0.6901172742906723,-0.6882568439121246,-0.6702004283781972,-0.6733436950693324,-0.6710044500499808,-0.6704153965287151,-0.6870678762936824,-0.6988542060389666,-0.6894180867843734,-0.6984475968051386,-0.7052553533470497,-0.7185350613924322,-0.720897512079643,-0.726569867848954,-0.7313017261737277,-0.7331039478146234,-0.7300374968801288,-0.7414025772105832,-0.7266394543719056,-0.7270574986592143,-0.7325576065719644,-0.7375426064134697,-0.742433838152537,-0.740123647065357,-0.7447994035976189,-0.7404415523321382,-0.7439884897541329,-0.7490728513433288,-0.7510867052303509,-0.7514734110734471,-0.7532317386134544,-0.7449273387163189,-0.7450060843048344,-0.7458050638165737,-0.757502713663477,-0.7532457868338206,-0.7649903703204828,-0.7593147974964342,-0.7636495982465396,-0.7667700998840307,-0.7717832733598867,-0.775255562541823,-0.7719437850224595,-0.7638337273650515,-0.7656839908745794,-0.7601434790252547,-0.771443122596531,-0.7806130480272888,-0.7815212360568772,-0.772092824718621,-0.7742323146581804,-0.7682947687433994,-0.7625196553358812,-0.7621195189759737,-0.7577764736848875,-0.7554930966456912,-0.7535054643513343,-0.760556931629293
50,-0.02344945052524429,-0.008431670447043968,0.002700030686690327,0.0337860421075937,-0.004674584836589205,-0.022059405440702343,-0.06834068990965225,-0.08975841348715197,-0.13053821139555546,-0.17571802738961254,-0.19940322957481624,-0.24482454594615047,-0.2775682674854558,-0.30113435978556335,-0.32756034208163465,-0.35572799207783556,-0.3643080869684027,-0.3785761468648699,-0.39698553059091796,-0.41936129426550545,-0.4470902714167695,-0.45558663022458057,-0.47308194281272475,-0.48404872174034347,-0.49563222022134473,-0.493989060198485,-0.4940735159817072,-0.5094750713486682,-0.5174684553395417,-0.534425564035657,-0.5430220478992008,-0.5620192399627165,-0.5679057731172452,-0.580887220928226,-0.584687391808074,-0.5935210756372689,-0.6080242497512415,-0.6080898718357508,-0.6257577985707881,-0.6357053359108755,-0.6427407191066433,-0.6508182076928329,-0.652766176338472,-0.6547458330879833,-0.6564598654758567,-0.6549706504507964,-0.649516598838995,-0.6539906303454325,-0.6386565277393992,-0.658408021427784,-0.656249729644483,-0.6549574129638739,-0.6640707226050384,-0.6702642724003745,-0.6706242420122851,-0.6749072585536692,-0.6795957324051415,-0.6813482795849035,-0.6819856702154303,-0.6765669810263378,-0.6770363613989022,-0.6835628770193896,-0.6906699827381955,-0.6991451344425446,-0.7055965720132147,-0.7144434799502162,-0.7191505279559856,-0.7173883750358064,-0.7152730629948639,-0.7219211530290198,-0.7231431115677448,-0.7248764715437107,-0.7188247047680738,-0.7218350226248721,-0.7211452807195573,-0.7277546944714611,-0.7286227796398798,-0.7338208012630809,-0.7367529357678105,-0.7385372193384341,-0.7324848677622368,-0.7389285538440621,-0.7426344943397354,-0.7380270811670451,-0.7430441905664403,-0.7471142576731111,-0.7480751736686843,-0.7490084594815866,-0.7524638851156005,-0.753587988275434,-0.75854560742945,-0.7532399403648017,-0.7573589028626831,-0.7598204125902537,-0.7597064368884072,-0.7608814649245736,-0.7602370377599397,-0.7580089559088905,-0.7520804006233205,-0.7525932414679362
51,-0.009817393606027031,0.01883272104797938,-0.03183297801663934,-0.0709206334429549,-0.13512753299487212,-0.16125775179997245,-0.20724102066494754,-0.24774666601041215,-0.29418364544443953,-0.3304981797596217,-0.3526837348083634,-0.37941811805514775,-0.405682004482986,-0.45230580223597017,-0.48338652349781897,-0.5042090270593449,-0.5162043738753305,-0.529918461784225,-0.5580582350408537,-0.5720029294344561,-0.581138545096807,-0.5896843735990508,-0.609503946503917,-0.6170764721941219,-0.6229818138907637,-0.608605608263928,-0.6044268514697926,-0.622083120308157,-0.6469801929198631,-0.6638599174399826,-0.6734964017207572,-0.6843556502416034,-0.7151611717511375,-0.7189751856133509,-0.7233901178364748,-0.7360944297946962,-0.7368809613296192,-0.7326823860519762,-0.7357229278845206,-0.7423211120244685,-0.7509785468765622,-0.742658728564876,-0.7428646119848407,-0.752986987837888,-0.7559014917807054,-0.7731173046650155,-0.7732138562136758,-0.7834359695451633,-0.7885654693503426,-0.7929117134750355,-0.798601495264954,-0.7919867597562606,-0.790513668183995,-0.7955959820374594,-0.7980287693539254,-0.8049218066200727,-0.8106069911929121,-0.8133264957398296,-0.8166974517364227,-0.8215251244614643,-0.8212060142027922,-0.8248804116597819,-0.8328836331633035,-0.8387424937993194,-0.8272024935076056,-0.8202492588597374,-0.8168443241824217,-0.8213273182998853,-0.82602023169809,-0.8287633240078955,-0.8363036910177223,-0.8367817318457383,-0.8384192688942109,-0.836523100817687,-0.8358949885083625,-0.8365459371542766,-0.84352029196826,-0.8384066823809629,-0.8397186864916858,-0.8361642511169924,-0.8359702996630147,-0.8377812966800756,-0.8431466670865428,-0.8378768261618551,-0.8383566088996223,-0.8471166464275016,-0.8470271575945447,-0.8477655201723003,-0.8452044651934884,-0.8376145515228337,-0.8308566820486704,-0.8330235020929365,-0.8296875706345742,-0.8329755435574501,-0.828790620341266,-0.8258736786078716,-0.8326701291871363,-0.8323389742028998,-0.8375004913623636,-0.8344312340186825
52,-0.015163958545068952,-9.694849838383826E-4,0.012489623575306072,0.021169200571821006,0.021229267846405643,-0.011028955104566605,-0.07218814459737492,-0.11222388174948811,-0.13442995839346636,-0.17292906895789836,-0.2124941122368937,-0.2653163968939187,-0.28285534159778014,-0.31389486067622857,-0.348478912447449,-0.3667976649607616,-0.3782107879368437,-0.3983106769958966,-0.4219144499771931,-0.44887124828132197,-0.4721161415258273,-0.5003441457349622,-0.5187922203317977,-0.5362645104354138,-0.551540202856,-0.5627827542580444,-0.5702795748803935,-0.5818134816523571,-0.5913387818313646,-0.6050488013613051,-0.6111167277836128,-0.6230453746956567,-0.6271695790681258,-0.6356544118123366,-0.651888271305709,-0.659012267237886,-0.665011316910144,-0.6736755868104882,-0.6815286291669252,-0.6849785618208716,-0.690344877542757,-0.6950277600390681,-0.7025305443617313,-0.7105218999876907,-0.7180213381102134,-0.7189256104439475,-0.7226210339839207,-0.7358376325597404,-0.732907142765253,-0.7384616616213111,-0.7424936533818564,-0.755557588703806,-0.7607020205193296,-0.7665733270219214,-0.7732289870811626,-0.7679940679449376,-0.771380794101971,-0.7592426860640558,-0.760038783998247,-0.7743827697742688,-0.7668764501512614,-0.7628471241844944,-0.7659362359558588,-0.7621247907192763,-0.7770824839155196,-0.7724286999559995,-0.7731155957382652,-0.7816109900122692,-0.7833077352743151,-0.7849069313069476,-0.7823263870555591,-0.7887335063605915,-0.7981510990979527,-0.7969396025973705,-0.795622310429826,-0.7960120202200649,-0.8025972507826984,-0.8053880705905828,-0.8058981048686435,-0.8113102163774829,-0.8109145017691267,-0.8180923034550248,-0.8182503618970618,-0.8175442197551961,-0.8195543774570863,-0.8240757779410569,-0.8254877912141173,-0.8215532557892398,-0.8255531067732633,-0.8198527240517482,-0.8174127617185831,-0.8130614686178131,-0.8142751451713486,-0.8125133057552919,-0.8091969063839689,-0.809512439701933,-0.8136922016793406,-0.8158330738748286,-0.8200295270426313,-0.8128881127124938
53,-0.029673326007987492,-0.02680319246863681,-0.02547106080103758,-0.024398846762257766,-0.01917195834797632,-0.01980814444990141,-0.020169010015854933,-0.019270006508253442,-0.017352169294149636,-0.00902529844542869,-0.010733396041633836,-0.010375063228798727,-0.007891382772268068,-0.008543018212329763,-0.010485820629262357,-0.009553018468168946,-0.010153900243820424,-0.008469055996763291,-0.009141292346334207,-0.00969544642061212,-0.0071556506219683114,-0.007288209753705528,-0.007290545477761811,-0.00694954955239568,-0.00698447553036214,-0.00713977886568206,-0.007071187902498419,-0.008277977783550841,-0.009525448095495872,-0.010488133280048781,-0.010032587363549067,-0.01007202870685572,-0.009632102613935278,-0.007909219581360118,-0.007191879732194445,-0.00663417826432609,-0.00824861398546316,-0.008859310363304073,-0.008783264610113568,-0.008457723322987562,-0.008110299597243735,-0.00922213341724096,-0.00933353127622756,-0.009789159293933876,-0.009237419414935687,-0.00920890467254418,-0.008078527306757354,-0.007964259864808271,-0.005228533136436222,-0.006266303501287933,-0.005932083383960952,-0.006462401961968083,-0.0070477883871772895,-0.007115458257165628,-0.006763953780142409,-0.007503674795604502,-0.0073238347657364165,-0.006871000940839287,-0.00670457704083403,-0.006900881729862225,-0.005701974808570454,-0.005604555249865988,-0.005455576586922148,-0.0052927314820964645,-0.005606316548936946,-0.005609930739962423,-0.005645384575937504,-0.005808131567399765,-0.0088035149608518,-0.00849933317509289,-0.009416263785211609,-0.00902414656066967,-0.00919474393898392,-0.009333650037709864,-0.009568112746184555,-0.01013711874683162,-0.010862853871000682,-0.013659961761236452,-0.015015753543691042,-0.01575195584600246,-0.017342444492010913,-0.01829925490672875,-0.01822454597029185,-0.019636891860517446,-0.02005850195505768,-0.020296986923291647,-0.020710724369664164,-0.020924276004099466,-0.019906880817999326,-0.021031255757608034,-0.02131346083618751,-0.021446036879163098,-0.021727071158431626,-0.019973848926364973,-0.01996529131761209,-0.018962232471232646,-0.018726919687592943,-0.016546684829658428,-0.017038294385698427,-0.017066950799128056
54,-0.012988673012001028,0.007873334019797928,-0.0223831884994692,-0.030788136955839512,-0.06612887460477265,-0.13027704357923153,-0.1640676081838756,-0.22114917298569964,-0.2662203979769748,-0.31790533535057247,-0.3486645644624778,-0.378883678607708,-0.41777267116574734,-0.4565573693714714,-0.4927980873585626,-0.5165083581737525,-0.5418389475637284,-0.5765135058116136,-0.5900514551432027,-0.6114425457464887,-0.6394686855249571,-0.6566813965254228,-0.6698456824641502,-0.6725063329969955,-0.6820115101934432,-0.6894867906853258,-0.6967006813762251,-0.6996902884953882,-0.7045078338366225,-0.7029728030409195,-0.711583313025493,-0.7215627656796775,-0.7236781307383983,-0.7405160629303975,-0.7484653994832391,-0.7574659947633401,-0.7672090169992475,-0.7745248822100516,-0.7792409313748854,-0.7846931249548618,-0.7875325239140927,-0.7906897560264295,-0.7843101446069263,-0.804247466555369,-0.8064262576149842,-0.7989799605709927,-0.7978550174217384,-0.8039739596359138,-0.8072465911422517,-0.8028494606343787,-0.8060594651717303,-0.809381237475936,-0.8150220066775737,-0.8218995188660528,-0.825618940322579,-0.8333437473189947,-0.8237920997190895,-0.8248581538488691,-0.8207615875360926,-0.8242703543528563,-0.821088818329047,-0.8201636252351426,-0.8185170628892479,-0.8192964495086251,-0.8218115924835807,-0.8271153388820394,-0.8201444711485878,-0.8247657557804605,-0.8251942456803876,-0.8357883152754857,-0.83260861192444,-0.8350081072380452,-0.8440775523691748,-0.839995017117363,-0.8443708961776083,-0.8455219871552399,-0.8515936675699927,-0.852655101135906,-0.8534991640824715,-0.8557958057077564,-0.8552696782219533,-0.8558276863410316,-0.8532812868824768,-0.8512519409469478,-0.8524325775949095,-0.8526443567437673,-0.8510794108997275,-0.8501446991109814,-0.8445923322687717,-0.8405572017184184,-0.8353402690880833,-0.8422318494720891,-0.8422971844792478,-0.846416199996755,-0.8453548473442588,-0.8444065272699623,-0.8424923623111219,-0.842851511254961,-0.8374689322927046,-0.8403935933667545
55,-0.012193349245306073,0.011082388617491277,0.04883734477044326,0.06844944115218973,0.05838788318158281,0.018383700182998206,-0.0400914057895761,-0.08331165143505136,-0.1374188609392551,-0.17349835700111577,-0.21914428649058504,-0.25601600724865753,-0.3064086552227676,-0.31657029231837,-0.35614465843797194,-0.3725431491553836,-0.38001269196824006,-0.39678581072370384,-0.42386082345992293,-0.43708256305353865,-0.46124136623368933,-0.486632316816059,-0.4954199330474384,-0.5017896074849575,-0.5206128613987958,-0.5376990862254495,-0.545811153460933,-0.552037334477551,-0.5496818662536659,-0.5620303230764261,-0.5742255353295618,-0.5820225515559779,-0.5954011055450613,-0.6003147536570024,-0.60253745603896,-0.6118555506185606,-0.6181268370671894,-0.615113734621755,-0.6180062490706029,-0.6444108364755163,-0.6614385428110089,-0.6658797435066519,-0.6700790077046502,-0.6786685269914936,-0.6628093924652403,-0.6539633972409455,-0.6537921942140674,-0.6568841813350584,-0.6818635685731214,-0.6791915369312074,-0.664915987424036,-0.6659222561197474,-0.6621834467729861,-0.6611673382757443,-0.6596463669574482,-0.6613235176979747,-0.6598538831893285,-0.6687590389125094,-0.6841551572002422,-0.6826821565570522,-0.6870244631000466,-0.6941646209177447,-0.6903962669344027,-0.6921559378842617,-0.6965066832083687,-0.6904145045983812,-0.6869711781426056,-0.6871325710376758,-0.6908871135888525,-0.6879680139449843,-0.6814148731945805,-0.6763999364935276,-0.6804799603627559,-0.6772604154757399,-0.6843778682240311,-0.6957943015951887,-0.7079015206864225,-0.7133145461403906,-0.7197151790938625,-0.7168172629674736,-0.7265577188199676,-0.7289478092639946,-0.7329183805499905,-0.7290340243259643,-0.7243585482767105,-0.7247375179823338,-0.7214972480091513,-0.7233939827107774,-0.7273402479066378,-0.7279595642427366,-0.7326209880295189,-0.7356390078166721,-0.7344680373404276,-0.7349627712215043,-0.732576314520528,-0.7368933776237889,-0.7446299643083714,-0.7457490322985008,-0.7492438428123986,-0.7490159179329268
56,-0.007431908973302247,8.357762555219439E-4,0.005962091618961877,-0.008553809675371974,-0.02307445422328364,-0.02230431341337711,-0.05418850560103459,-0.06806509457183388,-0.08614471753329704,-0.1036385624322466,-0.11106935171479057,-0.12954750084771777,-0.15721733688087705,-0.1751902643764137,-0.20638051488820253,-0.2395663878334334,-0.2602056765443322,-0.27199131346984445,-0.2872696081464426,-0.30629828538053444,-0.33344946344184573,-0.34108323549908837,-0.3496736625654689,-0.3615181944595024,-0.36075914925174396,-0.381565707031644,-0.3985956754300466,-0.41111039463919835,-0.42405675459328945,-0.4475659849468066,-0.4443844019088419,-0.4541157166679253,-0.46352072084953627,-0.45601550172697847,-0.4547473401738867,-0.45508346634569513,-0.4666978933195462,-0.4660910721861953,-0.4739073531590835,-0.4915379302408847,-0.4980508083858281,-0.5073323048567194,-0.5230001795793918,-0.5281212211802049,-0.517000242223181,-0.5309795313476094,-0.5428971666641956,-0.5432307016005838,-0.5448093189415392,-0.5537870106642662,-0.5711083086845167,-0.5894848109705412,-0.5944029688105118,-0.5909941009647063,-0.585300014603354,-0.5981747593722115,-0.5974114747351094,-0.6019712437791582,-0.6046908094342934,-0.6164443703848022,-0.613762125788823,-0.6173877606045813,-0.6265259907971715,-0.6347224037218868,-0.6278511626898071,-0.6315769844898492,-0.648735025857167,-0.6661711416440879,-0.6606160873104016,-0.6656192324536341,-0.6682555620729412,-0.6631659592880572,-0.6639673905665852,-0.6787495724131025,-0.6742376863054089,-0.6786197418035118,-0.6885096906052383,-0.6870909592914236,-0.6893500516730968,-0.7012390002855814,-0.6982853756307401,-0.6996279309936996,-0.70717487283245,-0.704157532081357,-0.7137965667068863,-0.71241973391677,-0.714650975880045,-0.7136250239017475,-0.7177993024770316,-0.715395873349872,-0.7092613762927225,-0.7138174066030838,-0.7231415996701349,-0.724200875008851,-0.7271732077979546,-0.7275650726712173,-0.7414825088039575,-0.7348245520947606,-0.7342087951494848,-0.730884841996017
57,-0.010035348671211981,-0.007840184161022213,-0.006250225773590088,-0.014864098770996587,-0.03137033099794518,-0.03374677093333501,-0.05829475940928442,-0.08107292933031097,-0.13115126544899117,-0.1338734265901006,-0.1763979640201383,-0.23622854425800383,-0.2639476873149765,-0.3052493592269761,-0.3363785985355446,-0.36085830586825873,-0.38789696665060974,-0.40142960924429955,-0.43631579556785227,-0.4651370831632391,-0.4876758606260575,-0.49404958496411466,-0.5124016827531832,-0.5484692337453153,-0.5700478298643609,-0.5870180298313556,-0.5956838844407596,-0.5978478395428224,-0.6001203372303461,-0.6102207332286878,-0.6137313906228513,-0.6174586652492813,-0.6228902823626346,-0.6374098145143958,-0.6335038754088056,-0.6368037101364902,-0.6223528558228217,-0.6320627977564659,-0.6492880733542994,-0.6496459546480213,-0.663129885633904,-0.6537995225648516,-0.6660419167549669,-0.6659792096375624,-0.6765512029589431,-0.6794951921090014,-0.6767340460865096,-0.6804210510528591,-0.6842402891721722,-0.6863854769433818,-0.6903338357643817,-0.6895230170392049,-0.702418737415431,-0.6945633072911902,-0.6984683449678581,-0.6956687947206168,-0.7029992626093418,-0.7055565307661774,-0.7057777593617341,-0.7091106774367623,-0.7099822726573539,-0.7187577903796623,-0.7187296080521101,-0.7173698577414354,-0.717384600782533,-0.7199944375936039,-0.7346977310883616,-0.7366780130043111,-0.7466233241554217,-0.7436469037839036,-0.7478212814244587,-0.7455263955343128,-0.741060941936773,-0.7448210745309793,-0.7342532833420659,-0.7311544025315824,-0.7346436039090747,-0.7433277059901444,-0.7390641190282478,-0.7481132557673018,-0.751082211841725,-0.7470097188726846,-0.7546039035163136,-0.7602412034921683,-0.7537123741779879,-0.7648782314481076,-0.7663161462596598,-0.7649165700583345,-0.7584014305627446,-0.759537433387234,-0.7517369477804539,-0.7578348644261932,-0.7547999814953305,-0.7562799988496883,-0.749324378806858,-0.7482757175035255,-0.7447349726403674,-0.7450642826272785,-0.740678817354199,-0.7412160588449598
58,-0.013373743989630631,0.016270076493875293,0.024235475179395206,0.010652890260770662,-0.016169825986820447,-0.05246354944748923,-0.10596284118763444,-0.15331065862966825,-0.17157157839299342,-0.21486164126910404,-0.2404655243990094,-0.28253293634955046,-0.320087418713727,-0.3436933754822797,-0.36374006051846236,-0.3823347671512143,-0.3968481980031354,-0.4228514738429034,-0.44639173880585764,-0.462910011228449,-0.49179207775014455,-0.5040390971606272,-0.5268394979004526,-0.5461974279590678,-0.5406913535026819,-0.5565226590235551,-0.5694805661479954,-0.5811465446878383,-0.5886614020842008,-0.6117041481113431,-0.6279746877412562,-0.6165745561212885,-0.62355018812565,-0.6204889166001251,-0.6195203860595894,-0.6303510794900283,-0.6394737869839937,-0.6493218106912191,-0.6416987607831741,-0.6409335817964796,-0.642739660010775,-0.659106673717558,-0.6696836892744292,-0.6774457822841708,-0.6856194717431524,-0.6859029804055143,-0.6851507427241665,-0.6810612591626437,-0.6916470009541197,-0.6913658746201508,-0.6959699825837699,-0.70012331059467,-0.7019236337202271,-0.7004949687500008,-0.7116589882960994,-0.7292170837670128,-0.7294839517742396,-0.729182129289593,-0.7390595690922646,-0.7342473379417338,-0.743061385717592,-0.7346980719069,-0.7346256124782984,-0.7412423680320381,-0.7483625974756744,-0.7493988225894469,-0.7467168940642415,-0.7515584434576291,-0.753687951862561,-0.7559335855994873,-0.7526828288410699,-0.7529136640140938,-0.759663068419973,-0.756929780637435,-0.7546107967680997,-0.7469044541227757,-0.7484285421816036,-0.7526638049209028,-0.755798097279769,-0.7593153210416022,-0.7639456894227318,-0.7640904529512728,-0.7612254371004871,-0.7652554646248184,-0.7746427475114948,-0.772821282245867,-0.7620830254071147,-0.7625644079024672,-0.7756320760366608,-0.7765485160844952,-0.784132952995307,-0.7903157728788521,-0.789323069892272,-0.7954161482715967,-0.7920097901163377,-0.7874033258335998,-0.7902150832316108,-0.7937548533945323,-0.7914378104305484,-0.7856576435187218
59,-0.033296644246406694,-0.019208865460491078,-0.016341072156931768,-0.030643710892962493,-0.04622890763544287,-0.053861561192236417,-0.07169655631232774,-0.10647992266595285,-0.13808626320914322,-0.17304142876511922,-0.2030628932802898,-0.21793204570659908,-0.23995936867688744,-0.2769878145225604,-0.3129651479411313,-0.32733804113356235,-0.35327085250232154,-0.3735688197648719,-0.40914337589832495,-0.42100165825650976,-0.4364040278203609,-0.43858095018970805,-0.47680246792074577,-0.4810077212503774,-0.48913569844037363,-0.5000794995768344,-0.49364810081914867,-0.49516942718368456,-0.5090402011203107,-0.5085136596642627,-0.502611538871121,-0.5440025772830088,-0.5537151570776657,-0.5726888098134678,-0.5763373844752046,-0.594410860506223,-0.6037996100305131,-0.5976736471855401,-0.6021004345054238,-0.6111244838381352,-0.6145232788706805,-0.6215154084860509,-0.6185944863643786,-0.6177555867522498,-0.6285290044903767,-0.6365805124330806,-0.6436809572747652,-0.6546078251555025,-0.6491128084098707,-0.6655290044192452,-0.6697019950701604,-0.6783971609002424,-0.6768847344889518,-0.6831802256599399,-0.6915567998097686,-0.6981953900042984,-0.6991104524814838,-0.6968338895834231,-0.6980307963265776,-0.6967194228160476,-0.7048492909758824,-0.7082502447722101,-0.7077559019774569,-0.7088633823393606,-0.69957664717221,-0.699932835318586,-0.704183840411497,-0.7029894723870502,-0.7089825665769599,-0.7117199386430483,-0.7049035316479553,-0.7080292126766995,-0.7128907032255519,-0.709710482910362,-0.7077611352438423,-0.709576482895845,-0.7060839563145426,-0.7025075132381977,-0.7026024345889895,-0.7020091157943288,-0.7043115552485201,-0.7132616577573196,-0.7157498191414322,-0.7186083880605263,-0.7171144050877533,-0.7281062224364884,-0.7359458187593344,-0.728542101361452,-0.7204920698259271,-0.723160448529862,-0.7264369274906752,-0.7269030337824252,-0.7224268803431841,-0.7335791086585136,-0.7330499070639792,-0.7336499202791876,-0.7399184613512364,-0.737463741791171,-0.7448401520574024,-0.7451550364791113
60,-0.01304786385021343,0.013294596439566401,0.039885533543929215,5.347250876725817E-4,-0.06842961376283323,-0.11659465010988718,-0.14885787836817518,-0.16789068893298534,-0.23004589966727662,-0.2682702361643097,-0.2986239021018381,-0.31185886282487174,-0.32840797177468756,-0.3501634770339138,-0.37240517637492654,-0.3990444748382319,-0.4181003876391267,-0.4539403676511091,-0.44502517601286085,-0.4494557989683801,-0.4667703900150075,-0.48126433649428013,-0.48241894562979176,-0.5075951003290057,-0.5287882191724368,-0.5408935783248419,-0.5685522876000791,-0.5720346887761656,-0.5786622530297183,-0.5800760870947346,-0.5893564448175407,-0.6012156650394717,-0.6046327924680208,-0.6097626530964618,-0.6010630237305833,-0.6120192894653116,-0.61098863606867,-0.6181262679500465,-0.6318561576728325,-0.6274188893786671,-0.6286896802025222,-0.6297748456601278,-0.6302075417689849,-0.6523807943767694,-0.664895923626609,-0.6703319791797143,-0.6729978042788587,-0.6769148205569686,-0.6832773649743179,-0.6851000243414724,-0.6810187993118564,-0.6798868135432692,-0.6732590270434167,-0.6767770962114829,-0.6905586268580737,-0.695076668910036,-0.6989797472264518,-0.6968459817132137,-0.6962864492216393,-0.6979864553153173,-0.7046538282363864,-0.7078903117647043,-0.7096005932933983,-0.7015139231909671,-0.7057657219484764,-0.7087804753872129,-0.7114843209542121,-0.7180031894801263,-0.710636576137492,-0.7030014665299013,-0.7096080023499115,-0.7103648070242895,-0.7132310117624872,-0.7059675083055241,-0.7214504008866512,-0.7256808174959863,-0.7334957540316006,-0.7402801642973464,-0.7392633429557007,-0.7359227883557403,-0.7329224197255398,-0.7273344689270028,-0.7274337429237163,-0.7296758202514103,-0.7315697617970032,-0.733557930327821,-0.7399900397533945,-0.7415006370160155,-0.7436730772324589,-0.7475898510098132,-0.7356956329124431,-0.7378792864847212,-0.744935348874807,-0.748470993307024,-0.7504451986017071,-0.7548612837983042,-0.7586632320025757,-0.7629859157024402,-0.7671979904807803,-0.762583845815239
61,-0.01600457417436419,0.03463797146566244,0.07180503800052569,0.0306794618922833,-0.011150158887477614,-0.050710536502646716,-0.10078983820701545,-0.16654695481254836,-0.21489570513486334,-0.24950926809445373,-0.2927394586810079,-0.323688225307311,-0.3667558702488924,-0.4172424536254729,-0.44877843468453427,-0.47401573293901933,-0.47858066294076734,-0.5036043370183093,-0.5226919523996024,-0.5410143353588248,-0.5581849503920866,-0.5793425574307146,-0.5931969264909295,-0.6029021007821236,-0.6176198703310573,-0.6508639197023546,-0.6637667867770399,-0.6773383058824115,-0.6943211432936848,-0.7038955009220471,-0.7169055769002209,-0.7262498149159113,-0.7384619653053321,-0.7489056104547778,-0.7460841948497533,-0.7587550178479261,-0.7674688002533585,-0.7759327589998548,-0.7816624740066739,-0.7938720861405489,-0.8029430295026049,-0.7947872890495533,-0.7956241996225546,-0.7889605465865093,-0.7840607016651853,-0.7967337732047504,-0.8010161367407644,-0.8094743616124866,-0.8107712731831566,-0.8063533982865114,-0.8042514820837545,-0.8062742841660353,-0.8058810384734558,-0.8207149706981816,-0.8256963604425802,-0.8301100819804687,-0.8397729400063045,-0.8493084668084463,-0.8499265159291906,-0.8518970647970857,-0.8535079018034524,-0.8531754032177993,-0.855983158821905,-0.8613085313967881,-0.8654728707006727,-0.8612709680826138,-0.8653635647326235,-0.8613920317668162,-0.8631539303713298,-0.8658928314560207,-0.872509637172286,-0.8761055532033782,-0.8770924306319775,-0.8810390784880883,-0.8831413166526528,-0.8774881198429161,-0.8683429388769802,-0.8713141231327913,-0.874747150305416,-0.874528285661312,-0.8755564474988126,-0.8810880428974913,-0.8871142377158084,-0.8930143101022726,-0.8950944337168855,-0.894835255317458,-0.8917519492030235,-0.8970697600173884,-0.8987961933537463,-0.8985353981302451,-0.8952061998744116,-0.8946819195403068,-0.8942293728914453,-0.8913633118446753,-0.8878527182118485,-0.8916988978136235,-0.8908635872064979,-0.8906326355090606,-0.8926767726597794,-0.8923189503760228
62,-0.013941501952775683,0.011913306558644572,0.03755675039674244,0.03430200909663137,-0.00910387746568046,-0.029609127242326925,-0.09753614132942699,-0.15456207466378089,-0.17332066979322217,-0.21314677143583383,-0.2224667414068811,-0.27335315858001674,-0.2930244140284356,-0.3446299965052724,-0.3514656596800078,-0.3793917640833308,-0.41095260308017934,-0.4260057306113198,-0.45364659447072064,-0.47021594093602154,-0.4879973016370409,-0.5125065692602131,-0.5182847655178301,-0.5259938615083602,-0.5204552179818198,-0.5431200433004375,-0.5563974292517873,-0.5690042508940089,-0.5828973564966687,-0.5784417121171911,-0.5864314668315134,-0.5888905121733495,-0.5893671546697845,-0.5955689905593848,-0.6039264096891922,-0.5999561591163642,-0.608352786690082,-0.6031526107691314,-0.6207476596671505,-0.623799481650452,-0.6347975279192564,-0.6368383431727195,-0.6465256316727387,-0.6443464163852599,-0.6499669802099397,-0.6574284421663699,-0.6634842969886661,-0.6719249232144563,-0.6615942998502493,-0.6706180904343039,-0.6889243496580915,-0.6912208644543537,-0.7026472924746264,-0.7020741489894367,-0.7108760144388759,-0.7129979420439568,-0.7129512366467057,-0.7264442341955288,-0.7255319725935994,-0.7264292136385814,-0.7201014905446728,-0.729403590343481,-0.7278497185552695,-0.7298259772689386,-0.7338758828965627,-0.729542438732535,-0.72578566625821,-0.7340946834463642,-0.7322374912944656,-0.7409714339447464,-0.7374938580636993,-0.7356573619981545,-0.7338794194594902,-0.7408517790182588,-0.7423690288854838,-0.7344907686033351,-0.7314876052760476,-0.7411821584325256,-0.7493748308887628,-0.742036415385624,-0.7546238970845406,-0.7543814412542357,-0.7479569494730788,-0.7508272061259044,-0.7487141428276375,-0.7471891012844636,-0.7436023948261443,-0.7423160866229352,-0.7461816066180076,-0.741635230898831,-0.7358820070282015,-0.7408593591115391,-0.7396975856111496,-0.7396360992635096,-0.7364750854917509,-0.7338102443148895,-0.7368954188302317,-0.739414786504704,-0.7378946059379549,-0.7447577380251628
63,-0.014084796057806501,-0.002754087544897019,-0.0222122132792878,-0.024120948812837006,-0.03923819760628605,-0.08907076444603165,-0.12203221481892008,-0.14280255112802895,-0.18746589659168086,-0.23586246824929233,-0.2927390270125543,-0.2912663840340367,-0.32292198664511007,-0.34292003068515575,-0.35371637424532965,-0.35414662484650816,-0.3744350868013376,-0.387105387769394,-0.4295512859256846,-0.47080268611896003,-0.5040228561171187,-0.546109137039549,-0.5546981243451297,-0.5499462440058642,-0.5587344875008389,-0.5579725920189869,-0.5701681915942934,-0.5800383521055281,-0.6007032455816582,-0.6049127053436092,-0.6096511136667591,-0.6215037450799961,-0.6182740040372204,-0.6159873210412534,-0.6265280017634505,-0.6376756945881595,-0.6328674446465168,-0.6457272966879816,-0.6544293727410075,-0.6522553799195873,-0.6612502038448711,-0.6717369423598144,-0.6783639547576208,-0.6887344481578005,-0.6854087077146144,-0.6868233518840674,-0.6892294972163459,-0.6902788701865354,-0.6978457335112667,-0.7019357144683686,-0.7079582054502095,-0.7135996705989652,-0.7159085570431766,-0.7277188808726106,-0.735613774903254,-0.7350044572534203,-0.7281687338541826,-0.7315903130369814,-0.731893405294463,-0.7385497194398595,-0.7415306274972342,-0.7347829711768228,-0.7338014076232929,-0.7369037810703816,-0.735219276104839,-0.7403726779376834,-0.742501285924308,-0.7300129626011074,-0.7210362394176575,-0.7298170128790291,-0.7342492037289339,-0.7301871760424683,-0.7315983432942482,-0.7311084571498783,-0.7232347583605064,-0.7256144345880804,-0.7268746262647804,-0.7323320154552425,-0.7302556144522021,-0.7338291142940969,-0.7457591561332383,-0.7540472539309205,-0.7574629009991256,-0.7515778014404597,-0.7524194030762658,-0.7569125017540778,-0.7678668862242266,-0.769404984680883,-0.768859879729745,-0.7768351034375871,-0.7672478889197759,-0.7835387034218442,-0.7748036454311692,-0.7722302083159102,-0.7744533876728614,-0.7740673427780931,-0.7860093934943825,-0.7928683682212307,-0.7892321128041974,-0.7910523736957537
64,-0.015753504085963183,0.008343862288661102,0.039758867286492555,0.02356514970907911,-0.004594259023404396,-0.05169401251152265,-0.13538913607733608,-0.18093794410711947,-0.23922784074474512,-0.2747129381821585,-0.29377450252850545,-0.33349167186993584,-0.36317904662761324,-0.3796855931462942,-0.3929977244248319,-0.41298994118605664,-0.4338721270381287,-0.4533352395069707,-0.4657701664288257,-0.48071649319397464,-0.49389070347858827,-0.5175001839492559,-0.5343752550242249,-0.5437668019685569,-0.5498420513129766,-0.5633987816913016,-0.570953946138782,-0.5796628589058307,-0.5848641610769999,-0.5965069895972962,-0.5962671745971686,-0.604489816645373,-0.6139139609050076,-0.6302643159598018,-0.6419246496458273,-0.6571993113677879,-0.6669839238174728,-0.6765337607196966,-0.6776197989447958,-0.6902755926530455,-0.6963065883989866,-0.7167001635263945,-0.7105354542266652,-0.7138722157829258,-0.7098575267236232,-0.7131922579793349,-0.7160588974331351,-0.72839973719982,-0.7242386320727376,-0.7362167251429398,-0.7443152397971754,-0.7461066430605184,-0.7429040358928397,-0.7436224385176282,-0.7334323889144021,-0.7301770975573018,-0.73063911974755,-0.7310379619791643,-0.72588976056522,-0.7268021514682111,-0.7324866470961469,-0.7387123571713932,-0.7441325038034587,-0.7462810237129623,-0.7473218117731183,-0.7448774259293195,-0.7424666958061892,-0.7372568733806805,-0.7488650051287327,-0.7505795667976817,-0.7469222580684193,-0.7444368148638941,-0.7467433044143192,-0.7520462448956674,-0.7478609658649062,-0.7465449290775645,-0.7555210925794139,-0.7637638007676061,-0.7621679679747198,-0.768097584905232,-0.7618146856047336,-0.7710921219991982,-0.7739970378036408,-0.771619503297941,-0.7684844970949026,-0.7707285932735602,-0.7745267791624011,-0.7691671732569177,-0.7694997114009111,-0.775059008525427,-0.7709689867980565,-0.7679444258035992,-0.7658979738413152,-0.765257061436913,-0.7594042837188194,-0.7642315703566318,-0.7499298811419176,-0.7559025590208275,-0.7609924862753455,-0.7657283521294126
65,-0.010880874218582533,0.02535082649356592,0.0076787702509322105,0.02603884097041637,0.02474023371453707,-0.02601869173532115,-0.08873891731954013,-0.12626591669423376,-0.1765016003937026,-0.214698508235321,-0.26659038168973664,-0.3215234011944426,-0.3547993213436284,-0.37464035729506373,-0.3761594542536509,-0.39683809482687216,-0.4184286012167341,-0.43590213406754197,-0.46060136250253675,-0.4855064879698989,-0.49839301671874786,-0.511934640249295,-0.5167858327230209,-0.5197598537471159,-0.5360240525754851,-0.5358683409032884,-0.5198468886073399,-0.5319674165572935,-0.5588710835525638,-0.5649943578372063,-0.5707710410375194,-0.5781216886573156,-0.5902119493216237,-0.6008067800239106,-0.6110398205035865,-0.6192088516738289,-0.61934986023237,-0.6330333571594112,-0.6427299076215242,-0.6498218884917257,-0.6595840430116947,-0.6661015367714791,-0.681111617428072,-0.6877598311097615,-0.6840490893642156,-0.6895732836215201,-0.6878890913245879,-0.7003668214490538,-0.7103888979477938,-0.7174291365933095,-0.7263950166567497,-0.7310336740225665,-0.7341372730761299,-0.7306663639827413,-0.7295565680116601,-0.7296191590808199,-0.7308134740578783,-0.7275373860084318,-0.7338948839263374,-0.742165821064345,-0.7432166735873946,-0.7422179017951223,-0.7413608531269543,-0.7398255848327928,-0.7388127276244082,-0.7417003532468798,-0.743868203382493,-0.755202748304638,-0.758952812021476,-0.7589566514422311,-0.7628543728222649,-0.7618847351894295,-0.7689616414979024,-0.7765503858805708,-0.7792572773877037,-0.7812546592194763,-0.7817283691690148,-0.7834653987323331,-0.7888317167217832,-0.7925014251816295,-0.790749224379719,-0.7943862618989946,-0.7905927112720968,-0.8006695408404034,-0.8043088737084205,-0.8048153501939178,-0.794466186115029,-0.7902168121348225,-0.7942359868325504,-0.7916905855138269,-0.7913077736110733,-0.7941833896053293,-0.7925720298718463,-0.7863573810154044,-0.7927724281508438,-0.7941802957098569,-0.7932627068355933,-0.7962595069742159,-0.7889323343153039,-0.7890824373010925
66,-0.018830771666945162,-0.014982218983709076,0.003935211301194857,-0.01221846929502398,-0.03163873659793896,-0.1095819561744219,-0.17278785247828374,-0.23207060877090513,-0.25707891155133494,-0.2973071891994719,-0.33198537610255485,-0.35940826618746363,-0.3802953220106555,-0.42002808730501406,-0.45065437701851346,-0.4584885059828042,-0.46678443867597613,-0.4852793323355271,-0.4977846197338881,-0.5095138099338985,-0.5171018974467358,-0.5273404795533311,-0.5493101925727532,-0.5593730534783052,-0.5531089915998872,-0.5563347675721273,-0.5451016605893526,-0.5543047292731684,-0.5664120003744655,-0.5805281604979755,-0.5896638167765866,-0.6008374988560922,-0.6082698214656115,-0.6267381343478868,-0.6335911375850118,-0.6222682483261412,-0.6326998025988643,-0.6439390242475391,-0.6561383873265693,-0.6570778157800963,-0.6613527652274704,-0.6644596490954704,-0.6774001747693182,-0.6950033897710236,-0.6992752265575933,-0.7111317512656783,-0.7184561589985146,-0.7262281985119075,-0.7166201610131754,-0.7137730353979087,-0.7152711229962256,-0.727842479695994,-0.7296672134666248,-0.7152133571693635,-0.7188557780791954,-0.7248569703912842,-0.7219546758073018,-0.7316910221636571,-0.7400613271264427,-0.7351170651903928,-0.733501238564518,-0.7319867010498927,-0.734258633915533,-0.7380771259194936,-0.7410740081679174,-0.7477584862785455,-0.7561510630877332,-0.7626292947877983,-0.768790493518544,-0.7697100743068478,-0.7689647223143212,-0.7703357446372155,-0.7757808862496742,-0.7850799347665189,-0.7851604160462478,-0.7807156792375163,-0.7864047250709366,-0.7976736804982727,-0.7984400245734526,-0.8042749265653899,-0.8080751495530265,-0.8085096895746748,-0.8093592714934736,-0.8132511815845592,-0.8098542634281124,-0.8112233275919404,-0.8115502076929032,-0.809935580028869,-0.8122337238271973,-0.8128367804033649,-0.8173121169753413,-0.8182360051435734,-0.8178451252614052,-0.8122653307841445,-0.8168045867201614,-0.817495585881264,-0.8133160929163811,-0.8164267932619816,-0.8147311517222741,-0.8076808005607744
67,-0.023895672675848197,-0.012244133525083958,0.011019181556662158,0.0015294809065360018,0.010281549699487125,-0.0023300039670645784,-0.00361400385954629,-0.04726929503437537,-0.06512292013727407,-0.11585179621082332,-0.14336294694053375,-0.17106599555513222,-0.22466999523045939,-0.2557285267167861,-0.314303138243672,-0.3360016991615104,-0.35784195270754826,-0.38845132045139513,-0.4081308104814324,-0.42763521945889216,-0.44981000715369857,-0.46336955814342595,-0.4786380599400744,-0.4884658659155587,-0.5073852682045443,-0.517632120196479,-0.5241600135067521,-0.5457894407710008,-0.5493840741241006,-0.5588922704211334,-0.5727018570177357,-0.5740059778169194,-0.5833424122279979,-0.5937458096198243,-0.5964152191541855,-0.6098421066760384,-0.6156479567846925,-0.6262644767598062,-0.630891000497477,-0.6375527845098279,-0.6319069011637418,-0.6215462835907344,-0.6241823934698246,-0.6239572069735374,-0.6268995120734275,-0.6246435052042554,-0.6327969694418614,-0.6379026145840998,-0.6512733310934116,-0.6488839042117043,-0.6594855538971196,-0.6555892561467312,-0.6620875235391562,-0.6729141218758037,-0.6707497566280471,-0.6791487289068797,-0.6838230894195518,-0.6855036273337177,-0.6755993072980825,-0.6806566151942668,-0.6954157246119587,-0.6919247896912059,-0.7011129444797888,-0.7088473236336013,-0.7103934481860381,-0.7177493390315791,-0.7165059024430552,-0.7201133292609728,-0.7177740972159947,-0.7178732018215784,-0.7082785037717783,-0.7073300207676829,-0.7146725090916203,-0.704515274486972,-0.711866570396763,-0.7096291339167806,-0.7049637913827698,-0.7157764159654527,-0.7223278842293962,-0.7293339439829957,-0.7299891170633994,-0.7297928662857472,-0.7547606128701565,-0.7496222361633808,-0.7431617501577757,-0.7378870801131499,-0.7392406588049829,-0.741407330390718,-0.7409318607142893,-0.7403934383561541,-0.7349670429465085,-0.7319044593552587,-0.7387718814142724,-0.7416108896129389,-0.731342370845307,-0.7351769036959896,-0.7331780006857236,-0.7359365110812044,-0.7344047495661656,-0.7375461096677316
68,-0.018720316751804696,-0.002844820050400104,3.2649106952409997E-6,-0.02080905596589887,-0.03942681715425868,-0.057211301801484774,-0.05841531401144921,-0.08378791076099673,-0.09491000846591502,-0.10751934722312467,-0.13548567119269972,-0.19107536981920326,-0.224991754324424,-0.22211395340829895,-0.24043887740225198,-0.25986562096878285,-0.26842257677769477,-0.2796836841062788,-0.2802968822585491,-0.30929658794674636,-0.32531783871825526,-0.36085626426800504,-0.3768797979662623,-0.3865156806864139,-0.3836059671632022,-0.3880313691117282,-0.4056468188023985,-0.4025164547802925,-0.42152576487226034,-0.43153456701670245,-0.4493063795306281,-0.46782392378973114,-0.46248837576838925,-0.45074740488512766,-0.44768702576886094,-0.4518414834840798,-0.4721631088548052,-0.4850287123336711,-0.4931425753086933,-0.5056301636365539,-0.5285538721340164,-0.5388008747383024,-0.5527869516417345,-0.5441082297305215,-0.5486588909361481,-0.5492243660503869,-0.5530721995539768,-0.5541349433249116,-0.5521896683384373,-0.5494244971535285,-0.5551636549242857,-0.5707753363014837,-0.5656396140237882,-0.5825333059973943,-0.5896817347539254,-0.5840498743581045,-0.5932646954351535,-0.5906288051143366,-0.5890366240409652,-0.6131665732060596,-0.6136218458052786,-0.6260484136420839,-0.6313853265493091,-0.6338879665579799,-0.6404784821968493,-0.6430591818771961,-0.6480690921000699,-0.6519861393195217,-0.6600329338804366,-0.6612058926917982,-0.6795087199665538,-0.6746480974924881,-0.6662175059092271,-0.6654490025940061,-0.6661760230336873,-0.670599958537864,-0.6692220813730375,-0.6739125387601084,-0.6853439915994131,-0.6705393464406706,-0.6735824667188623,-0.6794731765387807,-0.6749152703100708,-0.6783112264103254,-0.6859196581676359,-0.6909420990680601,-0.6918579458064081,-0.6886674743269665,-0.6964767604972465,-0.7111310410321334,-0.704812327082079,-0.7206938689165221,-0.7319186792333674,-0.7181741758387755,-0.7175214841856555,-0.716958042124094,-0.7137239568011006,-0.7174485047997883,-0.7169605060720398,-0.7177541397115289
69,-0.012472216544901105,2.9365101779212256E-4,-0.0022383806364269366,-0.014561280105465561,-0.036848048331763604,-0.052849856720757586,-0.08143228411154205,-0.1242213092073899,-0.15142662818273098,-0.16965089895078783,-0.1828492600156257,-0.23027957066742544,-0.2628461438766518,-0.2904873963260832,-0.30587086654672024,-0.33008118524323016,-0.34270302439324885,-0.3651043632294532,-0.3727384681314481,-0.38748769279231815,-0.4027639098173201,-0.40601069935916523,-0.4092321057355867,-0.4179067473961711,-0.41695600409024836,-0.41785474666143557,-0.4123848007998929,-0.43386039466352216,-0.4372903501223353,-0.45855423624355657,-0.4601445777546199,-0.4683393625577496,-0.4795182927242202,-0.4971052090222633,-0.5124954098652467,-0.523267096781789,-0.5275171402935164,-0.5371487354458432,-0.5534626728155839,-0.5621326007692358,-0.5682775421289071,-0.5716803847431354,-0.5836421400837725,-0.584412931073974,-0.6033399781076825,-0.6083581817327913,-0.6065570972857952,-0.6056122429274766,-0.6106179308321493,-0.6217409143116681,-0.6378002131281292,-0.6358247141309018,-0.6365708369661449,-0.6430998058288421,-0.6550989114508472,-0.6597830611390977,-0.6620950593080792,-0.6671031706939269,-0.666012765522778,-0.6727349199507192,-0.6678166142869699,-0.6683333889184788,-0.6744686957583497,-0.6817164004578993,-0.6872322053225832,-0.684116927627997,-0.6851586930027943,-0.6795048787607755,-0.6763438133778433,-0.6779468287637626,-0.6723960593385552,-0.6714158663782832,-0.6732926028306181,-0.6739004513616922,-0.686013302344306,-0.6854347795778069,-0.6900815619648956,-0.6917948251136627,-0.6880162406702695,-0.6886828080567459,-0.6943822872117709,-0.692633694522981,-0.689651582339538,-0.7001522695814131,-0.7086567040899946,-0.7118424757358338,-0.7151388361883424,-0.7153294904730272,-0.7129719554269155,-0.7090655811135791,-0.7209932666851684,-0.7368087890274304,-0.7431652109647784,-0.7489953750705051,-0.7410543803573444,-0.7423584627993436,-0.7511692886166331,-0.7611388534753997,-0.7639102374261075,-0.7555971546145384
70,-0.0066842856092924376,0.02504840161758689,0.03637130075045812,-0.013998167709193708,-0.06817057647696136,-0.1015226408528662,-0.19052656250658448,-0.24884417518223853,-0.28330319486384614,-0.30952803518118244,-0.3403318568635445,-0.3705457423883772,-0.3859507356417224,-0.4087701208634209,-0.4310027238454305,-0.45049979385775174,-0.4670634558158327,-0.47932538963267846,-0.4888591210864366,-0.5084173290267922,-0.527543896719046,-0.5535961525216194,-0.5766719589290337,-0.584880179156745,-0.5923563894623695,-0.589695800654163,-0.6150743588845126,-0.6274935074434157,-0.6329575077146588,-0.6458674647402733,-0.6498721012952037,-0.652250036098299,-0.6599876642125675,-0.6557881681929939,-0.6640717439798237,-0.6706535866386636,-0.6731162059121167,-0.6814561558834674,-0.6856827695590555,-0.697324177470273,-0.7028997690828903,-0.7114824715360196,-0.7112235808237287,-0.7106284231382802,-0.7263094586468763,-0.7304876616349739,-0.7348160571647935,-0.7358193244542336,-0.7346925301188959,-0.7352833419081231,-0.7364278484513812,-0.7456800724487483,-0.753647311521791,-0.7552349796044838,-0.7481154695753854,-0.7576887231439225,-0.7550058508746124,-0.7669120294536675,-0.7738006005415755,-0.778168010691108,-0.7732845393963297,-0.7647057112728729,-0.7693638022932636,-0.784130853343538,-0.7813661683535122,-0.7845995122894123,-0.7901530518944949,-0.7912470234133778,-0.7932928656205934,-0.7984715440134962,-0.7981383790821733,-0.7940967492816121,-0.8001347627759757,-0.8034256833330714,-0.8085688089145929,-0.8127017251740913,-0.8158150192673499,-0.8201133325585996,-0.8236913942807391,-0.8277040565677946,-0.8275525499602884,-0.8296590011904859,-0.8344141707838009,-0.8401798248819233,-0.8439042701772632,-0.8397064585505806,-0.8418228804458482,-0.845531111419764,-0.84784421281019,-0.8493452348999188,-0.8480848801426157,-0.8493710082032173,-0.8478604632567739,-0.8470128713321264,-0.8462503672127109,-0.8454538216101417,-0.8507991506437059,-0.855205214920436,-0.8512887551712705,-0.8530244127879246
71,9.292067398198847E-4,0.031930897445093,0.03586018121102746,0.03149272300786377,0.0120682800115336,-0.009939352425299064,-0.04212271362673943,-0.08848084992176862,-0.11614667310623263,-0.17666337203785576,-0.2117068737531054,-0.24622542176106882,-0.259685280211917,-0.2905532722663422,-0.30688530009639003,-0.3243275360200799,-0.3421554752298465,-0.3544738956364614,-0.3847350738598599,-0.39833852456801494,-0.42242275780285354,-0.46072312774714347,-0.49286987471189525,-0.5034268548922431,-0.513614886530403,-0.5239668337700439,-0.531503135063306,-0.5542580354417637,-0.5661534711351686,-0.5785276657302861,-0.5863443464621662,-0.6036633960378066,-0.6193181234687645,-0.6328716668229856,-0.6302444924676265,-0.6414698576746758,-0.6524850488137737,-0.6564416905918747,-0.6601300220153418,-0.6684310933641686,-0.6871115981134516,-0.6886832811025161,-0.6822385711250127,-0.6775246576285447,-0.667667624737657,-0.6680811642448181,-0.6696376486276311,-0.6804766766735416,-0.6974634203037979,-0.7102991023459324,-0.7302841379045891,-0.7367958334970264,-0.7406183823514577,-0.746324216104343,-0.7509561364426679,-0.7532910284435423,-0.7547573808119142,-0.7576984962196508,-0.7612772980829131,-0.7696394137349694,-0.7680612412379033,-0.7689516971856293,-0.7671547604915914,-0.7758426365002733,-0.7806021689558301,-0.7804509096890038,-0.78261626026928,-0.7901382268643097,-0.7891697052405456,-0.7984901941265166,-0.7980559917480282,-0.8017043643100993,-0.80190599895641,-0.8000459009006587,-0.8026596970042807,-0.8012194304818,-0.80001097851689,-0.7942536749182397,-0.8027813530489744,-0.8066402098459623,-0.8046715830795763,-0.8098217205661546,-0.8146461299897939,-0.8167197449102236,-0.8125874451683406,-0.8110394042245378,-0.8125257881861947,-0.8148060940462991,-0.8198542854078739,-0.8226623177493876,-0.8276650706468971,-0.8234405221223057,-0.8261488467398405,-0.8233842705568535,-0.8217480037490539,-0.8175482766059956,-0.8205795220237364,-0.8182665853936096,-0.8224004607480194,-0.8199868391907372
72,-0.014805797731263117,0.019961617827856385,0.029650257385937094,0.03025819337217817,0.008564688671348113,-0.013703191538662255,-0.07061687401786,-0.11930418638433654,-0.1697359757173538,-0.19295509146563058,-0.241346516506105,-0.26350188658908164,-0.31455267167236384,-0.32965463963078173,-0.36165117733761976,-0.3617016516625987,-0.39037278932417807,-0.43374439253785574,-0.46288966049082647,-0.48947080800424864,-0.5051346117509133,-0.5211885450475802,-0.5368648179115294,-0.539045313510655,-0.5671678519059603,-0.5878549895870715,-0.5953234561418982,-0.6154410515353209,-0.6307955359900059,-0.6258479274348818,-0.6519917635212833,-0.6558392132885228,-0.6717614823583865,-0.6791434417459249,-0.6815355620726123,-0.6859309806279387,-0.6888955740331643,-0.6926782920045076,-0.695880947709571,-0.7058787441232568,-0.7095302426871823,-0.7217912526241315,-0.7327307053278763,-0.7294458739743703,-0.735339395539975,-0.735077920996833,-0.7397962231449013,-0.7414743098441008,-0.7404779135235625,-0.7346516096018195,-0.7347944301522595,-0.7339662991064394,-0.7379036403038849,-0.7352841571283898,-0.7358603895383063,-0.7410073427160658,-0.7482347783713125,-0.75618864518523,-0.7549037879151144,-0.7457126672278332,-0.7511462128208849,-0.7587497027117451,-0.7625034128372077,-0.7630908844888666,-0.7626281111645521,-0.7582214720513938,-0.7603609990562,-0.7666817804020009,-0.7623009179561882,-0.770537486748297,-0.768585502610599,-0.7722808668926074,-0.7906633127365678,-0.7913106285290135,-0.7935734777690832,-0.7927764887198328,-0.7876906794332059,-0.7917947244810725,-0.7944038121372432,-0.7897679511343775,-0.7867906042965318,-0.785520975781826,-0.7923719400237033,-0.7949029743794004,-0.7908977574289537,-0.7938525612109012,-0.7902552467694943,-0.7972173368785481,-0.8108988593407154,-0.8160930941620301,-0.8171973675823496,-0.8202866684201789,-0.8242654380315719,-0.8227736358061322,-0.8195101826731461,-0.8204715788973813,-0.8255364429325958,-0.8222550997917187,-0.8243740610814666,-0.8247143797097874
73,-0.008809381953216152,0.014909321209112654,0.020208743256151008,-0.02682307537206942,-0.06597458354299139,-0.12089964871144364,-0.14048488277182047,-0.1685161898683907,-0.21113253731896134,-0.2275189341037872,-0.25224221763384214,-0.31106580749512414,-0.3253573755605333,-0.3557387970660755,-0.3848606963442511,-0.4073297036220286,-0.44993998091997633,-0.47371144031484924,-0.48075287511895126,-0.4823055564273953,-0.5043246856985524,-0.5269094923506153,-0.5459269072744068,-0.5548890138043009,-0.5532935344165683,-0.5521301386841084,-0.5685994153200212,-0.573890305783234,-0.5792937415005661,-0.5926239551947987,-0.6042672839551987,-0.6211574410242352,-0.6241442136311787,-0.6295986766647107,-0.6412259457307933,-0.6590139369624108,-0.6632967489886648,-0.6626530952005215,-0.6665538438484839,-0.6734323363127781,-0.667245202587983,-0.6728314373910288,-0.6727317530590825,-0.6776696139874826,-0.6778547392841687,-0.6830094725758165,-0.6853911956072458,-0.7067728086609643,-0.717261701275164,-0.7250904037977048,-0.7291684311876833,-0.7336430731453794,-0.7357395119857963,-0.7456507291491681,-0.7567105800937874,-0.760328875550422,-0.7623884896717211,-0.7707427741959526,-0.7639090120323222,-0.7629033587374359,-0.7669105091785652,-0.773390262827799,-0.77296183338911,-0.774320998907972,-0.7723719213351746,-0.7693179473989952,-0.7826383816531788,-0.777041863326548,-0.7773266484749809,-0.775494312972748,-0.7819828309154636,-0.7853693177661486,-0.7747073406627245,-0.7660474135079554,-0.7674542574910628,-0.7730062488475281,-0.7885705259182286,-0.7832918265318008,-0.791534368656514,-0.7918952045832856,-0.7854571814823228,-0.7882328249616393,-0.7958499442054828,-0.7936593699817923,-0.7972566682379706,-0.8025919546280054,-0.79882956222194,-0.8034284438841349,-0.8003426999584216,-0.808502765815483,-0.8068064458900629,-0.8041396558932887,-0.809690334027702,-0.8134045730830731,-0.8217027307791527,-0.8207721386145431,-0.8237659783449611,-0.8252851394201136,-0.8289954255492343,-0.8284575222623881
74,0.004298504709971546,0.05143200535660152,0.09711655381164011,0.1331030524735737,0.1017908791184682,0.07832370066299928,0.02221291466210464,0.0031860470098507066,-0.03169512134000973,-0.06865449137927554,-0.08858708820329468,-0.10381635572022357,-0.1464469852826365,-0.1609790971011034,-0.1880180575629938,-0.19906915469926276,-0.22153427276297652,-0.24112343547555898,-0.26208851568607533,-0.28896232522460663,-0.3051922855619746,-0.33261743867808946,-0.33810092008996606,-0.37691532251897963,-0.3988033884272153,-0.40560306601115825,-0.39648199525229133,-0.41148435940590256,-0.4104540936169592,-0.4197811798862193,-0.4277454045833903,-0.4414694451940784,-0.45991084077628663,-0.4706612790970457,-0.483250927035782,-0.49635690292694923,-0.4939541804318713,-0.5002777294304784,-0.4999094355387231,-0.515563395798994,-0.5222210137563222,-0.5328653594362844,-0.5338902345495375,-0.5398864858664566,-0.5411889400873141,-0.546567010959893,-0.5712435415358429,-0.5801562269937935,-0.5750407034969489,-0.5767780392969963,-0.5908016368440446,-0.5872885999536487,-0.5909274513659003,-0.594005277369043,-0.6017644708770464,-0.6020287912996097,-0.6151358597894809,-0.6227635003361037,-0.6222966729605678,-0.618523358417783,-0.6073062583993974,-0.6212389979544397,-0.6199938776125926,-0.6242781009393024,-0.6409003216467375,-0.6400574368402677,-0.6353312821015457,-0.6349857176710537,-0.6345009820999732,-0.6400415898413641,-0.6394626497499734,-0.642301723754278,-0.6410196863907309,-0.644618838799691,-0.6312448858001569,-0.635469788658113,-0.6491170519298604,-0.6316835560218881,-0.6364817860222752,-0.6321280663961537,-0.6366461246837117,-0.640659647270011,-0.6536069246974675,-0.6579695827898153,-0.6515753305291008,-0.6567905560328271,-0.6390141976122651,-0.6405348202082783,-0.6301005755166931,-0.6444951041298265,-0.6523295029628718,-0.645303204989713,-0.6498351929976972,-0.6523544492708395,-0.6544681163034233,-0.6544450012259797,-0.6558357957111349,-0.6611973854089647,-0.6500884553168504,-0.6481202882908249
75,-0.009651858471323944,0.02765138576820604,0.025149855756682316,0.03207415288793191,-0.025924025795297966,-0.061194592524669175,-0.10008400787003824,-0.13912198901341002,-0.18974781610046976,-0.22388762933737616,-0.2668565365824198,-0.3103402936894004,-0.35903078604896765,-0.4023334589408794,-0.4333612330240818,-0.46387794427665263,-0.4819942498666926,-0.494427472291473,-0.5289231234793303,-0.5580343686000583,-0.5725262933725613,-0.5839126125526688,-0.5761823750917012,-0.5730298250031145,-0.5885459463909369,-0.6028682811336001,-0.616615754153443,-0.6250704052680417,-0.6282270935765613,-0.6331633940791337,-0.6391910922434217,-0.650970481546949,-0.6531869140736994,-0.660942152010615,-0.6723163488508522,-0.6674270011326672,-0.673372098190284,-0.685947097350928,-0.6889064930632719,-0.6935442946036907,-0.692479930402483,-0.7109276142932904,-0.7195870140965438,-0.7237277803363259,-0.7247554221924107,-0.7306420435491298,-0.7355287429151851,-0.737500376461986,-0.7481177549086929,-0.752219855421648,-0.7574615097947361,-0.7570909702353429,-0.7552322333602188,-0.7571924035050617,-0.7568622607033662,-0.7620819299051099,-0.7778345943421192,-0.7810045782653244,-0.7885538264630513,-0.7870767877945282,-0.794850610538318,-0.7939913189241762,-0.7957689720747392,-0.7980643322072166,-0.8020141213308982,-0.8011741917313574,-0.7932693473264862,-0.7952549374709479,-0.7929840458492947,-0.79482148497306,-0.7982499350249925,-0.8005465830972593,-0.7962076839514911,-0.7949156778522866,-0.7995803746104283,-0.8031147903229082,-0.8048762547365831,-0.8081058593668312,-0.8087251826538945,-0.8102761699983472,-0.8141978220678548,-0.8093558651090068,-0.8116082015178026,-0.8163603983328165,-0.8133601722432602,-0.8130510253184253,-0.8227710061839477,-0.8278574642046282,-0.8315927610284863,-0.8275338931065361,-0.8295432463051418,-0.831240089283005,-0.8322416212175934,-0.8346182333236449,-0.83619738722235,-0.8352789911455609,-0.8319660622233698,-0.8267969632377274,-0.8285642087394142,-0.8282247234237882
76,-0.003371067835733997,0.036360099648620026,0.0576159447882115,0.01148222212850076,-0.007291115934615022,-0.09462254638608064,-0.10681815956260371,-0.14320008204149454,-0.17246966762750035,-0.21626653499015983,-0.24711514302543283,-0.2694696709815986,-0.2943496442646305,-0.31956833722066913,-0.3438871291293609,-0.3605512431408252,-0.3952414886945082,-0.4230673726957568,-0.44331059865302086,-0.45751018581433056,-0.4814008210423079,-0.5135718237752485,-0.5280440792644572,-0.5460693663471434,-0.5666009572336602,-0.5676101737354016,-0.5707114182566013,-0.5790150622570969,-0.584991415574387,-0.5964297794432085,-0.6068850172284804,-0.629960997414806,-0.6371842680621308,-0.6378245985521742,-0.6445400898948429,-0.6507023529405387,-0.6709793231300043,-0.6742018010663797,-0.6785284046312015,-0.6795913631893417,-0.6859692470602765,-0.6859342675730098,-0.7089755882665624,-0.7125391153680285,-0.726303491145061,-0.7217627633394761,-0.712654586318115,-0.7182666046659533,-0.7267205510642668,-0.7296061031436334,-0.7476755686595971,-0.7387228732875516,-0.7473463043115569,-0.7566801207407551,-0.7492626687924148,-0.7521365883750789,-0.7544428252080644,-0.7574455422390167,-0.7575212783303958,-0.7681088843422603,-0.7715105183540253,-0.7667600925183723,-0.7641751533543991,-0.771732302704682,-0.773083101633154,-0.7765217912971984,-0.7774363495381219,-0.7836451251873403,-0.7947855735505392,-0.7966275629773338,-0.7984868448926372,-0.7867834763458795,-0.7796243109825753,-0.7822656017127703,-0.7793666637782226,-0.77048180269826,-0.7714025319975177,-0.7777534464244665,-0.7827646239429275,-0.788519804117897,-0.7892287246380002,-0.7931261994659085,-0.7949369256126434,-0.7916631755832664,-0.7940068008014599,-0.8030414966085168,-0.7987564991180236,-0.7928494062217297,-0.7951919287827246,-0.7929585759373957,-0.7943584459677182,-0.8000328205274222,-0.8046968272142366,-0.8073738937852256,-0.809977382347891,-0.8095143944118312,-0.8094209497388869,-0.8067283283378808,-0.805801516720186,-0.8089529627044284
77,-0.01769163122630161,-0.004339760172623885,0.008839674915240044,0.01286291305257719,0.021532868104618325,0.01743315659438882,-0.015369061565021977,-0.06454435895301254,-0.11529757885851818,-0.15954395477606564,-0.2083963435437916,-0.2321097080805446,-0.280172314359075,-0.31408720479379854,-0.3262273805774196,-0.34879654644479596,-0.3579968862344521,-0.37254457571703964,-0.39354277991152914,-0.40510218013446453,-0.4260251051382869,-0.43844738639363906,-0.44694435820224354,-0.45808082462187466,-0.4664186442118093,-0.4526457836868497,-0.4577655106741645,-0.46671794767033153,-0.46782715794538404,-0.45296169553289545,-0.4711217484234949,-0.48146630462009804,-0.4847360678921318,-0.49554558166352,-0.5091385728571349,-0.5213981545089783,-0.5287464046584565,-0.5436527182571227,-0.5518127712886796,-0.557704916210501,-0.5630322302751118,-0.5702351630666496,-0.5703516786372324,-0.5616779764903819,-0.560661946581628,-0.5667170605769148,-0.5705876366193808,-0.5820210411635007,-0.5801192008934543,-0.5864591396887446,-0.5916002482555505,-0.6063081604410265,-0.6103873119004749,-0.6153232258052228,-0.6068811954575262,-0.6247067291741065,-0.6190401051589882,-0.6320897789374095,-0.6283314642546245,-0.6207101742888074,-0.631129504144613,-0.6335897246159365,-0.6374823130156287,-0.6354661670959254,-0.6424093850994942,-0.6431005799774847,-0.6411521585997303,-0.6429350407382834,-0.6561368323207735,-0.6548506046593755,-0.6598777350120328,-0.6578559384950523,-0.6568228094497028,-0.6631859429794646,-0.6680258530605643,-0.6652151967667299,-0.6713600336021145,-0.6685677317978223,-0.6654545092405288,-0.6607016972739281,-0.6631715459811599,-0.6726840744352693,-0.6791785677100352,-0.6851923471121495,-0.6987498265673066,-0.6920758583580726,-0.6854152845210115,-0.6874622973153176,-0.69462801136783,-0.6951706218027935,-0.6939050367391327,-0.6955194494680983,-0.6950703512599322,-0.6845218741763288,-0.6763354341763222,-0.6775876609496874,-0.6773258024125449,-0.6773237232695496,-0.6830328635819164,-0.6819472328266929
78,-0.00499432342099446,0.02834009708179651,0.0799724057826761,0.04848571242359546,0.022620748931610292,-0.029735823267752523,-0.0624527381229298,-0.129676071715478,-0.1767311788263511,-0.19671064151496404,-0.2138536903214185,-0.25266797544645414,-0.27992285962415553,-0.2977813573650622,-0.30916127178139097,-0.31365846086262894,-0.32085599525159764,-0.3286829958202524,-0.34089201432850996,-0.3610556201029956,-0.3638846146364688,-0.3825764728455844,-0.3818636921427441,-0.4015326585819832,-0.4026291344554715,-0.40924733679097464,-0.4349533753666552,-0.4426383856397309,-0.43923658722553766,-0.4635690882115221,-0.47700013573422617,-0.4888713062115608,-0.49170733352198165,-0.49988926046386817,-0.4884480159686844,-0.493822537369602,-0.5141885094879481,-0.5260020708092583,-0.5335376719692975,-0.5319706505422149,-0.546936433974405,-0.5588724963634113,-0.5643082346815547,-0.5633673820160255,-0.565110122679466,-0.5586630667770368,-0.5649079317351501,-0.565875122822781,-0.5703146093996679,-0.5814735361769194,-0.584156954807182,-0.5783653526615523,-0.5822784662321197,-0.5925080471412746,-0.5937633440821545,-0.5999900814290192,-0.6017277478352103,-0.6035913433636294,-0.5979052530650045,-0.593520857948274,-0.5819710984877512,-0.5877813198146131,-0.5948693421599703,-0.5950614977997476,-0.59386919608793,-0.5975433417152333,-0.599183054167661,-0.6112112307900249,-0.6121098612884748,-0.616105033345116,-0.6210682854979952,-0.6309453805018513,-0.6329454892981338,-0.6278081068071906,-0.6325994956171992,-0.6376708130581835,-0.6335111303874033,-0.6308968934826207,-0.6323145483466791,-0.6300051915832856,-0.6314180489359117,-0.6390395589193222,-0.6499027957538255,-0.6533598203574155,-0.6538738796500533,-0.651197218292911,-0.6577352065287089,-0.6633241863994561,-0.6689551567943883,-0.6645626036726295,-0.664172268560867,-0.6663522938180784,-0.659946200597599,-0.6609098224003526,-0.6568123198636975,-0.6512526659096831,-0.6591167756346065,-0.6592339380427711,-0.6659966244955284,-0.6720459395897731
79,-0.003803384454081359,0.015067476264949706,0.018477192634406572,0.02125283324151948,0.011776165900688624,-0.07462123475489124,-0.11592784732223523,-0.11373031700216872,-0.1441545819801222,-0.19203135334290955,-0.22727861720572462,-0.23871735864323096,-0.27862058505412596,-0.29712044553635736,-0.325546281697541,-0.3331627808154062,-0.345626525130183,-0.35945837375056827,-0.39144032534213613,-0.4028004081868682,-0.42155700178971744,-0.4419609411717953,-0.46329385781908367,-0.4682320455666916,-0.4657351353492684,-0.48402217727615526,-0.492876164735494,-0.5156772766091438,-0.5297092914401895,-0.5180533894941308,-0.532302329577973,-0.5392978761155801,-0.5486035048072202,-0.5583299407184965,-0.5563089307786383,-0.56841181616524,-0.5698950464853937,-0.5783629947303703,-0.5905840510980114,-0.5903236657312996,-0.6028767946893923,-0.6091008359751902,-0.6103329419802471,-0.6095557616340992,-0.605346859567909,-0.6265957461052465,-0.6204976361640138,-0.6197556011001487,-0.6228114630342065,-0.6305075518086004,-0.6254047559549625,-0.6307369772235591,-0.6411288478665742,-0.6327501404959238,-0.6448056502462397,-0.6475988572290707,-0.6372469467337971,-0.6349061942570935,-0.6467459268099478,-0.6500600143624508,-0.6487546510348267,-0.6575310242504192,-0.6614554106486911,-0.6582233819828238,-0.6534638800890303,-0.6575218117040597,-0.6556020797933487,-0.6514401969088002,-0.6488169433662639,-0.6590111603728107,-0.6425144158445687,-0.6571233087761864,-0.6615335174735022,-0.6646517450692118,-0.6576035487121209,-0.6540662527348361,-0.6633079468308678,-0.6687080705245654,-0.671551860628713,-0.6687624361883627,-0.6769776808989056,-0.66546081244443,-0.6754204635556066,-0.6743729981761268,-0.6835933923739761,-0.6833331932552735,-0.684474998489313,-0.6843746304941339,-0.6865170364165912,-0.6853557198869291,-0.6810816810612337,-0.6789110159139032,-0.6842157520842678,-0.691175823620894,-0.6986290880630335,-0.6934088390927379,-0.6986245591132814,-0.699560133565427,-0.6876511882569202,-0.6892038695565943
80,-0.0013070804716810516,0.03731180325901068,0.03766244941932728,-0.0036958601400239417,-0.05444455250378692,-0.15905473388005972,-0.21690960845757526,-0.26338052391204697,-0.29900556620309693,-0.3490277896750393,-0.3800573189114848,-0.4078372996294424,-0.4369110421410932,-0.4668267316830697,-0.4889607871184854,-0.5086042186964632,-0.5263764085835361,-0.5346331178882268,-0.5484223054503901,-0.5628120954741685,-0.576651304229416,-0.5811609212063725,-0.5958897347665083,-0.6054724977725049,-0.6133896628173783,-0.6181227598383825,-0.622081611168498,-0.6240388389115895,-0.6324935673458981,-0.6533861814999878,-0.6529012404285623,-0.6697014457529121,-0.6696870638127969,-0.6795715640216329,-0.6915604991631884,-0.6972441928534309,-0.705394599973438,-0.7234634214109938,-0.7306463318087465,-0.7336854842068574,-0.7326428547817059,-0.729174199639806,-0.7259364661521591,-0.7235276077339645,-0.7314555300009787,-0.7399633585033548,-0.7432309983548354,-0.7517865339806921,-0.7609672818442782,-0.7543019158417559,-0.7464710688311231,-0.7442719686843712,-0.7551720704391801,-0.7556846183920524,-0.7649156322031192,-0.770067444606617,-0.7708488547505413,-0.7696102253672372,-0.7748486368215791,-0.7716221065355817,-0.7753347972585213,-0.7773818899040159,-0.790823123178888,-0.7909164119309928,-0.793018187377437,-0.8069711929197271,-0.80212591942037,-0.8076138047904474,-0.8071751801938919,-0.8035399064437518,-0.801995659426447,-0.8078488060720911,-0.8028656897013784,-0.8024246156616637,-0.8050413996588129,-0.8100382750728535,-0.8162224370191491,-0.8185117324941182,-0.8212207853104545,-0.8246140584852371,-0.8249071251817313,-0.8302695476847104,-0.8275205869344859,-0.8267238890819688,-0.8235117086377053,-0.82928175287278,-0.8307349934260846,-0.8281023794028064,-0.8280242479197423,-0.8362570696725657,-0.8306718903329753,-0.8301433474047709,-0.8333235291769222,-0.8354101070095055,-0.8371966679659135,-0.8357692246759568,-0.8323484134424934,-0.8332171599596411,-0.8351565948000618,-0.8399602442804596
81,-0.015542202614081221,0.030717551248984308,0.04050556242466213,0.01057348955851823,-0.02674173569393016,-0.08165701212062423,-0.12906875211672372,-0.17098066722768468,-0.1991080250396979,-0.21412301873230202,-0.24855803586799075,-0.27234576383452425,-0.29996907716266646,-0.3298520878889953,-0.3540258207331868,-0.3829130646949115,-0.3949162496564208,-0.40296505232143853,-0.4199961902166916,-0.4466739773012512,-0.47779948010213813,-0.4882960316517332,-0.4774600735266752,-0.47913723588918017,-0.496863134442995,-0.4972991636813921,-0.5050857609556063,-0.5119711200928081,-0.5098587439882563,-0.5222714108118862,-0.5380196735366782,-0.5442251629895736,-0.5477110059045784,-0.5515944494512801,-0.5553675275552356,-0.5548315560236099,-0.5590369832782741,-0.5653233138867957,-0.5642437789772076,-0.5844861542921841,-0.5913759389081054,-0.5944159608871618,-0.5996706518397786,-0.6077812043962987,-0.6210692264349527,-0.6226012958089904,-0.6349407810521308,-0.6396591694257769,-0.6579009096676393,-0.6583061204704675,-0.6597901560034513,-0.6627063047631815,-0.6735478349026502,-0.676978331772107,-0.6794693050823448,-0.6822795866681842,-0.687697874865735,-0.6916249721990111,-0.6857311281352219,-0.6942873565281922,-0.6955467215025863,-0.6944552555118303,-0.7015713145992621,-0.7139035319976663,-0.7146200115122844,-0.7197423128533442,-0.7221916912794929,-0.7231762779152932,-0.7229518011426893,-0.7228253379402134,-0.7149971041700932,-0.716366100488234,-0.7170797165421888,-0.7231807194035214,-0.7320400564113815,-0.73218485519008,-0.7289486114764315,-0.7270421497159056,-0.7351387790440724,-0.732421304353108,-0.7344750026602362,-0.7359762759421875,-0.7428065892768795,-0.7475677111328044,-0.7467074762219892,-0.7501750953890687,-0.743974021363483,-0.7440086129891066,-0.74802838427463,-0.7469844210564182,-0.7404773227903954,-0.7490132280044722,-0.7469363451389072,-0.7481260528982981,-0.7474808569919636,-0.7462583928247085,-0.7484868539976693,-0.7538865045239451,-0.7540932873751907,-0.7573412863023374
82,-0.012034445471197343,0.01975580718668491,0.02614644071629872,0.03276326105465008,0.02347367945509284,-0.01580957490066571,-0.07188602702564897,-0.1341335571260353,-0.18632031437645008,-0.22120505475138066,-0.2524410171951741,-0.2719922978363677,-0.3188275578237761,-0.34837085743934426,-0.379715352529749,-0.3961626842207766,-0.4157967734350617,-0.424254982428826,-0.46143528020461944,-0.4798914843967907,-0.4862555693562474,-0.4969193879676114,-0.5072669204423427,-0.5387095734240475,-0.5487182056390836,-0.5734269906228415,-0.5958805158808037,-0.5956020704462593,-0.6084467317428889,-0.6229802051346874,-0.6227789230348284,-0.6102850565177595,-0.6156053244246441,-0.6256450395326385,-0.6236984150896551,-0.6332255149787821,-0.6360447047020141,-0.6469424950856647,-0.6605625174574149,-0.67044103480725,-0.6631675394243315,-0.6663608668396824,-0.6735333608367999,-0.6789507092771921,-0.688125084186611,-0.6899086028840762,-0.6915978325780885,-0.7067921051560826,-0.7143921976255337,-0.7164793250504999,-0.7281047823510661,-0.7344753894151824,-0.7378750195333594,-0.7317740091536845,-0.7381744700358206,-0.7371653608667569,-0.7348971645969746,-0.7455101423169802,-0.7444182719811175,-0.746785108665145,-0.7586382570476131,-0.7623236468405861,-0.7684177928499442,-0.7691278671899365,-0.7707724317167229,-0.7839240345645648,-0.780111303810625,-0.7829697122210291,-0.7838342527957031,-0.7888720264606937,-0.7935808392387084,-0.7941885922421034,-0.7971111471050427,-0.7962296395416507,-0.7955328145964651,-0.8026322712425338,-0.8009028182793996,-0.8066429063120295,-0.8062084189653652,-0.8051829162193331,-0.8059301805160373,-0.8087378403797263,-0.8156543733096464,-0.8178908396672955,-0.8107843909158002,-0.8097019150357265,-0.8141996430055083,-0.8138630703057664,-0.8085949914564727,-0.8069147324923158,-0.8067835041525494,-0.7988475638874563,-0.7937915101970241,-0.8017728856995092,-0.8009581108264311,-0.8104315171204886,-0.8123749217692031,-0.8082450548073656,-0.8130647018895012,-0.8149676191367901
83,-0.01058228361876654,0.013378407991959171,0.021057875999820376,-0.00527570753057733,-0.0866330748816966,-0.14552586043331525,-0.20554241436240187,-0.2302765624762131,-0.2677699643555324,-0.2768089103779996,-0.2901607914653196,-0.302370103705521,-0.3230450397240135,-0.3260448329573329,-0.3542630826859981,-0.3683637896106544,-0.38055178512691595,-0.3911297619713349,-0.40734060593290666,-0.4252922805064776,-0.4391110384802803,-0.4543023333006549,-0.4642719783075285,-0.48222937099726804,-0.4923132389987917,-0.5118487797969821,-0.5087934984701014,-0.5067415282016006,-0.5133207418459359,-0.5222822627949969,-0.525964600392152,-0.5297839683306629,-0.5410224446897515,-0.5566592499114457,-0.5629912573994132,-0.5692492615349682,-0.5798651574871974,-0.5896149860454178,-0.6060230109629771,-0.6122307360149822,-0.6113242152995777,-0.6253890706607771,-0.6426082613440763,-0.6512525467976001,-0.6415055916757226,-0.651162066741249,-0.6615301355406767,-0.6786725118077477,-0.676700877788314,-0.6786683929415795,-0.6862878028954011,-0.6772646899305524,-0.6846659547396814,-0.6964583295912382,-0.6995620144175344,-0.703276803441279,-0.7062818347534732,-0.701443668724361,-0.7042044319843519,-0.702701037944661,-0.6993226467481719,-0.6980313338520493,-0.6994705079702916,-0.7006137118293099,-0.7024989371297887,-0.6988396883937088,-0.7095083723372533,-0.7124548590780345,-0.7085967994781199,-0.7041179648427455,-0.7073772943709691,-0.7114938057499128,-0.7051250333410838,-0.713177039133457,-0.7138141832632647,-0.7167113656826721,-0.720698650690114,-0.7247493089312745,-0.7223352385073553,-0.7223350600275438,-0.7231981969876422,-0.7326990855541764,-0.7391715022504651,-0.7409056496167686,-0.7428014411665703,-0.7450012949489897,-0.7495025004542473,-0.7510752603891794,-0.7583389651339941,-0.7601253886867346,-0.7659349019465401,-0.7748017467094023,-0.773834129139006,-0.7737168639806553,-0.7790043815244019,-0.7772071627139874,-0.7877824790176559,-0.7824998558537977,-0.7798674774292235,-0.7873221729428262
84,0.002777141485251297,0.020318136010766756,0.056389835579031156,0.011616223732128932,-0.027399634606423185,-0.0897477775027535,-0.1755927195059278,-0.21247844994756318,-0.24931824553986107,-0.2721316273963902,-0.29754741592068185,-0.30868155245208206,-0.34656500058966805,-0.3782350307784415,-0.41120728303135623,-0.4412868249671608,-0.4779359810420962,-0.49693694601995103,-0.5226548150685142,-0.5522133620263314,-0.5722645935082091,-0.5968423537283346,-0.5998105962293208,-0.6059240746567905,-0.6169480267585636,-0.6192828115184774,-0.6302367854426136,-0.6487087106871168,-0.6512911449225608,-0.6547696860799742,-0.6576434473294762,-0.6559984994964931,-0.6646296598095559,-0.6759146934619616,-0.6760746555169306,-0.6953185265832712,-0.7151435265170906,-0.727294637197706,-0.7238210340879451,-0.7270309710041382,-0.7333286522703024,-0.7363880664135284,-0.7534944352618688,-0.7637087472835963,-0.767648119271571,-0.7812323153775871,-0.7805543210660164,-0.7827043499409827,-0.7885438703702993,-0.7933592454535382,-0.7962482886132862,-0.7904057998466247,-0.7934848177386185,-0.7875411731713158,-0.7910985583933097,-0.7885034661386514,-0.7950531158446209,-0.7951537167093621,-0.7948684285101109,-0.805709458970639,-0.8060030474919512,-0.8011590779061644,-0.8061012202241465,-0.807019570002578,-0.8071725210136588,-0.8087190788861804,-0.8147939639361246,-0.8200654672857166,-0.8192301029258386,-0.8150831430051589,-0.8150069209261964,-0.8188096305709565,-0.8234193210197677,-0.8282631566189486,-0.8286338611799441,-0.828257447914227,-0.8305632277061658,-0.8239012855620192,-0.8251818465518993,-0.820821202856046,-0.8266153629407919,-0.8308779280315628,-0.8344430282507609,-0.8312674939345083,-0.8189342394626746,-0.8152349881017251,-0.8149126577305335,-0.8171219213020778,-0.8186376292704751,-0.8203650208462498,-0.8360873172502375,-0.83169285142992,-0.8325493724359574,-0.8232745833366599,-0.828488374815123,-0.8293706109941023,-0.8334604364814088,-0.8401100549528467,-0.8383515707164915,-0.8395425355683968
85,-0.0189731891032775,0.028903271620420196,0.09375463760040542,0.02410917076210812,-0.05631160511460299,-0.08076468643119948,-0.13283025924151898,-0.19275768600386967,-0.24846562145036435,-0.2846141551467445,-0.33564528836193075,-0.35516315523084524,-0.38649334783973577,-0.39956754675890105,-0.4033730258578205,-0.4338282932250514,-0.4535488304627534,-0.4828440964778091,-0.5025098868251586,-0.5125676407660904,-0.5132571727702109,-0.5311199788909695,-0.5491082816590868,-0.5790240741969965,-0.5862830892251005,-0.5864578752977643,-0.5964147123188399,-0.6020304304960566,-0.6210530997339518,-0.6269593648135126,-0.6314563254871043,-0.6333071059576273,-0.626299486034035,-0.6381039675016266,-0.6450240610476092,-0.6490397669200745,-0.650780737168382,-0.6499121933134434,-0.6636089149613548,-0.6655293396934334,-0.6605789350730403,-0.6619816570657409,-0.663662586841608,-0.6641486571432147,-0.6614361638248839,-0.6661217302490983,-0.6741127642464574,-0.6743484132115016,-0.6773816856300257,-0.6877454552069189,-0.6944726133317726,-0.7036740031240605,-0.7109269355160953,-0.7135870937350675,-0.7134988959140844,-0.7100041385223114,-0.7113535860607034,-0.7187926146275673,-0.726176824707402,-0.7190741743013673,-0.7201930030400253,-0.7236645305888203,-0.7313291017660863,-0.7245923568195667,-0.7262465098437488,-0.7296107005041867,-0.7229904987932791,-0.724094814808932,-0.7315985495131543,-0.7387557760577406,-0.7336834860349613,-0.7435505192684169,-0.7544930993347123,-0.7527132070751484,-0.7502333244003778,-0.7510249798172497,-0.7493075934148915,-0.7512403252926844,-0.7527471490405678,-0.756110960280421,-0.7576758389190584,-0.7539437824224295,-0.7531068294404758,-0.756225342272662,-0.755532732086301,-0.7557170998254606,-0.7570490552829809,-0.7540096172871718,-0.756279490132048,-0.7547764745267891,-0.7569653109672312,-0.7477545812544902,-0.75034324540857,-0.7566811722640879,-0.7552492067014239,-0.7546779015761971,-0.7528613450432708,-0.7500775799139467,-0.7489525843470921,-0.747910147727655
86,-0.010598133819195412,0.009646157564636229,0.0069460826908555985,-0.0044357401933613734,-0.05825012573634533,-0.10465969474677125,-0.1381754696066999,-0.18394523106162874,-0.20468524661554396,-0.2595839969557369,-0.2778964918123235,-0.3013687296900159,-0.3331620694810956,-0.3653947498404929,-0.3879914298446653,-0.40842078566940254,-0.4361625830032833,-0.44868736629473277,-0.46224898311402174,-0.484672365989127,-0.5148986090260109,-0.5402878952966558,-0.5503393715084882,-0.5468497059728424,-0.548646102032485,-0.5446529145281448,-0.5571376355282083,-0.5904905216358182,-0.6146024866345173,-0.6464081048843238,-0.6640578063774459,-0.6883682062811328,-0.6863301021794334,-0.6904684540526322,-0.6952661727090657,-0.7047144939815806,-0.6978102526724791,-0.7011992055316566,-0.7080673181239159,-0.7093793328007891,-0.7170413567500579,-0.7238566547651426,-0.7351971567157155,-0.7424988453487533,-0.7551090566310131,-0.7615150930392888,-0.7614345568189854,-0.7644012721896929,-0.770921283827732,-0.7640025415913443,-0.7589542998019729,-0.7579244653151469,-0.7670485849363636,-0.7587935451391978,-0.7556514717991571,-0.7618070053261863,-0.7614314435697028,-0.7643477069668444,-0.7750522616354335,-0.774817923727006,-0.7751208794924984,-0.7773789811997998,-0.7810610045843895,-0.7809397954037844,-0.7865164813183977,-0.7934295368617394,-0.7813242421690554,-0.7884944535468915,-0.7893736773159364,-0.7893005318699778,-0.7836545645859875,-0.7887206491493659,-0.7908350320406521,-0.7983614616938681,-0.8061918768033872,-0.8091892589868437,-0.8165467102386061,-0.814194061053541,-0.8100372486494385,-0.815275783623985,-0.8182412069481997,-0.8216498803855443,-0.822809928218252,-0.8209451388968089,-0.8269590860289181,-0.8244462008661262,-0.8247280111568678,-0.819940335134292,-0.8247292006359295,-0.8236437307486694,-0.8273875611713195,-0.832806585276158,-0.8353841328778862,-0.8341716863156783,-0.8272392550710934,-0.8217700228568092,-0.8265015378383801,-0.8238864527649815,-0.82033553548009,-0.815834411216927
87,-0.020786024260613253,-0.003538496501684604,-6.814118580604108E-4,-0.013722784488706006,-0.058402125233495104,-0.07782542073991301,-0.13056719684478454,-0.15608125022794525,-0.17610599314292283,-0.19755548099891168,-0.2126759446700438,-0.22855297875817093,-0.2606667816918703,-0.2788077302919607,-0.2976245859342286,-0.32785157620870387,-0.33915321204216864,-0.35025451522550854,-0.36432957521810133,-0.37386983801258017,-0.3747646387553909,-0.3903246811088706,-0.39519766631796394,-0.40784746394343985,-0.41799804857108375,-0.4284465083425899,-0.4463719375557105,-0.4343945831074354,-0.4641139595028158,-0.46373956744653433,-0.4827849247717602,-0.49552981454785283,-0.4976500953941112,-0.5025799477708922,-0.4991726113423296,-0.5024040376363136,-0.5074150742691712,-0.5160377479327766,-0.5264036432636895,-0.5383807823971865,-0.5543364675963713,-0.5622507041968234,-0.5676494647592601,-0.5756704607434638,-0.5833457766939287,-0.594966513440826,-0.5937647362555244,-0.5912681101059715,-0.5922897985483797,-0.6022611066446055,-0.6144415033219492,-0.6204868631003598,-0.6183779207059211,-0.6218513295180886,-0.626290079812366,-0.6248244215907862,-0.6226767107556858,-0.6354646407324174,-0.6438952901574246,-0.6492284274967369,-0.661431048451512,-0.6678372379408419,-0.6752747239592743,-0.6745941465407046,-0.6783452283440502,-0.6912604326167832,-0.6976199336001213,-0.703143978813273,-0.6906635341792904,-0.6974511432974785,-0.7059776215570434,-0.70077061456167,-0.7045127873708106,-0.7104957762804074,-0.7010228369033151,-0.7051930921898135,-0.7081680018546922,-0.7177678931553012,-0.7254998990390612,-0.7328382457811864,-0.7346078717536283,-0.7341130911991529,-0.7369472313810046,-0.7350000563092,-0.7392773737401118,-0.7421073984288694,-0.7388665408744741,-0.7387882618022058,-0.7325514965946819,-0.7309174388721942,-0.726021077456806,-0.7322036006785249,-0.7332885964128077,-0.7380818291196239,-0.7388008277931238,-0.7357226239425967,-0.7344140436664354,-0.7326450194594775,-0.7352023135390023,-0.7390481861607289
88,-0.008872663306933162,0.036659559998242365,0.029574422338400776,0.028145395483006444,0.029938881639224427,0.005698610103308572,-0.12823374453502423,-0.1854837336425087,-0.22647337328821687,-0.3124014050512864,-0.3612423261738192,-0.3995801619404529,-0.4347339009549128,-0.45818250092650176,-0.4763013259696901,-0.4748964728384329,-0.4955197241069893,-0.5181721994357076,-0.5232273415749618,-0.5317520116683769,-0.5484894276005309,-0.5638595052831464,-0.5747168031985271,-0.5729258600755718,-0.572349780229731,-0.588898982989103,-0.5921640600541699,-0.5956302342278579,-0.6095261700175135,-0.6242675665667649,-0.6322017778355168,-0.6481385249133441,-0.6449411371912909,-0.644213837196747,-0.6649956343619006,-0.6776684338380713,-0.6825296104446658,-0.6882368388129811,-0.6870167542941027,-0.6904335667469096,-0.6954810734315129,-0.6977710129059582,-0.6946361845742062,-0.7024057979744045,-0.7112761032598068,-0.7174755428224355,-0.71719625392306,-0.7244223113925509,-0.7267728643395298,-0.7339173092018078,-0.7385646887453303,-0.7409001654575548,-0.7522015655245887,-0.7647733040478402,-0.7674407294730436,-0.773242784530864,-0.7760055349797369,-0.7798371308231453,-0.7752227034031292,-0.7767491517009368,-0.7774714302193065,-0.7772058175869414,-0.779033378302693,-0.7775153503262675,-0.7855143049134184,-0.7882634379644803,-0.7791473873433589,-0.7821722022914436,-0.7778119310776499,-0.7816391104146909,-0.7866160502991427,-0.7932421305318698,-0.7958762092202878,-0.8005077708605778,-0.7950372539037843,-0.7926114954030988,-0.7923832421411151,-0.7937499189412227,-0.7983946129973919,-0.797913227094141,-0.8037963559122875,-0.8086711395805374,-0.8133509887038142,-0.8161731612552202,-0.8209424660296731,-0.8152729254076072,-0.8167691558532872,-0.8260912913714155,-0.8249198757298508,-0.8312252915428003,-0.8352988444966344,-0.8233678342441217,-0.8177373908783578,-0.8152580153175534,-0.816202760388854,-0.8158130290095638,-0.8158038878347851,-0.8158763016110377,-0.8122139517266153,-0.8141657503462594
89,-0.006488927112801598,0.006935351191610622,0.02335826009996882,0.028998309644671347,0.03204607734160099,-0.060549740161486836,-0.12637809852484116,-0.1908706363534118,-0.19704702825789103,-0.2325156067438763,-0.26262432768740746,-0.2952916021037196,-0.31185879403131106,-0.32423864637201044,-0.3616321365431776,-0.38732368023698394,-0.3962105344605354,-0.41764509451265774,-0.41753162984829556,-0.44348267216084153,-0.4646335606094693,-0.4746581755979903,-0.4884125624104297,-0.500405585784663,-0.4849564504413213,-0.5041648522023899,-0.5155790593064686,-0.5214356083217754,-0.5250215861964004,-0.5238711595084112,-0.5368868442407947,-0.5559467309166416,-0.5590322776930567,-0.5695535568731585,-0.5849807488032003,-0.59780061389039,-0.6002200396138917,-0.6141072818644955,-0.6202679278433638,-0.6222054899070387,-0.6362924710896375,-0.6354869437205282,-0.6455777999884063,-0.6398213422908323,-0.6690122865175369,-0.6721753205275002,-0.6790395053621774,-0.6737269094851469,-0.6811944290770975,-0.6750789477304585,-0.6848393693733628,-0.6917865578099388,-0.7015633614264614,-0.6995383589525617,-0.6988363317380668,-0.6945015122752735,-0.6973373001241905,-0.7053731238523084,-0.7088225170353583,-0.7087675668246033,-0.709681903742861,-0.7077659888349723,-0.7183463079674103,-0.7137592229740172,-0.7151719934007161,-0.717250251908992,-0.7228463944354675,-0.7303394508408882,-0.7295858690634645,-0.7323143191870042,-0.7336946317458657,-0.7288679840114125,-0.7384615549422713,-0.7350304487321259,-0.7333174632702371,-0.7296595110269335,-0.7253022584982897,-0.728776808739314,-0.7290589410786223,-0.7330276496572288,-0.7345501484938493,-0.7352562019309588,-0.7436619721411455,-0.7453857753851005,-0.7444485266146985,-0.7502370844609523,-0.748728213493323,-0.7568969037185207,-0.7568078622997467,-0.743599701143835,-0.7498445633035264,-0.7430995221628797,-0.7536028728345397,-0.7554150043366628,-0.7525785055916928,-0.7493271428579881,-0.7612651559376719,-0.7643304819026575,-0.7701244534179146,-0.7710793219914186
90,-0.01641166240593915,-0.010148852770523098,-0.019399501744972847,-0.01739373468308271,-0.0394464649772298,-0.07141549019403896,-0.1394677842238194,-0.16601621154931817,-0.17637694915089855,-0.2256390066316044,-0.26071846432153056,-0.2603062813185062,-0.29788931944970776,-0.3286821206448463,-0.3414536283266985,-0.3469201942332183,-0.36828529171730673,-0.3917642525273286,-0.40800321479154306,-0.42959259227713337,-0.44568528613673264,-0.4635344558229899,-0.5029324718198828,-0.5137744653465242,-0.5177803854412106,-0.5149107738804349,-0.5036757964942418,-0.4981539637796392,-0.5107258279757432,-0.520372857387983,-0.5364940652366278,-0.5444400045235238,-0.5430203675190393,-0.5455620088653644,-0.5625346475228605,-0.5711363725898461,-0.5654094317150509,-0.571988467692821,-0.5744776513949432,-0.5842681836909214,-0.5757656856948372,-0.5717553582894369,-0.5826552148980764,-0.5786553088298974,-0.5785303950139096,-0.5977126904275264,-0.6090727517928767,-0.610987755589475,-0.6149315107856124,-0.6175887774957769,-0.6185066639641016,-0.6199612032682367,-0.6385347741352838,-0.6421243732738924,-0.6292065544250768,-0.6354556129610061,-0.6310851278166205,-0.6350156606613071,-0.6244202881422267,-0.6309071961422754,-0.6263315921025082,-0.6255321541864182,-0.6315659129256289,-0.6412904190834422,-0.641567604108879,-0.6481668062625867,-0.6430195519927284,-0.6443228940733315,-0.6499167966277417,-0.6547985498586181,-0.6596869257609955,-0.6492936924434004,-0.6489110263468963,-0.6555763565189615,-0.654833170093352,-0.6524534827262006,-0.6541361267348236,-0.6519078850255606,-0.6588386295347906,-0.6575055029237495,-0.6704207185278332,-0.6719573064230331,-0.6839506656400443,-0.6876117933961838,-0.6940161236561212,-0.6887311428055835,-0.6757134179623392,-0.6752644794296218,-0.680799353057889,-0.6821321611121464,-0.6783505039296501,-0.6760259924802533,-0.6842645686851161,-0.6715743109363301,-0.6728942887159084,-0.6675531834970033,-0.671688534560773,-0.674539524820794,-0.6701116211288164,-0.6713684264161928
91,-0.010600049464857203,0.02996448125732137,0.05965726647517236,0.05571475578383467,-0.010424096726258315,-0.059802954459897244,-0.12206280771204642,-0.15722765698214694,-0.1742400143142484,-0.20660228012203216,-0.23397591856938665,-0.24790855783167778,-0.2828244093971207,-0.322497189265852,-0.35980729635312175,-0.3889205144029229,-0.4138274178816519,-0.4461528623099236,-0.48539065754773214,-0.495728339022034,-0.5249207363154463,-0.5208398657184864,-0.5392331262894503,-0.5539944589014091,-0.5646852926855092,-0.5789688859456426,-0.5925760498448086,-0.6149371344956748,-0.6186338336631745,-0.6354048374711767,-0.6494240742658977,-0.6611883322171722,-0.6808194574036243,-0.69415220892039,-0.7048429910293005,-0.7093632947335513,-0.7145171952899381,-0.7154215406067793,-0.7289428305730908,-0.7357112936635353,-0.7404858312117966,-0.7407127864919562,-0.7529388231428077,-0.7650212923674674,-0.7635835931614864,-0.7640467029543183,-0.7687776789199458,-0.7690745237217708,-0.7720432683053774,-0.7715643681502532,-0.7731477076855178,-0.7835637171688654,-0.7839443375896229,-0.7872297533115516,-0.7898642782964457,-0.7935770132799022,-0.7977687589781732,-0.79599730716994,-0.7952665364944762,-0.8025362592689256,-0.8073106687173832,-0.803686142605508,-0.8104276559017606,-0.8109129868752987,-0.8090603216468989,-0.8136743159775769,-0.8141669010763537,-0.8157390979177318,-0.8103016462220242,-0.8067962292410891,-0.8076599298891232,-0.8147938879287646,-0.8187636560992633,-0.818092776296362,-0.8147117382549506,-0.8146858362046899,-0.8154839714275011,-0.8156409328889721,-0.8179575376895578,-0.8227166080979788,-0.8237208135575586,-0.8264279675371696,-0.8278849926370714,-0.8250274527298685,-0.8230738456093065,-0.8319854472601717,-0.8391068336933213,-0.8356531271435541,-0.8366858835585651,-0.8335135508442764,-0.8373515187140085,-0.8352314131441804,-0.8347106076513602,-0.8382316604539719,-0.8287616003388808,-0.8264748604327343,-0.8318924712456297,-0.8344166043290088,-0.8359154706784985,-0.837778732952284
92,-0.028765028969426735,-0.022566827510372343,-0.040755126160549965,-0.06540329408884886,-0.07576443067175799,-0.09526593384346203,-0.11393316230988333,-0.12653761836399333,-0.14268924691384993,-0.15310399161922966,-0.1613273197413991,-0.16837349729686907,-0.176703119258205,-0.17311837761706797,-0.17988800337492175,-0.1839894360797259,-0.18682927015886566,-0.18957626509783526,-0.19283998032990668,-0.19496566067989402,-0.19763213106565036,-0.19923222997267698,-0.20198225442104042,-0.20178911347823125,-0.2015115635831832,-0.2053217837518689,-0.2072265769850421,-0.2172837415882582,-0.21805595085264468,-0.21591343323314685,-0.22103722824083627,-0.21915525588561416,-0.21607546005030823,-0.21488422904831547,-0.2150660780018904,-0.2179874006032233,-0.21946307105392016,-0.21745248767522454,-0.2149272427477024,-0.21904578506844474,-0.22302799653335442,-0.2237383204017959,-0.22563436017943853,-0.22590486566767778,-0.22189888101553834,-0.22298246414085235,-0.22062879567098215,-0.21663880158604712,-0.21713926157875751,-0.2168422716378461,-0.2180157821396304,-0.22161456232734905,-0.22169181977114685,-0.22208460235808453,-0.21931603465976202,-0.2179223979372827,-0.22129762444223317,-0.2235250845318086,-0.22310308932011588,-0.2262929621858064,-0.22752982362388824,-0.22216684175006537,-0.22016516933158084,-0.22186199850184668,-0.2191893637490045,-0.21659665455820878,-0.2150483248883553,-0.21629007477756848,-0.2147913980204993,-0.2151272243066787,-0.209885302548689,-0.20400277497670832,-0.21762018216067347,-0.23074710881974198,-0.24112193073624358,-0.24225026236334662,-0.25803284206667,-0.27439101718038644,-0.28159847328829085,-0.29183447811179164,-0.29832212681788023,-0.31668077420601715,-0.31960746234116083,-0.31752856740813,-0.32234694555199167,-0.3295452873532158,-0.3403155560357129,-0.342313956896771,-0.35295745711868937,-0.3671705401065162,-0.37411306937366556,-0.3827650925034998,-0.37927903420711606,-0.38217375921338487,-0.3922987264172209,-0.4022173496797931,-0.41215978878070325,-0.413841690511886,-0.41313183272881276,-0.4183670586916801
93,-0.022582340780767395,-0.02172935267630502,-0.017584771579821124,-0.017584771579821124,-0.01535065170470429,-0.01535065170470429,-0.015284469972730606,-0.01399942789760072,-0.011455651098599272,-0.012036450842317407,-0.012036450842317407,-0.011729877626164932,-0.00874245036049636,-0.007496288679728671,-0.006654226230079022,-0.0056583864407020925,-0.005997979797831545,-0.002799973990648792,-0.0028243517296332654,-0.0028243517296332654,0.0,0.0,0.0,0.0,0.0,0.0,0.0,0.0,0.0,0.0,0.0,0.0,0.0,0.0,0.0,0.0,0.0,0.0,0.0,0.0,0.0,0.0,0.0,0.0,0.0,0.0,0.0,0.0,0.0,0.0,0.0,0.0,0.0,0.0,0.0,0.0,0.0,0.0,0.0,0.0,0.0,0.0,0.0,0.0,0.0,0.0,0.0,0.0,0.0,0.0,0.0,0.0,0.0,0.0,0.0,0.0,0.0,0.0,0.0,0.0,0.0,0.0,0.0,0.0,0.0,0.0,0.0,0.0,0.0,0.0,0.0,0.0,0.0,0.0,0.0,0.0,0.0,0.0,0.0,0.0
94,-0.012357482991725203,-0.010345729758058668,-0.0037993183723863118,0.04421876925452153,0.03771570823787812,0.009261793087570991,-0.039457724849578775,-0.09858444856884152,-0.14492062823548113,-0.17870897640358124,-0.207081341870345,-0.2739249222567594,-0.293848370428388,-0.31428975145716487,-0.32599682663484,-0.3302442916289603,-0.3582295281559508,-0.3894659220114773,-0.40879581454710284,-0.41200300048120075,-0.430849963851795,-0.46502958224927327,-0.4797004943722807,-0.4996694569316431,-0.5137299255428209,-0.5172180326503425,-0.5376765795368977,-0.5608882744846274,-0.567586800957599,-0.5779860692935288,-0.5750757155428051,-0.5833606883179719,-0.5898939355876244,-0.6001399878222612,-0.6167392248596602,-0.6179846113222887,-0.6198493865658741,-0.6133158629417355,-0.6200123843084806,-0.6260471981943816,-0.6484667394134624,-0.6606231321169518,-0.6735570232414585,-0.6803453949911578,-0.683234250543666,-0.6743240915600889,-0.6835668596509789,-0.6898026750070002,-0.6955687448713566,-0.7056807481849171,-0.7106726126071741,-0.7203873889273728,-0.7253085137317479,-0.7281202758027981,-0.7314309555796166,-0.7358178669724269,-0.737109033113792,-0.737147461074257,-0.7387488783294168,-0.7443855149012178,-0.7516504096369041,-0.7580937680225126,-0.7528825777700474,-0.7558433897242074,-0.7540929584098511,-0.7589835316683251,-0.7634811220446482,-0.7642130250103891,-0.7619400497311801,-0.7646202753764036,-0.761497594517057,-0.7589845435805617,-0.759464990297638,-0.764819655432661,-0.7705411206035361,-0.7759948003811558,-0.7773464334868442,-0.7799487574467835,-0.7783555710730247,-0.7763584536007451,-0.7788190257528183,-0.7786380357047804,-0.7801241582361339,-0.7761555136912713,-0.780191013281701,-0.7846081007721799,-0.79008656972212,-0.7882338264052108,-0.7850187513611563,-0.7868051234215813,-0.7900580934874348,-0.7988694483608869,-0.7981575408722685,-0.7983324240924141,-0.800369704530824,-0.7915708323761063,-0.7899082877978403,-0.7940554887736491,-0.7936218226169336,-0.7885653307417726
95,-0.018268818491170943,-0.018661037818055438,-0.024624870787167175,-0.02736914852193438,-0.027968447253267144,-0.02793744191311335,-0.045015297333540774,-0.04939912476364237,-0.05338779156991521,-0.05240458698500374,-0.09442246174855536,-0.13445876632127582,-0.1425155127788914,-0.17009320325525765,-0.19754522718861017,-0.2386609854305287,-0.28282143446697594,-0.30545053385955595,-0.3275525912440908,-0.3315967924451694,-0.35712276841618,-0.3772705977864687,-0.40324352015084486,-0.4101568605752633,-0.4293085957703779,-0.4346450893635415,-0.4373392886443249,-0.44799934549658077,-0.4493805954677657,-0.45783714108342966,-0.4710212626145619,-0.4689883136863404,-0.47398875255129824,-0.4757977954939123,-0.4884538557614524,-0.5040556185965277,-0.5125783957770242,-0.5125265711206479,-0.5184630546165374,-0.5370838985395038,-0.5384962006860474,-0.5464058942497748,-0.5530774053044792,-0.5542430955632098,-0.5574073735781578,-0.5627453343194452,-0.5685980027302635,-0.5615885214428107,-0.5648983440171159,-0.5623885851254631,-0.5735188210298312,-0.5632330368360653,-0.5814495857093851,-0.5864440838527062,-0.5863243491591319,-0.5818491333186288,-0.5892492761806798,-0.5948969047645266,-0.5982794232662056,-0.6016216119740315,-0.5966238742679812,-0.5981138472757905,-0.602575936347436,-0.6109240615713237,-0.6209134156144911,-0.618723307321137,-0.6040464796435576,-0.6144081965862865,-0.6158323947352147,-0.6116977285658047,-0.6076699577028959,-0.6113016166761791,-0.6056489447042214,-0.6179649675426995,-0.6153172532615565,-0.6191258021488263,-0.6023676600978419,-0.6016754763731382,-0.610884072632468,-0.6054584876912543,-0.6034189462266164,-0.5994578400940666,-0.6003181445551093,-0.5991099570860046,-0.5980543568780106,-0.5966146628584139,-0.5914218064409635,-0.5980324338260867,-0.596413673448808,-0.5951213976336733,-0.5936607061499717,-0.5890645766762783,-0.5896606274838632,-0.5913120863945824,-0.5939070008946801,-0.6020992425151888,-0.6108661655971462,-0.609112438992027,-0.6085935459129346,-0.6089716597353764
96,-0.026727573307651364,-0.01371970910351255,-0.012463148326142781,-0.027886531357678917,0.0075993663648804225,0.014624589778815615,-0.022715756146020456,-0.07292512644058723,-0.11760370590708251,-0.1826738667505896,-0.22066254377379962,-0.25487729120420977,-0.29857160749061984,-0.31688446649780355,-0.3518820306498117,-0.35990727615352497,-0.39005991928091704,-0.4146942367748182,-0.424177701036121,-0.43523387852450435,-0.4377699075774935,-0.4524598649760228,-0.4815350811521657,-0.48520560056539097,-0.4963125500701453,-0.5176094188540928,-0.5203620152179211,-0.5472513786433011,-0.5551886243577079,-0.559237558307844,-0.5632864613158728,-0.5619471521482551,-0.5934267935332078,-0.6023630235043792,-0.6047879844478171,-0.6196560694300058,-0.6186727066425343,-0.6230497937416761,-0.6356649534601254,-0.6521305347965245,-0.66418460303451,-0.6791749296103058,-0.6839496009179018,-0.698591715042482,-0.7122172786609496,-0.715477649254403,-0.7127171331928147,-0.7229170683295574,-0.7251747060874095,-0.7215131333557782,-0.7153467781674645,-0.7259085971927377,-0.7238291339421354,-0.722161926637152,-0.7210696026547302,-0.7317774161632243,-0.7246057104688256,-0.7378220019898959,-0.7357418905552946,-0.7423732567338358,-0.7427440073535264,-0.7482275647617226,-0.7468243668940749,-0.7559216016068201,-0.7592948668727705,-0.769072001366213,-0.7755226115510766,-0.7704555554615989,-0.7738238305349515,-0.7763923742254711,-0.7819074277735608,-0.7846334131096211,-0.7869427607507403,-0.7938487591214909,-0.8083672349724563,-0.806538713562872,-0.8099957126452647,-0.8112310032876586,-0.8135700882344215,-0.8136447045191657,-0.8156955097269445,-0.8157852840945601,-0.8173282996208399,-0.8186027261224552,-0.81908785271236,-0.8174959701756538,-0.8198116935769737,-0.8216537373267526,-0.828767449907232,-0.8241344796263311,-0.82055865616486,-0.8210346256798021,-0.8177397772362158,-0.8132268142879817,-0.8117668423484835,-0.8084474990155415,-0.8045202569903479,-0.8077084815248813,-0.80389146168039,-0.8096111697456237
97,-0.01666997851203863,-0.009098153397970179,0.01228497913079127,-0.028284702228184265,-0.03644183723445505,-0.0580275130529036,-0.07184868700781145,-0.14371088539716614,-0.17069047902559947,-0.2193822478573084,-0.2857097282546235,-0.31784448005617333,-0.3291683399261036,-0.36451761450632353,-0.37952542219563523,-0.3932478482664658,-0.4150772742483062,-0.4212167471617627,-0.4317328402661234,-0.4462732405269179,-0.45798627607035797,-0.4660067173169462,-0.4762911816994241,-0.4889797783145815,-0.4903328539044612,-0.502964990673519,-0.5354687529221119,-0.5505779571004904,-0.5614951879925517,-0.5579618962783445,-0.5689571285201883,-0.580458478576825,-0.5863380977661784,-0.5990604201506797,-0.6097421818099766,-0.6311175266399076,-0.6262765632960621,-0.6271403628868502,-0.6405887152425638,-0.6389442837985232,-0.6416564115695613,-0.6457685414451656,-0.6456413678188733,-0.6581081689221213,-0.6651414977418517,-0.6761479623090804,-0.6801140643781608,-0.6681178149866928,-0.6748240342015868,-0.6607605316269881,-0.6708482513356447,-0.6814143561828319,-0.6861599830351757,-0.6785181967101335,-0.6780154380897863,-0.6833688776361072,-0.6880981506789824,-0.6943779968054317,-0.6992801260327899,-0.7023496660713573,-0.7108251138411782,-0.7213351618372102,-0.7181751042319142,-0.7189957975588342,-0.7178072617634202,-0.719260969496321,-0.7251726069700191,-0.7329106894151319,-0.7437544294589786,-0.7523181725491238,-0.7575883824828124,-0.7528630392407629,-0.7521983291995088,-0.7477660578383383,-0.7455640798898432,-0.747569678306823,-0.7449385051013928,-0.7406866751056594,-0.7347328405009204,-0.7377016797812813,-0.7361160219899071,-0.7425019107624835,-0.7437046868810335,-0.7379024644803094,-0.7466168038208905,-0.7477627809329285,-0.7504460130099975,-0.749961002873116,-0.7501332637871017,-0.7558338550527534,-0.7586499691095137,-0.7576227149212927,-0.7588792731564784,-0.7575816852068119,-0.7551118809439278,-0.7568441126502893,-0.754687950450001,-0.7600417367860794,-0.7606444521584025,-0.7678190900882663
98,-0.00883515373146836,0.0233405572413901,-0.003891488925349082,-0.027060592863794423,-0.05823454958348809,-0.10089748184685723,-0.1267369972253866,-0.163952258309138,-0.18739166992476328,-0.2163043528872732,-0.2317556560907623,-0.2528479212883586,-0.27196190618287863,-0.2989858677307803,-0.3127265629341764,-0.34147625675375115,-0.36656338977265635,-0.38835167636403506,-0.4028652535239911,-0.4176818467991212,-0.42387958016516186,-0.4431263174781411,-0.45298190443573405,-0.4568680295554452,-0.46691314414921314,-0.4816842877293272,-0.49585818697214196,-0.5196871390717908,-0.5262318530806446,-0.5365246388407044,-0.5538905447034383,-0.5652361516293781,-0.5757617611930536,-0.5773153191774917,-0.5895834208054486,-0.5945770810806454,-0.5983169692868244,-0.5963228858561251,-0.6002910505009428,-0.596141302147516,-0.6022929007205622,-0.5952377800461076,-0.6014001055293958,-0.6103252117441915,-0.6102345471152335,-0.6185003202542768,-0.6198631518591954,-0.635670255043075,-0.6429041046141751,-0.6501410311560314,-0.6492273220634656,-0.6531183389422602,-0.6622782535748548,-0.6590193879834538,-0.6684413163974209,-0.6701488864637676,-0.6712828449880293,-0.6827590653916285,-0.6810905673195959,-0.6796864616577339,-0.6762370805373574,-0.6778692654257152,-0.6824832257299077,-0.6913757255382512,-0.6870023750813733,-0.6927421014487152,-0.6861772409388598,-0.68115832642334,-0.6852711555399066,-0.6882111072401703,-0.6868845525896329,-0.6879152952858496,-0.6873538258241447,-0.6907068372607564,-0.694759421636546,-0.6943180584045723,-0.6958860739393655,-0.6991759738745367,-0.705321381951428,-0.7137269356301349,-0.7159855821220604,-0.7126987582902615,-0.7138994693317231,-0.716346660679868,-0.7237198774587875,-0.735680922825831,-0.7390298859386408,-0.7382732228104868,-0.7370164392031093,-0.7408020070181459,-0.7409976914242943,-0.7458739468704061,-0.7414684621289567,-0.7384786550864346,-0.7398116962433913,-0.7426736600488073,-0.7440431273261032,-0.7369078110987575,-0.7466366099565004,-0.7523862723917063
99,-0.013395393172378972,0.004799432312953791,0.020768673821980874,0.008180119879789567,-0.0016399421882564175,-0.06392936911497862,-0.1288752384025443,-0.16696622568315156,-0.18653934864363958,-0.21767708922181278,-0.2610136332718911,-0.2896017265779964,-0.30244296353632955,-0.3295959362850669,-0.35023713279761337,-0.3688391358770206,-0.37647509239296206,-0.38406003356476015,-0.39681270332841334,-0.41115375824310396,-0.4391595114007822,-0.46365242989370165,-0.4695788187855503,-0.48171303348253,-0.49878785088284316,-0.5099011087896416,-0.52046713588727,-0.5407580797634728,-0.5652959781169379,-0.5769700399911575,-0.5807185055798507,-0.5986696100487893,-0.6160434923303112,-0.6223011371712823,-0.6174523894777089,-0.6130367149943949,-0.6222485629268475,-0.6288250930749545,-0.6349498296821642,-0.6465397378152592,-0.6538098558916161,-0.6569179022822746,-0.6569572487995918,-0.6620934075724482,-0.6628169169463434,-0.6756575633198108,-0.677074279038087,-0.674872393542914,-0.6773274422995682,-0.6838488003453036,-0.6887116288164153,-0.6981418876127825,-0.6970060869501143,-0.6903207109220882,-0.6990041964251144,-0.705789917591098,-0.7022056958560009,-0.7144226426627953,-0.7199436935616849,-0.7190508226983124,-0.7220300998358218,-0.7259584179361948,-0.7293268532747372,-0.7427413504453374,-0.7376087559937937,-0.7397958761793022,-0.7423528411407235,-0.7409067714828206,-0.7388635605547209,-0.7402042833499111,-0.740315959573532,-0.7482358276518727,-0.7440763918733411,-0.7456437960494128,-0.7481734745297228,-0.748221411651787,-0.7572311717648077,-0.746458029716505,-0.7468331120943451,-0.7486101843193552,-0.7463807743501388,-0.7446679713097609,-0.744346674684172,-0.741444442791189,-0.7481320035160824,-0.7545507711781894,-0.7575029073829986,-0.7658635949757182,-0.7664702596082917,-0.758431833657598,-0.7589858850616423,-0.7616894138419064,-0.7655889591685089,-0.7695766379568402,-0.7776376136147758,-0.7832456057389063,-0.7747900844120835,-0.7702987778122945,-0.766561656650253,-0.7641135606841213
