id,intention_0,intention_1,intention_2,intention_3,intention_4,intention_5,intention_6,intention_7,intention_8,intention_9,intention_10,intention_11,intention_12,intention_13,intention_14,intention_15,intention_16,intention_17,intention_18,intention_19,intention_20,intention_21,intention_22,intention_23,intention_24,intention_25,intention_26,intention_27,intention_28,intention_29,intention_30,intention_31,intention_32,intention_33,intention_34,intention_35,intention_36,intention_37,intention_38,intention_39,intention_40,intention_41,intention_42,intention_43,intention_44,intention_45,intention_46,intention_47,intention_48,intention_49,intention_50,intention_51,intention_52,intention_53,intention_54,intention_55,intention_56,intention_57,intention_58,intention_59,intention_60,intention_61,intention_62,intention_63,intention_64,intention_65,intention_66,intention_67,intention_68,intention_69,intention_70,intention_71,intention_72,intention_73,intention_74,intention_75,intention_76,intention_77,intention_78,intention_79,intention_80,intention_81,intention_82,intention_83,intention_84,intention_85,intention_86,intention_87,intention_88,intention_89,intention_90,intention_91,intention_92,intention_93,intention_94,intention_95,intention_96,intention_97,intention_98,intention_99
100,-0.010102471438199832,0.008750669786351091,0.018258497990044757,0.029102549955880627,0.06677427912296227,0.1183266188203024,0.18803577060552035,0.23506467255720304,0.27846427943554114,0.29729130993073627,0.290352414133336,0.279797066297742,0.2757248407477106,0.27576862588332746,0.277489939866264,0.2716574187380492,0.27057054680586445,0.2617009884476777,0.25132529424381406,0.2606933001632516,0.24538276044599244,0.2381309233853482,0.24294219671573403,0.23095674391917942,0.2445570277492447,0.24886162975598292,0.24256822990060797,0.23437583011722865,0.24609679122651568,0.24912841916099254,0.2628225156846099,0.26813539623950783,0.26410743023975664,0.26116462072460467,0.2551614694879779,0.25764932768397325,0.2598001498391437,0.27286137953188605,0.2652879198030671,0.265408545178942,0.2616307180081514,0.25114848601022055,0.2387374803916565,0.2318115403384512,0.2124098441181353,0.2224906243707975,0.2169114849108059,0.21211281299037893,0.20721526270167562,0.20385508133825664,0.21396922574173938,0.23291275458897423,0.23454981274756237,0.24288036440141236,0.24027792861072633,0.23205402816062326,0.2378166635727096,0.24511723541126199,0.26397388454364745,0.2595116040636489,0.2598572118186184,0.25281315583965136,0.24173997802107464,0.23168817599304256,0.23433883859913643,0.23136564187163028,0.22721514551122385,0.22762758836785263,0.21821971002280097,0.22217629618951024,0.2201806691764149,0.21507762905984418,0.20675670025448287,0.21228470579057857,0.20961604590096827,0.2277264637122944,0.22250926425295442,0.23029254383773182,0.23084931577556764,0.24838597297184614,0.24444833761172088,0.25334994473993966,0.25934780487286224,0.24976384377459954,0.23672447265412433,0.24183618083004674,0.24362476972495678,0.2548437922963306,0.24830635591102443,0.253925603344245,0.2601494341964472,0.25573362682621403,0.25464979928197556,0.2576333009700781,0.26774066918817707,0.24395570440878117,0.23732889470646043,0.248651167199104,0.2384940949065555,0.24300103926025263
101,0.006411494491734785,0.027848067247702363,0.05557696892315047,0.12188360939067705,0.178290993104808,0.23883115241452235,0.2471957134044812,0.2484976143174975,0.21837687190524002,0.20841344979815826,0.20825141855477702,0.21165265461385696,0.1955296782105453,0.1958292856656471,0.2193784224466785,0.21417161139040103,0.2196192505699106,0.22454109430388183,0.2228458465154467,0.21177292670215242,0.2051796521176216,0.19768414323467656,0.20621694275035027,0.19989030037850392,0.19454585495404259,0.17788259109951476,0.19926202272764817,0.21527499304171727,0.21154720470613053,0.20927501796619818,0.2020772985127927,0.1981134237561897,0.19813550015793147,0.2173418425276864,0.2171010571491978,0.20192330997297364,0.18204858045785544,0.17226613169382987,0.16719981818961543,0.16558083438718083,0.15775430700193416,0.15085402370101947,0.1467104476915306,0.154215021610022,0.15886537331798883,0.14752375338336965,0.1541594058884409,0.16623400249874337,0.17810393312154804,0.1737094165114754,0.17396982450958515,0.17895137063168662,0.1982316602994556,0.1936053559376618,0.2165850671159839,0.22302977677317057,0.20200136549960557,0.1978311352891872,0.21409607661476224,0.21175119948963136,0.19991311441697313,0.19019795220794133,0.188047570537137,0.19715166520715688,0.1986301417782167,0.18297079002863983,0.16835188535620801,0.16583976071306217,0.15802412994900594,0.1528776000741442,0.15540262221066656,0.1645695321610259,0.16451688907460327,0.16989308024697433,0.18573988338693553,0.20024255510781136,0.2011778231773257,0.18614109580901111,0.175293414224833,0.17511480039985397,0.17815405070976964,0.18706079442622564,0.20295192602988674,0.1975341869225263,0.19119364190639337,0.18922631111726965,0.17730480994326844,0.1820574650708973,0.17587984437525953,0.17499699227425897,0.17559482641016394,0.16526403937347608,0.1672466248521395,0.16213736890301775,0.15285367423359078,0.1597317330442753,0.17697652813572337,0.18969938510048973,0.19627552559418956,0.18356158739027717
102,0.007948412335696476,0.04395684692603661,0.06620806196893071,0.06690514954351488,0.0934940713893136,0.13146778049944288,0.16541424694222942,0.17412417930404403,0.18890095368129706,0.18968281836060435,0.19359016747390737,0.2202086123178834,0.21882981038470284,0.21814994376226096,0.22891581960217067,0.24054314681895228,0.24992927657378033,0.23959354768166208,0.22636740519529636,0.23520360364421966,0.2312973368286719,0.2452332452317715,0.25782345431904846,0.24234713597927854,0.24110508007917514,0.2589329063599556,0.2586754583596682,0.2658665849384717,0.27404502514496465,0.26529341165571607,0.2700148311556026,0.27198077707468704,0.267128564610361,0.2491985716488211,0.25470622427330747,0.2590184388597627,0.2607408827290182,0.2765256039664106,0.2627620385267817,0.259819752679707,0.26461790941973046,0.277151585700565,0.27684206730271116,0.268425226605606,0.26680761591778623,0.25890434095280346,0.2524550963810756,0.266529953346568,0.26848231590089655,0.2575436379997697,0.2680452496612247,0.26796035518938516,0.2470289763675255,0.2420212435618374,0.256482959862961,0.267580581561081,0.26576646643518254,0.2695902647842705,0.2677626351116071,0.2753814684982834,0.273144671601752,0.2921359140023065,0.2785637447428677,0.2699856899392932,0.2550519561717999,0.24291738260121457,0.2589800038063742,0.25512686608693647,0.2647199532680076,0.2791045952948902,0.2778205957759411,0.2749085681499873,0.2824802494247344,0.3039934637645276,0.3076459847833859,0.3097156282162321,0.2986935683159868,0.3001596834962712,0.302440920174447,0.30501688463047844,0.2980683583147728,0.30062227766014177,0.30379354937849623,0.2998025714832716,0.3117021461973957,0.2946067173329092,0.2822239125870474,0.2836719524748047,0.2651843188804916,0.25564762739976227,0.2506486217414485,0.2528085177653957,0.24422059704778626,0.23935878396612492,0.23084104208021977,0.2532373565571406,0.26632619283536113,0.26406466953568186,0.26436917802339943,0.26417780360091436
103,0.009306560842201933,0.045182530576478266,0.10504693432545598,0.1467914110823795,0.17081618730821713,0.17449891624821504,0.1411757325476522,0.17069648054118503,0.1618708668044887,0.14397715279182566,0.123001100813307,0.13459569909557406,0.12888660493956505,0.1467411850654321,0.1459643404980391,0.13989117842349882,0.13720925549109106,0.12225870590928159,0.12732414114941382,0.12442443668340021,0.12059970696777882,0.11277692683992964,0.11965830459572611,0.11200190954960734,0.11355167753381318,0.10181743038710789,0.09950167217383642,0.09440553173811898,0.09311323107393951,0.09067659509345635,0.07867703887333966,0.09549823404099184,0.10840747319558208,0.10455405999172454,0.11511424856341691,0.11461102664715096,0.10707696948750295,0.09676977840379403,0.0881500457656646,0.08431828076242479,0.08694189065415635,0.08507434456141422,0.09345748437877653,0.07781812131934737,0.09242948133504257,0.10149977185622788,0.12192015997594159,0.12207620909255075,0.12529892802773665,0.11759585243222224,0.11473932235298219,0.11529939973021121,0.11857949114323035,0.12696689029477196,0.11541130514692266,0.09709825186802414,0.1021426489720413,0.10465723197716455,0.10505639413518728,0.10320025415383238,0.09979682515692734,0.1069296502461206,0.09712626079038522,0.09676959588102556,0.09471948829908192,0.08035078855539243,0.08014480893976544,0.08185935914743232,0.08859069873229178,0.09304015291434947,0.11912247020162058,0.11397100549688752,0.1286456833568711,0.12563903970551854,0.10064763164200707,0.11819504993519062,0.10324866362359324,0.0897146912517277,0.0927540672668284,0.10723278779089496,0.10649308081922083,0.11295695857530726,0.10834906913590642,0.1140151298455636,0.10645063103774309,0.13107559926796852,0.135134615254914,0.13860079154210253,0.13070769476713928,0.12604538855348912,0.1284649493390248,0.13121249447586267,0.11968860175098711,0.1174747781926734,0.11251695868214602,0.11367331097859414,0.11869804774101081,0.11315368454054399,0.1189783995207122,0.09504902148472728
104,0.0073234304345633685,0.07221923836412994,0.11966969721157422,0.18446341781207581,0.23987912515703017,0.26106569014960174,0.25743255743225807,0.2491338354370024,0.24259083204029738,0.2334307677482855,0.23761948976287464,0.23856844808284478,0.2204587108423882,0.22881609238297082,0.24044683621305293,0.2458796465898916,0.24745858366715012,0.24928750775738215,0.23702596904154738,0.24614519923480302,0.24269135547905457,0.22029982208533824,0.2160525641137964,0.22232272421598256,0.21755141169577474,0.21116222880348182,0.19893453011774376,0.2075404926004167,0.19734746672245798,0.2130485313311916,0.22258936213339592,0.21760110929364893,0.21643655689456726,0.19899990974752071,0.1783493715491514,0.17179794621519937,0.18021297321436994,0.18014940743999364,0.1874695871424431,0.1902561245412947,0.19397573263149526,0.18732718513374585,0.18527536749575557,0.19829566564894704,0.20745735435707743,0.2212463745819629,0.21917240809984334,0.2191238979050185,0.222368643812761,0.2239600521113,0.23189125302957592,0.24170400355300914,0.24064294873863631,0.2532190583091265,0.23583522457914183,0.2392997207683289,0.2427478131321244,0.24163460591599709,0.24423560878144202,0.2505954483010573,0.23413832251597178,0.2383437375239395,0.24654756950656215,0.24472182650257593,0.24154587295123675,0.23648057853359364,0.23619521916015335,0.2369140172088118,0.23495086303315105,0.23332162118294328,0.2320003435552142,0.23943651080760006,0.24702108392949568,0.2190488780834719,0.21722384017585494,0.21329719071955378,0.20913782591052738,0.2151678914666442,0.2134763633029791,0.21301527335592105,0.22469841978460084,0.2229267654006078,0.22209517960645775,0.22210016595719112,0.21250007986711997,0.2092303905269989,0.2024098283221969,0.2102437964311466,0.20679372560224699,0.22187859100242505,0.21567961606292635,0.22378878683495784,0.22020871644120038,0.22609153965662818,0.2238790455061573,0.2300805050705702,0.22735475656774587,0.23329438430697128,0.24519323008874455,0.2499360014452889
105,-0.01863517721457652,-0.010377466059990207,-0.009846991345424211,-0.012789333703101691,0.00344288481530924,0.02899780656864914,0.06552302155677729,0.13510821049049604,0.21549043573425,0.25644946706270355,0.295403151590346,0.3072256446958847,0.3120010086525605,0.32556966126719156,0.3313125761809372,0.3197108930311797,0.3145895640501912,0.3194313028165764,0.30941576677243793,0.315475141345687,0.3208382509244599,0.3202758534410798,0.3341387083233768,0.3252337768833683,0.31690819690464944,0.3175117894002216,0.3086000241429442,0.3048371634544982,0.29596478497177775,0.30087855426218524,0.29977396763984593,0.305975524631355,0.299079818568966,0.30707042238798615,0.3011370233870558,0.3115414744797754,0.3195282663673199,0.31467424848532055,0.3075527682696329,0.319824309498962,0.3093674702661273,0.3003113864700562,0.2925726988115217,0.29287589091379773,0.2958056485063128,0.29610259305271464,0.29698978100758566,0.2893858885451261,0.30775877839870946,0.31860945998533835,0.3059212491319704,0.30565265065915204,0.3104562948931456,0.3227896264276993,0.32388908300897157,0.3175368872011318,0.3198605914388162,0.30499650266203454,0.30195349697843676,0.30398809336982496,0.30129500579549157,0.29537416335845174,0.30037640484004924,0.2970654333044392,0.2898490225790109,0.2821099623403558,0.2698320461162362,0.2647387997599754,0.27196822459323594,0.2592763594269248,0.2584001688005756,0.26619813409695836,0.270371064232528,0.2949862367869373,0.30135594802435817,0.311109688047251,0.31535030281214377,0.33336539484672,0.33619304153601165,0.32987450683579234,0.3118286910870404,0.3090892324173875,0.30069681736730625,0.302375289918775,0.2954869691536414,0.2906533727702297,0.27994509331540035,0.29677352262460893,0.2935471267154393,0.29956161996522324,0.29411418548101764,0.2847320972000905,0.29170546539436926,0.2904832779335054,0.2710772329902744,0.28838283791691127,0.30107092022082876,0.28806734388429867,0.2841054491654046,0.28000342119008303
106,0.0020216779627111508,0.03140451383231717,0.03301123298452449,0.046242871392879865,0.08209717924618683,0.12884388307483857,0.18113688420938753,0.20396992306095413,0.2253600405095804,0.2380260447634643,0.2426517449256987,0.24322473726490723,0.24142966172997177,0.2701523042044248,0.28462705126869847,0.27450238157985474,0.28949486709408645,0.30960299927411816,0.31170684835594575,0.31148105959610034,0.3101964520926901,0.3233561082244279,0.3288495908872675,0.33081492809229623,0.3456938514130114,0.36178806861964224,0.3553053943154055,0.3605990264185077,0.3564587429493094,0.35281243083778024,0.32897865868894643,0.3407280197095258,0.34961422409070225,0.3401836559641021,0.3279929389191768,0.3094822809018709,0.28325681824402943,0.26563777613835987,0.2665873709632963,0.26941270404410367,0.26632022012517514,0.2654567286144109,0.27014129714628315,0.2880058357927846,0.29148971914322425,0.2711336000021941,0.2705926629941651,0.270093539776348,0.2870524233284671,0.29810902315297216,0.3072423046131185,0.30574134989088864,0.3048862686348014,0.29481450582883756,0.29866173806276186,0.27382872988112544,0.2635754429902761,0.2526284551659165,0.2546148307226926,0.24995594376945512,0.23415344486860076,0.2408435372567187,0.2354891333611959,0.2392732476376872,0.2325686994960946,0.23249484269172524,0.22939045098826027,0.23428765765842005,0.23794384306516708,0.23810182475866284,0.22036503364675178,0.2289689118384707,0.21710210664466725,0.21288802413794128,0.22196076738712078,0.2168370655696329,0.2193269588286696,0.22035347250765638,0.20570508993335035,0.20201843456786117,0.1856854677402746,0.1829290905497958,0.18049753385121073,0.1851527772092803,0.16794697470058867,0.16711500948400218,0.16198458108772126,0.1557927909291929,0.16340069296360707,0.1574337362956302,0.17866642824111273,0.17720967084581235,0.18811879635214876,0.1804489817759359,0.1947031028255467,0.1937241354740631,0.19040444176488885,0.18267434678101185,0.17861410005413475,0.18299013603970782
107,-0.015834907624674648,4.976206818572182E-4,0.02324192401131753,0.024494709826479763,0.06292305134136801,0.0342923048305012,0.05413602819491501,0.05451182157281,0.049330569915336936,0.0597114011665246,0.03497663291816864,0.011301460849547619,0.024381434561214377,0.02291621971669275,0.04725051713836595,0.047543595299091336,0.052678197564695724,0.04996094679211002,0.0612202335673217,0.047185371991268044,0.04814487620545387,0.042205066239880164,0.05801165215315323,0.05870003489528285,0.046520960907375765,0.06684092582099747,0.0502269456430128,0.05763907959463785,0.03401496918330325,0.03089035904854076,0.0361753326512412,0.03820036651583848,0.0372943053666472,0.0453589952272854,0.049998674410677714,0.06656338788090904,0.06150843555098681,0.06293887664741316,0.03969391629823407,0.03565954149897952,0.04149700366227109,0.024733103193917135,0.022479495975195395,0.026231840925070613,0.01504614693032596,0.00779670165251577,0.02017695816299891,0.0275035439577528,0.017526270019625007,-0.010509241613541623,-0.009476410045227583,-0.01490375230602643,-0.02771025576668885,-0.025118915297508114,-0.008978689300378716,0.0018531109429357718,0.01410900451675726,0.01431659008641132,0.016817416500167454,0.021655087048766578,0.024971073294692697,0.036788910156230537,0.048220348517377935,0.04741547923805852,0.0485029187891883,0.028984286622452372,0.021622371083778017,0.016385243939145425,0.014049142649884376,0.03646985706957948,0.04390676412566386,0.04455903419527005,0.04726639494415846,0.05227709824783739,0.04911682121613616,0.05515766861533569,0.06893276118891856,0.062361447232676025,0.05417833816898294,0.05490722753510387,0.07409120512234918,0.0842589658003952,0.09602531806175259,0.10306240886222037,0.10203398461881959,0.1122382670842653,0.12658058937088998,0.11776828210716982,0.11550765513352072,0.1053476578595896,0.09596227042927623,0.11634860507919004,0.08771731208331116,0.09652988604237618,0.10120148503206174,0.09932225819825433,0.10468427448262427,0.1005236266636376,0.082576126985832,0.1000733784687189
108,-0.0021770358400523262,0.0465380074335382,0.08318621461183767,0.15838079796660023,0.2130440489826208,0.2534744670438533,0.2919826067545845,0.30789881653785317,0.32223100834013374,0.3240152276290531,0.32804967490013204,0.3394625580521518,0.3433672602882246,0.34117715192002307,0.3433759945171813,0.34595868459490653,0.34474172938395425,0.34010131929005605,0.33271945687036086,0.33937719610372197,0.3456635633873917,0.32041395599438904,0.33229828701495134,0.3395702620822728,0.33345999800959847,0.31781905204553207,0.3152820539046295,0.31517340805063143,0.3244594811768651,0.33216269216780203,0.33231505463892425,0.335991701450933,0.3338686035667925,0.33365275462066585,0.3284197861085103,0.3178587333865847,0.3244281992942216,0.3210195230808931,0.31456922057252984,0.3142249022346421,0.3105523042337097,0.319071777617144,0.32036367013801437,0.31757150963440806,0.32082870980136996,0.32154699081601223,0.3263263900914169,0.3298304163400361,0.3334634367144384,0.31859824150892496,0.3282487355676945,0.3401245614647745,0.3465020399292347,0.33222225438067116,0.3278254582678655,0.33477172739953603,0.3297012254959297,0.3243395808367612,0.3142918113491804,0.31850631999904244,0.3085711242448056,0.33152003401853763,0.3267972011147572,0.3212591251384352,0.31224433196433354,0.3225729521001048,0.3242371530358305,0.3176981399247543,0.3327164684245043,0.32835754363609465,0.3352848633924741,0.3150694170957675,0.30559336528163217,0.30680807025349244,0.31576596366378906,0.3244343225891357,0.337664445698446,0.3331014657334383,0.3306089401808524,0.32212614962379627,0.32594661762514365,0.3220694481692044,0.33124279237222787,0.3318515035774995,0.3343101561205255,0.32810383629051254,0.31851037579031066,0.3247350173219209,0.33192431642335263,0.3342927729202354,0.33032230111528166,0.33677537325309415,0.32881003751102644,0.31798892362295206,0.31213176987966684,0.3243000116282078,0.33167938119611934,0.337198022493719,0.3446494332500896,0.3457379448638814
109,0.009030052887015307,0.054458156507397264,0.09310004549665203,0.15256151709072702,0.21895697197472308,0.22248315194754487,0.23867890867442015,0.2747053465377809,0.29764317283721653,0.31919025395231443,0.34022101191055193,0.3472938176756907,0.3558395627942448,0.34438785309829023,0.350962087259372,0.3457065747564059,0.3231718359015951,0.31635561344946167,0.3056024672657452,0.30679821126416196,0.31653251384740316,0.32604774470551895,0.3194745598758011,0.31045843772179177,0.3169252608477987,0.3242592102583097,0.3119164955794292,0.3134463685442468,0.3125698500599978,0.3179548608554511,0.2947849841758297,0.2843756578451491,0.2583150663492505,0.2575341182221444,0.26019540217604314,0.270644264223345,0.27770012078878564,0.28040116246458324,0.2673151235893679,0.2724103019312187,0.2803878719794261,0.29538224347781855,0.2895508404001211,0.2913929423988224,0.2891937720843613,0.30236638528778337,0.27963943150560877,0.2837176080352601,0.28303752018248696,0.2908056466657782,0.2854273139997581,0.29401226880689796,0.28381313031023236,0.28819351815938477,0.27421212452429977,0.27370085625944035,0.27953198605612384,0.2806522910994819,0.2775461226329609,0.28096573685815046,0.2907317462696687,0.29698892225764845,0.3048766724899336,0.30457466668436695,0.3006357064538811,0.30325564378813724,0.30550049828286385,0.3037875155941545,0.3082567569853999,0.306941972532766,0.2979552601585906,0.3018103536005746,0.30344686967013745,0.3054896228835302,0.30125756968190304,0.29352119803094373,0.3022279377703298,0.30616196968181913,0.29947829912697693,0.2940866679526524,0.3009067161847112,0.29931032872949026,0.3086785403819178,0.3178140968409433,0.3180379276655901,0.30174923919307334,0.30586701859998694,0.2990058842919315,0.29159128946769064,0.28942395957150735,0.2890634283857054,0.29156473647521913,0.29930189956234693,0.2895123109119503,0.2929256559554748,0.28636624743243116,0.2776827460145667,0.2844773688569364,0.28695655256189995,0.2894089638459649
110,0.009411251921642348,0.08037366292017561,0.14885063647060426,0.19852461414261796,0.17227074278897586,0.18534587141749878,0.18594899108270999,0.18409197822261608,0.18323625590969855,0.1864272993871155,0.18758264328158736,0.1815774029467232,0.18278934625313936,0.1759353593745846,0.17398994679879987,0.17659748808999365,0.16789867897944988,0.1567765028147389,0.16520458858263837,0.1814631427107272,0.18428728445933384,0.16774153779047885,0.14677209297744617,0.13263229910633553,0.12349912795299137,0.11384405847290263,0.12630875760405116,0.1351368719028801,0.12062045560758451,0.11295522461032809,0.11808949829667834,0.08869171796808926,0.080930864738454,0.09061341516153985,0.08074391602181358,0.069717195907166,0.06832140778367213,0.06473849254262785,0.0711879804703385,0.08285343811861243,0.08821680271129638,0.08080988357559059,0.08207334747613099,0.09786339057269455,0.09024663296331566,0.09541387554010683,0.08788009916213747,0.08522236963821526,0.0766795769779003,0.07342330253096346,0.1016735173960709,0.12430200599420144,0.1296319173937688,0.1389626719529468,0.11931175382353588,0.10502498479643828,0.08207955128404285,0.08111808352203101,0.09463838886118914,0.09507585025868544,0.08167833016411084,0.10228194472433408,0.10385044795790818,0.10117116810550714,0.10237571426817511,0.12252029475074874,0.1278506193738482,0.11952258669842475,0.11344261620139191,0.10981499149479547,0.10423011585975316,0.11217422760404423,0.11114148526449533,0.09994577961271503,0.10330470517769347,0.10833885312340462,0.09426608879692917,0.08843608814867125,0.11249528475557397,0.1076637319516452,0.09718155917096402,0.09901145538270884,0.08023373032248526,0.09295895887657346,0.11247662402413967,0.1189591610496726,0.12604202880376664,0.12644539293604834,0.1184094727085753,0.12347989290148625,0.12644519078124636,0.11864818138077819,0.12599147780317696,0.12577552649679857,0.12488981182110191,0.12428849849022928,0.11617714131433166,0.10727905537960028,0.10421751394767792,0.10467764667182351
111,0.003042577237493778,0.07431462816883683,0.12466766360533516,0.1981959511897612,0.2672874713153167,0.3186342366919552,0.32833968286267384,0.34194282423034755,0.34908834432775493,0.3810953499966998,0.40309713808680286,0.3921096680989568,0.38166754905555406,0.3778542802067566,0.3736142983666651,0.380873047124234,0.38274010757537336,0.3740778931767664,0.37642139255059087,0.37257093313201817,0.39131380215302086,0.39047974686953313,0.3782386862926482,0.36717315859507593,0.35526350130516826,0.3454672372357759,0.34647248241884704,0.34732855619089853,0.3420394730545065,0.34426470485214344,0.3411741964777905,0.34348780699974746,0.3423854833967501,0.3433014311509844,0.35108727484986374,0.3395762322172437,0.3433343326551291,0.32959249947167296,0.344787977076074,0.32401826423720914,0.3224220486779672,0.33280110086448056,0.3273345330412814,0.32481482796604716,0.3321900634263076,0.3362480690355797,0.3493218720134981,0.33855529713610993,0.3289785107991375,0.32797509413734605,0.3382524500445353,0.3339253315803549,0.32390626964020974,0.33432883673268904,0.3264355640011104,0.33525981360405666,0.3487328663848317,0.3523152087797085,0.3556269281207824,0.3501813343166106,0.34851051276698564,0.3475840118360697,0.3428128024027653,0.3545048513593663,0.3511144797215864,0.35364912016996625,0.3492715353192959,0.3489585669142553,0.34212018552199813,0.33386519472539417,0.33123965927336657,0.33983677183811545,0.34956773941290925,0.3370492023606839,0.34707072603599487,0.361355345415279,0.3620608828951856,0.3635795411339214,0.37080383691834357,0.36497564076223626,0.3534826215061608,0.3486408077666275,0.35418256088702615,0.3509146665104669,0.3503746740390436,0.3536021815310255,0.35052057411301973,0.34585164213972774,0.3347839616113819,0.3201042439026843,0.3293307913246247,0.3198925886158775,0.3241666964727379,0.32950291998732295,0.32391128745314895,0.32083451957255626,0.3193586813965834,0.3317671728402411,0.3351231358810114,0.3298465199706198
112,-0.006584821796823673,0.011916123015710357,0.030837008167957074,0.014041183284261289,0.06522481252808156,0.05864849231935922,0.06603596402181139,0.08408960207881329,0.08446007138487392,0.11230535934211511,0.12629599140858402,0.14132292542403233,0.15262977713457115,0.15667524942159494,0.15269688551900376,0.15402045256483937,0.1460152560251648,0.14776972353460405,0.16562228234565668,0.17237811290576302,0.16279001412272806,0.16809545537223725,0.1639726515393771,0.1616250492026685,0.17420654904353824,0.17047425742307787,0.18742821722591116,0.1737962249489735,0.17425230226073285,0.1680981408178261,0.1740646190101459,0.15663286152838035,0.16338785341766482,0.17941793946939813,0.1870894998292208,0.17022484420729644,0.1888552003780491,0.19742374042503522,0.18145021665208166,0.1852482944404817,0.19066981728040694,0.20126145601383275,0.1894816547416942,0.19572143112002563,0.1924524358503955,0.2026056247251921,0.18483054594701362,0.17251306007452005,0.18166119350231671,0.18035442776568003,0.18939151574955987,0.20108589751434652,0.20384580621781423,0.19928377074873319,0.19753194273633667,0.19664513110306586,0.19273167698072122,0.19597623095058958,0.18859565628456143,0.20155980541019397,0.2047910071864941,0.21563908149033406,0.20036147237038382,0.21119385529548831,0.20358876753429517,0.21366084215766745,0.21173234196097815,0.22038595858140764,0.22064579379570062,0.22684335619959664,0.2164622964075512,0.20878072256596386,0.21631518428552202,0.2296106767667392,0.23579297173318597,0.22594558411134036,0.23553079775134236,0.22640277243027973,0.22881463858507817,0.2367351251337586,0.24824762879900916,0.24565650002264777,0.24397923016507722,0.22492047658225423,0.221584696462486,0.22458184435029668,0.21750259331599073,0.2080048889253581,0.21332160496791566,0.21522986063631344,0.21353368112585322,0.20500233767488102,0.19755149940227082,0.1916275953800593,0.20183128600831343,0.20931837388234364,0.2119992329716149,0.21445433561392563,0.2079970211611846,0.21320684675457247
113,0.0067023025445754865,0.053113907771991806,0.13106932300170526,0.19220071745711123,0.2347565529856022,0.24436352346005602,0.24530381305001422,0.23366362725559792,0.2346295422916712,0.23368807032456512,0.20870661731197213,0.21849819790020666,0.20836302175758545,0.20802865039064514,0.1891559289262478,0.18288529803224146,0.1709002345166365,0.17781921158736838,0.16879290286622373,0.15666803521256933,0.15693808203227408,0.17374056239782884,0.16270375934222436,0.16672708969007174,0.18162357332558732,0.2037369370125927,0.2163982896105911,0.2126768234305187,0.21706578425791562,0.21146241233946608,0.20579841665266113,0.2059659834661705,0.20492853692413618,0.21090397506523817,0.21560376295509392,0.2150856109570557,0.20967630621961417,0.2102442180247546,0.21005497342304288,0.2231285923704604,0.2121276025822312,0.20720964455795446,0.2047271911053691,0.18673492164758518,0.18384424958273424,0.17958490562767085,0.17209929112230202,0.18015287583796802,0.1915758919565451,0.18802417787848788,0.19012714441787812,0.18172874844116108,0.18104037745454968,0.17623258196403968,0.17279578167718704,0.17746369341801194,0.1768930977231936,0.17416155184246823,0.158379353479691,0.15678235593125922,0.15504262104979383,0.16183985878337215,0.17750886099907873,0.1863062801808203,0.17358431124983043,0.17561608844042728,0.16970485546742264,0.1674099364651182,0.17374866631727098,0.18188273058430413,0.1732678112564887,0.17027344406455008,0.16486210474761936,0.1678012713644712,0.1784276639782032,0.1870024910574938,0.19873162103617678,0.19284267107280376,0.18494338938630503,0.19651633115366277,0.1945217510723136,0.20032425277004967,0.2058182708426681,0.2008002806731161,0.20760915648401163,0.20638496724615815,0.20830562602939617,0.19279784944172804,0.18109839668573152,0.18187446914899713,0.17548456882299873,0.1784450336198836,0.17690876138978356,0.18634815829890705,0.20039477270853268,0.18701394070247113,0.1864798429531697,0.1979793879068315,0.19904153261323188,0.2017126771595043
114,-0.003182421675332666,0.03019260758463587,0.07380909637809473,0.16631396891854533,0.20714837555964175,0.23914226079323453,0.24508320982969256,0.2813633859419768,0.2563888988489522,0.24920091654540794,0.25022955913943007,0.24595111312515947,0.24142986428597005,0.24374045278320577,0.21474551270871692,0.20133113649408596,0.19824944629702076,0.20338819693247664,0.20011499388709034,0.1923197692932264,0.18878305624260416,0.19164573345521074,0.20615849154850907,0.20759061513470572,0.21239315883865484,0.20838228873608075,0.21649031829625914,0.21959056731606022,0.2152039839483064,0.20090419103940618,0.20384228552149114,0.20612013715666877,0.20136423108255322,0.20758529062922393,0.2078942407237949,0.19546935380244557,0.2016357878508033,0.2093126168365452,0.21330045304472686,0.20419620144060693,0.1986839675249778,0.20167763361441204,0.1936226859385828,0.20128988750502724,0.21309981098456324,0.21920057231929468,0.2357679128266777,0.2454278444375257,0.2606059525293724,0.2515857386614037,0.24509558512730403,0.23973251788371738,0.23745060972787774,0.22926349421600292,0.2375563913583557,0.24656659060825092,0.2504271006856794,0.2643372303455166,0.274968269225595,0.2724535930025128,0.2710129250630967,0.2680471592061484,0.2604077567005336,0.26687190503833524,0.24647625884007304,0.2464323163916942,0.24760620371833522,0.2492182752420566,0.2597920022096487,0.26469276233123257,0.2606747557604587,0.25917045103378267,0.2659183215559438,0.2674854248385142,0.25354312815438645,0.25271781409815103,0.24827556141956492,0.23997409463774505,0.23458028126136812,0.24223085314530987,0.24820897298335834,0.24367900199295056,0.24289553068633052,0.24860257770848257,0.25378065710565517,0.25029975392073117,0.24389759589486065,0.2530433130180494,0.2487633355870854,0.24871581272900425,0.2319716014084664,0.23482557941596266,0.2500327028078899,0.23937677974549693,0.24585115313796224,0.25101522805101495,0.24348561496205104,0.24823254050489932,0.24902264198570256,0.24596052403803806
115,-0.0028779340052883153,0.02662556650466985,0.08997317597011291,0.1767634022229547,0.24210023961038238,0.26362693823919636,0.2959139575286424,0.3063094511720545,0.31710542527593505,0.33217373206153605,0.33452989506782105,0.3440111324712703,0.3572575358659475,0.3554589837956581,0.35417688871216035,0.35785572117691994,0.36919440193747677,0.36678412435119084,0.36726239745870876,0.37647052863793784,0.37360789954988305,0.387644567934763,0.4015257415492972,0.40761781720557017,0.4134039600050179,0.41333835397756713,0.41792824228500547,0.40677513225347817,0.4142621051091126,0.428764123878491,0.4167755886018615,0.4143673150605461,0.41501328420283257,0.4178000877894197,0.4025899648586531,0.39267981821007814,0.4057562217859669,0.4130064698482958,0.42676876427511445,0.42593239567814173,0.41607233309104186,0.39730641595971433,0.3946801713724037,0.391920585234244,0.3837521296668941,0.3909647659121497,0.37657276545221485,0.3799186578371211,0.3767350758081846,0.3703913935120628,0.3756309965122402,0.38174325189568314,0.38476179242168207,0.3779776002643409,0.37641901017076435,0.38503124868754207,0.37892592689337884,0.3810639010646398,0.38315641762486957,0.375000708829142,0.3830989066547242,0.3779833466957148,0.3749350838331609,0.3732255971522031,0.3728706429700791,0.3710204311359044,0.37473960086565433,0.3793948353462149,0.3830317718361605,0.38707085505490796,0.3960607938086973,0.3953082587826593,0.39684071414991473,0.39722084118118994,0.4041526160991473,0.3981098454623617,0.40596265845593493,0.4059171874361167,0.4148257314657602,0.4110185210278115,0.40023932209771046,0.3991700774040442,0.40703365666546304,0.3901706786225904,0.38145727616699526,0.3833125912591492,0.3855344238744619,0.3812142816287942,0.3812434476046105,0.37424646508516424,0.37796984701897735,0.3674714953182538,0.3669712958197534,0.35769026017340705,0.3599594928148319,0.3568352450313931,0.3668693298693899,0.3722077899080448,0.37390787507043144,0.37492598385814263
116,-6.855136524761028E-4,0.07934342556685305,0.12389059380082955,0.15426172698898089,0.11812317698241716,0.07154436676850535,0.05785713984498013,0.04600819854259225,0.013509309715764693,-0.003822628478574239,-0.02468188465013399,-0.015703934415805088,-0.03330298065332437,-0.052984028144982986,-0.06759272967792569,-0.07591183414151798,-0.07934252952993086,-0.05143107914183748,-0.042204640397546095,-0.04817920071107252,-0.042209005782031725,-0.03093091721462636,-0.01823187773854608,-0.033055950625198526,-0.03732638089584033,-0.04568726555447048,-0.01868701378506682,-0.015123252666720745,-0.03974904923084721,-0.035064668088714945,-0.03759307765848307,-0.026475942461420546,-0.033610793664917954,-0.023481320582701085,-0.02474046504118788,-0.03212045784800872,-0.02671942430029292,-0.040066679808297055,-0.03907534032046005,-0.02787014871826441,-0.027918932610433385,-0.01907900325491156,-0.021968890480104433,-0.010956687672519812,-0.01565896925821931,-0.02287317607803792,-0.02470121863881081,-0.04382677938356206,-0.031021072545020435,-0.02045832447331684,-0.028534835698408086,-0.03044597294041415,-0.04327192894692966,-0.03186186984304542,-0.031949529751542,-0.028364155126971716,-0.018842319011980968,-0.012271324131623598,-0.00732910596167023,-0.006494572498599083,-0.007891170153066973,-0.01368109361586022,-0.02293834673875826,-0.02285505485940419,-0.04233295867444486,-0.058799697063524975,-0.07754715406660033,-0.07886653361720723,-0.08457937110788846,-0.08852777170982266,-0.08681493674911525,-0.08035458123377762,-0.08321996635004086,-0.07667456177027474,-0.06821306798002343,-0.06647466217979116,-0.05469085171310886,-0.06262917697580156,-0.07556739542809064,-0.05722019676124929,-0.05231827157584559,-0.0505827887476533,-0.04364954459592048,-0.048222166269298414,-0.055853903126100446,-0.06467222582977278,-0.07968069700418594,-0.0772292405435123,-0.08884746607727037,-0.07053881590535917,-0.08220418271058623,-0.08966289985530607,-0.08780873512217621,-0.08460580119682119,-0.07273823990625501,-0.056444151227795426,-0.06343756081225427,-0.05450467988066972,-0.052786846548685554,-0.04158153864151986
117,-9.550122070274069E-4,0.03723860954234421,0.1039547256552686,0.18021953348822187,0.21794444480398378,0.2457901030644043,0.24713695613201186,0.251720268985578,0.24654348443254873,0.24845555008558748,0.25069266267087853,0.24961393307175556,0.25574222609150155,0.2500118289139988,0.242179597189518,0.25682750272784033,0.25901542587174364,0.2495631178664197,0.24954110352220948,0.2621365557369046,0.26444757541492137,0.25922451849272266,0.2463467366744755,0.2479724135726954,0.2566632112011189,0.25447388823482464,0.25776452601476785,0.2533631587170183,0.271230584854549,0.2658545907187066,0.25865293390577154,0.26624155882870043,0.2742129538530193,0.276851577871043,0.2801678284222259,0.26338543460864466,0.2631366591482109,0.2643748587197555,0.2767016014681208,0.26520299986076223,0.2540341204265307,0.2504542622815482,0.23403755038053511,0.22938443793617,0.23289083874625255,0.2368655696874298,0.22404603136418405,0.22935664885702123,0.20915910608231897,0.20360803494327626,0.19717546501562125,0.1949723835425899,0.2057523265740107,0.20205880857255434,0.19555381956653026,0.19273720142241552,0.17586369253170145,0.17951866217740883,0.18515436593653511,0.18464929201126132,0.17668026410574708,0.17466026901447645,0.17049685314604343,0.1681354510787344,0.18189248735674826,0.20228286986294208,0.19749654686956955,0.19216088153001643,0.19394114956577854,0.20077594662258602,0.2014168444443366,0.18992356604763289,0.20031127579111904,0.18672020363135147,0.15960968940224596,0.12746604667360203,0.1250469945975162,0.13309348686218214,0.13133879735081413,0.13672966253186694,0.1461599973016646,0.14866961987162028,0.14871636613593464,0.1335678427925688,0.13626438088517312,0.12407811717678925,0.11730606023688166,0.11599193599841157,0.1284801110192052,0.1345575003294922,0.15332316075238797,0.14968811893276898,0.14488136598223314,0.13175412000583658,0.12628068083137348,0.1280125814406785,0.13002437698183228,0.1422253437035653,0.14154765980546463,0.13717619919333507
118,-0.0063584440622723,0.01825171806083351,0.07544261388015078,0.1360310274477387,0.17942601172794462,0.21622662803559067,0.2161027977856841,0.21986612858039822,0.1976167978845292,0.20430085151350583,0.17644674581441527,0.17944498266806794,0.1497994608978651,0.11935431134117717,0.13158554992253688,0.11990282085332113,0.12327596979987276,0.11956775367974798,0.13959796770791494,0.13589433742817988,0.13248438638372068,0.12762851647912832,0.11930629244103214,0.10958840626633316,0.09734440863209391,0.09534988368521598,0.08544419301562906,0.08993871837931997,0.10997856772684798,0.10159588737201024,0.10340159280357694,0.10864277795163547,0.11450008832184723,0.12866394538554257,0.15213154026418124,0.13613192473831168,0.12430705915926443,0.11622585463690104,0.11902650329907517,0.10426030677968182,0.1182406272773372,0.12358619654705759,0.12409034434850653,0.13612987134015944,0.13133977955186243,0.13102761035475832,0.13486490979595916,0.1435009983469345,0.1502953247131102,0.1710626378278428,0.17756296049722717,0.1683613428706649,0.1714116932962112,0.15515418125099192,0.1480258668726566,0.14442238656296175,0.13471827680744725,0.13662436546536982,0.14296379379323085,0.16240673166140987,0.1606295311205442,0.1647801037182311,0.17190187446413907,0.1679739907291747,0.15878769611532031,0.1573971791289448,0.16294032473960435,0.15724680967330718,0.12666433027663693,0.11982994615523072,0.11721438308651665,0.115269675325465,0.11617501750393577,0.1319786778410824,0.13336437711788482,0.12346615505292036,0.11863328784541795,0.10769487270291236,0.09705442804284328,0.09254350397991783,0.09003485789647447,0.08051601002517277,0.07923936474642568,0.07001693623159266,0.06835420499528748,0.08592812928343926,0.08115296437599027,0.07103319101862933,0.07285838262111242,0.08170116257615467,0.07721066286648219,0.07785787176494284,0.06733618253133362,0.07652428920473513,0.07534052379403883,0.08218407390224021,0.07287884884783638,0.07654501036334162,0.07341745354035717,0.0877157150567916
119,-0.014914233848765975,0.012731859439963841,0.008434155913122637,-0.004715495063557044,-0.015899879580641606,-0.017717544705585318,-0.011866601387633187,0.005241258652664769,-0.029268680400071828,-0.055466551030174935,-0.04746577699824197,-0.05442045603548439,-0.08791264142871863,-0.10685004558180833,-0.10441650326536893,-0.10791196025933242,-0.11742014305213862,-0.11866452687286502,-0.1368674785746689,-0.1285296446613269,-0.13051191137353932,-0.11801011329025737,-0.1162891516033516,-0.10228303444460975,-0.11974399380176111,-0.1114400053077889,-0.11202735680609831,-0.12126265685337896,-0.13918106580221484,-0.13817328164877973,-0.13680589557178993,-0.1245375479709333,-0.11989725878639514,-0.12349900827740587,-0.13383025583628713,-0.1437173175816109,-0.13457560223746204,-0.11566378476387305,-0.10660924078453665,-0.1005766910224834,-0.10911942558770286,-0.10881013000189842,-0.09561486695506444,-0.09499947977295273,-0.09581547943905872,-0.09654520155258269,-0.10498393287868163,-0.08225506431950817,-0.09793568015396235,-0.10240846269727974,-0.118559195571505,-0.10573714078002756,-0.0917165757392981,-0.08908097376519802,-0.10882142078832421,-0.08872390665042969,-0.07934942801489135,-0.06712268409773564,-0.06248462471769379,-0.05267787603297608,-0.05030503321479787,-0.061142997765026144,-0.07786168298770996,-0.08311019898624097,-0.08909993120522237,-0.09109873601681788,-0.08185393510517218,-0.08841842695879473,-0.0879348653547467,-0.08138925644013853,-0.08881714777829394,-0.09751836400825446,-0.10118191132009054,-0.09435362144738081,-0.08319495815151531,-0.05395830158535312,-0.04267530227059217,-0.04134644767133938,-0.0531636723376595,-0.0633137520650607,-0.07957786339883172,-0.06317416086328526,-0.07580884129045556,-0.07590545024137951,-0.06892668318635813,-0.04955281334396741,-0.028173645057233253,-0.026030312326038536,-0.006283453940531996,-0.02091927872965163,-0.009744633405821176,-0.01493357983502993,-0.01857836097610278,-0.03208826452748493,-0.020852878667313435,-0.016334274449205724,-0.030966261368400073,-0.031753648159283665,-0.052094973280989866,-0.06793731071298698
120,0.004617885226803797,0.06661019158371681,0.17349086925462223,0.2396887244902995,0.29987049351280104,0.3123870201621424,0.3283709026366911,0.32573281597781956,0.3336880592961545,0.34305241071341747,0.34341800851372606,0.3474377929005907,0.34157775376442806,0.35688556451983117,0.365375113841316,0.35917566858512745,0.3674297014707997,0.3654400411616037,0.37471323125609063,0.36857501603935156,0.36901678492694173,0.3741878764891887,0.3759059291972237,0.3710776536993698,0.3737527178695065,0.37297961931429247,0.3540041645287539,0.3438025439016611,0.34115495680042895,0.3289501476346395,0.3350348906995408,0.3408697441224657,0.34191701742000746,0.3422183606145389,0.34887915231121125,0.34285264518458064,0.35276851850828245,0.3610177608074793,0.36497221363015625,0.3603545853330071,0.36075270346724203,0.354707579155669,0.35153441063855057,0.33424969633542534,0.34263266301351786,0.3441871365637475,0.3576784196439406,0.36637439183295306,0.36837084249251545,0.36690216162989286,0.3719049235196914,0.3737023880450208,0.36556314319109445,0.3733808107015742,0.38672581755099295,0.3936627644166705,0.39084536964656424,0.38797570258261854,0.3831712882087252,0.38925021179174124,0.38026753249986855,0.3790942478304473,0.3916113707755786,0.38519285029874917,0.39218254036796646,0.3923439826919924,0.3954459952435162,0.393011512801087,0.38962684472516657,0.38714346727137944,0.3876390963074855,0.3912217594108652,0.3854748110776283,0.379882639255324,0.38005481446969713,0.36817713921526596,0.37184019226052945,0.3675038115832709,0.368963097586289,0.37623145526844126,0.38312495318391326,0.38658451865870647,0.38663125775073176,0.3842290051694343,0.38959479913692435,0.38602319595273243,0.3837481608287939,0.37162384362757916,0.3773618438428048,0.37827760436459523,0.360701430815912,0.3612417278148032,0.36869858346685513,0.36135648668849696,0.36391016010770216,0.36276191061972973,0.3610563937148648,0.35887086376994193,0.3611594504677182,0.3684350734068809
121,-0.001151024919805746,0.02061548756691871,0.034283211812779754,0.045256597358488096,0.029618220968360146,0.04558071538302297,0.04732117605757072,0.022683400288861285,0.03914513226691302,0.024310686250578993,0.017197422926539405,0.025899536100544063,0.036625461459925096,0.03618988792222834,0.029440510687805545,0.02775869709623848,0.03869531183852955,0.02013098618791627,0.03395029442501529,0.049302121110567004,0.051671948899102496,0.061783882375240615,0.06553285933970172,0.05450329896894048,0.07049168461135459,0.08539603474575035,0.08801440922677237,0.07885849446248873,0.07797711143792888,0.08601941412908838,0.09033740477414916,0.09243655492146072,0.1024962970617513,0.1091988277124822,0.13651342709837083,0.13138401550374193,0.12280704120085043,0.13127631231203057,0.13650446943626593,0.13714947796647142,0.14528371741945484,0.14089779115072146,0.142790215116739,0.13680064863861346,0.1384765726328068,0.1515161049663225,0.16263404860385758,0.17187826364895514,0.17091514143441666,0.16656905563494356,0.1552170029913559,0.15524000159090012,0.13936450268276265,0.12630966656110273,0.12361324705309192,0.13460013123787723,0.12660678068618128,0.12274720550333457,0.1166583309098312,0.10887636530524376,0.09975536348560297,0.07204421631313727,0.06927107513922169,0.06666119379262357,0.07355788714843853,0.06513271119853511,0.0670898335729928,0.06334977765523418,0.06702871182288493,0.06696718103591599,0.07082902875919589,0.07698946566663642,0.08070333470165604,0.08012965228486393,0.07395040978941742,0.08204367622017555,0.09217882498509061,0.09295328100474119,0.09851985525649738,0.09588246105334482,0.10135868962727841,0.08133202573175197,0.08936937504826446,0.09216962521244972,0.09966430763089294,0.09659951039551969,0.0965482308286942,0.10630215595410314,0.12425741255913224,0.12377511604237525,0.12570172356593165,0.12399901491214038,0.13063680565958063,0.1128702287053282,0.10502008726641482,0.09988611917495481,0.10401368028925413,0.11039251517311353,0.10945936030078823,0.10190749810717323
122,0.0022377048290416267,0.03227106685172289,0.10223176991299994,0.1726732594394047,0.22843372039950782,0.26921281030850336,0.2769076970594793,0.25015086334756204,0.24181338754747944,0.24761424818538494,0.23757139938742333,0.2379121740580796,0.22966203565100787,0.23531274118315118,0.22250392048111575,0.2161251813531111,0.21722846591541142,0.21990025808922614,0.21890977405878725,0.22824846244651206,0.22625288482021638,0.22281343470227447,0.21999410787367535,0.22373822251152084,0.21362687390160334,0.20715595546541882,0.2055595503017785,0.20939729141993696,0.20201302872147475,0.2026012601938839,0.18672108595058554,0.17980326385865286,0.18236851159514686,0.1719179378267509,0.15965687620785718,0.16252276885275765,0.1679839906486772,0.16128777982025336,0.16755858021169076,0.1833694744628243,0.19303054611514753,0.195242111514654,0.2007256832511973,0.20871166678803693,0.20006297432925965,0.1958395822841463,0.19475935889093676,0.20830530986993348,0.21308267449627902,0.21036670371470365,0.22144329171885097,0.219483743491918,0.22526681162914297,0.21583520653816798,0.20432190607004075,0.2058621873278267,0.19409959594562917,0.2132648394506756,0.21032358189642508,0.21087010519920787,0.21739372862099443,0.24037753945300286,0.2353661753282215,0.23594532248572025,0.23840096940855182,0.23830736835487154,0.23998817830358157,0.24280920116857824,0.24535444228858008,0.23846244282381082,0.2526736006132429,0.25412702341095833,0.2646264028265013,0.2703850440394115,0.25536369571833684,0.25442811793590603,0.24926448102714452,0.2540761893330669,0.25560953256181196,0.26063651595188825,0.26341222505936723,0.26270118252305913,0.26564405232589666,0.2657619069377908,0.2678460896424262,0.2696619956641785,0.2617059876468096,0.2665303556096294,0.2767046498380269,0.26582687088711227,0.2585915699782822,0.2568881717354731,0.2560094933990918,0.27391186296806214,0.2837698626126271,0.27772354420912854,0.27161407971498785,0.2639497132194127,0.2686563280175244,0.27023162912622756
123,0.0018017438756082315,0.06602433828008665,0.12585408674950194,0.16494705659075337,0.1928368847568762,0.18376071067099756,0.17682556324259197,0.17746563069075688,0.17554904363483692,0.16676446921052196,0.1757088589112225,0.18694958860301075,0.18784877847277007,0.18467619002611177,0.16780693577762018,0.16478904893837426,0.16652386027367733,0.1800803656772388,0.1919063839159885,0.19023535854366158,0.1875209489886478,0.1867016204746725,0.1984091461256442,0.21462071741735325,0.23997988515139457,0.2674678084530322,0.2742955448322912,0.25940864197456076,0.2646787912397817,0.2505513780807163,0.23757834609259304,0.24220098547204613,0.273203407584375,0.2787966789835497,0.2806932605182706,0.2822810251517592,0.28579720840475514,0.28338033497392323,0.26841110340942487,0.2661385296175511,0.2724766469825591,0.2595985539516187,0.2562980886251685,0.24959155576240424,0.2487768994044489,0.24261716808016143,0.23752542440353058,0.23383742103869884,0.23942426016750823,0.2388247550926093,0.2336192790596762,0.2433163272048557,0.25233169846997006,0.24842142651252594,0.24380731133176733,0.24888866813200938,0.25051875338947305,0.26044820982780575,0.26741520608226443,0.2691170493854889,0.26416845717919296,0.2697464487104951,0.2594720275887124,0.26204308872291643,0.25905084145366,0.26103980843272645,0.24588076343671464,0.25813248430596725,0.26199499517898656,0.2665368446970405,0.2609756408393193,0.2643281236298059,0.2523168674720133,0.2496100144257177,0.24012537451861682,0.24312006279870182,0.23140367316549612,0.23977071085851648,0.22931142321902967,0.21961392224830908,0.22318142429361607,0.21902314127166414,0.22162916765826754,0.2167281851631041,0.21930877547597713,0.2093927653404866,0.2065738086060014,0.2026146092529489,0.197828028067124,0.193621027910935,0.19139303571586028,0.18664006512366205,0.18783785393392827,0.19482961495723825,0.19978241187191323,0.21108432376030264,0.20956398731177395,0.2077946522635545,0.20462493219662853,0.20853866118915554
124,-0.012466178631822058,0.026175670438210088,0.07928895235876436,0.13274224600883047,0.19099040787601285,0.19245620434371788,0.21889734142101314,0.2326267560165276,0.2175642830947998,0.20868813581937293,0.20499841502158295,0.20922026377620415,0.19203787771060427,0.20849647830167706,0.23140050427223405,0.23587913050111847,0.24704527189125444,0.23906097741285848,0.24953142410256593,0.237869076403,0.238545308448617,0.2211807734561001,0.21940409292763224,0.22891025953816943,0.26085552735679646,0.2657700118321148,0.24301281701557106,0.24947555531467405,0.2541644240991363,0.2401050631711057,0.23323420161393402,0.2525923168086051,0.23615396911924832,0.24093203394959123,0.23403421065990593,0.24410553577684727,0.24114349250709566,0.2495707612995999,0.2505865677837785,0.2570086040691609,0.26345375094161844,0.2701781699859986,0.25938325145984925,0.25936808775716386,0.2558651986259461,0.2525409995550305,0.2627143829719611,0.2620927989115997,0.2735726254313521,0.26574448617722923,0.26704571550476763,0.2672445855514447,0.28059874873885815,0.28343365478392346,0.2880009770771355,0.29835537484714225,0.29918394763214695,0.32016656120934767,0.3033421783597248,0.3082062514347467,0.3061177128947596,0.3072318919718864,0.2983949480914602,0.29531477491125935,0.31357877318860244,0.3173681520071583,0.3179503300734606,0.30126874408080856,0.30845342433474504,0.31356480656701047,0.2967985579355497,0.30160412064979014,0.3006832105790495,0.29014058883174765,0.2958842429776029,0.3040366842639512,0.3011381345525661,0.3015926066391663,0.3110958362115097,0.3026304878097061,0.30722867753473804,0.2920268660292435,0.28620514254514773,0.2969596282898863,0.309644045370072,0.3145992099089908,0.311959447361301,0.29909801599604824,0.27850795671814543,0.2713379064563679,0.27569109278088055,0.274862439425764,0.2679528619252914,0.2577651029708893,0.2471709896769002,0.2487004928020642,0.2603236022996075,0.2581554048318863,0.25682427288282705,0.26972270944909565
125,-0.006105187153524121,0.05779184172200398,0.13529147339662292,0.22415629411480611,0.2601732926372198,0.2605511648090073,0.2894145195057033,0.30270873548964794,0.32442649495012105,0.31725841375844593,0.31625131753558966,0.3075462918464378,0.3160036595219694,0.33024830889710627,0.3240576067031721,0.3244114983927326,0.3237049611308034,0.3113349726543295,0.3024247855758365,0.28676516607153457,0.28983819859935134,0.28566623000324876,0.2837082786851805,0.29548411874522484,0.2965825118227129,0.29460356581285035,0.30059701617943513,0.29170463571205013,0.27867769727467484,0.2941296345023211,0.30690746219177334,0.3117615310649443,0.29977232108688223,0.2996894532861488,0.29810455221076426,0.3019679465036975,0.2934097145671077,0.27404752926473863,0.28884698313995255,0.29253247530101667,0.30368090287607663,0.30258536157592286,0.31642903150187024,0.3086353501682879,0.3021468227733101,0.2965416990715491,0.28892071910000516,0.2963599707592523,0.2999681608939472,0.2935170733634312,0.2853204401186519,0.2853820248879939,0.28772890992880507,0.2857242439548149,0.27964173075866283,0.28418611560282236,0.27668023990228446,0.2704952943434087,0.26499423162639935,0.2636701351150155,0.2570617413431683,0.25875277740965974,0.2578656891405938,0.262913919259704,0.26511347108308436,0.2598909909831515,0.274077813890437,0.2656991241536093,0.2585767311425893,0.2663316135931214,0.2576675202218072,0.2572052954603449,0.259327203165005,0.26492042369108776,0.2597238192721653,0.25550066739869626,0.24763615589789478,0.23554439146542547,0.2230004323693132,0.22397202207533368,0.23111468753097897,0.2358315019841054,0.25385322321983317,0.25473255287095636,0.26298107128400966,0.26114434008870113,0.2607659445977725,0.25360484060513644,0.25224538989212053,0.25677641963550074,0.26088222607629485,0.26680947059320037,0.2672527058072693,0.2727828609613199,0.2658684810502346,0.2710649145061314,0.2692856992564669,0.26288286052060345,0.26813682123199506,0.27307652070337207
126,0.005300152293178257,0.05966634290330566,0.1404488935956585,0.2323102491400078,0.2767933328174759,0.3180515701518314,0.3685320198857153,0.37097462224729577,0.366705057906839,0.3877553179630304,0.3867637110606292,0.4038257242166561,0.4018475804946401,0.41953114098010774,0.4067358889762103,0.43538774231433847,0.4375130235122097,0.43367382560476153,0.4492743496236038,0.45255079840326473,0.45245391076676833,0.45509149866543075,0.45710656179163317,0.44685832377023954,0.45694452734202634,0.4643602293196072,0.47191961585784276,0.4652861337008144,0.4673190599230223,0.47781593190568716,0.482550012691353,0.49032992062582226,0.5061025253258384,0.5073694922459873,0.49066500365297244,0.49679061318788464,0.49734614647652253,0.5080917591356874,0.5079461845783534,0.49296270673655135,0.49903961827419097,0.5040587214867626,0.5072620819199279,0.5130897310353767,0.5097066945349163,0.4895100127815793,0.487085537409365,0.49723572042267583,0.48696018142710734,0.47240599862756966,0.4676107225316722,0.4662252631228593,0.46611521213254564,0.46465421145968433,0.4694916473410875,0.46896535868160943,0.46895953982008215,0.48792370288225245,0.47196825171847784,0.4675990988019476,0.45602193362753624,0.4564034945741514,0.4508166202922266,0.4535347843416847,0.45145596095790497,0.45706180387349143,0.45374615001236795,0.46853179848007964,0.4792962330761391,0.47296536397535505,0.47293853230670907,0.4690934709062893,0.4669647592598318,0.46848961243409315,0.47036139788172526,0.467997029462121,0.4688555550339087,0.47193792982825433,0.47885153179272344,0.48776149291813037,0.4802458718357908,0.4782695385190717,0.47924048323840046,0.48968288493610124,0.48428529895675043,0.48649148000035247,0.48777049708612397,0.50182091366647,0.5037363047199402,0.4933258948254672,0.49221034265178476,0.4906571167119737,0.48202009865886986,0.48010222952827447,0.478032664329773,0.47627968699532636,0.4732605229704891,0.45626605108747775,0.4618617871438904,0.46618162387037565
127,-0.004597930130907386,0.018264740940382315,0.047400421005545826,0.08160961385186605,0.10458238992117685,0.14854414934560578,0.17327052774486695,0.1657439582731809,0.18022170504399854,0.19843042987787052,0.20922017998988218,0.21495205967037276,0.1788702037003154,0.15083406713236724,0.18031887183500545,0.1876807406863947,0.19148322446697535,0.21461353751941417,0.2098228164143083,0.22924859008039639,0.2229997995107286,0.2466877010725326,0.2432430125205653,0.24918117141603502,0.2563520462847018,0.26311550926839145,0.252796538592682,0.25552047939116235,0.250337478783427,0.25731379040284486,0.24539570111264197,0.24703894299075377,0.2522018869882793,0.24271310355659106,0.23436156164615002,0.23146338031713382,0.24254275710221854,0.24004054592239243,0.22062255661208421,0.21487703740433461,0.21864690339505036,0.22870679325299093,0.2228518484379804,0.22714030887512165,0.2322813011044412,0.2237811542775522,0.21726492352493967,0.23218756685821623,0.22989102205750586,0.22368971774480062,0.21489609680971689,0.21902497164481652,0.20715192035839888,0.24434984055350953,0.26663236346722774,0.2542360744278504,0.2412181059708356,0.2462610984752504,0.231399811847425,0.23730631449427936,0.22283160766891663,0.22327303482526809,0.22276461932076017,0.2256628651776524,0.2232904294536427,0.22806541470613995,0.232093775909407,0.23062185812494193,0.22022735321040032,0.21482633092544173,0.22080611400622988,0.21853004149514785,0.2243140288872477,0.22362899645418846,0.23474690595793712,0.23402053443408918,0.23070428047076003,0.23307974760491507,0.22710143588170265,0.22777593933699575,0.22266775777693348,0.225128959935578,0.23766842450330972,0.2261805995542845,0.22260044726722675,0.21559059620460264,0.21528864202975137,0.21385857806829056,0.21918460314840382,0.21254849111698834,0.22721827131299716,0.2224487752301325,0.2099747557695166,0.20512853758141744,0.19430237296678757,0.18684111756958022,0.19389888652143386,0.19885880986961404,0.19231886159854675,0.19131101836508912
128,-0.005076655235445641,0.03157329565738372,0.09720517563597841,0.18606957626119427,0.2319920770962796,0.23562095194328336,0.2728023950269635,0.27267014149857144,0.27143201243962417,0.27608250903070436,0.2544375609338224,0.24378488421778916,0.24488439815655436,0.230220968383306,0.2085255044011206,0.21060209013604797,0.21153325831567232,0.2061815525002356,0.18895562076665637,0.18975539713593353,0.20294950648333035,0.21509091687437187,0.22010206673520752,0.21372414595776953,0.21656103242129915,0.21367172978033286,0.22107021313000078,0.20961705068748945,0.18321475330549145,0.20331607356193737,0.2095545893462013,0.22203730452851606,0.2242863420284115,0.2266064462251752,0.22727352475487841,0.23188929760032195,0.23385411400582184,0.23810260299421648,0.22091043796588594,0.22394791492546967,0.21152217932583814,0.2277430569663765,0.22229985426775292,0.2154004262273683,0.21197951645791713,0.21797606963904145,0.22844056367929685,0.2297032270446848,0.23466697561587493,0.23080213956658002,0.23456355154680142,0.24350824310416616,0.24495276573039462,0.21891826292459407,0.2086896323698818,0.22305311376377923,0.21756136187028707,0.2196060939738773,0.21888636504971906,0.22378292385711818,0.21947669693958813,0.21602590716453038,0.21902586589961623,0.2300950551453365,0.2408303983601902,0.23115554981128483,0.22807781942489425,0.22505957764540818,0.22692151441724595,0.21691741873029435,0.21118604267251062,0.22273140242063444,0.21246362088186935,0.23355733565513823,0.22941594686221833,0.21815183378155192,0.22389261227474866,0.22261402992429793,0.22402823209162148,0.21933714948392058,0.23045776526652353,0.22113170264080548,0.21799116310633054,0.22753639673760864,0.24475876130625676,0.24977615796669528,0.2389108671136171,0.24562523413221451,0.2451664283872647,0.2403565084021751,0.24909999140553432,0.2575236008155445,0.25679456609658063,0.250989410697848,0.24894531044044133,0.23627265612481968,0.24331364775467532,0.24944871909109256,0.2487880261703042,0.258402925775443
129,-0.004740643297953567,0.03833958247873314,0.09586434347601305,0.1442180486192263,0.2125359278615507,0.23353034120348076,0.2593964782680064,0.2699970819456729,0.26954905465044354,0.26503715383985077,0.27528117653977474,0.2697927185690845,0.26598958242467274,0.28913553862791697,0.28788386989564885,0.2953814730172801,0.3138861149934737,0.3253251830454196,0.32047646101242444,0.3309833325806085,0.33109673754104413,0.33003303062737954,0.3142910011302567,0.3133076872783726,0.3086748978338492,0.30014795384562537,0.3032955472069693,0.30609244243691974,0.29577628048148774,0.29295570251473474,0.29274719289594053,0.2954403972267934,0.30537051884354116,0.3105010324162673,0.30863271963001854,0.3084444525541823,0.30435178179511074,0.2931930914466467,0.2955352195431421,0.30848368480580385,0.3006768622663473,0.3027194478882834,0.2991708482356658,0.30930071713260365,0.3044426587927089,0.29542937532906005,0.29375387063012787,0.2849776352360129,0.29476967811932164,0.3061858185979374,0.3120930485442913,0.3095873585129282,0.3002989053490793,0.30999269780211586,0.3034498042275155,0.29069578558871895,0.2821302348913519,0.2897710466676103,0.3051541773976506,0.31051655131039957,0.33596234640008155,0.33672331454665705,0.3456149593056193,0.34351755790319255,0.3474512244983125,0.3398327915115387,0.3365671318296217,0.32748296848209696,0.3237502632190949,0.32548284203816924,0.3301165613686494,0.31996777176277535,0.313512474659185,0.30969110444991726,0.3106965738559837,0.3071570024813008,0.3034530618954714,0.30364376767839785,0.29934073083731466,0.29582823038967054,0.2950428718291148,0.3053912490705408,0.30284756369855187,0.3113537968467578,0.31036771075327907,0.30258779232471644,0.3108681285635916,0.3212848500706159,0.32392164496046916,0.32183303895320137,0.31720280171288506,0.30394143776509475,0.30001166376532223,0.2951876011861409,0.29861725140949436,0.30546348270023077,0.3032727848391357,0.3098846717655191,0.31743472623598357,0.32328923151976846
130,-0.004420700013106516,0.05136446618467671,0.10892554094679657,0.1549826146819375,0.1973220652735375,0.18428300520731447,0.15359715177375569,0.12135020864989303,0.08470776950684336,0.07115404652911249,0.08123830916668608,0.07216161589228602,0.07947347389129633,0.0757041530592675,0.0949266468767285,0.07821693950822714,0.08971945015915217,0.08247159214862547,0.08573105941877789,0.08087413219338074,0.06986623081144144,0.06573787670653301,0.08275300855697858,0.07280698880684336,0.07696503505553004,0.05556755509293028,0.04555108947224872,0.04176493285518656,0.05700967516567834,0.069053234618828,0.07318800716322302,0.07470230282939108,0.07649407611035883,0.07701697448177208,0.061278561457098944,0.04394142480374839,0.041495700733173616,0.046416023369733536,0.0457628269120053,0.0458550660416454,0.05181383067304922,0.05165779260788183,0.07512571181532568,0.08367937269049908,0.06818249871862492,0.07020846075370843,0.07458010106626704,0.05891222817217125,0.06040621010810154,0.05464208636918468,0.0566774157520071,0.07115885111388662,0.07877655374610457,0.09218586415609108,0.09169895793339597,0.10137532678004602,0.1080801469184904,0.11302441057939117,0.1011208701190902,0.10399880452209798,0.11560306758393125,0.10713304217606687,0.1154651408871363,0.12267106427273014,0.11860775847446728,0.11499253813519472,0.11255281237860575,0.10964472654281876,0.11100611327245652,0.11333007130888588,0.11383973144575624,0.11337822433109171,0.10860239389324729,0.108547745578117,0.13211927134473564,0.14461096020068728,0.12708594534926732,0.1116629313961944,0.10576333776906621,0.10579351196862696,0.11227431136409788,0.10904248854205933,0.10306138731259193,0.08387291017709206,0.09488322628293223,0.09447305592923316,0.10517053404658486,0.08776205384121148,0.07743449739302541,0.07933111480360547,0.08446413604916637,0.08794180910396147,0.09920469445948696,0.09846896325202577,0.09849267617000669,0.1029486161103131,0.09299343910092706,0.09263606736582704,0.09611552822020988,0.1004056666290357
131,0.01765551603104462,0.06641720163800931,0.14920811800261843,0.24618044644950937,0.29320877621534935,0.3470749921126482,0.3341424413342641,0.3177575801341541,0.313336302938897,0.31791784110922827,0.31197489195294575,0.31068192221931445,0.2999166734440965,0.2900591002386925,0.29109064016273445,0.28935338821325685,0.29589291295464143,0.28945948027505564,0.29087153892625645,0.291501650177117,0.2845763870948529,0.28623806045827377,0.28946698763624706,0.2783765935060886,0.2867019074061438,0.28651256263859576,0.28857502023924536,0.28499203918425936,0.2844120894303035,0.2869958182419742,0.28452581366574614,0.28924744013741455,0.2838637701958686,0.28892082208335396,0.29077093518229086,0.29292006019530165,0.2917838053103832,0.28717299088850057,0.2821003681704385,0.2796602145933931,0.27789097794491335,0.2870882917015542,0.2828747212188904,0.2791893486340483,0.2812854575628894,0.2787037851826082,0.27157671971010816,0.2676440773744942,0.2642690441409655,0.2625500001162231,0.26601763971205405,0.2562728991047371,0.2544184286808052,0.2490303898047422,0.25692203029952665,0.2527310379672741,0.2579979924260337,0.25722217251192,0.2649760099473965,0.2596074522779176,0.249233357366529,0.24498830189579554,0.24082114426956483,0.24148638519073554,0.2531979176775534,0.2523379892869612,0.2511774349233065,0.2482680638061952,0.24336566258741502,0.2515887571246587,0.24970593634592986,0.24953410676087767,0.249008250222121,0.24972667761124662,0.2489242952586996,0.22569044707577046,0.22879032153105403,0.22938182142830077,0.23574433052127255,0.23963317646537338,0.24314858374815063,0.24917297019761553,0.2555810833985552,0.25660590915309783,0.26364107461707953,0.2670166985771461,0.261838680922461,0.2761412720396141,0.284620990826743,0.28667403662421537,0.2719145290352401,0.2778340790019785,0.2724369276494023,0.2839600160402122,0.27851668876151225,0.28211767396968773,0.2881261249365975,0.28584420672680316,0.28042231329418177,0.29042630620197774
132,0.0025559190714291666,0.05245518161656279,0.08789520862331042,0.13639176308611892,0.13735552648850785,0.14635490039446528,0.15183851532148054,0.1578658508012481,0.1451937029000689,0.08811860956025357,0.07197870537595003,0.06832294139456091,0.07055080059095167,0.08231431234872767,0.07917420577537415,0.07716342789418179,0.07325505644254608,0.09118725113973492,0.09298508382102735,0.10059981106456575,0.09634566653713643,0.09589336267257828,0.10349335989923768,0.10100115933906395,0.09860173249423818,0.10556192438728228,0.098919182336198,0.0936203536362711,0.10052667167982218,0.08055817504424861,0.09238592649259669,0.0910305762655284,0.0754938780497055,0.07086256285854539,0.07219030533555101,0.0713417681376857,0.0650624830354965,0.05153263344389655,0.05378186054838061,0.05568338165810279,0.06363725168376612,0.07372223225649034,0.08603280111323411,0.09478513366849085,0.11276685473458806,0.10741778768512651,0.10631757315917537,0.10290939077873734,0.11345322637248094,0.10570276571258333,0.11474842623335901,0.11807941108112667,0.12634379997446,0.12721209451507812,0.11248833733152613,0.11847799259456007,0.12275696484827811,0.13711593889465376,0.12671679750044826,0.1213993174694185,0.13022319464736587,0.1294138868384653,0.1212271504823108,0.11932634627584719,0.10854439018470023,0.11339842939815452,0.12332010843957204,0.11383058184761596,0.12057174576525481,0.1185330121659488,0.11350488347736969,0.11877738514617381,0.11955254377333664,0.11741346764302847,0.11564488188402032,0.12120387621146395,0.12234234945966832,0.1349898077749433,0.12245095165777588,0.12074011589715199,0.12222856174857995,0.11245244014614882,0.10704366736458168,0.10387873072951886,0.09485387367633835,0.10107256709846038,0.1018596825088464,0.10207933314911483,0.09572130220327918,0.09996270349730635,0.08902880402598985,0.10267562935786426,0.09028054153085656,0.09320736987705187,0.09414272495148611,0.08933576889677519,0.08863786063908774,0.08908131081721761,0.08248302040002903,0.07849620885802323
133,-0.007443137455626937,-0.003034864193762984,0.025102252619689507,0.06680338007138564,0.11751855420325656,0.12839506378579205,0.1382657315974825,0.11595591550154642,0.09387052688937812,0.08231062144654326,0.06739568383823072,0.0448297740972143,0.03743046327186415,0.03430177733580979,0.03494337318892991,0.0407216190942051,0.03476470203785521,0.02630511454243125,0.03187216855716908,0.03912569055826672,0.04477889347895309,0.03253296281643023,0.029785728281184153,0.043137078024347845,0.012042086959432643,0.0088457842638202,-0.00287610051650502,-0.011237357740144387,-0.01542523324136177,-0.012885269254912908,-0.026519058689725056,-0.031443463972439446,-0.03963029353977702,-0.049753794781313164,-0.04660185275645005,-0.03997929341892795,-0.040832657568318484,-0.05843573941829911,-0.04107444151854635,-0.03085513515209174,-0.022833669237928636,-0.014887060679150528,-0.014604577630429404,-0.015825308362800505,-0.016057787977222418,-0.03526112355659142,-0.02302637371096588,-0.026635181018258368,-0.025139114342593877,-0.022360362105751798,-0.03323583660429654,-0.02045426524872438,-0.024799671761531875,-0.025142007883638084,-0.028724712596780812,-0.04559005909529803,-0.061299952822613406,-0.06637341640709908,-0.06651620296302259,-0.06855810581142681,-0.08164858096352985,-0.0934130916772497,-0.07146037776620327,-0.06246631714894729,-0.062129141634930676,-0.06250357657050641,-0.06654943797301466,-0.07475958423727154,-0.07321160563369633,-0.08111733400985748,-0.0640042463296692,-0.049484087517739445,-0.05149439784488195,-0.04517717920016271,-0.04082048905372416,-0.03335442444282899,-0.023822876295360836,-0.029682639194762318,-0.020920283225421738,-0.01928923008429465,-0.0322565752374743,-0.037897528410669054,-0.037244068062168095,-0.025134091730949982,-0.03681755860306189,-0.04612214236690317,-0.048465180021023783,-0.05045244283138668,-0.061132036851720084,-0.06457066590674622,-0.049567013714607915,-0.06192342478225223,-0.0628052936761006,-0.04032947534454223,-0.028421224302031457,-0.028105912289063187,-0.02228823583382452,-0.02278439593510649,-0.031532765578006265,-0.03486828040179116
134,0.0036583736299366635,0.017749750909068118,0.032005576357316275,0.07944676593095339,0.1763234778829955,0.273359211737991,0.31403615276763475,0.35132841291746203,0.38906399660362445,0.3768650888678094,0.3825598900865203,0.3981416629316481,0.398933998539615,0.4099739072162735,0.39801913101576253,0.3984608669954854,0.41958835825612617,0.4118832362232487,0.41112115012965356,0.41374559504714625,0.40145497562025306,0.3873527859882719,0.3718899711046238,0.3836641800160485,0.3802234897570765,0.3897725721393248,0.4021859128866147,0.39619753850832196,0.390923769099658,0.38283028237573496,0.3802717628117031,0.3887722799543141,0.38581790227984797,0.3812482661358819,0.37772039716589395,0.3650688347833943,0.355149678181748,0.35757318649277137,0.3453624993838311,0.34731231377572913,0.33162596880377343,0.3373085204879328,0.33401082289273837,0.34050828873738526,0.3259791323773031,0.3088877107992217,0.31118106970702875,0.3075845976187573,0.3032549054915419,0.322884853564619,0.3361162655402044,0.32751613879857544,0.3280384810183068,0.3267389059772758,0.33811990434047556,0.33232086746208267,0.3228809718252559,0.325291992425473,0.3264006180612208,0.3470358480365359,0.3433420466258992,0.3653075203499506,0.364450960558381,0.3418476863852066,0.3264325385302497,0.3357115599312619,0.3181665424121485,0.3287970575640449,0.32808447583744454,0.328017540011053,0.3433120792823946,0.35601053216263706,0.3559277566474176,0.3637170236571376,0.35618617045419826,0.36319356281399223,0.3643880731821026,0.369225285315531,0.3658916809690895,0.3548506264643701,0.35442057760294304,0.36426000077039156,0.3595369733357146,0.36770956798532034,0.3718655641001511,0.36683579510101005,0.3729733668435638,0.3725042767432706,0.36416921134984725,0.362385347725151,0.3560513237058977,0.3571724274441032,0.3568703930400487,0.35107271570523607,0.3646422906131736,0.36001857421760824,0.3581494247038461,0.36497580619959796,0.3665004013775124,0.3638984186736128
135,0.006127964567298376,0.030982382690040913,0.07181341075412134,0.08381345362951967,0.12738469658865212,0.10055250813152168,0.06915572149870114,0.07125002489038705,0.06479136221104241,0.06850526023728508,0.061893058808862936,0.07250395932254705,0.08689715832338715,0.09854255993448184,0.11455198614618203,0.10458402099839637,0.09985234699975201,0.10087972011813928,0.13764463331824378,0.13072816634449913,0.1134216735512668,0.07771494341405363,0.05110881147174424,0.018902061389408087,0.004652104313946162,0.014439157171461103,0.016997115678196468,0.014992208391530254,0.004854854912252675,-0.008255444880067509,-0.011618389167739598,-0.02060411527555115,-0.017460246649212627,-0.017372007956352117,-0.030063265109525436,-0.03044983718205737,-0.0097643283199099,-2.515316832229497E-4,0.02041389974291086,0.019873266692419095,0.012424150892756038,0.008901010298287874,0.03632395782895933,0.04575605416784291,0.05344207482591273,0.049527311013406405,0.05114987323034011,0.05663822550728948,0.06476620769459453,0.06659043715580439,0.07383522444676864,0.06684423334626668,0.05492870619110197,0.0496034825903899,0.058282476550138844,0.057373124510107176,0.05411823138504879,0.056768505348592416,0.042788823436134986,0.03418482466337771,0.0372429573428395,0.044603405327582536,0.040716002445568424,0.043832539932175625,0.03706203384372181,0.03517916377522921,0.036012632401394004,0.030478596367294858,0.02467115296209348,0.014574572443489944,0.021855577602697754,0.020809166268060883,0.023131622162941713,0.00451851205195471,0.016257524297796533,0.015868612473971942,0.022664060505654504,0.02674596698625755,0.03230350786686717,0.02557665014556593,0.026372212804103276,0.02093090937033661,0.034514065480436,0.04651499188046732,0.05098133372949715,0.052180873719303876,0.06217022413208374,0.07456279998050802,0.06731733933923383,0.06760872378598931,0.06431157169914715,0.06859863364808272,0.07142506907604548,0.06486774514423949,0.058571263307433806,0.03895323359107342,0.015012129369748795,0.018548638692487362,0.03270940508723294,0.033472052624450015
136,0.0010964690287632072,0.03531939423849285,0.04174739857189451,0.07823787092195392,0.1356247558458645,0.15799494294592992,0.1853895819707053,0.20496802193876007,0.21272006354965436,0.19175621152217623,0.17519079285710212,0.15622355075988112,0.1583076688256805,0.15246571233130055,0.1525114413295661,0.13675456617522933,0.1221967163150543,0.12056708872963633,0.10411498218690549,0.12171679915001635,0.12250651192695752,0.12445938568322532,0.12599569696592405,0.12651438385812994,0.11219839754190061,0.11305180197330582,0.1200769372356119,0.12110638749549262,0.12779559926874579,0.116451846894823,0.1064682723063316,0.11823000010391142,0.10786465942918685,0.12243535177979027,0.13150336564743847,0.11534094181296188,0.13101915842643275,0.14193516627560512,0.14203924762881562,0.1499161931932017,0.1590787952005582,0.17004582534376145,0.15591772073848575,0.15281118931248064,0.15829234114743787,0.14160121060493377,0.13120613626779173,0.11727967708121559,0.1124479332401689,0.09324242266287486,0.08340364964085384,0.0842452259775178,0.08503476308015731,0.1041839005449676,0.1153494637405088,0.1152942687466418,0.10305358712400954,0.10444731326868528,0.09635466643517551,0.10417344520925294,0.10239642789807207,0.10775750869370519,0.10983663407858557,0.11138136680439105,0.10873327056654655,0.12465024315275627,0.12734733415987132,0.11898135351373781,0.11605362176831256,0.12580749768245125,0.12895736893469392,0.12793757833682823,0.1162147333553838,0.10661964509481531,0.10572755794087538,0.1025595586540663,0.09489638991467578,0.08782750132584677,0.08620950415805735,0.08340054545056903,0.08657826519252257,0.0857675796395339,0.08608920248795952,0.09516603307809293,0.10567990916508498,0.11070032289241126,0.10429182629161476,0.10413139643437536,0.11197497272864472,0.1070860380658541,0.09732999552713764,0.08557625567262969,0.08048091131255523,0.08214726979358286,0.0778034040030548,0.09061157040245785,0.08839511734078088,0.0971082919889594,0.09520767085161838,0.09423905914640875
137,0.013984563749546618,0.024042630441803013,0.10975822368631341,0.17734872307537367,0.2545769754068218,0.26314061645505554,0.25713773416660324,0.23656411627085688,0.22771674421080004,0.17235909211200354,0.15049647883747738,0.12867166618226755,0.11756521728887435,0.12282007210481158,0.12206573014513059,0.10502246000534346,0.10185677138171494,0.07459768309928214,0.08527051036195483,0.07109064817709852,0.07486048297597155,0.06157712186677717,0.07833167813519551,0.09093559719190933,0.08985667519172616,0.08891367720348095,0.0837014681693345,0.08075506382661107,0.09957969939843564,0.11095088945703126,0.10959348016589686,0.10848802905418363,0.11300829817553089,0.10932049821563464,0.1087988360828245,0.13173416280926076,0.1463081197088229,0.15157633199538764,0.16019633291541274,0.1568799578126171,0.15062271544346673,0.1851085078149972,0.19509939236081578,0.18791818382462508,0.17441689648434142,0.15376088922241532,0.1281935999094835,0.12483626813500077,0.14018157431693343,0.1353732283446319,0.14310025842896626,0.1572805946011167,0.15571731904464914,0.14407376177851536,0.14539602116284994,0.13931172477818007,0.12354797042827807,0.1264752937955727,0.13682787954509743,0.1330839874069972,0.13449910041045146,0.1171390193482363,0.12509731444627706,0.11264438135152927,0.12522364977311917,0.15986432447768467,0.16122143898144503,0.14494559866878695,0.13286396938918857,0.12182085454496488,0.12103383875042112,0.12044738828616809,0.12099078689738145,0.11653003548821377,0.11993991066771187,0.13137192402475134,0.12261217350216277,0.11648414782259171,0.10166458433486354,0.08178396175980479,0.07820289881750386,0.07682358688299978,0.09810364572796418,0.09031110899989142,0.09810699330117278,0.1112606278373561,0.11776589888077257,0.12259464254498408,0.1231080478091339,0.12925852921495026,0.14544743290845596,0.151640703701721,0.14735352223994075,0.12300710805413034,0.11772994070386397,0.11484774231414527,0.11621106602442575,0.13015645589023123,0.12829337972434582,0.13483775240583395
138,-0.007317423084929855,0.008362937202575938,0.032859985632454417,0.06926707265920692,0.13821644594329718,0.19561894870058297,0.25321798204360285,0.26018897431558,0.2558368913415988,0.270833009619093,0.27116049475243853,0.29199542606966994,0.27609565837432204,0.25644728411576156,0.23925032447162017,0.23544154791126284,0.23831662861683772,0.24951431752352987,0.23970951196528656,0.23721994270562535,0.2486885824553442,0.24530766187416242,0.2419110894536486,0.23356911314401643,0.2354658732270086,0.24079658664978879,0.23045180365817208,0.22073364995949551,0.23016860146492366,0.22279025352979154,0.23086921163048163,0.239586744659987,0.2469550181207728,0.2495815607921082,0.24867331261713532,0.2504813634550761,0.2585132559910097,0.26306143338510934,0.270583319804744,0.2776169089882009,0.28516807398678057,0.28153211337439,0.2819110756176259,0.28140135609049155,0.2665330580142471,0.2751860581287554,0.2762591741730384,0.27777195568501595,0.2616380227448723,0.25116869522331364,0.24218916175813487,0.23563564609601012,0.23321629932994736,0.2251370365129024,0.21655344145001496,0.22976606356400442,0.2373665019074856,0.23397157884966915,0.23094607818021484,0.23354120909762816,0.23566355131265287,0.22372252292656253,0.21801061291797125,0.2245357260516682,0.2407679941626871,0.24733463893226182,0.2395373537500258,0.22891403962516801,0.21686741019543487,0.22817419352147764,0.22987325528064642,0.22376890368502755,0.2204404017379281,0.2171336331939734,0.2168235169934331,0.20397410625623497,0.20036356996795981,0.20056353291411036,0.19588163934454425,0.1885245245788483,0.1936205680141903,0.19543641245743806,0.197727497896688,0.20291098463717533,0.20083589447904365,0.20388683550569092,0.2157945023563898,0.2060798884202781,0.2201298019904937,0.22074500251635695,0.2277226811299056,0.23929979434080834,0.2389697187906326,0.23710505160067735,0.2461860895721154,0.2454574385851181,0.24189366459939343,0.2399158395041091,0.22957295855242407,0.24065888845366568
139,0.01043862472773046,0.05850768263383725,0.14530864452171768,0.21690560764655983,0.24997230545536378,0.23295320954496515,0.21914263401673875,0.18734673538741298,0.18179013464666555,0.16673824077273178,0.14406666716620012,0.13879843088610994,0.12415797390614947,0.13750356717693063,0.12853173876825813,0.12121720911062067,0.10399985877707119,0.11040125617434919,0.10938669083681443,0.10816945842368668,0.119083515138159,0.12399418984553864,0.12738986048382564,0.12114856137912476,0.1372580150733305,0.1254219705495246,0.13754807874798688,0.12665257181147868,0.1311350234535566,0.14238045463168456,0.15347321576891296,0.14227250722542722,0.14495589319181268,0.13708171525327328,0.1378189055508949,0.14092511178172587,0.14811414744299203,0.15429094411674807,0.16972736448700065,0.170061005017981,0.17460094088383019,0.1745814739306641,0.16277182050309713,0.15803665376792048,0.15992934948563498,0.1589853842254654,0.15632012529399672,0.13520060558712563,0.14103644522371658,0.1327215832473204,0.12082442729240077,0.10676807815923833,0.11438271745232242,0.12904532460164453,0.1258043535141877,0.11836464976013092,0.11186436291036013,0.11400228674323433,0.09397057078137021,0.08976940132834443,0.08667682438937307,0.06786094514137231,0.07178000394240973,0.05473977891428101,0.06286165882690659,0.06305262672945026,0.06454587905272852,0.0687487144903399,0.05849543775517686,0.05377490752761219,0.0480584047000261,0.04416359192808865,0.04952000668691934,0.04045897751403784,0.03952610200229934,0.03721762624501099,0.0578755485291047,0.07488196195897304,0.07538305134742636,0.07903033682518026,0.0939784967799204,0.09655709651496439,0.07746660828956538,0.06513352982819887,0.04016225057732482,0.03930983697518206,0.016355387496398442,0.0188595894320262,0.014707357708049193,0.035394231299116966,0.04305635663162251,0.03474138994256302,0.03776495070814673,0.02786226662410379,0.029828662296623544,0.01919393667306901,0.027537317884641057,0.038763237503543796,0.03831645595883388,0.039906449157623924
140,0.007541741254138563,0.06848072865379601,0.1508150977815801,0.29647816939793253,0.39302409960949347,0.4481625178102344,0.49119339160912806,0.5230313156751969,0.5574239939077263,0.5855528491973947,0.589988467373934,0.5800351126310562,0.5804286978337305,0.5871299661666258,0.5950167763618149,0.6005751092928501,0.6044733982999446,0.5977163979203101,0.5984723883250684,0.5877690172603127,0.5849595263433711,0.585643103259654,0.5966641938309117,0.6006606422730872,0.5931156709040966,0.5741725902118904,0.5745237856155303,0.5651278722756777,0.5667318592099376,0.564741536265433,0.5617329977678723,0.5704519998463781,0.5707959202818071,0.5731660491433541,0.5693644733849135,0.5687824560832843,0.5729266333544808,0.5728288822488724,0.5808290935370677,0.5656894988076769,0.5606432248795414,0.5623058452570491,0.553082795799183,0.558138053370185,0.5532750969250533,0.5527386283063295,0.5538313045305705,0.5449664812194189,0.5405145917257428,0.5310157885295362,0.5364134703229351,0.5325591991948415,0.5243145514946077,0.5297071811970568,0.5247304373476676,0.5273586166726154,0.5309647552894415,0.5302533109074575,0.5278314368268985,0.5283898262077054,0.5332260478544741,0.5449961281457506,0.5375376133504568,0.5404846379056645,0.5517669140148854,0.5674174666332502,0.5633696511076213,0.559653278202401,0.5670217431892245,0.5614611659828713,0.5623335441290813,0.5598281900861167,0.564249513742325,0.5602847865637549,0.5697068132399284,0.5710809766108396,0.5668325302709996,0.5681787158807441,0.5731402712667834,0.5650865632649757,0.5616781696685788,0.5669793299835392,0.5552016910085764,0.5581664591660851,0.5541634461252755,0.5469178886542481,0.5420539973805393,0.5425462697281873,0.5437488156011339,0.5423589283197383,0.5415844129525842,0.5396653714203744,0.5461874523805441,0.5471340604196128,0.5479985798966278,0.5550911211170712,0.5482989690065095,0.5513269149107309,0.5458371777266734,0.5455088135773611
141,0.009971818719341967,0.07106896625779928,0.11269823771188875,0.14765817649219273,0.17902810655667273,0.1439344531562294,0.12943601143732972,0.1494487003960057,0.18012633805595324,0.1677582412451324,0.14317439720509673,0.13191438272323341,0.1108597681269507,0.10461404703939321,0.11639016555029519,0.12077329318493735,0.10214206177178888,0.08587395080245193,0.09034696445751011,0.11413394189042698,0.11916854971942716,0.11618269333088622,0.11801035512723537,0.10632234270237052,0.10508579345032684,0.09765889877010168,0.10604838596999923,0.12036701991607814,0.11586596714052808,0.11231275265011004,0.09875977436791362,0.12076441979965949,0.13733346870695157,0.1229560199097892,0.12338992869754303,0.12942051249297878,0.1458799461854438,0.15401496103579512,0.16994539250339344,0.19740649910579955,0.1943604330754295,0.19912502137848026,0.21876329514782786,0.2128275796438881,0.20290073484305307,0.20295738859664036,0.19490755727869405,0.20684604072493457,0.20778800277692683,0.19901139495906772,0.19364591057595834,0.1911737062480224,0.20588738110416943,0.22176622725756737,0.21742726304025228,0.22338813340813268,0.2167614748058718,0.22989907107060895,0.2123928562972757,0.2092325124218537,0.2275006234729635,0.22685663770604939,0.22540730012963672,0.23139290368105597,0.22360672681896393,0.22657805372700424,0.21935844656027315,0.22669667405842794,0.24423535419767814,0.2595104764269537,0.261884909647666,0.2516347430946555,0.23834698928880452,0.22909816533188576,0.23360418615535963,0.2079864794482374,0.20588850965189562,0.21606796668099065,0.21737820953010753,0.20820138405257893,0.18933950324878748,0.1975486804157719,0.19827718468785682,0.19954627701262226,0.18950116342095844,0.18365671218192872,0.19730408022685353,0.17503824156662504,0.18293741597904656,0.19661139282930928,0.20932013499424826,0.20116191711214135,0.19788146978389545,0.19846743267638708,0.19452265435061297,0.20980619272256315,0.19116393669240972,0.19654177036666667,0.19491743066109538,0.19765959411656772
142,-0.0017490859966646562,0.026706746297642595,0.07866883993975143,0.14530946161357106,0.16711299446831115,0.20683487007674736,0.18609130386745787,0.16784089808149966,0.18344197322722752,0.19130095127459248,0.18943613480952234,0.19676278095514932,0.198807587705883,0.19747668850490452,0.1931423267997089,0.19064477033466443,0.19587727855093826,0.1858409560729147,0.18542762625050657,0.18333014119757313,0.17017154287549083,0.16088450928011816,0.15981980751445937,0.16087601919670036,0.16276223126088618,0.15447566704183466,0.1490782459888541,0.1462023650979903,0.14387445005962524,0.15219245675564838,0.15608904066193394,0.16295171106434178,0.15089638743620137,0.1444589123501021,0.152252385388654,0.14207650952499204,0.13901671519033051,0.14064833774853247,0.1301937300308788,0.12515100527571754,0.12051177468217028,0.11323945162988337,0.12442143323871628,0.1390747814371328,0.131142568103564,0.1601517569140946,0.1525102383431239,0.15906452992531858,0.1680524135419773,0.15593533510488122,0.1621162949631801,0.16210057653673338,0.15508903289832676,0.1579142930352721,0.16527924485780088,0.16580658278148708,0.15862863792056758,0.14033152372637006,0.14731033594206644,0.14920849585844673,0.14437760888628376,0.12666153148844178,0.14451621947523355,0.1425032953579251,0.1302248100773987,0.12225970144368124,0.1160918302002697,0.11170574038585375,0.13146311068631994,0.11961066537626847,0.12625888689598402,0.1333818120213981,0.12833314002543628,0.12933035058772574,0.14384168514693244,0.14255451382309278,0.15451531029669252,0.1522023156162816,0.15227769790356926,0.14839262146870794,0.14289042169704036,0.134764850081371,0.15409856144384246,0.1499690205855063,0.13773482934503808,0.14260703476189493,0.14527023449195497,0.14074657846072652,0.14060654343669834,0.13250478343482325,0.13588250123040665,0.11923408808551443,0.12593638943727828,0.1431696612608636,0.1496118745927779,0.16587677160611364,0.1718936655441948,0.16812118140584795,0.16477256618195513,0.15204473536638477
143,-0.0079534826123835,0.03846541495465132,0.10627850480823922,0.1860140389630929,0.25256798002412445,0.3016404628985394,0.2780004437986291,0.2941710810050908,0.31021889861527413,0.32102985989106947,0.3207111992873338,0.3311420792395542,0.33051165020256623,0.32456722845154995,0.33005721586640063,0.31022240717786226,0.3069306817836068,0.3018059019122654,0.30715120604535506,0.30447251957684973,0.2909524149103621,0.29040599228807074,0.2818936088154939,0.3002103915755607,0.31547064855755685,0.32665048945417746,0.3273284398252019,0.32905701979206436,0.31579899801585026,0.3125416980256833,0.2905218756248874,0.28909410409604097,0.29077983627298737,0.29488431778382596,0.3030632241765352,0.29998517382223633,0.3022418349311333,0.30274858024083584,0.29285961221307183,0.29055856060918944,0.2794398161667864,0.2768811590762377,0.2970870022206294,0.2946570246511452,0.28289207146274903,0.2750070623579473,0.26161733483738014,0.2647294467859312,0.2722126044531618,0.287767781873835,0.27413617697398884,0.2804899018207049,0.27677700726145305,0.2774741759869625,0.2788533532533108,0.2824053941754456,0.2997071339911306,0.2998957776259267,0.29394687845187567,0.2778749843109727,0.27880312507963395,0.2790588568431816,0.28508925467996066,0.2805547088059592,0.2873781032954115,0.29709590219205395,0.30391733224812617,0.317073644908143,0.3224684462522122,0.3535794135940762,0.3599814508290324,0.35033619562850515,0.34094825475791196,0.33974598763231156,0.3358867119505203,0.33292556243683546,0.3327482114832301,0.3322697844042748,0.3326988733411752,0.3128337224616676,0.3151472672908837,0.3284033315093918,0.3259609380993338,0.32430576681121637,0.3171490525552498,0.32499393412290223,0.32213929609621716,0.33109252559760066,0.33986636473491344,0.33240296905752287,0.33062894192221715,0.33565743865141057,0.3397527241923645,0.3427781824671656,0.3357264752031241,0.3385483895112569,0.3427757497073346,0.337070133718897,0.34177098617431595,0.3328825308902782
144,-0.011995787997892476,-0.003214586041651351,0.009942797602816446,0.041924528671079875,0.09490209979970703,0.08891692098365347,0.06989829015511125,0.06668077950651902,0.0633740729985587,0.0838551354126778,0.07348592542532782,0.06746271093310634,0.07426451644281737,0.0818367887017975,0.07539217573885137,0.07246738761605825,0.04555891477995686,0.036820249222565014,0.04857837786853738,0.057987734226806885,0.049300218254928654,0.052100068520908704,0.059399924749829254,0.05338286666075536,0.05766490225808214,0.0627496189736773,0.05551697215776042,0.06334413427001476,0.05734613612157629,0.05843743455134044,0.05399166271497769,0.05129061759986581,0.05192475489972059,0.060291715609746485,0.05896897979412873,0.04738249083626383,0.03551170388258789,0.03522932340699311,0.029711010158673917,0.019017172444793052,0.013473310757979062,1.3235932428356967E-4,-0.0056331387592557965,-0.003994555417506966,-0.007114208820260345,-0.010083544553661174,0.011439441178420879,0.006495446599045298,0.009219392153592833,0.01184478009664041,0.01669684382227561,0.022008238129677754,0.017826836120116443,0.024413095180871494,0.027332535052233493,0.030123123932772514,0.043177063036424886,0.03244245412066078,0.01651365367091096,0.017330822409750285,0.014033578243518093,0.016985392119796695,0.01033923638518901,-0.005768226584656195,-0.003195418674695054,-0.0106453694480295,-0.008012278312313582,-0.01661203222652447,-0.01455777755504447,-0.019453566750426275,-0.019586090187865095,-0.015237553272265702,-0.020585531009073364,-0.022311784010700667,-0.03598371877004153,-0.03243916423360463,-0.05195140214992651,-0.04946428925730032,-0.04985465161061244,-0.03574261490629626,-0.04470019103975822,-0.03221383892040969,-0.03022676291886862,-0.020204752415107476,-0.00981745506248065,-0.007745418501876824,-0.014127552773237463,-0.009702875517677855,-0.011075483387605691,-0.01732692396040221,-0.010252834828148604,-0.00462445969907823,-0.00923912419588661,-0.015076536742702143,-0.008493448569102448,-0.0012292031900570802,3.2386843013505767E-4,0.0013483034933678866,0.007624503442794742,-0.003948571979656975
145,-0.003588239548981205,0.06781762190331235,0.14817864131150885,0.17491970726032022,0.14272961234757894,0.08622280601670537,0.0467236383214552,0.012658610049697951,0.01045583936892614,0.007504234350733035,0.008392445292358773,0.006327894543511087,-0.011731787843895933,-0.0022097616024627465,-0.005214575002352771,-0.02203449920700136,-0.029868512187710042,-0.01920886577163678,-0.008427980830461257,-0.024471412642884823,-0.026700525446127898,-0.03170554479608858,-0.03547067930675801,-0.038817111373249544,-0.03649145972489473,-0.036902132568890605,-0.04854589788551535,-0.046835582239322056,-0.04136579540281437,-0.03352754348908483,-0.03648708831661845,-0.047368753407908,-0.0495718514504571,-0.0544627209144449,-0.06134813344922458,-0.06113719550512405,-0.07338396351943802,-0.0844460453222957,-0.08030329821716041,-0.07915932285461319,-0.07880373111075185,-0.07198793393152945,-0.07732640315419353,-0.0661922718481595,-0.06709057427141539,-0.07235915917066686,-0.07198413683229657,-0.06973643915932866,-0.07839766679599727,-0.08168733476127749,-0.08200569531746377,-0.08378746163108508,-0.08520203221290291,-0.09902860849050081,-0.09118559918791509,-0.10624488914429188,-0.112842819694461,-0.10893482550729691,-0.10209398676804059,-0.10392164641514476,-0.09788447074461011,-0.09094348395657764,-0.09938982062786916,-0.10508834080278438,-0.10217244506766518,-0.10304801417488213,-0.10437798355288332,-0.10932865688116934,-0.12284612509528996,-0.11191400130047477,-0.1145928884737863,-0.11423978614633372,-0.11757415152961719,-0.10506189082678893,-0.10213125578215648,-0.10894043408872758,-0.102228970967062,-0.10566692934383949,-0.11388114266600567,-0.11030974328781681,-0.10418745313430268,-0.1052508087082093,-0.10010245774655109,-0.0961023148115251,-0.11908523001238422,-0.12236752965676358,-0.1212848517092266,-0.12392544840349723,-0.123338495711542,-0.1231325661380283,-0.11906877112952245,-0.10518274618845487,-0.09392385328027063,-0.0942520902207274,-0.09660619300858293,-0.08820930899068281,-0.07351962535696442,-0.06335734139435602,-0.07583970363865848,-0.07333810508447418
146,-0.005607747584168131,0.005529857432991503,0.01769684480728052,0.02410451457778,0.05579055017852973,0.12402433684720483,0.15690878346558634,0.2008455630104546,0.22115796589142253,0.23265961509801247,0.25373789291598753,0.2503317260739221,0.2677678196559398,0.2908142804376518,0.294551754827785,0.31857252368229333,0.3223769844129948,0.3256108215178031,0.3136955018423958,0.3214236570896244,0.3327520963547428,0.34783018491369316,0.36263825356510543,0.3875890211985583,0.4038726843295105,0.4172969830986293,0.423720940102153,0.4084680730411185,0.39677005343076305,0.39988060401908476,0.40411393911755167,0.39881458795972624,0.4138319965830605,0.3971248215515214,0.3921800625504988,0.3859008672282519,0.40722878400608337,0.40852998995122974,0.4042822296890472,0.41434987743608437,0.40506170717393497,0.3959415605295522,0.38853156074210654,0.38836491863146166,0.39168948950980714,0.3904993873067966,0.3892362947688048,0.3865565274796578,0.4013670263942298,0.3961257097986697,0.397247345432988,0.4054682077444096,0.4118533344506446,0.40379381838959205,0.4060842597552136,0.4114368700270413,0.40960745138648597,0.41405678977975685,0.4166374347607198,0.42884023090469275,0.417287811050899,0.4215162142419225,0.41805356503198804,0.4181379260275777,0.4147278779543885,0.40783436503171444,0.41055698143534236,0.40864950478190987,0.41529180127371357,0.4102883656570959,0.4127648647780726,0.41013690840951805,0.41777871781369313,0.42452915038403705,0.4382150708012235,0.43781491983467846,0.4375542314119391,0.4336395940786957,0.42795015469358844,0.4330524495495682,0.43228803012434,0.4142695763883409,0.41408737609591034,0.4106976917891976,0.4015314054889367,0.3916404428793935,0.3816423295997564,0.37682141040321177,0.3716003537277128,0.3803488875334985,0.38635134141228705,0.3752307217056508,0.3782637023503029,0.3816787045052781,0.3753646622684099,0.38042148359808253,0.38664037625470093,0.3923011300042411,0.39682181630578733,0.39161233709081467
147,-0.00956912230416043,0.027854594804906853,0.051092426611344714,0.10006728727533978,0.14609808437939026,0.17430377203495623,0.18322677978358876,0.1846703728429303,0.19708328836280495,0.2091201380625857,0.19050344946494488,0.15895445018845172,0.17366335511998887,0.1763579624569943,0.1888144559013895,0.19514070942612963,0.17582259909104853,0.15524823348566744,0.16621271432803733,0.16285449235666305,0.16104187626404226,0.1530984000234784,0.15215703213353707,0.13757241107026608,0.13477475664998348,0.14026521574064862,0.1315082038775628,0.10937013363472028,0.09978619520532453,0.10787213446170518,0.1160534326387686,0.11405281330965476,0.12607365047781788,0.1112382565024436,0.10520188854826326,0.10432167908544589,0.09752212201093148,0.10359050718872607,0.10768062733773284,0.11070603773808603,0.11000482053541676,0.10883362623934502,0.09971062942202887,0.09255331590904001,0.09765452661006321,0.10514521842376576,0.11770431192942224,0.10223158237635319,0.08344348310628474,0.07586846309862472,0.08480558866700777,0.07520737759026158,0.0635347576529552,0.06465497519492543,0.06353710676306341,0.05547883676185594,0.04883146177421718,0.0460355177787493,0.06058627692453694,0.06465328734659717,0.0587077096542257,0.04708698520994589,0.05298128785557958,0.05653817917861773,0.05685853513409742,0.06946102307721307,0.07272787432233102,0.07678574169748695,0.07232579918742849,0.07628158108166228,0.07325523062162187,0.07314576258738657,0.07436684356024208,0.0728475804045679,0.08223475373139415,0.09346515161780193,0.08498784421151799,0.08977483798291558,0.0955571796414113,0.07725572415245247,0.08245121396533009,0.09243398856780763,0.08693100777706593,0.07716417615031011,0.1005075217284309,0.10955729666346585,0.12076093716791485,0.1160022409000919,0.1458811525186967,0.1414331679794663,0.14162616927002536,0.14057377767755186,0.14090253042518464,0.13038874487488705,0.12137377957510224,0.10755795454942481,0.10722214701709047,0.09748552268716844,0.10488110370355264,0.10751083288213095
148,0.013666445269065386,0.08260052747311883,0.15236504891306246,0.2129645586699051,0.26021292085765063,0.2972406089557235,0.3076697927082055,0.32466547873960794,0.32284132290555784,0.30439144818608715,0.31808157999971903,0.32473209190244107,0.3217674237999277,0.32302437671882045,0.33779049318357673,0.3344581887675579,0.33734135013755834,0.3367401411273567,0.33581589696800296,0.33147979173235187,0.3408097408016763,0.33805759976359195,0.3260076561415543,0.3331823054452746,0.33478036656281823,0.33437528210708933,0.3439755967547061,0.3364720071799313,0.3195930219197575,0.3231683255686974,0.31333745006993624,0.2986231007436098,0.30283021777146324,0.31604910335612824,0.3317071975325651,0.3362805149527578,0.33398006870737895,0.32889198250586366,0.32848542986389306,0.327767522770465,0.32245840422703914,0.31778487126310206,0.34508834231623003,0.35349528983937356,0.3448078437346646,0.354035894195481,0.3475265480279365,0.36076944254920773,0.3566274175964514,0.34754334907993767,0.34587185390624486,0.32613646237582744,0.32453455043989854,0.3025240644441128,0.2881218040205451,0.28363872887726865,0.28557648974456784,0.28678623467089925,0.30676920279477854,0.2944150730462986,0.27652173901585464,0.2813917589949175,0.29045801565830365,0.30681847716365873,0.3021402461742917,0.3018051395778263,0.307918988464132,0.3114466992433952,0.3133266990606043,0.31112286290878094,0.30612622129300254,0.3035767528211108,0.3036782021713888,0.30050653679298334,0.29560969235175644,0.28439798872860717,0.2754111312447561,0.2699901282379639,0.2779418013345973,0.26909117930695253,0.2835336510051151,0.2938015497505393,0.292513086717031,0.29072421515694297,0.2903757641434685,0.28518522242048316,0.297003095730043,0.2852371924158307,0.27618109374274463,0.27992148472745226,0.2860997453053074,0.28703082141436576,0.29413231278167173,0.2841460217954125,0.28470851296297206,0.3009346609860626,0.3023411168068264,0.30459490787776405,0.31836608584898884,0.311821118571796
149,0.0028086745442340256,0.061554469421916724,0.15066196744755117,0.24381214719228214,0.28197246917603835,0.3287305050786163,0.3438776900450103,0.37658371924581246,0.39728885091965177,0.38228836144761785,0.38942700635037925,0.38754892830525906,0.36723020878752677,0.3372921222373879,0.3198861621673553,0.3242600183288538,0.31663646046510235,0.3209621178108985,0.3274020286336576,0.32653122175467664,0.32848809681616686,0.34184015634133447,0.3505539118853369,0.35754609010843824,0.359659146459997,0.3578516166090471,0.366194624963933,0.3749658375012806,0.3721909375425391,0.38015508393719327,0.39008068365091497,0.38951692130175286,0.38411393832025875,0.38327428241524264,0.38707863171525275,0.3811258728521072,0.3745515900511623,0.358630785968834,0.3601592148932996,0.37451527659630934,0.374202349160629,0.3736072165188115,0.38007641468919945,0.38480359029827554,0.37488474792976334,0.38126478423962956,0.3871823543945612,0.3911778213615555,0.3955333654271454,0.38784910761674224,0.40477347740948183,0.4088818177832372,0.4088739607813255,0.4104796546861391,0.4063538681079736,0.40849936251741925,0.3993211547250145,0.3990666214448275,0.41092957385307693,0.41290260095324416,0.4274682510212676,0.3980376275128031,0.3912163314081253,0.3949240841982837,0.4052169158279316,0.40529746990707244,0.4088179061323494,0.406807867725792,0.39303356050298743,0.38146655217109193,0.38938999538952174,0.39822673107933804,0.40242223292210666,0.3960629361637544,0.4001143185376445,0.3977685428119128,0.39798190848937,0.40494580155004456,0.3888955790188676,0.3823814885279762,0.3781703162475264,0.3850064963057521,0.37395582334905475,0.3783539260598463,0.37342840377963604,0.37761228994301194,0.3720855543143626,0.36868397263173125,0.36013164134103837,0.36773483766728376,0.3637020671660416,0.3622800394247244,0.36118435229530205,0.35519727711772897,0.3551965446022197,0.3582353960234768,0.3641132009043885,0.36601415679159954,0.37135901575519303,0.36647266500336706
150,-9.637261289368775E-4,0.09362545863296373,0.13628268076622485,0.20555061345989145,0.2684705863971883,0.28923410869398425,0.29286462064179714,0.2972325935620742,0.28547946772101246,0.29914645823035124,0.32095043745805313,0.3342422323274816,0.3481932117574614,0.3597967632055795,0.36245451413670865,0.3731751942007993,0.3724763463377073,0.3757145392896345,0.37666052895321916,0.3901490668609891,0.39595733542517936,0.38793335850046856,0.37394257918343127,0.3642255836034562,0.3698067902907481,0.3709981769284345,0.384473387656331,0.3840869979475535,0.3881672545686635,0.3847265493555443,0.37621171025342115,0.3885269011707678,0.38959523725377004,0.39466069201985926,0.396199741393265,0.4023974102488902,0.3916085836273055,0.4009922781816649,0.39225468021678644,0.40710248616441214,0.40586310382572494,0.39896818831595576,0.40757591512867786,0.4081857747650905,0.40707883774854386,0.41041341750807,0.41772954971051773,0.42046048608388753,0.4254360670037347,0.4126697494516586,0.4024574477743087,0.3962704999806691,0.4029556144287475,0.39487969085159863,0.4096682650381896,0.41538680790036603,0.42006671927650435,0.4174715196037604,0.40798131822180767,0.40775658170720896,0.412974177995185,0.4169822464397315,0.4215695792004678,0.43058632210618986,0.4240922469133011,0.42527497582216134,0.43214966423315,0.4467840271372288,0.4555505902721125,0.4404072078013309,0.4377713102243147,0.4409356468827717,0.4380486684527828,0.4419233540867382,0.4529132405514482,0.4602120819219293,0.4653502416487993,0.4806540722960074,0.474374169666922,0.4616897002174302,0.46010073071797647,0.4544543596880978,0.46242405285608157,0.4531361509129715,0.46103725800024653,0.4687626021406201,0.47401382659283553,0.4809950588991715,0.47696375621236453,0.47609150893222335,0.4880630304662316,0.4806072341706954,0.47959987976368773,0.46808392383365316,0.4691802644576434,0.45842831806314527,0.45565945412344616,0.4528544625842633,0.45887942027081563,0.46150389513238993
151,-2.3829083083608732E-4,0.036173814962068195,0.02766133288765166,0.057870597145803934,0.08098028962692952,0.05654761612445154,0.07603293144484077,0.09886860292881706,0.1024249216689576,0.07547639348086248,0.047357262802516106,0.02627349538083334,0.033849635749210905,0.03894202267371183,0.034403490116570346,0.031755052554342106,0.025101244511597755,0.030313436000224493,0.04726707080631174,0.038462472063661456,0.04589072530081513,0.049839582184689986,0.0696074482210135,0.07000081520315049,0.07167627378283853,0.06246422129591587,0.07138486192857657,0.0758430592709244,0.0719706943990643,0.06437069962870674,0.06063291426477106,0.07247123108173681,0.06717603400208223,0.06347777032674302,0.05069014529939528,0.025035948942958356,0.04716508444688048,0.045610880752164976,0.051332630258544294,0.05181583248041125,0.034828509925997994,0.04113839868959374,0.038491190691098916,0.06078851837187773,0.0698328469977606,0.07654880778317538,0.08454942387680023,0.0975551698334574,0.09883452644668198,0.12471851681830282,0.12701241605457894,0.11346441388292411,0.1045586737555262,0.09855764241263795,0.08777365103433282,0.0942737895116776,0.09939669741858304,0.10911394641184445,0.09922111010335469,0.09116563826682551,0.08787331201425172,0.07779024905584174,0.06407075534408892,0.04290299832750056,0.07695351937576471,0.0784414013095963,0.07763924953705649,0.08239733695262143,0.08349609818332039,0.08188675976410752,0.08631560522290897,0.08876584686894513,0.08586333657552706,0.09671825379000865,0.0695850132306878,0.06957107902281111,0.04965730863604469,0.0525429611949369,0.056575768810547135,0.038522348389951624,0.03108795660047821,0.03539910731030358,0.03737847517228049,0.0354028490758348,0.040197258826599115,0.03775376371291338,0.0454311274964426,0.043097133785949114,0.031654371407424754,0.01785809285480926,0.013545610634571438,0.01874815303792411,0.02686760224643785,0.03654455987593155,0.02028887320020751,0.02105975581218464,0.029958420826005507,0.03365295713134582,0.03029596799136504,0.021599326693385105
152,0.00731260060392617,0.05063459219786382,0.12425957264198521,0.2019040386453722,0.2879725168564421,0.34847110602173603,0.36511397055423805,0.3658506546305991,0.35210863297865935,0.344595849255306,0.34635904547389457,0.33934682384377296,0.3391403016137793,0.3323007137825263,0.323036573841515,0.32363414595732215,0.3270826794019188,0.3350497588215958,0.3260714322715178,0.32405457662535303,0.32345021238001787,0.3361256926928211,0.3464299229193937,0.3489287739186772,0.35677213212233594,0.36159169838694466,0.3526593560819736,0.35406432975692403,0.34926829990151004,0.3462691268507491,0.3479191544075785,0.35470988405191245,0.34721477262639605,0.34773840909793874,0.3515263236043306,0.3494623948759208,0.33387612550065543,0.3386152613716122,0.3404870671532805,0.34275756503869886,0.32971932810468585,0.33010846126276966,0.33469226680006614,0.3363676559293301,0.34341984361215794,0.35716383256896433,0.34672316104178713,0.34576801914405586,0.34098724166451994,0.3424195375878734,0.3406885887691829,0.339874493565766,0.3425654587382014,0.34144109902199465,0.33565375935604785,0.3306951730375611,0.32006429318024887,0.311268129894837,0.3093102644834915,0.31412143800212894,0.30583410783640513,0.30928009825574543,0.30816829485697744,0.30924942378365344,0.3093699461495607,0.3079471207742185,0.30119535526077185,0.3048965574474265,0.3043589018312955,0.31415466191392916,0.3129320610709137,0.3208221317385702,0.32098483900148195,0.30993380519291014,0.311679879779773,0.30177139879490633,0.3011655102036754,0.30670556396301835,0.30125555102825063,0.2998249537081756,0.2931141498078572,0.29166441340173166,0.2910199724778694,0.28751836360251526,0.28493362938414024,0.2892576819370265,0.28868188238109826,0.2976915006082914,0.28737153847638863,0.2905330691605107,0.2909161932487466,0.28905209018619105,0.2922938135361886,0.3088860634393634,0.3070952872124926,0.30910183394855667,0.30955515769561937,0.312644209600871,0.3145323006930886,0.3109091713661131
153,-0.0013145527194547263,0.049509283444910145,0.10269093284864729,0.13061492060240193,0.1442550970471631,0.1447480917323732,0.15813932136279804,0.1508060606611117,0.1375992069909628,0.14460949741587867,0.13052003095970444,0.1311399694909462,0.11757724596367998,0.11141730172489313,0.10500129263966697,0.09221729963397485,0.09520932372109747,0.08954117977353404,0.07485351456503637,0.08573106502471957,0.09357542540579188,0.11406727561577043,0.106225920165405,0.1040584735567619,0.09392440852634204,0.08313673906173874,0.08151291444560625,0.08002195988098831,0.07994986081252409,0.07811986412815956,0.08062621771924629,0.06658196801409173,0.05619031025183033,0.05420466340982274,0.0769904283429217,0.07580805419022572,0.06776434863339766,0.06284193868073328,0.06216400523994489,0.041454636387005,0.03321763256158056,0.03487217859545385,0.03766866986206255,0.03983398771134723,0.04734400711918673,0.050336480746923956,0.05242938371472281,0.05447056919532556,0.057830710586171154,0.05575201940380431,0.057641922991130815,0.05265749543095977,0.06177757620563141,0.07471916096669075,0.08354687419460152,0.08236902788314354,0.08828735435447514,0.08785337807101841,0.08386381928656941,0.08216723910109615,0.07341011201456843,0.08146866320915434,0.09762118241295503,0.09180891838899445,0.08839850684612736,0.08420792484778357,0.08642839286370757,0.08575450482886175,0.07856422065680257,0.07451484138203444,0.08608489928511548,0.08177164194354537,0.08296027887176567,0.07917294961847415,0.07909588092348085,0.08414747450446936,0.0796149278640707,0.08049405070096372,0.08022455546008166,0.07610538214175723,0.08208237931015923,0.07870361526471065,0.07805649217404415,0.08507113317363045,0.08431758128317228,0.09411038493428361,0.08669870408814073,0.07933308087072904,0.07695090540021415,0.07951971142972898,0.08478981873982025,0.07812506174015951,0.08500744307651081,0.08295081000753406,0.09241869880166409,0.08270845761400601,0.0917261125925441,0.07933618954437749,0.078659876958799,0.08579427366172157
154,-0.003399117606277825,0.05488361999774604,0.14549587895934532,0.2443313009335647,0.3108465684554178,0.34181973353923445,0.3520142976211271,0.36381930841975896,0.3698007422331674,0.3729748349416579,0.37098342640418946,0.37104449182684235,0.3706893380426956,0.368823779930511,0.36904855776532464,0.38346153261758964,0.36420908289266707,0.35925070278993343,0.35351641357175856,0.3520380703878759,0.3651048602375591,0.360776966735744,0.3620657963248492,0.37569818226382323,0.3756363555295227,0.36853902340925765,0.3758010994972889,0.34790654964493783,0.343378169899896,0.3333504257106976,0.3370945291076924,0.34211469275395345,0.3533421698603594,0.35677623899178557,0.35235025286511723,0.3432024292888357,0.3441878051817535,0.3440815705821084,0.3445753676058697,0.3358745252015964,0.3334690962463055,0.30718940092514335,0.3159041014333929,0.3168054480019891,0.31162192947601514,0.30426273008431226,0.3042761378982919,0.3131865289923417,0.32519580208386906,0.33920741398094295,0.3324747504009879,0.34147860558217574,0.32922509152804574,0.32673865096044463,0.3343095827482225,0.35297676349108464,0.3534750662259675,0.3482725478280553,0.3448948102594057,0.3521473934477743,0.35529236216623566,0.3289125321142253,0.31786088276916896,0.3175025742815552,0.31981697426647465,0.3379416558954691,0.32366117372062875,0.3257906851973025,0.32238019432573495,0.32343885835530317,0.31371888088643973,0.3111615170441427,0.29453328413877156,0.2966527287846987,0.2903525697185348,0.3021827433787784,0.3085139045375902,0.323206079366469,0.3334031633087298,0.34265173653301206,0.33413736668506666,0.32676088457710273,0.3142353420665163,0.30424271988476614,0.31565707403127413,0.3161484169780114,0.32877820127178997,0.3213647327646945,0.3307239822112462,0.32151906882978315,0.32608873317120946,0.3432776211595909,0.3368878461400757,0.3253666592434968,0.32600825236180886,0.32474855253474305,0.3152861760874714,0.3125532514214975,0.30909315035481577,0.32109124308476183
155,-0.004484188525266702,0.03605598952134889,0.09849273331356384,0.16023539286566924,0.18717773959619632,0.18361947037759588,0.20087634609377092,0.2110402737946095,0.20630375099064122,0.2072754408922336,0.18183323524776676,0.17601344850765344,0.16544752514791292,0.1536706247041741,0.15220558587402963,0.15092825523557754,0.13156622586196334,0.13146179640073383,0.14571008121604273,0.16238561307150745,0.1565660576218461,0.14272544618994076,0.1422943447120792,0.1282553588781753,0.127431536897519,0.128006148912048,0.1185226431949651,0.1193700252679833,0.11527757996115814,0.11542580657777748,0.12597948467677508,0.12599503163206952,0.14082973041653393,0.15150490655031973,0.14858265516648303,0.12518695255429982,0.13225878097521457,0.1340321432349223,0.14317238132830698,0.14234438610387262,0.14812399347723973,0.16942714748402884,0.17111486139747056,0.1838482675408701,0.18966419328875436,0.18173972500334348,0.18677475973706448,0.18099634618286245,0.18166501431512608,0.18334031541623313,0.17962456611545702,0.1658845593415537,0.17373512747690575,0.17780252935580862,0.18306995495195472,0.18349529057651112,0.18103064715452638,0.19132959553901516,0.18009467673670224,0.1767212851035223,0.16576201617329112,0.15603269838851877,0.15965425803778757,0.15731507771944733,0.15982888545506835,0.16907664885455112,0.1679037858359932,0.15994042430263028,0.1499999973063877,0.14386428484894404,0.13596752129253853,0.16234963587305856,0.16483338729055216,0.16497079741216406,0.17474947757277515,0.16689670944434445,0.16638459385337534,0.16423422017628184,0.17905066803518963,0.18526986565290426,0.18403992697691465,0.18221609507513625,0.18763337298388355,0.1950221726620903,0.1972571956192543,0.2146980065288249,0.20130093350433437,0.2029776727960618,0.20187970536074334,0.19248178529230497,0.18261689261998068,0.1701514797703627,0.17162430903702855,0.1833678760431292,0.19321520125791417,0.202746405574532,0.2005498247991052,0.18846898116727798,0.20034550796327824,0.18299634513377178
156,-0.005419372916474061,0.016877942742264774,0.04320168659736005,0.07832935920114355,0.10593177208274347,0.1651380507535654,0.22541939886327306,0.19793695073707845,0.2062845976227623,0.2074858970688385,0.17151077612348714,0.15770972451322895,0.173899962601335,0.19052031890794324,0.1925170088153843,0.1913341317944605,0.18503039148812483,0.1797673860015241,0.17231313264150203,0.18486228509161562,0.18082007799094538,0.18447623732868693,0.18808795342775272,0.2016495420305779,0.19537894120129334,0.20235909959308443,0.2122622292211658,0.20804755453956467,0.21325883849923474,0.19953519007501488,0.1936311308307747,0.20075972558263605,0.21771428012042612,0.2117551545295083,0.222224293923761,0.2116466641355861,0.21773238125333577,0.22055367928373965,0.2216714626239678,0.20821664870091383,0.2236540734952936,0.22187381827215913,0.21771489615209505,0.1950974131443209,0.1897528167737062,0.21217204951554977,0.2026347564813371,0.2282146417877919,0.24511943273684347,0.25610099669162495,0.2383579974693947,0.24409087982711614,0.24825066421449488,0.24306377611692243,0.243083225355463,0.24981561970623578,0.24763786740066837,0.25167922296323864,0.2634242754912934,0.27471769139859487,0.28123361225431237,0.26338595776225787,0.2609213907822932,0.24861628812344563,0.2467622205680767,0.25831785643513927,0.25171477361023464,0.266672418395587,0.26107667354425,0.26223026679655875,0.27160370360763375,0.26396309069212776,0.26229133637700874,0.26321870333956776,0.27565363628289746,0.26874370831969535,0.2535288268490514,0.2597457832217162,0.25814482583934995,0.25357757221984023,0.2512915966201894,0.25265316505882024,0.2476271217836409,0.2465671433438852,0.23948490191489305,0.2389046062542585,0.23486609674367986,0.23680301468278703,0.2558948171851973,0.2682902672982428,0.2654241148859521,0.25876138612195826,0.2622383450195469,0.2593661942776372,0.2479901872323496,0.25004816559842397,0.2484829630137641,0.24193108813157335,0.2247366544540116,0.22937472898019812
157,0.006049234005562818,0.05091389006072991,0.10354932107408776,0.16328978442419506,0.18901322915742874,0.23337672491718015,0.265872608617197,0.2893616689316463,0.28410923144761946,0.26925567417687013,0.2588883155682027,0.28403645820812773,0.2773593727909184,0.2919064127558568,0.2900712505177541,0.2829401999384035,0.2716960092177446,0.2675268656190144,0.2648789135162129,0.25505973505694,0.24731244077938816,0.23981047960972188,0.24681404022311448,0.25789642113515826,0.2443113435850342,0.2565616680272058,0.2534509545311635,0.2458847102231382,0.24531172964056175,0.2442710234520843,0.24863632171704675,0.24345649577183248,0.23271376155164947,0.2282719799178088,0.23780009182097378,0.238957194797835,0.24473805778878877,0.23888514719741863,0.22884971752019362,0.23889997515640624,0.22254136225200383,0.22047227552367715,0.22061011686299636,0.21199920352755286,0.20808631449487194,0.19585596430617117,0.1967306008247368,0.20603055193579864,0.2304002532755368,0.21657788742951756,0.21896152711168299,0.23542394701174524,0.23765647117507743,0.24736541199670345,0.25034647415786915,0.26652476620218346,0.26418435470795293,0.2716767089121619,0.2670708766504528,0.2949546562280981,0.2917807801531447,0.3153150247315668,0.3041154323198159,0.3097135054804958,0.3099404313225636,0.3169725198319038,0.33145135743555004,0.32401691724794984,0.33200995279579926,0.3285026493228772,0.3393645873654447,0.3380542669814509,0.3384250570752812,0.3452010969153847,0.34798823747402724,0.3480969684189911,0.34629923786186245,0.3422233064264571,0.33886256171045936,0.33243013979261166,0.3417520974246125,0.3497684992232035,0.3557633388054496,0.35557707605635636,0.35362121263606505,0.3424193332360168,0.33914128254238035,0.3381419782610876,0.3446155697384624,0.3387873269880679,0.3441893643823954,0.3289849932207678,0.30502778660998375,0.3175997367720919,0.314445138555229,0.3221056145747208,0.3124238806153975,0.29033422157927996,0.2859313939294919,0.2870179236716049
158,-0.009324889793907816,0.013946952701722394,0.05118466895442233,0.08967058029894526,0.10778519385985388,0.1607075512275536,0.19375560261957245,0.20177349248435786,0.21723706371582452,0.20851337308817222,0.19095825438870626,0.19764405106223837,0.17201603904086404,0.18737035610939082,0.182357728252223,0.1911259792111701,0.21314153904661834,0.216273415769535,0.2178930817796392,0.2273349257122504,0.2166198735514972,0.21307140104207267,0.22163108763945488,0.23107388297850526,0.2340647452614248,0.25352928520705376,0.2625121560162861,0.2811909613420691,0.2727871938401901,0.2836273368291743,0.26040561512709925,0.260504548675563,0.2535154480896536,0.2563226622037547,0.2522518709124817,0.2512813170775366,0.24573013315691622,0.2342710223164222,0.24573463356395311,0.22771144551677908,0.2028770746194186,0.1958423018559311,0.198717759443207,0.19792897733727635,0.20597770173550217,0.1971840998668818,0.19721382654713285,0.20810058176078505,0.20783713611739002,0.2107456202330774,0.21062364480377493,0.20121221730249134,0.20602348523133454,0.20939050420672511,0.21029607958051103,0.22126564791676845,0.22153961117329563,0.22820501658784909,0.2258081185189017,0.22072808037354238,0.22912277995437652,0.2356960294515653,0.22058612512416886,0.2145262927818287,0.2288977538415784,0.23021733880908138,0.21841937037617737,0.21472593982728458,0.2059722002709039,0.2049178401836132,0.21042583379638732,0.2029337843043295,0.20179226576103398,0.19263767639923124,0.19908980015372083,0.191544238805228,0.1834325001736882,0.18288633913624355,0.1694938931541502,0.18683580572320288,0.18992181665299793,0.17609885819957957,0.18421958622522894,0.1895816736403881,0.18553383401077939,0.18849179357981707,0.1867329091637785,0.1865249132157356,0.19968141152649513,0.19663120132059736,0.19822104894418682,0.1810900463773437,0.17271859369021247,0.17935324476948605,0.17653462443794565,0.18912560991366223,0.17792863626675473,0.16041526355789043,0.17239312008979926,0.1664676977182923
159,-1.869839825000267E-4,0.034353743777214736,0.0856467115728478,0.1973370694024284,0.22909780584891543,0.22289608140349487,0.1935251779099428,0.1782804733116235,0.192648398468719,0.18301997978315715,0.17219303707511,0.14486354803689075,0.1620310579635868,0.16594582639722744,0.1660447559603099,0.1674830808195294,0.17249907159853609,0.15271999945924933,0.13516117304978,0.14330017231844155,0.14763954552668207,0.1334042987643463,0.12827120897540673,0.1193628035593683,0.10637531722810158,0.10815433845802175,0.1085176555671609,0.1201926325523262,0.1045197252528644,0.09565622493194828,0.10104791102977263,0.1086181570199741,0.09474072094931232,0.09667863565120877,0.08758317102671687,0.07134471162969308,0.08637760308008144,0.09878996120098467,0.10764485037452629,0.11167841422340972,0.11510991598053698,0.12011971293576815,0.12348746799751377,0.11940912517742064,0.10891827851569506,0.09343760550247532,0.10735678076858758,0.10281716069478719,0.08277403866423942,0.08121431508071915,0.07826174381918385,0.07567057168699866,0.0708526499265895,0.06610555555561613,0.08105219833939359,0.0849948737586243,0.08526311885212906,0.07997171796499884,0.07757635583542667,0.07528975090688524,0.06808005440494462,0.058368024466875515,0.05968680357498506,0.0503741323481823,0.0651393574435199,0.05651490670615128,0.05544415693777904,0.05567442629045541,0.059818624178820425,0.07716706101482788,0.08026226745073696,0.0892918602143475,0.0862743623172002,0.06245479022838801,0.0592958367343323,0.056694104882766716,0.05214894387074833,0.040476792325786395,0.0352081513572946,0.038520826529005216,0.03385390830361263,0.0681640757807902,0.07819315295208455,0.07690191467084166,0.09165825165974371,0.07691423395265243,0.07491981291948976,0.07673040712210724,0.078765196029766,0.08375172278588801,0.07896094257154916,0.076526596038715,0.07177347293891186,0.07366471583975812,0.07090820945348374,0.07979503917535054,0.07614054048735394,0.0668723611473317,0.06954814457810224,0.07019568973853921
160,-0.004623644084796212,-0.007260899365225271,-0.011647804430553053,-0.013217386068917392,-0.015458015676626396,-0.017472602747265566,-0.020009500605253,-0.0213165518299842,-0.01958014502487472,-0.019993566617818072,-0.020461647527819708,-0.021754424678248067,-0.01715511956844199,-0.01721685571567045,-0.018580180532542737,-0.014365330744094393,-0.013290034800385772,-0.00838208490839684,-0.0025703129583507177,0.0037747148841577255,0.013157193740658555,0.009955182170369604,0.010599894902782202,0.020523765154029382,0.025324748851984036,0.010716325383691258,0.024941122817470386,0.021818364566450893,0.012654711291812816,0.00912074517933604,-0.010862197732753437,-0.03519435514591004,-0.0658388726824828,-0.06255199820132146,-0.04985477318228836,-0.04806881867340374,-0.05448377354163361,-0.06650772822275175,-0.07024414643392933,-0.08150395462102061,-0.09953983748479564,-0.1088951712510906,-0.11812941834053657,-0.12320231217389117,-0.1171437342905973,-0.11980232525510366,-0.11923968468625772,-0.09408204730134807,-0.0828415455998435,-0.0948083585354251,-0.09131274000595933,-0.1198660442778074,-0.10056161741939436,-0.09711919113291125,-0.07970823045112663,-0.05962394113195845,-0.067472505454744,-0.0668045405472752,-0.06645814182287918,-0.08606001448426918,-0.0989297910546495,-0.10532989800599381,-0.08528799826815789,-0.06745468695771761,-0.07834243838744688,-0.05722178117423291,-0.06400313448516654,-0.08532708737570255,-0.10238516141239055,-0.10007055655028994,-0.11080865579431844,-0.09600145864361835,-0.10583178731620407,-0.11405236392810035,-0.1213248285150103,-0.10416990316182588,-0.10407950420638289,-0.11101131881061103,-0.08781812230261409,-0.09289373588802036,-0.10638774173313306,-0.10829419428105519,-0.10130445148633861,-0.08478353985061107,-0.07684099235935601,-0.07549098890141796,-0.08503494346737153,-0.0903929268173194,-0.09002409125599349,-0.09728946853882472,-0.10374191169285595,-0.11666299370137546,-0.09828274496635635,-0.1023122021342625,-0.1203196757037845,-0.128083644825042,-0.1332549252189828,-0.13826826907787085,-0.13914726313964212,-0.13542122160232484
161,-6.53618928756877E-4,0.04061040255021707,0.08568119407209701,0.09978630684816403,0.1472975532086675,0.16838145641019486,0.18867183460437278,0.19044152297719968,0.1902470054635603,0.18547304857694613,0.19597488121067586,0.19239390053170383,0.18754192459372748,0.18574481393681427,0.18261901007030817,0.1840730243558698,0.19779686755397385,0.1942647844606001,0.19172142965136194,0.20812757150415975,0.21709657128855075,0.2103371517851697,0.21735050811731715,0.23910550985110615,0.23787477846693192,0.23348169462349622,0.21076842842745142,0.20788945851867133,0.2197426407741439,0.20280373853862207,0.21123908942843037,0.19531643787174222,0.19117715380831146,0.19903203899670582,0.1896865959925214,0.19762364733209473,0.20905975335366256,0.20020074902072568,0.2161274981720368,0.23019290701606038,0.2184594488079317,0.21750522743769923,0.20926913757569654,0.20796968335962082,0.19293166889141475,0.1817742810570569,0.18521991943377217,0.1781137319536907,0.18500927412246984,0.18124383373543515,0.18317583457949432,0.1726473335367121,0.19372543807211348,0.18634403109160286,0.19898616393914814,0.20805410731956267,0.21218571247095977,0.20939704681549884,0.22218604985835222,0.23073173306888414,0.23396740143013475,0.2403299539366383,0.24755370619261602,0.25310107949748367,0.2513091118092514,0.26038319664137455,0.24487938390458477,0.23233507029449424,0.22979653541421302,0.24313714660785737,0.24754435728620217,0.2407774971756206,0.23568961887313475,0.24525281314472938,0.2432963005877912,0.23216416104112383,0.23665250484089698,0.23967010536411035,0.24013897863709843,0.2311778515098313,0.22810912923160157,0.2285982826252985,0.23366793702433605,0.25046508427227887,0.25210216399300334,0.257643119531957,0.2590657367723324,0.23222678319589016,0.2343923933677259,0.22582931505634385,0.22620388534545766,0.22642431659338086,0.2240716328943304,0.2272306041154567,0.22017592512449582,0.2219976851513924,0.22125847968729445,0.2158078446059799,0.21963384509171363,0.22759517746672994
162,0.002709164639330743,0.022770186907653426,0.029802864528841195,0.03289332761020444,0.09474491673450071,0.13303977415802537,0.20362917587071425,0.18261132323874157,0.20069331459435535,0.20295638471643848,0.21168989145235353,0.2326832482120561,0.2312409963729465,0.2178265251270546,0.20939395596422666,0.19394942045149854,0.1812395890582354,0.18651635929275845,0.18031667122651723,0.18141642535557345,0.1841047895641714,0.19866312222212357,0.194248009578306,0.19207309573651143,0.19439059356696484,0.18616386020253411,0.18439759003133985,0.19018663665202876,0.18719644114171946,0.17038463074384202,0.1652236594254756,0.1728513295586869,0.1693661311993041,0.1708534605639662,0.1683337297592684,0.1516010292004942,0.1713345408553067,0.18878159035357012,0.19037132629833425,0.2005183929385793,0.19496659472028108,0.2024272627636946,0.1865555172697143,0.18184578634135665,0.17265063827742824,0.17885726103974392,0.16694127023228753,0.15941097020842918,0.15125272621143174,0.15646376062248998,0.17733523413438235,0.17718573881923533,0.177280557935873,0.1615277929556267,0.15349453039973882,0.16750785235267937,0.16838999514479658,0.1655556117577678,0.16685815370188123,0.16203656981091397,0.15471266243697368,0.16724869258036212,0.1633331478448335,0.15999375939692884,0.1594868739179463,0.1668653358300132,0.17049950307425427,0.17045187818493138,0.17467929122848272,0.1726953555543345,0.1753682685693348,0.1772810151295638,0.18121044323190982,0.1818765250344727,0.17854405198515078,0.17220200934225693,0.17542487330819592,0.17579719374401048,0.16402263503243966,0.16578998621128677,0.1693872052453923,0.17460145797790794,0.1748722104044326,0.1551569315382401,0.16164349391121124,0.1760457056405906,0.1708971039276119,0.17742500583870366,0.17550522683813063,0.16870010197353275,0.1657892648734729,0.16122685753666594,0.14956581826513704,0.15167048559691465,0.14590173261522021,0.151603029389968,0.143914802058129,0.14097552204036506,0.12745665239548848,0.12158162382568138
163,-0.0021271407328519966,0.011752763712909677,0.0588727074369724,0.1526674402993538,0.16623351044696857,0.19518719600029982,0.2187297920288779,0.2689092160111226,0.26115137724486037,0.2808775119116303,0.2836481034742302,0.2854587743456389,0.2868672587966746,0.2622509701483951,0.2500546729857843,0.28412951111364626,0.2684040959252157,0.25850060035989747,0.2581497908485907,0.26695258261344285,0.2677257464626834,0.26934583856207955,0.2570494250744264,0.26388484086406083,0.26973452036179035,0.26673832504273365,0.27182571869031036,0.2795282582454296,0.2879498885808331,0.2809937752873044,0.2977486354827907,0.29986352744890343,0.3027873634675299,0.30174074718397753,0.3078792811820452,0.3031650046957159,0.30354769622037614,0.31755086382743797,0.32420614557173705,0.3258993225223346,0.30737096389737584,0.30065942594546635,0.2901971821096474,0.2987378094335208,0.28671777398076737,0.27839757039456947,0.27540091685223694,0.26367100426926476,0.2585245213346756,0.24182888553066836,0.2339087469195266,0.23213448030076905,0.23204844656221923,0.24554443187062047,0.23535669736193665,0.22331115181424377,0.22107110919007958,0.23263211878962772,0.24382236479565214,0.2458349474329068,0.23744356029495145,0.2445826722803236,0.2425946540591708,0.2348581721898765,0.23324372579971014,0.24051084418525523,0.2270090111471587,0.24152987227408912,0.259520176159576,0.2584940271920862,0.2593093197335657,0.2470776101747948,0.2494884709994289,0.2529991883969978,0.23171889527300707,0.22907405403162223,0.2184972223180666,0.2147293119267032,0.22619366114192763,0.2208300021559405,0.21850400863086974,0.22251277813504092,0.22510493207300386,0.22371035674266188,0.21884717713625781,0.21226907059842445,0.22242510711778923,0.22585831758887737,0.22954094179733311,0.22802834062911817,0.23337681914455707,0.2332361584014125,0.22994171617373843,0.25189539453437976,0.2412435412551633,0.23543720569273155,0.23000201581596033,0.23220592782509386,0.2290017092024317,0.23630553138334126
164,-0.0049387531966634795,0.05896192642711544,0.09387093656776199,0.1362994130484132,0.16593377656832517,0.19560938556932686,0.1865018415710247,0.16108920648594424,0.16026257250544695,0.1532892771723612,0.16279510323140794,0.17886913281092298,0.1809316419088343,0.1701848180791031,0.1688922657212872,0.17514789634436526,0.19116346210701768,0.19251206127886802,0.19415924612589272,0.19624915255119066,0.19420161933802332,0.18864233564816307,0.186717291854187,0.1994430215976536,0.1874482848315285,0.18264228682987332,0.18104277098257018,0.20082704930770132,0.20413390455839797,0.2094247394914922,0.21403396864275767,0.2184089358268182,0.22370523325499228,0.22672585597836897,0.23211868638083427,0.2274148198545863,0.23131124165372474,0.24018078359822478,0.24959413507660927,0.2634243007696544,0.25421081237750615,0.2529348090573607,0.2545844837108675,0.2581698302615848,0.25648608894079655,0.2604131264627531,0.2718871682219169,0.2718149682227084,0.2771369363654989,0.2678674755507143,0.26347111324058015,0.26219985993480477,0.2594300419982133,0.25584884950554,0.2610941157108103,0.26574338049179425,0.26563787560619373,0.26033527688556807,0.26193026165014804,0.25357938488457177,0.2558669327479399,0.25559451532970945,0.2583792985674379,0.2582706340453566,0.26853271179618177,0.2729498943960335,0.2775729259876666,0.27163535857313664,0.27145253892480126,0.2689184778236345,0.2647319123469083,0.26111849814802,0.24301714328205107,0.24741597230156298,0.2409490752127781,0.2472116445095697,0.23131543987380984,0.2351402753874234,0.231777665058207,0.22525019173832436,0.22852285566475358,0.22736272462412174,0.22710706542459952,0.21867364225478753,0.23138704579865566,0.23221508097260266,0.23574826425210396,0.24094999920180665,0.2496680047001038,0.24194830158266847,0.24098093748428076,0.24338539814065147,0.24068396430483532,0.24096323000748146,0.23971954293463452,0.2451846537228283,0.25355396639170924,0.268783191945838,0.27685768501239577,0.26601852645444085
165,0.004598038523855218,0.03374680244862707,0.09420329883407808,0.18346879108060513,0.1711052708080038,0.15580172546740925,0.12842741645699549,0.09744973179782628,0.07155781447252406,0.0568734718002478,0.03276348426863387,0.03019335938728794,0.04603124562883294,0.03560241134675783,0.02935824159945388,0.02280744315613295,0.01590168577926224,0.017491319143109682,0.015033496136825395,0.009280838902571871,0.005281075812943868,0.007175264434117125,-0.003461433360910065,0.007994178101660995,0.01744252514332982,0.020538697067175246,0.012347770758339949,0.012937005147157872,0.011501976963033988,0.008166964987329358,-0.0025829559466345464,0.006572932951856502,0.01893678129732396,0.01590069473724573,0.009904512356122276,-0.0029164150866503947,0.001171553745553361,-0.0018466190979501273,-0.006968217779705907,-0.022230721015068556,-0.041104521322330285,-0.045412753737443336,-0.05179699319884747,-0.048039440184721054,-0.0429674704920335,-0.0377948911802767,-0.019166998708579745,-0.021947062108129235,-0.023038424537189045,-0.032765713058952886,-0.026545918927731383,-0.015160120374307078,-0.01121593923106064,-0.004205142387891072,0.0024083030448154926,0.010203592778725387,0.015113255486607063,0.012942771852344952,-0.003205792720786322,-0.002189927734460141,0.0024313507892552676,0.006126816123747747,0.011447387994785644,0.007682216537111799,0.005534378881001361,0.002196179401043701,0.007293976938555935,-0.011868705747054436,-0.01585030944360872,-0.009810391001512642,-0.012877343920969198,-0.011288039878708673,-0.010516278411398674,-0.014049789385647765,-0.024172551008356195,-0.010957532978504441,-0.009889932092883911,-0.006368584857509332,-0.010764298412251358,-0.015457141565071013,-0.02151899267529437,-0.010955180542042113,-4.7261987172603437E-4,-0.005270907348923815,-0.0067237386259132205,-0.024978162348283487,-0.029037206776423012,-0.026671357020986223,-0.03344959965852398,-0.04251243262735029,-0.04389695366644736,-0.025955759282483802,-0.02471016314958284,-0.03884460876080881,-0.03624658612018013,-0.02486829702844619,-0.02093421490073172,-0.011320202969644635,-0.023681890516445883,-0.02003358169548475
166,-0.007543651793536088,0.019260876443426042,0.03421069401640262,0.035863472366182925,0.06146145870116704,0.08396800722890141,0.051642024890798784,0.04365412829240583,0.07301503512746695,0.0745332734446716,0.08598116561888194,0.06802789103707421,0.07045388371680177,0.07055808619974738,0.07156123761111907,0.06585163516246725,0.04817587549108684,0.0543292680082053,0.04953178468315162,0.03146172209047557,0.03932401462947593,0.04988392954302013,0.05893440689347566,0.07477567178403484,0.042879746211820356,0.052169545777836286,0.08339304343907326,0.0754523618729645,0.09236287120225022,0.07877383731515358,0.05907367006863473,0.048108090025405593,0.04508646697398078,0.061222329568318246,0.0601958152344475,0.039287799299322905,0.022022022102075683,0.023130870073477645,0.01986703495309434,0.01912863278918229,0.02034880980714583,0.017154711476641143,0.0010532209945322162,0.012728613557565787,0.03179291472811231,0.03926834159029521,0.042634342402347,0.03812328378145203,0.036816931770170924,0.029483344247117977,0.03307118982931344,0.03638086279452734,0.047465919305809956,0.040158821466119383,0.04136720178498788,0.04066629696702666,0.03374267548364405,0.039070501059627755,0.03306825025863493,0.011570821977341763,0.00950862968005617,0.0214509479634598,0.010377925357772839,0.026208975632183967,0.018110051068664815,0.019989876121112696,0.02647664562679316,0.025448989821221173,0.03879249408610015,0.03820769530155884,0.04485994334948812,0.042128260638436325,0.031678648764538575,0.0354742464681717,0.045470194194464096,0.04648397799401883,0.04230728687326726,0.05223185475749581,0.06084310929028518,0.0566919309896137,0.05483805365750747,0.047586821967124535,0.040876618154527034,0.03958323596533658,0.03771926679298142,0.03285489837280335,0.03484051462352316,0.02632613534903707,0.033712805777763144,0.033356818052124676,0.0440344388747168,0.04166910679107823,0.02794662653080191,0.030070006377370884,0.034989048345674185,0.028473102889136646,0.025445507178409748,0.032962557321932186,0.03240941291061877,0.02083323198098945
167,-0.008167606465330091,0.01890595960272223,0.06833209342769236,0.14705341863191435,0.17289192863441913,0.19391233002709576,0.2041024514362001,0.18693556136436293,0.18497974400048556,0.1780372569749577,0.17339872718443125,0.20607809220568207,0.21082667034196034,0.22085029016928534,0.21022386577904723,0.21707718057686556,0.20574432880490887,0.20615642964666292,0.22772667817425726,0.2446241911024188,0.23289689007831524,0.2290492116121723,0.21695856817884718,0.21911717579024942,0.2110328043315243,0.19256844010991606,0.1940051857355495,0.19362301196043372,0.18404880344654767,0.16683046777571364,0.15525601458756447,0.14956212298035704,0.12959236226255075,0.13144422019530214,0.11924163334252434,0.1293574027511809,0.1336906680152034,0.11827947303732803,0.110023712875727,0.10901566475948372,0.11439430765810693,0.10447743127193142,0.09677320014775216,0.10078110350442429,0.10333799045270928,0.10368590903963419,0.09382732534172832,0.07405421782321722,0.08020873678864648,0.08284251051111287,0.08600381006628018,0.08312911230886126,0.08773022943563907,0.08648342322323913,0.07045474943401307,0.06879975627687564,0.0723685227544487,0.07637890285509558,0.07739683300453497,0.06538665446309067,0.058504348991619375,0.05809941639297338,0.0678447922458546,0.07957524335147405,0.08070038429664592,0.09562126007509521,0.09194322149701684,0.08862290450074442,0.10964930925840673,0.1340613322878212,0.12311668283234779,0.12722286561765936,0.12579394207500036,0.12978119842169045,0.12039485525285604,0.1180167369111069,0.11556324740040756,0.11259006750274483,0.11249928392423449,0.1278374045593588,0.12363796325237858,0.1349210808940018,0.12161677861744508,0.10080189819314475,0.0933405698133271,0.09131119881408498,0.09336547711152673,0.09604084892026675,0.1004647570974147,0.09871291686803144,0.09173109639852867,0.09271750513019365,0.08632900369863254,0.0821533690059701,0.09773740533020868,0.09788311325700311,0.09189739135204558,0.0863100934592361,0.06884288946772898,0.09152054085291429
168,-1.6459554096229426E-5,0.042911371901446095,0.10784254690303915,0.18116820056010044,0.2412651666411902,0.23806135671114304,0.22787188559782512,0.20709992447229944,0.20427979143780828,0.21026146131836643,0.1790346067341269,0.14874292461909583,0.13393192769745366,0.12025543206679531,0.10857859915945976,0.11000500819123063,0.10850622110345266,0.10505240162329288,0.11395720078481986,0.11159420777921075,0.10005470415522189,0.10116070445566089,0.07849216235781876,0.08655304366864652,0.08617142207521146,0.08480022123140378,0.0773006306845922,0.06692508805435843,0.04919749221008682,0.05371453717359568,0.03796957194473343,0.03156577481400606,0.018251411314113727,0.02182386350974798,0.011520461800437531,0.00852835874357534,-0.007596830488241129,0.004438103822186745,-0.005691266971682822,-0.010569749608551237,-0.0021735517191646798,0.0031559040978591064,-0.006294967362027424,0.0011025804912709269,-0.008968057654804846,-0.006628696272193706,-0.002174273631522656,0.01589811173600806,0.03091512164845673,0.0390201618991937,0.03681378357731098,0.032889723232974094,0.027450925507657507,0.02637105044171414,0.00948564888718254,-0.002597179080049532,-0.008812912127844238,-0.017549202273060723,-0.012857747217871926,-0.010018857978656466,0.004274083107589463,0.012623223871204882,0.007722577941940878,0.004604830296009065,0.006267909791767397,0.003840543176548746,0.003666631006551413,0.007117486813402854,0.010790110455611426,-0.004183976381961795,-0.00433387254019159,-0.004371172016442984,0.0119959095970246,0.02986559462261526,0.03127229309373857,0.045083919746116224,0.06209266816210456,0.0657218645869992,0.054685855946710105,0.049382430812117024,0.05444792309491107,0.04880800697116273,0.05835768904759907,0.05456390022136928,0.053871514267960545,0.07522451887955586,0.08234891286596166,0.09204671902957626,0.08170761706901479,0.0894282317513523,0.08038357674088034,0.07750718888611965,0.07652650929258538,0.07410790895179513,0.07237057945070562,0.06499837205768645,0.04750071484620329,0.062024929954287794,0.056021660520449934,0.05905938986698254
169,-0.0011908518572831914,0.030896180147400313,0.0981034928807361,0.1390820832155351,0.17564085863510545,0.1973497801850996,0.18994806447129448,0.19809112904479417,0.21816735486564995,0.2234228887497847,0.24667858606597928,0.25461497642882597,0.26922786671979665,0.270063897726597,0.2616336608002706,0.2513569101721627,0.25131601279620663,0.25072100832870114,0.23109801391821555,0.2261861481996216,0.226843639924852,0.22985084445902249,0.2419841019665708,0.24808390143257256,0.25997148140908233,0.242912759698955,0.24060225343839303,0.24776741594949264,0.24222479115572895,0.2606005143956393,0.2706258496860743,0.27310371495950003,0.2724102568953963,0.2743110336987472,0.2549701623950217,0.2583419983660683,0.2556458994921927,0.2667186031613984,0.27247197790267924,0.29204100600553456,0.3005902403872601,0.3043822219324501,0.31402431878500436,0.3353097037873489,0.35321212540939695,0.3534921400900622,0.3436341095977599,0.34994904395650145,0.3535097311484671,0.3443499679066984,0.34178522809326156,0.3255200901095296,0.31443759179885744,0.32545070661911885,0.3055749937055401,0.29906456365733114,0.30706538330638794,0.31508077613041857,0.3237021425361685,0.32107478058093497,0.33691532956332865,0.3343493875495398,0.34958956309740197,0.3498692531500018,0.3480662361420937,0.3470435583266967,0.32935892381835763,0.31773578987914614,0.3227926441036007,0.32868422635228034,0.3265421110513406,0.33751430186170417,0.32922650278969173,0.3190678868086298,0.3220548097486882,0.29699830302285923,0.29547181760489216,0.29726619767019696,0.289807881259768,0.2927168012613744,0.287892791696665,0.2980254215628388,0.29010515322755237,0.27769705222813834,0.28992778850275397,0.29006409241989956,0.28064298941252364,0.28923686514314534,0.28879809387400857,0.27410220079610303,0.2718585073663412,0.2578304259015466,0.25167069898012445,0.25804290689735226,0.2629927493553026,0.26266944392553515,0.268132646962741,0.2675882056142045,0.26741897613234467,0.28154875705428206
170,-0.0017073148572750874,0.044199952676774706,0.05491303682603827,0.05063738249659289,0.07574493878194487,0.08271758622509796,0.07617698149741649,0.09475729560563267,0.13526404645333126,0.15264113445400404,0.1453814844589616,0.16280400917814464,0.18933816957268373,0.1883303083751454,0.19026255230665523,0.18439551747181449,0.1874943930331593,0.18745772158244403,0.1778629142653506,0.17957961190165886,0.1683034816339718,0.17218951234271962,0.1680668305698152,0.17713981008165353,0.17469621109617336,0.177935247656419,0.1665433388769407,0.16369355527482618,0.1717143858010024,0.18805511523637172,0.1928745103401794,0.18696013414268153,0.1823274339137606,0.18311986934966668,0.1811000797613164,0.18101818272801157,0.19124694181046867,0.17620016296826474,0.17816257549809453,0.179855343169713,0.17261753685268386,0.1765821333946732,0.16169177023703135,0.15880244653968695,0.14350568141763898,0.15264708398465557,0.16405186699515642,0.14313974242245006,0.15036174088287058,0.15505529955446018,0.1265008890207043,0.14637346474588273,0.11013188127632435,0.1272963297286715,0.126881382010805,0.15070186025088145,0.14934729614251632,0.16771901324664043,0.1809048770521868,0.17726721929497302,0.18270834708547287,0.18295939863386937,0.1733413728804206,0.1687749118960515,0.16007811270893677,0.14252874202823027,0.13279427194997062,0.13891715878864855,0.14957158795213144,0.1348329597273299,0.13603083493416088,0.12126160050449297,0.13134808063768624,0.13548508218818514,0.12133220401049956,0.13017653049757102,0.13191450945958189,0.13573233739374438,0.13896561247686667,0.1450295423091238,0.15288300104995067,0.14805457097375913,0.14402885707732702,0.14448787495238855,0.1398470338560747,0.14650310076006667,0.14191817079503755,0.13411493707567523,0.15542834564842475,0.15296722444259023,0.16026028632289563,0.1579598145978807,0.163645229788675,0.17928871976159805,0.17517198857756022,0.16240798732394185,0.15114859129938515,0.15038858654074186,0.15891032147945952,0.157291450037364
171,0.010720582431585333,0.028582307638682497,0.02364837660562455,0.02696462446389155,0.044053198356803304,0.09487716307304722,0.1027923808360597,0.11130405512522684,0.11601704485994238,0.11576390459936967,0.10689120095562096,0.07494892179259471,0.07078852123893539,0.05215310266491136,0.05848571867334047,0.0754453889000075,0.05860995981186207,0.05312102206553857,0.07494913320459767,0.07929290131263998,0.08672693421762225,0.08006952999304094,0.0993414830571834,0.10876986325105314,0.09912601723956914,0.10457909083124078,0.09585667431030616,0.10258421253700205,0.09982535442551242,0.09590324624756519,0.09859531999600231,0.10529306859929236,0.10473525993128012,0.11236851990471008,0.11051864433891039,0.10683064173881128,0.09898192751787784,0.10334474850037793,0.10209448187721877,0.09453420338317674,0.10394835367565668,0.11229194446528735,0.11335248733650433,0.14010808155569474,0.14961882937725815,0.16474500767284087,0.17583295369124993,0.159496753465623,0.16243712970047294,0.15762306989347658,0.15381591606317896,0.16330607092050603,0.1691062877527829,0.1593737239790992,0.16976215831425023,0.17295110486851978,0.16422505166704127,0.16338975787530224,0.18066552777271663,0.1827309021950174,0.1707903203169246,0.15324821705234515,0.15878658273228705,0.1552147575343598,0.1599901377217307,0.1552306000483689,0.1577655887880652,0.16721715956194472,0.16395649430051926,0.177916704139082,0.1755367060467049,0.18018118687513307,0.18085751635652975,0.19194795690117294,0.19250284864940884,0.20687688163268703,0.2030535593547008,0.21027720381481516,0.21358468972484063,0.22150813711418485,0.20803666758218353,0.21213550801218012,0.21745727979223453,0.20215264616421658,0.20949956729753744,0.19990092065083334,0.18524176532584716,0.175056697665042,0.16892261173639367,0.19437089671683452,0.20193042229237645,0.20794164520368283,0.21180141675002395,0.21949170499877027,0.21566212337207893,0.21311916049980786,0.21947110062495556,0.22978150442575085,0.2353371615611837,0.24627641326264388
172,0.0035814526378319727,0.052832325025377366,0.10718418666956067,0.16901089422873705,0.25677684378366267,0.27293187676818903,0.2494723305160883,0.2484278403489767,0.2635977679558715,0.2566748262823272,0.2682557067688373,0.24747171707982357,0.2359700963902533,0.24032935282757614,0.24831258482161353,0.2515087861474511,0.2549105218906413,0.2638308673200615,0.2713273759185061,0.2795845786039745,0.2770936001181605,0.2755030748112869,0.24522314947369478,0.2695772163349737,0.2627952213387958,0.2629509020802768,0.27448321484710714,0.26216921015725503,0.2605578678752628,0.2669508081087983,0.2682664208211229,0.2731689698232793,0.2725348886313209,0.2752024410307609,0.263128975533377,0.25098604037368355,0.24667995531448778,0.2524816140112168,0.24924576565590192,0.25283620149617547,0.25936911078177594,0.2813423718514471,0.28757341686504573,0.29508955817111515,0.30168339507967956,0.30203190033463806,0.2948858461429584,0.27948601256680183,0.2770066888998769,0.2772104085638252,0.282482461427221,0.2723672109689643,0.2730055510267422,0.26570100927349544,0.2518330197569247,0.24423814310747172,0.24959897685680119,0.24994599049109106,0.2466015265271643,0.24920513545886408,0.23255744800056863,0.22948634785906472,0.23569411256119657,0.23706667820090865,0.24262506210037954,0.23221214542629862,0.22525925693109744,0.23123498063886422,0.2216311323485774,0.22074189259084534,0.22265201928431302,0.2333782659301015,0.23331361158631253,0.2481544856193601,0.2443873580940781,0.2525414082144103,0.25363266853817,0.2547157977571089,0.24976001816570545,0.24402656645144108,0.2455769584316538,0.23680831140131775,0.23507616435626708,0.23890735461599072,0.23915482478004566,0.2468153426676814,0.2401671630281827,0.2369282003753522,0.2327848771451359,0.21962669269552954,0.21785492895387723,0.2101764921590812,0.20397906984680061,0.2209305238740736,0.22804733781653108,0.23162009487060842,0.2275533573862753,0.23178061964726968,0.22590656820818056,0.228692938694621
173,-6.386724550723775E-4,0.08629860808467567,0.16108393789427045,0.2414911082068258,0.2908121509625937,0.29120432579889327,0.28627315652959573,0.24888296083494615,0.2357125947653537,0.23567641600644582,0.20768931545778763,0.19307963661113867,0.18450691020452162,0.17549437268309262,0.17522863896162025,0.16948660520147094,0.17202569092110742,0.16627513380730152,0.16364320487022754,0.17133282076582076,0.17263425903569882,0.1795439352606934,0.1740205893978279,0.17439818032881146,0.1813323744612475,0.1739482411202109,0.1812448708410069,0.18401473738424814,0.18485530967419184,0.17292829362386944,0.18133937053297292,0.19554868270232834,0.19317403403300407,0.18721039941241369,0.18528586438955652,0.1865294847084745,0.18078068177809875,0.1645724953469705,0.16130246642591048,0.17358809324476887,0.17657347337765103,0.17788267637162483,0.1900071004136286,0.18206750300611002,0.17549854915983298,0.16832470647020023,0.16127897061873636,0.1583710535426768,0.1622587365944491,0.16147219445950323,0.15399572631169658,0.15011707559481335,0.14589793286460034,0.16512300487167025,0.16845183308124712,0.17672876997470355,0.1737084931910847,0.17497465641052212,0.16870247576934058,0.16091893107333122,0.17365864853073051,0.17671021725746822,0.17367038519390185,0.1809471444455005,0.18362220398752627,0.17530394326047985,0.1647905702537976,0.1712406613529675,0.16814208635341632,0.16301924373620577,0.17016700885364058,0.17342832290759538,0.18143606091988634,0.18401903586340762,0.17709611940964287,0.16014702222471836,0.16084441355901136,0.15693339192462247,0.15592055354127,0.1575146402978671,0.1559816101744738,0.15223730577606853,0.15404988145641155,0.15686527756603783,0.14575144008667182,0.14949031304153856,0.13936533282196228,0.14532611677281593,0.14346290953481985,0.17039061596113364,0.16641801503548936,0.17314136703122412,0.16802725035808916,0.1657084297204435,0.1781725453932662,0.17616901285369507,0.16921800029728726,0.16112224544470707,0.14803356546122448,0.14397820476846154
174,0.0020235862576904167,0.044411988385043275,0.129929236099376,0.20426184856769494,0.23062376356891623,0.2644513138256691,0.31726120963536175,0.34864268419564054,0.3631977000910671,0.36687926865030235,0.3739760935781035,0.38894584913041297,0.3794876534292876,0.3687656210819209,0.3663914903581731,0.3617545136133735,0.34460608501953804,0.34255097681545676,0.32738799367624716,0.3261380565915224,0.338629701103413,0.33696689122673135,0.3329717324825191,0.3402323907275576,0.3367722849855817,0.3323750438739094,0.3375549946118035,0.32961772743578466,0.31438961592627934,0.310175172028066,0.29988826009403974,0.2982264010380675,0.29153483209813597,0.29990190069023587,0.3127903874890372,0.30902153310316127,0.3012601012326912,0.278983618680702,0.27107428070988016,0.2535392929457237,0.25237490294056353,0.25506331663757775,0.27563856375528845,0.27989825281333625,0.28673190102526847,0.284986140644297,0.28007318197001424,0.27640316789421737,0.26308731881267206,0.2677290402481981,0.26366292013091674,0.2608112314547653,0.2545155134496044,0.26157716160095634,0.26784991636520916,0.27220980444801784,0.28402217398035196,0.2833400356565453,0.2730236627977965,0.2723334773518867,0.26116692504452677,0.26936667829854544,0.2580884773543581,0.2543262001573468,0.2656372985806295,0.26631055964061034,0.2804860316302966,0.2810876796618151,0.27133967050709296,0.2638439174552458,0.27453874357379204,0.2791811715087617,0.2901012847737241,0.2841345552976075,0.2815125555914859,0.2658330062091538,0.2729163904681219,0.27177204395489907,0.27272028893391015,0.2725037062306192,0.29523433190607595,0.28658286739510475,0.28870078000971894,0.2933822794649703,0.2961074779824413,0.2982252418321881,0.3001181254066112,0.29598502065004084,0.28254106943251434,0.28610523185323583,0.2816303670673128,0.2697423977517601,0.2706944790386158,0.26819250502099834,0.2764779140333603,0.2754704260211417,0.2743797505831517,0.2825350523572123,0.2910718714848761,0.2858708110822051
175,-0.00362846908910796,0.04543355572300877,0.11435551196107335,0.18319098024776787,0.2325157258293326,0.2512269763693693,0.2851836260571321,0.2940035334598195,0.3254851538922056,0.35029315614667844,0.34934301325093486,0.3660713948642844,0.34600466725379364,0.35438530582324196,0.3570917194038165,0.3514928938027455,0.3496247260530878,0.35069691357804617,0.3402341341337718,0.3396896783358052,0.3375794784044717,0.3514410632700428,0.34288750935499307,0.34336723673869796,0.329212242784768,0.3439543399308406,0.34477567385244645,0.3493574843895741,0.38166914324877993,0.3819878786540336,0.39973154738549177,0.4015513120379835,0.3965512115569371,0.40178224508487664,0.39594805691331786,0.3970270953409496,0.40646621217485257,0.40954115383775275,0.40123070145354134,0.4006112061754329,0.4019814849073795,0.40762566974520553,0.39654311644917534,0.396160493976304,0.3885288261838021,0.3853811381005585,0.40722082275892807,0.4181224219541116,0.42489482634716835,0.43261797537076513,0.43007849110927554,0.4345994443684837,0.4338214668564695,0.44033617868512237,0.43647296451652823,0.43638814141184246,0.43439502440427313,0.3997648003499305,0.3668526805974583,0.3686097537102749,0.36461755195748713,0.36930900893144863,0.36928468547139454,0.3656998148584519,0.3793879332811235,0.380105625910468,0.36537116310919,0.3644427524050291,0.37322154588919176,0.3841665647436029,0.3809940646790585,0.3780632207564362,0.37918825563508074,0.3734132995234216,0.3905221344671249,0.379616426041592,0.38058981917273316,0.3821589958962114,0.38437234267183934,0.391263146539107,0.3948193893794089,0.38340728556576414,0.379339395318915,0.3757677484439394,0.3746958791996989,0.3717337087377857,0.3709080994386772,0.35917795526476665,0.365533577592694,0.36491223882023655,0.37270390688526156,0.37469560305679395,0.37903148116316,0.3929591867020566,0.3925452061438216,0.4100478892457949,0.412655532813284,0.39348283715022814,0.3851792217564762,0.37229049300200634
176,0.01112363227426078,0.043343283592259425,0.06480171102961235,0.11887750047399663,0.17768991375329166,0.24360687985373317,0.2742946592658134,0.3012531272338456,0.32411607180542484,0.31031877122032214,0.29259488217442065,0.304311931630553,0.30620507870695723,0.31507146230484734,0.30155388859811166,0.32042562013393755,0.29743639541634526,0.3001278688289477,0.2764083180180168,0.28933787576511416,0.27440171819931014,0.28500589510551816,0.27990423219882565,0.27946180500913553,0.28243925452235474,0.2793647596367669,0.2758836133070554,0.27203541844401535,0.2815230525663973,0.28278216746700496,0.272954877303619,0.27054326556106445,0.2685207926907561,0.27521235439309816,0.2789445007529756,0.28048903489725435,0.27396009938464383,0.26422009285638226,0.2697875371331596,0.27570829860709284,0.27608681579821953,0.28332615116063453,0.28554534676568255,0.2845360744447416,0.28983800062090403,0.28849308462010226,0.29756431955873114,0.30308603057242384,0.2963596997793551,0.29941034728697763,0.29912595891185356,0.2872880960550792,0.29159262758304294,0.2905103105863127,0.2936718025601194,0.29079774691699606,0.2927978336375705,0.2947560083062778,0.2990560972370314,0.28885658020701976,0.28045215680658386,0.29089045666068025,0.29904051782201574,0.295294232604808,0.29614706548045433,0.2915236844539307,0.2963132930907762,0.30163260676446196,0.2964255820168627,0.2961278644882229,0.3011689430038249,0.30837752964509413,0.3074382351287234,0.3029675460920095,0.2880814999031846,0.29457208489214076,0.28515819836312956,0.28410530115489274,0.3022362889052655,0.30054610582750924,0.3070128890936333,0.29204005419846757,0.2879691917334032,0.28420739315951865,0.28420830620254706,0.2866114510483832,0.2849509023811556,0.2895095283817079,0.28739608304481395,0.2857679235532917,0.2833169265290658,0.29143941467393986,0.30688790204494976,0.30430701723156345,0.3063784937011762,0.2965045003402353,0.2957295328961773,0.2846455161549507,0.29341054951079565,0.3002257418496941
177,-0.0035330102647232607,0.021423778225099225,0.05201124943965936,0.05718045972989449,0.05059969685843302,0.06366683128844623,0.07236740472707948,0.055113865131041856,0.051770648588095707,0.03781430348922062,0.025254765904605358,0.005642424720222554,0.004798149000678744,0.007592709164512239,0.017776727964283767,0.014323937184741975,0.01755926099340307,0.01833861911883661,-4.212984476644668E-4,8.255668858087345E-4,-0.010085979276971614,0.011533130595171312,0.0053697788749001015,0.021469387396077448,0.01964347588419032,0.02975241511873999,0.016604716965683396,0.010639178888933697,0.00767192513980697,-0.006262621916031647,0.00993823360261907,0.01394846172598723,0.020764632233413627,0.024723282911357943,0.03616219910222766,0.03343048349313603,0.020261992484267077,0.017075172723929125,0.005516593015694381,0.02094288274534511,0.037256831005373615,0.03185694794481994,0.021041936247446574,0.02132940578422065,0.021073864690151104,0.02711172079894154,0.03606154782474266,0.04032677917235773,0.03397243571978719,0.038515852484960526,0.0460543290198794,0.05734663223217905,0.038137543774538894,0.04256996913597226,0.036893298394451574,0.04352926419329432,0.054699942966630936,0.060996422199831216,0.04989528042102052,0.04188853729018271,0.03617444774520746,0.045090672539773634,0.045764545884879014,0.04257643323222562,0.04788444741833277,0.048125940229376336,0.0534701103494775,0.034043364513975584,0.03429555825050348,0.03961372093635708,0.045910129206798794,0.01527757788258763,0.025328015144459655,0.026670473635150422,0.009254945347274291,0.006895283649550285,7.514049015653837E-4,0.01167057153573489,0.00923576682061064,0.012317201828521576,0.025458429132672388,0.02769057132932035,0.0305939933354287,0.03749722324595261,0.04067605526295842,0.02556488020171991,0.018325520786617283,0.014499954532122349,0.005993065941341674,0.015239944593787226,0.006950576299948406,0.009844384516015216,0.003467085116773778,-0.0013231604865132978,5.595958256995878E-4,-0.008162639619094154,-0.012676013526584484,-0.015433939189418962,-0.007279642183062548,-0.005688621469352515
178,-0.005215612055279558,0.03971079480741688,0.07898784176536872,0.13677476100134953,0.14135685022399064,0.1634490067975193,0.16799017865095517,0.18601117546414309,0.20999840203165338,0.2189968031980922,0.25028104993002037,0.25771520437224765,0.2746609676074772,0.26956465782386085,0.2859421112621633,0.27998271761628923,0.2764463524606289,0.26927566376206186,0.2703613255577949,0.2708595326551837,0.27981521691903644,0.2863414140012523,0.28489597453304777,0.2929878241927975,0.27998819265820996,0.2973401168444668,0.3115356424643565,0.3178623864039432,0.3170495192243007,0.30814338272142733,0.3160082331338315,0.3162863258031835,0.3226882128389415,0.32822816094675716,0.31870412952152627,0.30636864485832704,0.3088714418627197,0.3259034274289388,0.3410436070619155,0.317079819601193,0.3184277929679987,0.3288713406683859,0.3350557907610313,0.31967741289690726,0.3085575637372619,0.30761513717087335,0.3187605498017641,0.32526161591332065,0.3218293044914393,0.31140517558145003,0.3116129578788817,0.3066878588286067,0.3088869866752165,0.29741872757680304,0.2883922654617648,0.30401173158352873,0.30754695271728516,0.30660269585559713,0.3012897508958079,0.30716360086277156,0.3117096311446901,0.31205959108816356,0.3184458951516686,0.32528404504923747,0.3120449154866084,0.31482111833362014,0.3145362462052312,0.31279215555237455,0.308587864269659,0.30607270713960116,0.31127852444305737,0.3051349862082343,0.30594694494525315,0.3067850731447438,0.3113473817495977,0.31928423773896064,0.30492032829940013,0.29894991262629306,0.28881150249413584,0.2880715251396926,0.2825207909059541,0.2836793141188611,0.2718800468442571,0.2652292128889436,0.26391841638235625,0.2637661249406929,0.2603803824986028,0.26593283725748207,0.26544098420637496,0.2613929010163208,0.24492904580822988,0.24191853364567223,0.25699002003485966,0.2558146070516991,0.2575872690911673,0.251909401724582,0.25670075027224243,0.25236347572529705,0.25572280252193774,0.2647994491627773
179,-0.0011835345860535084,0.049184402056148026,0.10079612507581542,0.211586007585467,0.3002903243150294,0.3578160363697647,0.40520531691619505,0.415976728515552,0.4182912004035289,0.41949297021261683,0.41455295363236283,0.4141549207580945,0.42973183239747387,0.42628619397365625,0.42688696347938093,0.4475257687476524,0.469885087501872,0.46490061520496667,0.45315188173780685,0.4537580808326608,0.44520796308473515,0.4344854140975225,0.4380736647685626,0.43405816616501025,0.4159731021413112,0.41489752122441154,0.4201009301408514,0.4091372764161717,0.40462188116648595,0.40261506190861857,0.409925309532654,0.41678061560445623,0.4108723865978224,0.4123036757792999,0.4122658791918903,0.39970425715439134,0.40090850812063017,0.3917119276627667,0.3824368218334171,0.368607626994652,0.3784615645658813,0.38909044966404016,0.3811582902209079,0.37641088980039583,0.3746150277747106,0.3682673605411169,0.3747917898366851,0.38020658415938,0.38919252742729443,0.3877962841136721,0.3828740112262765,0.3839251215546095,0.38362785720195913,0.39976308456754306,0.4008318017991209,0.3988826493142139,0.40905559139482506,0.4230179442305317,0.42260572455187,0.42438995929592166,0.41993661398204263,0.4060251724005304,0.4055906556849693,0.40588488533404,0.3973139135137517,0.40310736817618215,0.41025608328345553,0.420429089350979,0.4204540431576079,0.42415684115268143,0.42484631682285273,0.42617476190413967,0.4375049244251311,0.44305995561967476,0.4382215642675798,0.43954207654587507,0.4269994372413354,0.4067982525224275,0.4169791736559661,0.4185933612491376,0.41201112869508905,0.41083553837614756,0.4124927858620364,0.42066017244935794,0.4178105526636162,0.4048626506833625,0.40471373452310383,0.4133957276472538,0.4274111184109065,0.4145949276773525,0.407290156149531,0.39504323275365677,0.41024063485457335,0.41556505625007517,0.42179112252556744,0.41567170743041504,0.4064502100036867,0.4066638191663977,0.3952057052750252,0.3948648239875424
180,0.007982029191724454,0.07075800931330326,0.14863198599761143,0.23104070389349757,0.3160357329241581,0.3474757394918456,0.41409563591434057,0.42488351629389925,0.4420779831101619,0.4469361991903033,0.44839288583361764,0.4546709889054995,0.4677648888054269,0.46781188616883546,0.46589477738130575,0.4725171381367326,0.47179966960981085,0.4660497295609191,0.4772631991242297,0.4909326624215351,0.5059028386526525,0.49203958240166584,0.4965590443827362,0.512010307101273,0.5175449701505459,0.5288448535826599,0.5147031227010985,0.5189764863003162,0.5052185406478275,0.49682334854386817,0.49178322635973915,0.49748732698121634,0.5041352599561861,0.49615727165681744,0.4958582178123425,0.49097876660524187,0.4741643355430448,0.4719453865538433,0.4667228411377318,0.4732917079223556,0.47073565506902637,0.4788460809031385,0.4715059146794322,0.4702075872151197,0.4552912875444758,0.4415854558074247,0.43736420913083207,0.4438059689289398,0.44264752132729757,0.45115241101042336,0.46260911522542125,0.4735525429655446,0.4844449950441895,0.49384677266270743,0.5029665117777092,0.5118041642672932,0.5062282121080731,0.5009276751100069,0.4962800963581976,0.4920635900681247,0.4988424990722045,0.508084615407882,0.5070447703738824,0.5215234161581713,0.5281688269188168,0.5239971734769003,0.5182055640893802,0.5141150601179214,0.5134236057305573,0.5056216784646841,0.5036237971707925,0.5081681434291272,0.513649414662342,0.5019749508743161,0.49632124211036943,0.4825104509849314,0.5014453661610913,0.49858006354068757,0.4788701875647278,0.4806190993053361,0.46946832662266047,0.47698651117972185,0.47489893888947904,0.47379822683147255,0.463466894451777,0.4542071859121922,0.4682606326020995,0.47823301899086657,0.4732606715749339,0.4684282789568226,0.47166744001314803,0.4907978020418794,0.5025748363221573,0.5025198277490749,0.4879658737696553,0.4858375254487975,0.4807746881943723,0.4838891774459103,0.47600595404536483,0.47982559856348594
181,0.001397483599168319,0.04471970378517638,0.10227702007226137,0.14029922149211121,0.1577043395853649,0.18003130916381718,0.18748962704575764,0.16940479131888822,0.1744674551024129,0.19308678047142197,0.1832939771677154,0.19349818680914904,0.1889401600131596,0.2108686230759662,0.21003142919382456,0.203949898682599,0.20311922588699324,0.21082850727820002,0.21436136744149534,0.20931722407334813,0.22725912195834969,0.23728024573910364,0.2222035589175345,0.21025505307967168,0.23549015296664488,0.22313306311283754,0.22798679724955256,0.21016763362528607,0.20830745452676788,0.20188198815448888,0.19926133214370836,0.20704662714610272,0.21027686240769738,0.20576041830674197,0.18012045329628734,0.17891875014127048,0.18114756958738135,0.1903181986965695,0.18586369000163258,0.19455502948520312,0.21134185727423418,0.209793843813397,0.20341559353160168,0.21168107308690096,0.2319854854232165,0.2390200430283732,0.23766182188962856,0.22917158614683505,0.22680666634876062,0.23148898805038812,0.23322810916650696,0.2396639024261096,0.24524741356379576,0.23634302788139497,0.24297142255642903,0.2448704346865284,0.23914871019805478,0.23865998040014502,0.2471015322071413,0.24522918798268264,0.23370421125758864,0.2319282318668195,0.23247431805114194,0.2324941315730295,0.23636833559589138,0.23247156036294062,0.22026276960174482,0.205679254984002,0.21521727745797342,0.21931312386381538,0.22750341277130862,0.21974283526552313,0.20597362969088384,0.20259132705709576,0.209182164607535,0.21269076027363115,0.20830272338040698,0.21328588844521928,0.19978880302256705,0.1787355072224519,0.18955148686757556,0.17891661776080994,0.18602474060634722,0.18285599962651933,0.1917801301940349,0.18547064485689943,0.19053029783377448,0.20074313247014186,0.19870399927607188,0.18997430821809314,0.20388685673411747,0.21245041689886354,0.19989281890693594,0.20680806817170494,0.20825360381930844,0.21333008288247085,0.2194125225855638,0.2205188977195873,0.21970570870330794,0.2050231892681911
182,-0.009930874355094129,0.0012857902116401928,0.008203396040080206,0.03530597334768328,0.07159269935259309,0.14054820429402523,0.1877623204262284,0.20353897124530915,0.2708220351698337,0.2673005330656308,0.3095547474329617,0.3097479294405786,0.34665665676994367,0.3695624134286604,0.3721625041595291,0.368607820971305,0.36017949827619655,0.3697683789774571,0.3632443912350927,0.3708853887630697,0.36363847625588547,0.3541419340577493,0.3606332034392703,0.3681415505012605,0.36125834498735926,0.3784427570209201,0.3647696778254049,0.3672073762192645,0.3681618962093035,0.3884339983174183,0.38552340437085947,0.3716233647669561,0.3722103302446558,0.3697277018267418,0.36501552968387413,0.3644641820769807,0.3766319975671719,0.3801196185151971,0.382685019308879,0.3851132852686293,0.3937366606350864,0.3925541191068122,0.40082569547969976,0.4009558808299509,0.4044017456157092,0.3963844950572017,0.40130687069384996,0.3849024736349058,0.3829898679853301,0.3770495782622352,0.3645967499689652,0.37533661188977974,0.36334798637319926,0.3743809917912634,0.3698171741370885,0.3683804973439125,0.3705991757263568,0.3802456135873142,0.3740235547476072,0.388253381303862,0.38964457652053724,0.3884673856477858,0.3885481916297911,0.3888605675762652,0.374098245012385,0.3727486014057473,0.3736234355692369,0.3707918061997805,0.3683476950507114,0.3761684947901935,0.3796195737228746,0.37500269353737153,0.36650286766116275,0.36507702113420165,0.3543916668735362,0.3576223002472732,0.3339911977268442,0.32793154658375256,0.342288637533475,0.3394818237282763,0.3365494995070286,0.35071412707125077,0.35725378433144483,0.36764871951986433,0.369794927108734,0.36327919204222137,0.38368932431479463,0.38720760238230345,0.38158896359222383,0.37255438111721384,0.3567565447814333,0.3483969904686889,0.34594188645334484,0.3430660111932646,0.3441133001986193,0.3406553816364537,0.34200077048012206,0.34637871840222273,0.36463702847876844,0.3521768806070671
183,-0.011397668877980422,-0.010074915520045968,-0.01082339891026913,-0.013089721325024072,-0.015506384945265166,-0.02629154669761004,-0.028599981050522083,-0.025552494969659532,-0.02959245452252152,-0.030084844693053933,-0.038112833942459984,-0.04121631173091373,-0.04099032662353233,-0.038956874659405914,-0.0381108868447877,-0.035572291852453,-0.032049656207730856,-0.033553825965598125,-0.028621571227251355,-0.031151984694946663,-0.03010263848969834,-0.03096968606038715,-0.026548320539696472,-0.031004615754734406,-0.03268476709087404,-0.03492089190244105,-0.031095156493583884,-0.018094456665476984,-0.02539958341532697,-0.023078169378393486,-0.0039057804503508553,0.013406652662590004,0.030977851362115786,0.06221625345421214,0.07081336591495498,0.07933834751351748,0.0777938452242207,0.07574345018114972,0.08113896696742222,0.06562428779583093,0.0497854213340498,0.04973141172082019,0.05915186328056084,0.07561214162472281,0.06645018118328712,0.0806278023453228,0.08063205276685212,0.090956742330257,0.10025284572284486,0.1090947173046327,0.10332704795895975,0.10032026136372942,0.10709127799730492,0.11140557185310768,0.1116875428357656,0.10630351270417124,0.12919968426531855,0.1426830802440265,0.12631873102080873,0.1296024866630746,0.14394699888829016,0.14030956671522954,0.12712675937985637,0.14512709674348437,0.15908500569061018,0.16576798834151327,0.1399987781796488,0.14417067499755504,0.16009478103729957,0.1425419907336546,0.14585069436243514,0.14469041382927958,0.14677010477111593,0.14880026003872918,0.16433226674386997,0.17243828502868858,0.16861582369285208,0.1690053933641282,0.1654682068526993,0.16609848695194432,0.1678661968840542,0.17459442535967576,0.1786006239495698,0.174555271538681,0.1684844090582101,0.16459782099829734,0.15320075324322419,0.15906306924170846,0.15931414168141256,0.16184214256237525,0.16937826705952708,0.16562177390525773,0.17168844874017314,0.18171082397243246,0.17304438813374023,0.16326194064275287,0.17825307958491024,0.18436091626578777,0.1859706340104981,0.1938007406722458
184,0.021021730901729044,0.11021055610385824,0.17854429161018331,0.1904464230436341,0.1710867675779026,0.1543035760600885,0.134649666137878,0.13358809029418592,0.1233226200792036,0.1254448433958509,0.12626555613201332,0.12733463035588877,0.11303480317418467,0.11603855357256009,0.12475315920006652,0.1298765592451917,0.13418133665659127,0.1336800008653631,0.1357977367306278,0.13156268884248842,0.1277344490301327,0.09095244934376706,0.08481724549400735,0.0875690824386099,0.07597382490658675,0.06345232385616763,0.04125161563833345,0.050506134460009004,0.053541569535313985,0.04154417964191915,0.037966820107027295,0.03361327528993365,0.02714105334798882,0.024665467370006456,0.034797469064985084,0.037184798153974116,0.05103522107467623,0.03726327287675744,0.04361750352619084,0.07273154627367809,0.07048974894210701,0.07697931196258202,0.07479376485357321,0.07527110899090858,0.0731275442515779,0.075183482833945,0.07618796726111704,0.06896800687894156,0.061078033644945545,0.060248901042095175,0.06209537370820817,0.05846622713069797,0.061891328836772494,0.07294101346016328,0.07378971331246457,0.06146973038439621,0.06533630682776041,0.05109214588470885,0.05162027072657274,0.05708019080039556,0.06572513568168653,0.04593832768218457,0.052009219405543386,0.056212825979560496,0.05727197539814687,0.05783213038468348,0.0545210997808475,0.06502569144022102,0.0657561530514087,0.07465620899288294,0.07055200725061256,0.06531294390738368,0.04716548969317044,0.040784332186205946,0.035488012623037364,0.017938127706955843,0.025770812977580285,0.03604424795438451,0.03162550606991247,0.016383072021984767,0.006595296234488033,0.014130358850698606,0.025682078452020213,0.03072435510768598,0.03472030517439204,0.03331847990184306,0.02519958801907291,0.03037571819896344,0.040387447994199466,0.04230781467263177,0.0403024717938707,0.045285774078032796,0.051454524603630675,0.050658093892491304,0.06267137760071739,0.06546045725420208,0.059965989018796524,0.06579424932708065,0.06559069897246572,0.044344135874888106
185,-0.0016886916241604644,0.05627081589187928,0.12038297594183103,0.14490094613240131,0.21887330056634968,0.25840509502316567,0.26596663936468534,0.2717780812128602,0.27218100374300436,0.27788183870463995,0.29344056789698886,0.3042516763892137,0.3089401357753334,0.3037755636458837,0.299316023642311,0.29420515722033164,0.28230248218960935,0.2925543587854008,0.300411442150832,0.2976662477851023,0.301177066748104,0.3091805600279122,0.31449342652249535,0.32574607236607145,0.3137804168790122,0.32310663151605934,0.3387405039053536,0.3420181249015028,0.3311282776296386,0.3449877510719965,0.34466285023544485,0.3480677286328922,0.3478080790354296,0.3497027867662725,0.3452517846264169,0.3407585699395878,0.3488883776820098,0.34594944572387637,0.35023177151697055,0.3620824429803616,0.36545382742278276,0.38566903931064905,0.3958510500428965,0.4113026776786268,0.40444746691562855,0.4020227930739895,0.40184136445016966,0.4012983506483662,0.3860499178511961,0.3896585539736154,0.3768132753270264,0.3718238542099816,0.3684000489878712,0.3622707836258414,0.3488213318073738,0.3488509722125989,0.3390759214962957,0.3231526939574414,0.323992292777547,0.32358331373127114,0.3259259179632393,0.3383195938542815,0.32441501340936996,0.33496996054320954,0.3498907329609699,0.35668228264008883,0.3694892417141935,0.37675382933437773,0.3790728080249705,0.37548836944563113,0.3876436891952399,0.38002082644242835,0.3717648290225705,0.3683953028884997,0.3660796285728269,0.3757640065270882,0.37961212097683145,0.379269491813979,0.39436181653476415,0.39249547919737543,0.3918136366164472,0.38429075975006916,0.3852580060039966,0.37163652873685243,0.37263892083801226,0.3668949032113723,0.3796649182008057,0.380481524105397,0.3919987415972773,0.39398133213690434,0.40155367711692436,0.40369510506301254,0.4063677715779802,0.412483161305769,0.41005466957449516,0.41173118638703327,0.4066968354276619,0.3938204418236154,0.3904634598664125,0.3852292847829802
186,-0.0022577936520588333,0.03813438020833125,0.07141068483702982,0.16390230151666738,0.17718356312547368,0.16099336162830055,0.1740264255185934,0.15005876743365154,0.15539380789774093,0.1450429723386063,0.12141780534615293,0.11964765426456965,0.12300852272767875,0.12034978693225579,0.13819818747184717,0.11737104878183527,0.13255536703822962,0.1332281528062009,0.1393834630835359,0.15200595286310184,0.13963199008903607,0.11247250758720906,0.10763806635515491,0.11887220473660402,0.11880237881211123,0.11199378909523164,0.11099754648463088,0.10912296761786683,0.10946350674075418,0.11081513209934223,0.1073185407418122,0.10921399832702755,0.1040353559235976,0.10809089271088558,0.09943090541080352,0.09354586637127676,0.10089957660591496,0.10689329749773564,0.12866266084026767,0.1135033857226223,0.11544573124423753,0.1328394234462559,0.12893256974053602,0.11585331308982053,0.12151711998169613,0.11352159013585802,0.11141966835672559,0.11592462601639551,0.11490428847127974,0.11373284382996582,0.11127017584739989,0.12904826929967575,0.14179075174200367,0.1462906110926618,0.13743561372992746,0.1303652288228513,0.1317684676783385,0.1321898067589553,0.13105252963098765,0.13015400229855442,0.13009658367773896,0.13881751758075592,0.1561383888338186,0.16134114943081113,0.15248212923725962,0.16431095964957976,0.15823668092954846,0.15089053727601884,0.1527403540293418,0.14652486361384745,0.1510268086304224,0.15542349894277702,0.15402633561367093,0.16485567871138251,0.16527510843095553,0.16905754888295146,0.16197691757770735,0.13448882752027544,0.15201577749140222,0.14999133487448382,0.14206836153410277,0.13103158904019088,0.12788923744504438,0.12940451954248114,0.1279591142111647,0.11767389984597405,0.11836464481066815,0.1189300112576467,0.11251458275648321,0.10762677238061089,0.10069944293851017,0.08216443335373032,0.07486011805106285,0.06775246237215493,0.06571474675237864,0.07392193714254316,0.0706497141783271,0.07573430158809363,0.08506523778962602,0.07894823287057333
187,0.004476514204091241,0.052200220195317275,0.09365056207741337,0.1328337319684865,0.19443440767523396,0.2201216684695185,0.24498850036246406,0.2559602796227217,0.2675322779640142,0.28144547005812953,0.28116066955889196,0.28298044002950834,0.2817171260451766,0.2717697413901462,0.28868818612325886,0.267070371050025,0.2665090526518321,0.2562122125597864,0.242047522127919,0.24660359510679492,0.23698247395005823,0.23744490862255913,0.2362535230574423,0.22523631193995466,0.21814599551000996,0.23583565528941436,0.24217576027007184,0.2505955792355572,0.25207829586570574,0.23896734999394958,0.24823948926145092,0.2467794947615291,0.2561791469256143,0.27244406382242625,0.27567354698843105,0.28205736718889757,0.27017715698571954,0.27115431688651603,0.2829682513640205,0.2683004721016995,0.2879798400785819,0.2874836068254577,0.2985282681769235,0.3006880183919457,0.2885701634681606,0.2980678322641447,0.28977525167958745,0.2894385709793303,0.27821853350153997,0.2773523116004067,0.2811253813568816,0.29747897345440066,0.3148619584843704,0.3208087805043831,0.32296709892209613,0.30907259630923284,0.29280517154164404,0.28455907736705144,0.29370078926737864,0.2990624794059811,0.32447875355513617,0.3279007667332921,0.32800233437720583,0.32418036112006987,0.32561702568044765,0.3311263510326896,0.3404836981879867,0.33937528812048867,0.337755016966844,0.3319583936538777,0.3416526050005113,0.3450501921357942,0.34761102457759996,0.3433121840717307,0.3372567911239873,0.3236726351966408,0.3215005729952301,0.3297721294162164,0.3237403144209223,0.31901932711180886,0.31992612765645617,0.3221798183183045,0.31337467052146967,0.30564204617330093,0.3150043999607906,0.31149183248170315,0.3118367124502641,0.2967670363043675,0.2958091363835261,0.3228878958705201,0.32350712479822946,0.33183701068659116,0.33978221108381956,0.3413287899053219,0.3449525150005888,0.3477940587735144,0.3488775736593558,0.3379059604129829,0.3312344584695863,0.33970043774014824
188,0.005069003092281013,0.06915944416120368,0.14152870214151403,0.22104589935666547,0.24666222675529664,0.2503857051405332,0.28474283116698057,0.26661922332957205,0.2643179925975277,0.27145072537042764,0.27915980159706244,0.28933674885776856,0.28565817460855925,0.2846960786403396,0.2724039885561005,0.25907420885137,0.2669231456031483,0.2570380268470883,0.25054263244308045,0.25823357647636686,0.2639311151217075,0.2586579397416662,0.2572165953537522,0.2708325430433881,0.27074497213971926,0.279679484266668,0.2669530462332954,0.2682171060165181,0.27092616300939176,0.26869740012370275,0.25472648108640894,0.24971082142686754,0.25975159450845076,0.26498175778971556,0.2775730788958031,0.2842743417020345,0.28344328913151545,0.28441857910888063,0.2804059064052944,0.2851771204179323,0.2765876065636302,0.28834537485006423,0.2801083567974423,0.27932684254500645,0.28103963378153324,0.28352510861864244,0.29321300376508413,0.3040412524886051,0.3098432869419694,0.3085612293031964,0.3091612103208357,0.3166672846363394,0.31995640382101587,0.32620689232322886,0.3142820911473122,0.31934567196321667,0.3162116604295362,0.31581281295816516,0.30521019836872015,0.3008274018956404,0.3064653756455826,0.30230941164620606,0.3112511542139935,0.3078494802458654,0.3141832387806358,0.313080209149487,0.3130412806623346,0.31416530407667187,0.3062047150939733,0.3063234420853684,0.3115325316146414,0.30843917857697944,0.31733379570920767,0.32193756737052803,0.31581094700856466,0.3229898802501592,0.31807345390858294,0.31390516939059604,0.30406656150293815,0.30523713638907374,0.29454104778776996,0.29065661594678094,0.2892025077627891,0.29339397506140175,0.2976343551344148,0.294632910980551,0.30614817974419634,0.30308204704241365,0.3024020805742237,0.30574116725703865,0.30635151075177286,0.29659989690841704,0.3092609895721138,0.3032603157054471,0.3038097547463268,0.3035265081238821,0.2988995420449677,0.31127794349924676,0.30752378775954886,0.3084320568568031
189,-0.010299191163131525,-0.012999010917724619,-0.013510540456055174,-0.013338797096739732,-0.00996199330295993,-0.010176026867370552,-0.0019887397123296937,0.007194265459354821,0.03358954808170933,0.0980378554041671,0.1939441413639457,0.23152306011087415,0.23122511393059317,0.25927916285454067,0.27562799790735104,0.29358177827316906,0.29669498648779835,0.30038756182263204,0.3126509607068166,0.31770801875766375,0.3097862068390024,0.31234693694495436,0.299621476657082,0.29446953571780476,0.3021940720455977,0.28925505350925584,0.2925636839693054,0.2837902098120146,0.28568507550946726,0.2846378872028389,0.2813489044520603,0.2910092749093058,0.28499610105716,0.27988447586499343,0.2832188160105114,0.27684772862917906,0.28325506198093464,0.2892817422089617,0.2751075067484515,0.2730877279608323,0.2752178781387851,0.2723367573003153,0.2748833299237415,0.27668423002184245,0.283378789153888,0.27099071728628416,0.27374309486521414,0.28763318254914316,0.2939278496791013,0.29405363282050767,0.3011304725566437,0.29775396995484643,0.2873454242027533,0.29361421815379346,0.2883681113520609,0.29005206280909696,0.2903250476241921,0.28277459218917234,0.2890195228293401,0.292280969733783,0.283479934661109,0.30608203665467754,0.3111568857976605,0.3113276882078446,0.3098064189162322,0.2970131654092909,0.2996849503598181,0.28893515549245447,0.28889888904761035,0.28852419504825927,0.2809951483639808,0.2923234204287623,0.3019699893694527,0.3003841557421156,0.29351843522773363,0.28476763680829115,0.29687299849571974,0.31117517775268083,0.3189783200926282,0.3181554137079778,0.3150195415495032,0.3161187294598165,0.32595150254667254,0.3316890270547625,0.3245827664031556,0.3287613828318567,0.3267308685720882,0.3158341092342133,0.3276155260182226,0.3205533447276994,0.3194530879362365,0.31254412728293846,0.3284596458660666,0.3350807476329311,0.3370523241982479,0.32854350778971164,0.3294361797891085,0.32919823952330984,0.3356386681193703,0.33794076498447956
190,0.009911274174915073,0.10878882515157709,0.20752480957808206,0.27960732675558825,0.3199193593911096,0.3356757730652089,0.2934354480153212,0.29580403947083395,0.2742950719469349,0.2522911553466002,0.26744279802976473,0.27781593381747177,0.2818052847174316,0.27477789679615733,0.2612055453002667,0.24675698657357445,0.24647376068178029,0.24393195382575839,0.24222383787847593,0.2516629503801397,0.24591040836477546,0.2519662246502657,0.2489031275321367,0.25445257306322755,0.25511635954380496,0.23531211133815957,0.23746341954526393,0.23023953292072727,0.23141558812375979,0.2206104472533594,0.21677047268596006,0.20901568037178184,0.21554614258901478,0.21672785064388767,0.24144645247714844,0.24564890190490066,0.26326013214136523,0.26782548831063474,0.25969985094549153,0.2605282839950929,0.2622302311194202,0.28651454947288774,0.29830046293284934,0.30446506447719957,0.30335888186187304,0.31114675091147975,0.30141863075009634,0.2975846351079442,0.2978632920617193,0.30745092026370663,0.3004600929962279,0.3059167211900174,0.2990664365041203,0.2833232978719965,0.27444666094086273,0.2706254794076504,0.27059040147507984,0.2626876980876129,0.26474928262738273,0.26516507589494387,0.26665099978294543,0.26213520439671567,0.261279271484546,0.2585942381164874,0.26418120180906873,0.26509152253586854,0.26917479914198755,0.2648770802653972,0.2674020354718663,0.2595527418706707,0.2546367372434883,0.2604310554427755,0.24639801809209408,0.2496750850218827,0.2562600249081031,0.257763232328277,0.26092514079832463,0.26215918374935177,0.252713165246222,0.2534091711270155,0.2528803322542091,0.2527646068792191,0.2573086501071015,0.24009092713587002,0.24013334031136768,0.24567696169092632,0.2604122308001502,0.26893437179642615,0.2679447896034933,0.26134566030104417,0.2629085072659156,0.2611158598190793,0.26387303133996765,0.26164984556323573,0.2596936275988677,0.26447372866460667,0.25773812786379335,0.26646810326592396,0.2714464215914674,0.26938765596592706
191,0.004979363797158393,0.07640630804324833,0.18758716856731636,0.24483862659647115,0.34982729665982354,0.3809138141077623,0.4126958429452877,0.42075579122696843,0.4378900860803111,0.45108596889151487,0.45384550178070077,0.4562436584293622,0.470660231245618,0.4721480774728143,0.48011265227146843,0.477245639904017,0.4797853388098414,0.48566655249219826,0.48160860446521303,0.4814030169099247,0.48169568088258946,0.4695515041756702,0.4634504770311172,0.46412695342113613,0.4634103522090102,0.45807867061511925,0.4731466787277082,0.4713865927496436,0.4735950459993052,0.4729755210746383,0.4616129831207183,0.45266602271280987,0.4509421564670275,0.45800956126474773,0.45662264721756224,0.4584794275321427,0.4589135906094425,0.4537630298792558,0.4466762070002735,0.4490664306880718,0.44827584761810924,0.4523800097306261,0.4455285518177589,0.4491945391065439,0.45926508937793886,0.4636603791799173,0.4625580554687454,0.4552160352980573,0.4665778911953398,0.4516014942545186,0.46344483320687024,0.4583055179948316,0.45499136503956317,0.45338698481491974,0.4524010725783986,0.4481594187654226,0.4451176931091048,0.4285213905436265,0.43358279346485973,0.4272037259831739,0.4333057023244791,0.43050809751072905,0.43210314104965664,0.43246131474108035,0.4284062243181541,0.4406985399279632,0.4438768660679567,0.44454702135671154,0.44355974696222833,0.4437074386768694,0.4520614322681269,0.4556259876060874,0.4567545604214614,0.4610539602509624,0.4564893194955955,0.45330317527713343,0.4523885643343249,0.4586184443025174,0.4468873684654575,0.44043119982233714,0.44594206821909466,0.44411723288239585,0.43749668594800084,0.4402764063124603,0.44086329998202883,0.44013614157518,0.4492382881503736,0.44541935318069437,0.42431499796479755,0.42520417652183334,0.4286652969693192,0.43225391481712544,0.4333170133701975,0.42669569923876627,0.43638667249086366,0.44130650621685186,0.4345464810997882,0.425191365574235,0.41751286107042346,0.41405162130466944
192,0.01002537533325564,0.04396325011164917,0.09284796206974023,0.14510731634840068,0.19831727288328843,0.2471117677498763,0.2925783300199777,0.29007459692198906,0.3027667036802874,0.2854025780723592,0.2925944697380839,0.2928174362340079,0.29405942666900353,0.2941572091212857,0.2868968884003718,0.2870205487174316,0.30460356116309756,0.2988432644403877,0.2963776197831356,0.291597984364905,0.29755920077534,0.2989540112785532,0.29585544144238257,0.2999174566969499,0.30817788311991057,0.29544215096603926,0.2893033294865308,0.302379598163109,0.3092259438661763,0.30567384109409784,0.30392682833227264,0.3133045845493182,0.30118826581714225,0.2826233755495188,0.2853404129654861,0.28334705054723863,0.2828734931340169,0.27210751736552463,0.2845157980501021,0.28072883532693327,0.26970013694009554,0.2673913965651652,0.27165352023066786,0.2643931041027657,0.2621690116843678,0.2551468062338948,0.2515236339920162,0.2556648213395285,0.252686022297355,0.26367858659547605,0.2575385524712777,0.2619031201778271,0.2634645577460974,0.26067753785832926,0.26315044040167945,0.26220972384537133,0.25299877341146115,0.270412418130073,0.2799140466449843,0.28761528517475093,0.2869067746476296,0.2681760300730837,0.2624890262367732,0.27739747236288204,0.2833283984338247,0.28243875586343165,0.2872071924317982,0.28811055503813987,0.28719532767721756,0.2742965734627543,0.26339343344584326,0.2575565886428769,0.2611148776896462,0.2553596706059909,0.2582046526652042,0.2727495121484107,0.27592093349346547,0.27505625797784367,0.28511456275911984,0.29045675193973,0.28970860019537176,0.28391564740248826,0.29159864344174397,0.284559965723781,0.2978720880172874,0.27923526595665255,0.271894561099769,0.266051821618204,0.26429791957606363,0.26350535386055607,0.27937265401218214,0.2807765444928742,0.2919800902181453,0.2994225354553876,0.2996603840739693,0.3086842653241087,0.3086766775595066,0.30263300287779893,0.3133124089489725,0.3056477555235627
193,0.006871937311325971,0.05412410632336107,0.1301925725110566,0.23422826698175733,0.28867427020087405,0.32067232284563346,0.3266651553369809,0.3327487718938615,0.3322249018386487,0.3463760707814674,0.3539394759274051,0.34841466783905034,0.3522986466301712,0.3499495275476431,0.35073733231711623,0.3378671416959317,0.32422746517211337,0.3256542718277715,0.328847152629989,0.337324163372198,0.32412782306675064,0.3089841716145948,0.3070896813968253,0.320713788100315,0.3168547873911973,0.3087431900056689,0.31094561422376,0.3149794198860929,0.3175903492160115,0.3069342382386667,0.2940196989498956,0.29287477873992634,0.30272234487239424,0.29466984031608673,0.29922123856163696,0.29796403919103637,0.30792479832603814,0.2999929770067208,0.30775225742555085,0.30984987322762825,0.3076326710032391,0.3018575556149261,0.29010739460608037,0.29671492089556417,0.2903774420486892,0.29204412168579474,0.28540936999346966,0.29532941874014296,0.28963939608172223,0.2813392494389054,0.29105647750685554,0.2900834614285868,0.29672203340439823,0.2978771050582762,0.2909586821922856,0.2986098759813698,0.29583090406946316,0.2974298239821344,0.2952612737812077,0.2981071284904534,0.3011365460497928,0.3020188140510927,0.30469072471060205,0.298478596656852,0.3112945671090986,0.2993583014255736,0.29973430344171054,0.29728557494602426,0.3090705242621556,0.3140902161824364,0.3070205293608214,0.2933977867402075,0.2927925966285325,0.2816563161896734,0.273650287224547,0.28937874878298886,0.29731587170691426,0.303858443340801,0.311514405815437,0.3150451931657745,0.310378094033863,0.30933339931438897,0.30486096492481424,0.3175691718720296,0.33234772040578575,0.31462188918219447,0.31404518363635936,0.31075127658932516,0.3013644024314464,0.303409101106061,0.289752912348456,0.2964577826690838,0.31149897574697816,0.30584201484877516,0.30754683144096384,0.30271428426442687,0.29858459554485595,0.29513087709380115,0.2879719200322727,0.30271917636702866
194,-0.0057329144020510205,0.0027131501737712766,0.012448915427568139,0.0353529296657574,0.05598527222125761,0.10672339255054357,0.13691081093118446,0.18196868185409354,0.20317539248571578,0.2254372570105386,0.22291187504486626,0.22159644277979257,0.19828425373539438,0.19006729392378902,0.19966106244411055,0.19476541170290562,0.19687482079270813,0.18129541925120438,0.20109051064512604,0.20183300023533232,0.1972428898139909,0.17771557147179892,0.17696408043054235,0.16339986567876746,0.15848696854831792,0.140019797046367,0.11992274131828327,0.11297382293752334,0.10462888825282271,0.1063344050843628,0.10639517457360662,0.0785253900532219,0.08377909312131364,0.09099149511039309,0.08318509743127125,0.07632738581428163,0.060674860869321924,0.058722861464569745,0.08023459441341314,0.09746454718811252,0.0966818157270585,0.09511461695345078,0.09072901155397994,0.07683975045736038,0.09546525327729999,0.11178469368472678,0.11739768375277629,0.1287912427386777,0.1400599355624297,0.12800225968794096,0.13105973230380652,0.13115597795584352,0.1260102371172411,0.1252570731980002,0.11742094512810704,0.12121906683177253,0.1263328158517158,0.144556982883575,0.15362078168775387,0.15565270405831044,0.13727159071305928,0.11327156886196754,0.11336287546728002,0.111328879442815,0.08702684536241403,0.08855856985258587,0.08059404663761839,0.0881041412124132,0.0892667170964539,0.06961143703550825,0.07409892639000844,0.06666203264690157,0.06575627009887555,0.04632911062786635,0.05139873107303185,0.06030281138862405,0.06353071520074956,0.06665526713591027,0.09522313869457649,0.08664214682646804,0.09475304859640915,0.11544896657806569,0.11896576040274078,0.12165495437545677,0.12544714678055585,0.13044208813858693,0.13060222116239906,0.11124957868595028,0.11323675289350416,0.1148521782204138,0.11687660198594818,0.11236322131533218,0.12149796227361007,0.11367042909736319,0.10427222428435318,0.11699474902175493,0.11970628342799997,0.11986122885213907,0.11864794501982776,0.1208149827685461
195,-0.011809022627499655,1.7379266042030038E-4,-0.011868564666938381,0.0053658880474489945,-0.006950782767689505,-0.015428717858651244,0.005368706053004072,0.006453829718257455,-0.021976015100549626,-0.032717478836966185,-0.037861087588427676,-0.04698275391792354,-0.035679184787455805,-0.011898802508123061,-0.004416231494295772,-0.014116503306362325,-0.019107661022876334,-0.043657501900468076,-0.041836001134075165,-0.04574906362014125,-0.03796669360103438,-0.042436348139133606,-0.015591538175484499,-0.01965776626811996,-0.014766916795799391,-0.01767244687475926,-0.030493399524491892,-0.033285329457159576,-0.009657088889823718,-0.0075261594287242125,-0.015937593522054858,-0.013508094437699092,-0.012124113603878247,0.003347613408055383,0.007000551432191304,0.008067667208464436,-0.012558687724319315,-0.020783766493076943,-0.018199550360685914,-0.02299795168800462,-0.013858749386656755,-0.0036084309627600663,-0.012921640181385155,-0.008734304422544687,-0.003675417517352702,0.006679882604162881,0.0025231118700711087,-0.01847015550173708,-0.030173316718734043,-0.0065390592709089045,0.007907625812139217,0.004799851631375197,-0.015641666017156622,-0.021357825264159143,-0.008678590215319032,0.018828055350189374,0.027210525165660852,0.035522747743626244,0.037106231511806906,0.021371996839591238,0.016660968777555546,0.017716242894659347,0.03239385483305953,0.03736062876730131,0.04737470387595129,0.03821500424213676,0.026563216333005794,0.030225781012153737,0.035187972159025895,0.04559078973272139,0.04279619640029459,0.04279202217292056,0.03787982704341217,0.027165173660911042,0.00901719694043035,0.002894165159183522,-0.005919890037114115,-0.018056183120809463,-0.021744777324243535,-0.02383415160586385,-0.029677229852523447,-0.027647515847857435,-0.022716924831269934,-0.027038713397247283,-0.020603047620175122,-0.016995242993414178,-0.04217979732459034,-0.04017059279496574,-0.031027854524975394,-0.03322024819685588,-0.025560661860834614,-0.021000001845662343,-0.036390229182530806,-0.04661515341552982,-0.053519697024755716,-0.05611426126579392,-0.06343883500374836,-0.04754003152684607,-0.04116363899192998,-0.04573313298313386
196,-0.006327065023753053,0.02649285867278978,0.03372499028627963,0.06472890275956447,0.021717333886741495,0.04491874707399377,0.03106106820608921,-0.00307858125356678,-0.025188567806023673,-0.04243952648822406,-0.05355967338836659,-0.035720681894752915,-0.035981033641987625,-0.030000710165344807,-0.03942301600889738,-0.0772287036784332,-0.10327557253087223,-0.12011314705857129,-0.13142822988039873,-0.1359297918201236,-0.14865227905827455,-0.14482609468284888,-0.13679582240503022,-0.12307972827993091,-0.1314309178352781,-0.14861744827893317,-0.14437205856176943,-0.14054000974861114,-0.1435553005640407,-0.13549307003516817,-0.13056435953080597,-0.11537103657013369,-0.10983330707912042,-0.11908623184613043,-0.11502820783120278,-0.10277334399820423,-0.11897506328933692,-0.1334630068554671,-0.12999602025872106,-0.1335430390637943,-0.12432994118697233,-0.11170512779469383,-0.1225565232527598,-0.1325187535978199,-0.1375643533742976,-0.13208085659479088,-0.13087598234433812,-0.12888374714292686,-0.11183312627444143,-0.10978277792497268,-0.11383258558591443,-0.12304758997447268,-0.1296283508892031,-0.13098544341097268,-0.1404553210632707,-0.13762197222897857,-0.12575869181365204,-0.11522226844679491,-0.11099311924516057,-0.11777015346667831,-0.11671900283212766,-0.11193182939920975,-0.11608663485832313,-0.12396021814956741,-0.12109717493810582,-0.1357528123117507,-0.13143496544180147,-0.12933628834458388,-0.1451949630791522,-0.14155035620888534,-0.14726386514165055,-0.15528931324958226,-0.16627994996445186,-0.1639907419888336,-0.16919236435652876,-0.16529336832313468,-0.16021279069282066,-0.15797392545026312,-0.16214259313038093,-0.1615421594466509,-0.1594361562921212,-0.15590830579606504,-0.1628524526041167,-0.15959600474890814,-0.16565761420703443,-0.18509695927636727,-0.1951972387225592,-0.19377957341110918,-0.19349045018636482,-0.1900362383040002,-0.1813568271669272,-0.1866200666487114,-0.18706399160162504,-0.1819637083261301,-0.1860134917534138,-0.18397390713797715,-0.1871488751418036,-0.1796541825455688,-0.1742750775398313,-0.17122236359583842
197,-0.004821353176119503,0.02423531624114369,0.04963987797509353,0.07955565683289809,0.14100215575378908,0.14953414262348946,0.17447331904065524,0.20829361003888358,0.23020092054056704,0.23863589446614086,0.22824057479660184,0.24702254811816926,0.25289695798796585,0.24941112886332015,0.250822703826194,0.2663876104067357,0.2718125386948289,0.2713472099803094,0.2718089151323018,0.26493810761557884,0.269515248891853,0.27666350010431573,0.2690092682140603,0.2695422033846533,0.2701335946679534,0.28352802499835594,0.28016115050506973,0.27952233424181755,0.2712559672201079,0.2617050224709926,0.26764094549878836,0.29311296589479213,0.30081439926166587,0.30324322566547773,0.2863876246921782,0.29075492569771777,0.30736168240457346,0.2981185132832727,0.2889046813441261,0.29521511162344494,0.2964461112573089,0.3082081307123811,0.3192128222935045,0.3177251921825267,0.3207023621780473,0.30158853944881825,0.2903201361970391,0.2928350176192329,0.2834780648270536,0.2847699442508283,0.28798466400779726,0.2937644311449906,0.28211096463622076,0.27474179971786716,0.2814920083387758,0.29249131910761406,0.29452320648418495,0.2828190353781173,0.2765613662504081,0.2726280857385834,0.28332785060235255,0.2827156349125346,0.2857546808275713,0.30039850164513826,0.3015191549320556,0.30053354863554804,0.29177642914123575,0.3011950563446913,0.3102671336566924,0.30475900332462147,0.29210356338077825,0.30040402083110784,0.2964658973495575,0.30633828515924816,0.30765812543659515,0.3114976800973276,0.3020533097269375,0.29235501320066626,0.28902996766463385,0.2768666994817497,0.27646947544978734,0.26869508866298697,0.2709367196058783,0.27276980852788824,0.2795400721612784,0.27438171655495236,0.26765019129801954,0.2724818429176668,0.27573244069117403,0.27938440390751995,0.27110176931448515,0.2746433856228703,0.2870399236779953,0.284506375715771,0.284583411600028,0.2801894599494179,0.271177763338574,0.2527066271191126,0.26243922348381266,0.2775611876836056
198,-0.014469551820608635,0.008455692351798234,0.045985156622527536,0.08906162162876197,0.1299708665976125,0.07927379500219152,0.03624667355914006,0.001701703405082031,-0.02625931925907229,-0.03386846781092157,-0.0529285388045252,-0.061410411027600906,-0.09275682970327798,-0.10417724471937108,-0.1214713068202943,-0.13058638829676278,-0.15883898398968227,-0.18156056373453316,-0.16957372407383148,-0.16660830100795973,-0.16650353724501119,-0.1630483965780659,-0.1544325933253818,-0.15716430117088337,-0.15823750971526088,-0.1684170714689734,-0.1770835026524265,-0.16723926596127023,-0.1655593531261899,-0.16278848465037066,-0.1497319804373685,-0.13287786926697173,-0.11065344787898974,-0.1260352267250653,-0.1511112471731119,-0.1483286837482953,-0.14866800703427874,-0.15960911972307723,-0.1733287368531821,-0.1743872732702812,-0.17280353315149222,-0.15982810700795927,-0.15425428563995308,-0.16230952718710992,-0.16736405652193131,-0.16792637542591848,-0.16762718936862908,-0.172786973175624,-0.16966359445220405,-0.1893754128251136,-0.19182599267657263,-0.19169021916062065,-0.18888252311202233,-0.1962972722086275,-0.19156121185105437,-0.19107786901779852,-0.1865043740806712,-0.19060488396203046,-0.19312829314222324,-0.19297943011719806,-0.17745600906091774,-0.17741068926657383,-0.17801038158419874,-0.18036365786454486,-0.1837708347014728,-0.18585044220974975,-0.20114373181352757,-0.20445986277808342,-0.19963292927702977,-0.19813635756764483,-0.19356052756384134,-0.18214767561523904,-0.18112134997226723,-0.18298094256728764,-0.1791021458031643,-0.17642914093700288,-0.1748977313697921,-0.1720132602500147,-0.17383743500261406,-0.1823865172396978,-0.18935046849338022,-0.199227164720713,-0.2024221437660461,-0.1976926076086746,-0.19656913385124342,-0.1851675589520549,-0.20571095820086469,-0.21782227356997808,-0.22565655893796913,-0.21495917666162798,-0.18154614478231612,-0.19398893633076933,-0.19248564266824159,-0.1881795842168293,-0.1934178188920644,-0.19478801832123993,-0.19697990868683657,-0.20308349661232433,-0.21603710489282157,-0.2279747310468695
199,-0.005882451408557636,0.011908596170127118,0.04584339977890761,0.09830781638218568,0.16674751984967692,0.2314874545160357,0.29458670756604693,0.3220425852161813,0.3297786969470123,0.3509897555157106,0.35321492599525767,0.34324778454936805,0.3409660377682125,0.333089438351276,0.3316343666714973,0.32154747480513174,0.3169944314733377,0.32611922705622065,0.32690048438969815,0.33754532903243367,0.34632441969702976,0.3377868497448653,0.33776172906822005,0.3467612437007264,0.34965670253162984,0.3483729660389674,0.33883823613788516,0.3376504288347062,0.33991065640910667,0.32832109265249926,0.32867313156955824,0.3231409937141405,0.31791176476071586,0.29931062987235735,0.3103620328618825,0.3079519109964028,0.30205846059115565,0.28312732271606555,0.2807885181198321,0.27516293115294177,0.2639013002270259,0.2613635330224196,0.24667942929997722,0.22729963393288627,0.2344236138034055,0.23255132559689226,0.22182749976035296,0.20147249841715648,0.1955444518952983,0.21093039956276274,0.2069109729342701,0.2144024338432986,0.21502159761556347,0.21817549556473015,0.2178929448087657,0.20233274714111815,0.19704734518257172,0.19664800684783273,0.20164117816362168,0.19945951803170509,0.2102267559869296,0.22731282827782523,0.23004706143653497,0.21884856568385744,0.2044615057716383,0.22862170785032299,0.22664977624427454,0.21829302527914954,0.22539250895634652,0.2136351914642818,0.22516363193968103,0.21174729482057336,0.21903685565616673,0.2113245602182004,0.2111811119032759,0.21382524731958646,0.22264907682434265,0.22032555843418655,0.22994228417887208,0.22280745709849467,0.230666456752749,0.22453165621993773,0.22304276028101852,0.22605604940482624,0.22663010643921352,0.2270830381971246,0.2143669417220948,0.2098953930158057,0.20237929607010266,0.2047577223881366,0.20901869231875864,0.21381932313952998,0.2284818152381841,0.2280106979673441,0.23586796411583968,0.22894802346883458,0.22957737361735092,0.23481175192406586,0.2403048144841793,0.2341549840936225
