id,intention_0,intention_1,intention_2,intention_3,intention_4,intention_5,intention_6,intention_7,intention_8,intention_9,intention_10,intention_11,intention_12,intention_13,intention_14,intention_15,intention_16,intention_17,intention_18,intention_19,intention_20,intention_21,intention_22,intention_23,intention_24,intention_25,intention_26,intention_27,intention_28,intention_29,intention_30,intention_31,intention_32,intention_33,intention_34,intention_35,intention_36,intention_37,intention_38,intention_39,intention_40,intention_41,intention_42,intention_43,intention_44,intention_45,intention_46,intention_47,intention_48,intention_49,intention_50,intention_51,intention_52,intention_53,intention_54,intention_55,intention_56,intention_57,intention_58,intention_59,intention_60,intention_61,intention_62,intention_63,intention_64,intention_65,intention_66,intention_67,intention_68,intention_69,intention_70,intention_71,intention_72,intention_73,intention_74,intention_75,intention_76,intention_77,intention_78,intention_79,intention_80,intention_81,intention_82,intention_83,intention_84,intention_85,intention_86,intention_87,intention_88,intention_89,intention_90,intention_91,intention_92,intention_93,intention_94,intention_95,intention_96,intention_97,intention_98,intention_99
300,0.02990718152923054,0.13927545174559547,0.3656616600084311,0.6225451762299145,0.7771745600227677,0.8448458511189118,0.8834444643785107,0.8972368873356257,0.906673452730929,0.9073632207199357,0.9103533704503307,0.9112572398610673,0.9135936665573484,0.912583136597511,0.9138242998642571,0.9131166445457715,0.9115548367410596,0.9152272673331653,0.9135526041538921,0.9137112821616066,0.9133630172302979,0.9148196725622206,0.917950452126324,0.914710381434034,0.9181583307755047,0.9199259677902308,0.9263957326995192,0.9300560696998366,0.9323199340059216,0.927038535157528,0.9283478573198463,0.928306700750749,0.9277317087073481,0.9261161912367121,0.9303171094798696,0.9320804640283784,0.9331709873351959,0.9334660007750305,0.9335626389651093,0.9314564168831763,0.9337397096950197,0.9336227197099245,0.9348607099900665,0.9350025670633835,0.9326158935569586,0.9362682890474621,0.9361876825616053,0.9355953470311725,0.9352913513111509,0.9357778808521505,0.9354918402534104,0.9363569319665257,0.9387595868028314,0.9399637111334254,0.9374273406315484,0.9386509701162348,0.9409833084108792,0.9408215134330584,0.9428837717673639,0.9410189225621992,0.9418200317579177,0.9408635088609908,0.9415712449268164,0.9401191224349028,0.9424022137691449,0.9394486470356727,0.9389057448214118,0.9377089936362693,0.936725265686547,0.9373020502519313,0.9408647840951729,0.9400517703648161,0.9403868306702107,0.9399204155949977,0.9423719110679544,0.9414499899589152,0.9404601465134624,0.9400114033729821,0.9425909180345196,0.943381677737057,0.9416972152739411,0.9429656280946478,0.9426708645202291,0.9419523807597754,0.9424551936819843,0.9456250719160073,0.9477506741525724,0.9469300184092332,0.946447847229536,0.9440102470292782,0.9447076581692541,0.9440734493507551,0.9434834270893091,0.9445618028715983,0.9452514606459806,0.9456948229961677,0.9459042656638605,0.9495329064457368,0.9479797984831173,0.9484519998868215
301,0.04246871728230998,0.1845827869607544,0.4184589954736852,0.6656631164763428,0.8079278290640639,0.8782563595291554,0.9124918031332497,0.9231953642201554,0.9319481206605144,0.9319973921617204,0.9332588617180743,0.9324412868282108,0.9325886213292103,0.9330604082876427,0.9333152517956909,0.9362743007941269,0.9380463816236386,0.9385407630525041,0.9382931708867985,0.9387589154232662,0.9398850292601487,0.9449675590240613,0.944875648808245,0.9443654426242571,0.9444139659357179,0.9425698775633272,0.946465465009494,0.9463663401883349,0.9478241727282816,0.9461349488567273,0.9429701057356255,0.9455202661074479,0.9449944693723543,0.9448067935149019,0.9447687885855001,0.9464289149064555,0.9471345706302837,0.9478978250637631,0.9486555626033888,0.9519174272329555,0.9516627441369812,0.9513476708224142,0.9517732382398754,0.9515449348459919,0.9527031764438085,0.9523359256015448,0.9525793724189222,0.9526452806019133,0.951772580679702,0.9515315065977297,0.9489780351353906,0.9504796427226059,0.9530466233130431,0.9510646231286694,0.952976697836457,0.954240600315477,0.9526732449735238,0.9518736084760306,0.9523066827467865,0.9511958728283963,0.9522242350407994,0.9524829186018795,0.9530563299620741,0.951746679365069,0.9512947707274034,0.9523876422053338,0.9531710688463109,0.9526242962173608,0.9524444772763633,0.9528192798413297,0.9532181241973937,0.9521765542353715,0.953048918413105,0.952800942972217,0.9527499187613492,0.9506109913444568,0.9513590464761722,0.950745119117476,0.951250330137849,0.9524733591184618,0.9506477550026076,0.9507192017195986,0.9505711912910989,0.9518273279729352,0.953580970376622,0.9518939746927734,0.9534936914347995,0.9547653556332034,0.9544769038114685,0.9547135124824557,0.9521692791973616,0.9508698765975339,0.9515185794010688,0.9528406083009284,0.9524907138081466,0.950851275885375,0.9516771278425152,0.951783847438607,0.9517387222983917,0.9523645360259104
302,0.03498296476392928,0.18969551133990292,0.4446477155097922,0.6809096461460338,0.8153602462900581,0.870003741536863,0.889324140633279,0.8974202781821442,0.9012628488713164,0.9004404331073802,0.8987680842921675,0.902578192173105,0.9006121976420819,0.8985504770613982,0.8980067424347609,0.8978204908437357,0.8987301581951495,0.8988771729873534,0.898856074407583,0.8979013708541368,0.8995033706047285,0.8985736480161536,0.9009377070009619,0.9114043731251588,0.9119230268417248,0.9073685125612038,0.9121602324438733,0.9150547249428432,0.9117606037057291,0.9123914754918176,0.9154788181762187,0.9130227403510353,0.9109849764011066,0.9164114362784129,0.916396853007732,0.9170298181913474,0.9167888614503066,0.9137691576030796,0.9187589440988733,0.9202726944678454,0.9212617797985118,0.9168841041956871,0.9161623197290285,0.9182722154428232,0.9196135520497202,0.9242184766284345,0.9234835517827713,0.9202907964194108,0.9177196926268448,0.9193502716810689,0.9222130132432556,0.9257053136633718,0.9222368404639825,0.923230662707039,0.9203665954373532,0.9214750675366769,0.9203820056482159,0.9218520942936729,0.9231460676114291,0.921210813401735,0.924538458366211,0.9224009243939422,0.921567357801561,0.9252583894919922,0.9236000395462638,0.9293244558083564,0.9246946420788817,0.9275933450357026,0.9303521204842508,0.9273897747317864,0.9256983012499562,0.9261882020225417,0.9263484606437453,0.9252248667296112,0.9214418899107126,0.9203863394624632,0.926358760040005,0.9265534040061257,0.9283364892311782,0.9280931811413465,0.9251792265886876,0.9288044805925698,0.9285683269767869,0.925843228143179,0.9288890141383623,0.9286791544642569,0.9370180102885847,0.9377655194969067,0.9393037114913034,0.9398059536572941,0.9398028511940926,0.9411478130500909,0.9394023351498446,0.9433215842564359,0.9439629692565817,0.9434021446937819,0.9449702764598586,0.9441924741301456,0.9440513157660735,0.9448866398358388
303,0.030108788298551868,0.13418557895756406,0.3859653979706219,0.6320404300510848,0.791724455411581,0.8615275549301245,0.8956576506100886,0.906876479987107,0.9149700619778451,0.9128333938625097,0.9148262471577143,0.920672475486775,0.9201822267980995,0.9223735973247642,0.9220883770039973,0.9263470688264593,0.9233999556642353,0.9240063829625049,0.9232841864294058,0.9214095285190256,0.923956848236125,0.9239238245474357,0.9215781854623103,0.9191819497140119,0.9226510909880541,0.9250374865490975,0.9313634591495555,0.9312737269841004,0.9336792590971534,0.9339524961603243,0.9349616382652256,0.937153108640177,0.9379538085507254,0.9360546552601166,0.9378117540671659,0.9379056045783178,0.9365279536256484,0.9361302584514287,0.9379581612916184,0.9359933296871246,0.935909990416343,0.9363088835145476,0.9362147979032481,0.9401607455111812,0.9402966020248119,0.9394699406966761,0.9382091000078767,0.9378884737458821,0.9379412244889926,0.9370469385450569,0.9377294979768329,0.9369771378739964,0.9373112552209948,0.9386398408296273,0.939275423616013,0.9382914001828013,0.9386023248976155,0.9377736825949361,0.9361517645599635,0.9361978041419557,0.9382005715024117,0.9371956104591233,0.9348178294878022,0.9346710506091399,0.9346214992187595,0.9358678749940572,0.9330072103432063,0.9323313147636427,0.9310342038885409,0.9300226458324182,0.9302259431781106,0.9311116709599965,0.9292007369931062,0.9305069728930904,0.9336627645029517,0.9333081250300872,0.937607817116358,0.9397406701488822,0.9377608152006961,0.937450462900147,0.9383176090952248,0.9419272507001203,0.9418178367117005,0.9421393747895526,0.9433935417035765,0.9412901980624355,0.9420265317565473,0.9437286464186849,0.9436515484610918,0.943293654650159,0.9431565274050552,0.9419061239225154,0.939283827130041,0.9394486063006785,0.9407749872887033,0.9401935919432525,0.9385182794036507,0.93827852330036,0.9396721835844383,0.9367014522387788
304,0.03233175187659071,0.15065577335528904,0.3803774757168935,0.6026457720192433,0.752016004839887,0.8239984314672988,0.8558672167848475,0.8893705822906024,0.8982543328814974,0.8916214938521706,0.8849671768059096,0.8897382010471179,0.8876302594924936,0.8892893222022696,0.8873155908515793,0.8839496766207208,0.8835168156671677,0.8795312823916511,0.8760774792787612,0.8785924088210514,0.8799809316161195,0.882172411430551,0.8794720281308918,0.8787152195660033,0.8817209947487954,0.8873179687167543,0.8888985284733983,0.8941331858909888,0.8965093623034592,0.8984680605310021,0.8961154395755462,0.9041946797364752,0.9037655034061112,0.9088946645207436,0.9143576798927312,0.9230380614787866,0.9219691951184088,0.9176418269155425,0.9177663131726752,0.9172440046144784,0.9125379655256869,0.9118838418959387,0.9119804117468726,0.9090190569449179,0.9062950034723631,0.9078188130350824,0.9092884341844863,0.9096664791622405,0.9095632806163514,0.9108128414759471,0.9118096653244652,0.9123614084022654,0.912221751038879,0.9132599228805833,0.9144636583559728,0.9172707026276753,0.9185953270612053,0.919097736448316,0.9184729794620489,0.9272666801458892,0.9274198247010662,0.9280075516992607,0.9275491628957682,0.9280693468391719,0.9308796444603626,0.9304404176618922,0.93141213135833,0.933094643454414,0.9345125316463998,0.9372839648230078,0.9354418519195378,0.9347147774509724,0.9330083473894177,0.9339221262464329,0.9311912829602157,0.9298943672103043,0.9298518750810306,0.9318079028366568,0.9314896139847886,0.9305278229039315,0.9304112087796781,0.9302512532349858,0.9302868219302853,0.9307215143037135,0.9301219452770355,0.9293355551414347,0.9312022594562736,0.9308067895371336,0.9324025354928968,0.9311305501017918,0.9301255246640607,0.9302289419359805,0.9302433012265573,0.9368402637882489,0.9392135216436108,0.9446873222924873,0.9409137729261197,0.9372982155847335,0.9322191750434585,0.9318599067426936
305,0.030230532011742032,0.11158410603865977,0.3197708636000257,0.5597037070934321,0.7553920444955763,0.8433681536683321,0.8746269743347957,0.8913949362138545,0.9032950344349073,0.9075397714953808,0.9106856889613567,0.9120522792295723,0.9121527225883339,0.9133852186319433,0.9163694303712464,0.9066602967226001,0.9094374927171668,0.9059474552209913,0.9049621318628611,0.9067543967865341,0.9091098153117296,0.910655278554334,0.9131188685202142,0.9187848433697983,0.919078806329432,0.9186508142001845,0.9221636320426808,0.9224445575386325,0.922509964731266,0.9199775999386607,0.924137112365469,0.9206916830363389,0.9246637050203337,0.919653027072394,0.919538662335023,0.924046267608668,0.920579681533349,0.9186512987930623,0.9163761029116297,0.9156379746556614,0.9166059786535043,0.9224965602445161,0.9233441508042342,0.9237115764141046,0.9235319895372333,0.921936733164335,0.9216306155939953,0.9173550955290831,0.9213669788824664,0.9223529891920874,0.9251892805258438,0.9266663605737012,0.9282294138874907,0.9290894516575728,0.9310852473237157,0.9327979686222211,0.9333631331417142,0.9330611977883321,0.9333216544663991,0.9315153280486322,0.9336491357818241,0.9340836985837093,0.9337003346246598,0.9338319830275255,0.9314127869468548,0.9356191733512617,0.9334829640909276,0.9355284702541994,0.936212886968595,0.9368044386749499,0.9367969881082066,0.9377641167329008,0.9375583068258212,0.93914652278878,0.9347515371772873,0.9337294391012609,0.9333620333786373,0.9349686969026942,0.937715237220023,0.9375843232150152,0.9401304105859265,0.9408981711037511,0.9402894906215273,0.9389626104174078,0.9410658009126844,0.9397399232899926,0.9395373073216297,0.9390506026016723,0.9361045829430193,0.9375400103342189,0.9340020329169962,0.9357161035060351,0.9343431557087694,0.9352084214554982,0.9379928837571887,0.9377231078144466,0.9375000232275532,0.9376681645840985,0.9367524297572792,0.9344725624118665
306,0.036572537659202264,0.1249136883434509,0.3223450776462288,0.6137867811830802,0.7901101038216437,0.8742377511739708,0.9115701977933353,0.9362405885931799,0.9480033974887188,0.9526839899498188,0.9552130997455888,0.9570851920708823,0.9572349697438078,0.9579450506500156,0.9579606029788944,0.959415743314269,0.9609819427050104,0.9604905498699948,0.9610047094513493,0.9607460996921106,0.9610342953802997,0.9612162333242573,0.960960714196242,0.9627155117647922,0.9625051396437441,0.9652959276185537,0.9642802919251297,0.961737897622801,0.9607998918810265,0.9612862158652676,0.9603205112430492,0.9608386004254119,0.9612660846969079,0.9615905043375619,0.9617196474737121,0.9627130187023247,0.9631496529101323,0.961421363592368,0.9623256118404339,0.9630316071099813,0.9622818555151078,0.9615087183847539,0.9611344133282587,0.9591067009071669,0.9585560073737962,0.9596837340323645,0.9610359344718415,0.9615161669909194,0.9617016479974393,0.962134480655572,0.9618684221891582,0.9614672538251898,0.9616182063977449,0.9604917537329658,0.9629213534361388,0.9639174083467636,0.9619176833501356,0.9602517920787064,0.9598051921740647,0.9608704356165572,0.9602838138540996,0.9593566083533157,0.960888213128955,0.9625537651513736,0.9622637967911716,0.9619862247818923,0.9621601149320742,0.9622380441568664,0.9616169221295617,0.9616063225396002,0.96200561499996,0.9610018772889675,0.9604060128021428,0.9609176420343217,0.9614159186043377,0.9607949335344043,0.9625377585522464,0.9629345824293357,0.9622842861426152,0.9640371512419289,0.9634460194175961,0.9643071678507467,0.9640341372238556,0.9645281453829283,0.9652803458855361,0.9673147398831877,0.9658811705180309,0.9632478520924128,0.9627941896029891,0.961690911299608,0.96104256662842,0.9608157921380134,0.9611967776319825,0.9611138931416576,0.9607968702903671,0.9608436147834664,0.9615076445492176,0.9609344145402392,0.9614495027782861,0.9608580682892749
307,0.018117641836740216,0.08492831992884715,0.2341571813667645,0.49309532561729064,0.7107979504888098,0.8162585173429092,0.8680788025016893,0.8929082071250316,0.9058099348319653,0.9080556752427564,0.9033531408629136,0.9017527176111547,0.90146296551503,0.9030546333207731,0.901298294710896,0.8954105533340148,0.8924289273659786,0.8891931280516556,0.8868396753683315,0.8925232518073988,0.8935571952789058,0.8956981631453255,0.8972358512035237,0.8965537393087358,0.896962945324277,0.8972093358114509,0.8984768512864217,0.8986273938348031,0.8928751176268251,0.8966126857729438,0.8984353413012106,0.9027947344632414,0.9050509192097106,0.9063130918467764,0.9062350397309321,0.900756642772798,0.9051931857272538,0.9058930518848989,0.9031669015659998,0.905587369465523,0.9075635042422583,0.9063676724314347,0.9060241171906748,0.9074684968687232,0.9085262689932989,0.9091684467674368,0.9143640855218286,0.9103663197230554,0.9109455295261911,0.9117463281276983,0.9103130617378021,0.9096447563606266,0.9095341809902046,0.9097054402921364,0.911307885530274,0.9131061212453413,0.9137214864784533,0.91561407483817,0.912976047867242,0.9085434504928169,0.9108848981329695,0.9126796352700624,0.9099758134759095,0.9127883206363953,0.917839079664554,0.9192216009008359,0.9220581466436493,0.9210748822400653,0.9226882445507016,0.9220419792682564,0.9223877333885184,0.9259642883321423,0.9260756083937222,0.9268744211465055,0.9245137652436459,0.9219130169222489,0.9217360721457207,0.9230718014162527,0.9205624245854557,0.9225822852806564,0.9185114338566938,0.9198233995365342,0.9144592469944166,0.913467261601603,0.912842164185881,0.9136937751404801,0.919516025351265,0.9213233528452214,0.9206904443861904,0.9190485971131188,0.9165728839447322,0.914210111557765,0.9176894491551607,0.9173055706540558,0.9172908333857722,0.9241454201479722,0.9267086282758359,0.9259410234388403,0.9272698114833209,0.9281108929535477
308,0.04431688795711875,0.1693282939908004,0.4493625604772579,0.6923797496957771,0.8241705005477639,0.888694225945682,0.921631428296369,0.9187493980728696,0.9223024608972207,0.912407033781542,0.9123439437165173,0.9074430723862471,0.9070783698162118,0.9103453362441217,0.9115037579296132,0.9130152728743313,0.9128430867626782,0.9136279560212234,0.9159685472882633,0.9159958068290551,0.9152081087866485,0.9215814535518565,0.9248837997970776,0.9204420058291931,0.9205151617181077,0.9227684670560927,0.9239256721614695,0.9248088490848706,0.9215461907859256,0.9239519507418085,0.9239954622430432,0.9245079009869062,0.9301310598241878,0.9324163194790366,0.9307240682659291,0.9308141772920264,0.9295696732403457,0.9286549368767976,0.9275277777783496,0.9360366467132661,0.9396928481459496,0.9432939825440289,0.9442322871740487,0.9343232739289842,0.9347882291555375,0.9333444279867085,0.9351579046138044,0.9393376942622127,0.9401232897952063,0.940331070223238,0.9389805881901846,0.9376137388598726,0.9364560781723477,0.937146752632434,0.9377670066802688,0.9377747531594999,0.9372784337428638,0.9377872011682988,0.9397938198518377,0.9388217847385067,0.9487625994997737,0.9428115385289211,0.9476262209475044,0.9509770357034146,0.9511355212775993,0.9527186418963006,0.9537015036568427,0.9530811064005882,0.9524674408320469,0.9517127952656245,0.95260006291626,0.9536837468135004,0.953242606751739,0.9530555368388302,0.9530494102743525,0.9538388909758588,0.9533874652435101,0.9525853009945761,0.9507056762160073,0.9512709259783106,0.9501240119313392,0.9501717233289465,0.95011148676957,0.9502095094419797,0.9519872919999149,0.9519965916278886,0.9524672479480766,0.9531482906061693,0.9538241234901781,0.9552638812187856,0.9539621340290979,0.9528031648577964,0.9509837468702069,0.9516520703750416,0.9501152589231858,0.9511645314936246,0.9441576222956488,0.9410982614836628,0.9427808726886288,0.9422224358091743
309,0.033731364173715556,0.14565081116283243,0.3900145405393968,0.6486909409923338,0.7815282897972782,0.8463746876670786,0.875310212342657,0.89237911375664,0.8957046277072257,0.8955140640105574,0.9002425802206396,0.895456003009599,0.8848235977614028,0.8822619730432498,0.8851181231630385,0.8860044329491461,0.8863396521247967,0.8805946174572462,0.8820789205775857,0.8802908454289906,0.8819273196893498,0.8856056292583119,0.8920964106523241,0.8851620905514573,0.8829985513282389,0.888831536820386,0.8969059400029381,0.8964344147842798,0.8944175432699153,0.8998788649748863,0.9008539628893822,0.9075503562436755,0.9105741263828184,0.9115893148428529,0.9107930783732757,0.9112742451818981,0.9098279661794786,0.9109292317233083,0.914152260827045,0.9138905291950451,0.9144126890135931,0.9128714309444216,0.9142034756410495,0.9151141268620795,0.9147928742934555,0.9206538819594818,0.9221890210569406,0.9241028024697474,0.9238349835481384,0.92515188052368,0.9259661482020521,0.9251027001814442,0.9266046619352123,0.926300700258963,0.9280771570644554,0.9276477908305357,0.9271917131789462,0.9266067254456574,0.9283313124935684,0.9330899455669798,0.9322685602363312,0.9319745276320874,0.9315391509128713,0.9327023016215544,0.9309797615880746,0.9313739029040073,0.9254375955979289,0.9229150612064154,0.9239793186326201,0.9217711225536008,0.9244703023540269,0.927114176875113,0.9267790072662291,0.9292596587568214,0.9301081648206844,0.9299746615786663,0.9301951497812135,0.9275120015628033,0.9280230067693606,0.9285987281816744,0.9280999157241694,0.927906151350211,0.9327390881966715,0.9323442447260923,0.9324111413809417,0.9325927677774145,0.9330463703835759,0.9356048380502118,0.9325002315516255,0.9330575109156939,0.9315908529939455,0.9308653223287818,0.9309600456373595,0.9313427968876143,0.9328266453320628,0.9319636807454964,0.931664660684514,0.9315497465167836,0.9272796124518942,0.9287365975888493
310,0.03235723464960963,0.14866978705810457,0.3092199331989113,0.5519347153319224,0.7326134149090323,0.8313715410266744,0.8842224032338293,0.9077509726823635,0.9127684634226069,0.9166760291343238,0.91934847139635,0.9217208062404452,0.9235595156580527,0.9245096517280013,0.9275500506672167,0.9296624636309545,0.9287406557995805,0.9309856273045766,0.9326113307318444,0.9305780958045423,0.9302825146870246,0.930088670686973,0.9320370545108232,0.9289411793693447,0.9274007199112794,0.9282677067872827,0.9292406028002302,0.9323698767036914,0.9322391880144127,0.9347826615039729,0.9337301988489876,0.9359376669094869,0.9359032480059355,0.9341547813634961,0.9335045803816026,0.9333405113420022,0.9319011008640604,0.9315186852913641,0.9285909828546204,0.9295598517567625,0.9278680642188231,0.9309759522329688,0.9313279012133755,0.9325421080776896,0.9316062902578266,0.9327206056282897,0.930741912274411,0.9317032415184278,0.9328049176583665,0.9366793517941209,0.936485695058784,0.9345583901716781,0.934276373916553,0.932641461942609,0.9331290513440451,0.9367673355109702,0.9373676252290452,0.9394918205568584,0.937625886752193,0.9404661356778145,0.9422874479057256,0.9400874504975412,0.9393670223174578,0.9382383117297566,0.9392492245653631,0.9399904340854078,0.9405152678580123,0.9396829480566212,0.9423806397709665,0.9430957432435512,0.945690592612722,0.9469446762182256,0.9450692323343659,0.9425202884754452,0.9420139363068687,0.942133466624262,0.9426292614704085,0.9463920923626299,0.9482019623168406,0.9481728970477507,0.9460289697496458,0.9458798535685362,0.9466517207226084,0.9478686913544646,0.9495247638716152,0.9485620034751436,0.9490840876848226,0.9482138050933108,0.9463510703448567,0.9462149352146889,0.9459921822546308,0.9449184206977529,0.9438721296064212,0.9424590652813554,0.9450230847358613,0.9441425306200389,0.9443313659802106,0.9458200063221528,0.9459024878916373,0.9436381531691318
311,0.02816632939525652,0.10308569917329949,0.2690319109090207,0.5116966135973584,0.7085022358991511,0.8237808153096944,0.8764738066585174,0.9026470522782417,0.9172382169615357,0.9244129760270465,0.9285715548760275,0.9306493202815173,0.9306159699242929,0.9313024606475131,0.9286445249313339,0.9292866340633833,0.929334974445447,0.9271002996526644,0.9262461794235124,0.9273115966669979,0.9313836229260133,0.9340917410643264,0.9350995558020371,0.9364009191320732,0.9308641338564324,0.9309669894601411,0.9322455673329094,0.9321878442403293,0.933754280575307,0.9317938147753947,0.9334220167607199,0.9382632839222951,0.9391572769905787,0.9407182250393973,0.939887201292635,0.9388250408326833,0.9382790539607261,0.9385552834749958,0.9374335226481917,0.9370766027964353,0.9368829419598259,0.9395209812042913,0.9389081056288022,0.9401450387563919,0.9406935218706829,0.939749712554792,0.9417238099486204,0.942840700797081,0.9425563215812702,0.9415874807970774,0.9419323331169029,0.9438545637760423,0.9442345077304989,0.9464832512877435,0.9451710481572939,0.9445572714710528,0.9431497096816095,0.9420300495913214,0.9447131531176001,0.9468307704500322,0.9458692258049061,0.9440805720391375,0.9457169598914503,0.9413801184447156,0.9386458944911599,0.937752319856686,0.940952234072927,0.9418957476402522,0.9430736913006331,0.9426680639049236,0.9361014977248675,0.9328026042857107,0.9339831534150161,0.9330614576645567,0.9334319319861976,0.9327546268600762,0.933558265177591,0.9344749750828224,0.934163374473668,0.9304763252499939,0.930492283879883,0.9305297049882959,0.9309831999137732,0.9320100058178133,0.9333785231886282,0.9308603788460671,0.930597502177989,0.9310869068228261,0.9306630350174727,0.9312283973696721,0.9309355969191532,0.9329617434401999,0.9348522593550276,0.934623979018118,0.9335278125475321,0.9311725939816473,0.9333821644344563,0.9319073902557531,0.9333679941468194,0.9352731442770262
312,0.036347097871903065,0.2021482001296189,0.479453900749931,0.7124315648084132,0.8299939909709656,0.8920820183475294,0.9204773305870093,0.92875599769135,0.9334776757376723,0.9348856758226957,0.9368687757416159,0.9370493391856014,0.9372863863113485,0.9402407051077494,0.9414104471245582,0.940226259705093,0.9417450620717938,0.9433738081108356,0.9432701397860416,0.9436159707583087,0.9444072749502979,0.945932383382305,0.9481524183043842,0.9472535053327634,0.946136653241156,0.9458141321378719,0.9480279615173538,0.9480643967656955,0.9477162795595724,0.9473813354380016,0.943936015185785,0.9436619115181719,0.9458292241682241,0.9472887472933619,0.9460388322490262,0.9475055055835452,0.9471412990522187,0.9512837739628539,0.9524837355799319,0.9514260869291731,0.9518620429152455,0.9520010250144595,0.9569269627558838,0.9570974596120807,0.9585164128645913,0.9546060715494413,0.9532100305811576,0.9535662716236694,0.9524985609667544,0.9510666435354079,0.950682655233781,0.9511237227752478,0.9527054890773523,0.9527355751910188,0.9534403768146735,0.9521666815187599,0.9547154022510693,0.9555729000678448,0.9512486889104125,0.9499066523056059,0.9514366926692087,0.9549172729361906,0.9580929490288943,0.9591121073981062,0.9587030620170179,0.958688830440084,0.9580046732261436,0.9580960041204724,0.9570251348882605,0.9578245775409936,0.9549106094350287,0.9538617925813369,0.9541366576635625,0.9530334388265063,0.9535181529512609,0.9540166479381617,0.9518286577795574,0.9509894352473276,0.9515552252147927,0.9514776352415883,0.9556360569979928,0.9558718531238202,0.9535111164999103,0.9543055635526575,0.9570032312468237,0.9579116399185792,0.9587761456100836,0.958348070689561,0.9592346684840827,0.9605701094071215,0.9606663762476417,0.9611988248698781,0.9608045047650896,0.9624272975247271,0.9609090461557276,0.9611662373977787,0.9614540878239275,0.9615990331805283,0.9616462040518867,0.9611008584734334
313,0.030115701360391777,0.11724204117986557,0.27555189759691945,0.529355493651522,0.7201081611788597,0.820833844192763,0.8758003811621198,0.9052050557882615,0.9218047191271614,0.9285199137996437,0.9339064820117713,0.9408014311668377,0.9458292721261112,0.9484295320352996,0.950218827618203,0.9506057161164244,0.9512700630710467,0.9528739227583034,0.9508722779648293,0.9501284580945556,0.948971958229876,0.9495024100821794,0.9496676311485396,0.9499497815559795,0.9501534799385988,0.952695155372281,0.9532248188413834,0.9522504737558551,0.9540331090529196,0.9549083140855195,0.9555058273236324,0.9558162908686841,0.9546585614474286,0.956138439292443,0.9586345260140016,0.9600493163294332,0.9605145282354364,0.9601053144047279,0.9605266520230016,0.9613194319671576,0.9619858456727043,0.9611189865722216,0.9605348253052796,0.958953387466319,0.9588158572279059,0.9601212964593425,0.9599101832689242,0.9609121265188996,0.9606875503445148,0.961099236882985,0.9618147606883964,0.9616776457978932,0.9604927002469341,0.9603750328410987,0.9598302935236147,0.9620709805392612,0.9617681445177181,0.961155406383051,0.9615025268988489,0.9604569465522884,0.962512160021085,0.9616808974832296,0.9632479838227361,0.9635832333193836,0.9627641302228186,0.9629691083033596,0.9624742428023839,0.9631670843258608,0.9642579282403847,0.9644412058810566,0.9641667347818073,0.9651158391793568,0.9656655692384934,0.9650914812685799,0.9663964204747031,0.9673625462627986,0.9666531901805776,0.96651562630874,0.9674387599614831,0.9655816644499075,0.9662431515283538,0.9668930363432695,0.9676506869184169,0.9676554957710869,0.9674343852126559,0.967360017815993,0.9678691134026138,0.9673434831515282,0.9680674503860189,0.9671145617105842,0.9669676043190925,0.9658861098735448,0.9665321709958627,0.9657947213028781,0.9652599931919511,0.9645934891184333,0.9653053425309714,0.9669277470559426,0.9670906912246244,0.9659225756917471
314,0.04641141153634222,0.22274370521961187,0.5131304538293877,0.7408594999644879,0.8517646587917274,0.901945659646965,0.9233552831973604,0.9284964374905962,0.9358967364857251,0.9392922419551099,0.9424544087565401,0.9418955474748952,0.9439113559565745,0.9456537990257631,0.9466375818418146,0.9475736731204915,0.9483619949217147,0.94948628106057,0.9508526721240222,0.952063639309587,0.9516769364630688,0.9520467451829612,0.9509033072659661,0.949887423667191,0.9507619431037968,0.9509040972260433,0.9525502134491718,0.9535758725161277,0.9541329285670568,0.9500717070915049,0.9496952299867172,0.949181653863867,0.9509145180024398,0.9505065954036,0.9551820991524219,0.9546095791671274,0.9551187871006495,0.956541049977425,0.9565008200586286,0.957195629243603,0.9553814209369701,0.9564601425878856,0.9559882235774153,0.956594611069356,0.956203695890943,0.9570486591263608,0.9577828726734025,0.9575641777444468,0.958276979983814,0.9571949674794404,0.9568514392597536,0.9575041695323137,0.9572499566358925,0.9581792349463665,0.9579683178211308,0.9578332805806191,0.9570674875946342,0.9568797313746882,0.9565553587444516,0.9561801094881178,0.9561062022186728,0.9569683614968362,0.9565158176344348,0.955381218591114,0.956305625418676,0.9560102533392647,0.9561878022246327,0.9557352043704538,0.954892026823658,0.9545461502571534,0.9542326624781227,0.9560189028070153,0.9550691881651647,0.9562507907113736,0.9565592365261485,0.9562824058843384,0.9554206887282122,0.955478068451534,0.9556848261099832,0.9555570150256648,0.9556575442519605,0.9559710924959157,0.9565098301989443,0.9562664195887648,0.9566363290899573,0.9557032381761694,0.9553687511296842,0.9557526346165343,0.9551535596267344,0.9554706772624775,0.954343677262589,0.9557443300037082,0.9552975630478268,0.9563845546995143,0.9560088845187762,0.9554738407469593,0.9561511484495938,0.9562286870714682,0.9567116936148006,0.9565973695630202
315,0.03639459633537622,0.10570298736227528,0.25837260002609636,0.5030853918771747,0.71001527372689,0.8161582314946907,0.866810258500283,0.892887494803994,0.9054512479764563,0.9133147070741309,0.9192919470370391,0.9215276328670885,0.9229035384814014,0.9262479192027668,0.9276993157457243,0.9255152884189346,0.9260542342009969,0.9250925816810356,0.9245971101879911,0.9256568514749715,0.9282322950709598,0.9299924083121265,0.9287280337336792,0.9268493047767808,0.9278439606207595,0.9275677984460836,0.9258413639983053,0.9241543081628525,0.9240676500927582,0.9220354673664294,0.9229619952248517,0.9243968038738298,0.9244146808472371,0.9255292128792132,0.9304786235557593,0.9284789835480904,0.9319537507986143,0.9331848493822639,0.9315295004616003,0.9333158740242701,0.9331704533356181,0.9331241109817608,0.933712834665508,0.9349898298767931,0.9348268220456649,0.9403119392259082,0.943426688530111,0.9443781718455662,0.9452943142911733,0.9457623184749773,0.9453087698304695,0.9473946261804882,0.9483362028976907,0.9489439970189634,0.9491892809117713,0.948341172857086,0.9496783280291647,0.9497787821978598,0.9480410192776243,0.9462836690343595,0.9470026417532935,0.9471241811763842,0.9484604481570778,0.9490444425514956,0.9482879112371045,0.9486524805480802,0.9495154183243735,0.9473261741501716,0.9486305742859313,0.9472590723616835,0.9484609506433221,0.9503197173258617,0.9504986464481833,0.9511729194593247,0.9516512639279651,0.9510862345335958,0.9521675988169601,0.9530912933081963,0.9530298249432652,0.9528384653059818,0.9524224028539977,0.9528029429220679,0.9520504726931107,0.950323900219131,0.9498167660591806,0.9475649310079437,0.9484048963706725,0.9473090739351426,0.9448781131002718,0.9471678099569536,0.9480653808009518,0.9472883860145784,0.9461097886192897,0.9470504230205462,0.9477433321469164,0.9481316884212635,0.9469591501774052,0.9473597363559257,0.9476891327463255,0.9446329557601476
316,0.04047928329364253,0.17091448372421308,0.42294251495931595,0.6810943714982407,0.8147988043270925,0.8818732650132991,0.9084277915945342,0.9175528277613282,0.9149535349871252,0.9122660904327603,0.9100227846221324,0.9126333400992104,0.913327264333579,0.9159444391629625,0.9150775461439907,0.9167515314573843,0.9159090272515038,0.9157845330381802,0.9159895992420489,0.9163863791284003,0.9174906639544593,0.9170671856274827,0.917746093637518,0.9190948555901017,0.9224850505422383,0.9250465341091407,0.9288496557636406,0.9312522772552222,0.9410046932009706,0.9379154875779386,0.9367317848309762,0.9319363530560498,0.9326813220715648,0.9325988889479625,0.9313775992411624,0.9328756364836682,0.9206968720301851,0.9272676724989586,0.9306872882164942,0.9328940505059857,0.9346681835613607,0.9375429652700008,0.9324810224141448,0.934263972598705,0.9341325663584081,0.9317988830723959,0.9333781493787925,0.937257760352282,0.9326913332827411,0.9314901951697806,0.9322872857510636,0.9317048672177283,0.9325583830918528,0.9322930099853883,0.9426561861763664,0.9450961071935835,0.944367655651452,0.9425256166493341,0.9442207413450252,0.9431067108491209,0.9449450784181285,0.9425919379792519,0.9420725562782849,0.9328753456111174,0.9330706931918019,0.9365134175187777,0.9343221180205884,0.9376949078835826,0.9384839149528592,0.9408495166283839,0.9411710892211347,0.9424198798643394,0.9442404655433578,0.9517048484518932,0.9473513590286455,0.9493781357822151,0.9453870337483613,0.9446184450210035,0.9456235755249669,0.9440979101656916,0.9537631318917965,0.9539772508536862,0.9557848415744112,0.9586425823326051,0.9581639756981737,0.9593128151160859,0.9589662339881657,0.9600101659023018,0.9624437531895734,0.9625493216959164,0.9638742329586595,0.9604797141520182,0.9609772480108412,0.9610542425524763,0.9603013258439442,0.9611119452388114,0.9599989321043653,0.959515181859875,0.9599098174792055,0.9612795604615324
317,0.033094531309022915,0.15359319359848053,0.41174839031251476,0.6389113966354772,0.7846804825396824,0.8556665593686013,0.8781932315845787,0.8846968443536128,0.8943986334616494,0.9008695336745294,0.9013303831320469,0.8972329204912732,0.8903957612963285,0.8816506554774999,0.8750289947251888,0.8752637481917896,0.875271457558237,0.8746740710442877,0.8737947664924817,0.8711848065660434,0.8664695641539004,0.8672292907230441,0.8740602102582835,0.8757672244480785,0.8766487424383085,0.8798562420586208,0.8881906552400042,0.892287718828838,0.8917812798889773,0.889381862191598,0.8922370119667303,0.8969622007556991,0.8937133297756751,0.896013390464148,0.8934957114529314,0.8926883277100849,0.8962339715273859,0.8980476606937162,0.9005179088746681,0.9006284167280789,0.9054610733990655,0.9035433551330779,0.9053852816702294,0.9068826802189567,0.9046158704207005,0.9053989593574561,0.9123534073756693,0.9100300196475491,0.9080146722513551,0.9070624027089351,0.906921007116381,0.9114115588473652,0.9108133227613595,0.9104840885677217,0.9169553874595613,0.9167865821205902,0.9168468750327405,0.9189368468751462,0.9149534039923048,0.912038469098609,0.9120091246754339,0.9122409149257626,0.9110704070963065,0.909335848238787,0.9087995108943603,0.9088935363363952,0.9095520043464991,0.9126505457435425,0.9150599097081503,0.9153572546689669,0.9143674802984946,0.9168178113127787,0.9171095558031739,0.9208264903263,0.9243037235292203,0.9276143290828527,0.9242523711149139,0.9239699818515598,0.9221735205567684,0.9195698335594207,0.9201151793458352,0.922928539809017,0.9238228162109889,0.923947341668697,0.9238147585334755,0.9236462007372523,0.9227526674078493,0.9261835928981518,0.927056571478384,0.9272794579482843,0.9264509678973443,0.9211026007035212,0.9217188388047559,0.9207979766091909,0.9199235907880443,0.9213541451966326,0.9208891884447798,0.9197511753279379,0.91910655658478,0.9211163199700291
318,0.03409234981172453,0.16189827091408066,0.42609561219241443,0.6897244681256227,0.8061375764527695,0.8680695578258696,0.894157720954495,0.9058479018927644,0.9130206322575031,0.9171592911304621,0.9193250031009295,0.920912115914062,0.9221623739682614,0.9263817923628654,0.9270159734826338,0.9273279252078703,0.928478019533375,0.9282031803434847,0.9298730726295473,0.9315560846933895,0.9315995543694927,0.932130051684417,0.9335914846101397,0.9381444971190921,0.9371033186921544,0.9365362407702045,0.935183706469709,0.9365405099022064,0.937294721455431,0.9375541473510494,0.9382276508793848,0.9402087161486423,0.9414687101302469,0.9431195450097608,0.9451054633667284,0.9464281996103471,0.9451272023537152,0.9433827789748126,0.9386815207445127,0.938195991394483,0.9374794127774904,0.9382980963839563,0.9385171555396145,0.9362621580432582,0.9361917521423706,0.9362902561399125,0.9363747660690599,0.9350026215283463,0.9342129414616827,0.9331469309885685,0.9343332471354084,0.9321802595796888,0.934382544922767,0.9322989306664207,0.9393546887709858,0.9403234041202121,0.9403059396269113,0.9433717975627351,0.9417923528197452,0.9405402536054551,0.9412314813241519,0.9404320168357329,0.9438170362126198,0.9445750027687667,0.9421441862168969,0.9369766399942765,0.9344578177661144,0.9348710070494418,0.9318939696555987,0.933252557250493,0.9319056908072204,0.933004081622551,0.9329679556212932,0.9324069027914936,0.9353107139415533,0.9376130094007941,0.9428476432541502,0.9437981647449155,0.9473752967800395,0.9474812766392477,0.9468134564036312,0.9436071350715022,0.9434833437678662,0.9447426673710483,0.9439555070571818,0.9429148106962537,0.9445352172131923,0.9428625252602526,0.9427338158180122,0.9433313801295142,0.9408155400478116,0.9393336699860053,0.9409501898686006,0.9421853067711606,0.9420621827454607,0.943596273415992,0.9432098621317774,0.9431152831760076,0.9442106635905354,0.9439512423646127
319,0.03176230372261252,0.13110567796017908,0.354333482235769,0.5794592825734746,0.7388011070068129,0.8207381404058215,0.8666874842773181,0.8870990211259734,0.8939784695742671,0.8969539446774012,0.9005726538248602,0.9020132871134617,0.9053965932011782,0.9070121220246768,0.9056415319422652,0.9045991363254636,0.9078525488980245,0.9103909643133707,0.9119246582760745,0.915374547299214,0.9156992789221383,0.9091351158053871,0.9096992545725926,0.9091013131900312,0.9114392891008148,0.9113128834674186,0.9122067402010451,0.9111373696374937,0.9143189905337487,0.9123947680125946,0.9080047566985333,0.9099142579550791,0.9131684108506052,0.9120248504924604,0.9143720268176183,0.9144779474693557,0.9113127647279222,0.9142229691682651,0.9117673643987166,0.9094937440195416,0.9075599746209023,0.9105714204292927,0.9101349127236001,0.9096298675660839,0.9086820364114331,0.9079334962809472,0.9069930036381544,0.9075991002249049,0.9105637949264133,0.9080512595688603,0.9087365884454054,0.9104957312330331,0.9195371161863182,0.9184102324651584,0.9197075635629406,0.9202132206374491,0.9175613504350353,0.9169324373997857,0.9168278468718821,0.909186444946992,0.9074695858266508,0.9113958306530825,0.9122004102230943,0.9145948735060573,0.9133247680655265,0.9123623341109541,0.9096137165451147,0.9093157940974484,0.9119581182781664,0.9097126054390958,0.9080943041208174,0.9123764862721524,0.9118307537982328,0.9113582355984086,0.9122267923565489,0.9093352687372003,0.907731051858909,0.9100253815240386,0.9074899763752535,0.9069897802583271,0.9062135598636968,0.9077850992191481,0.9097601138046053,0.9062749449085594,0.9057378233827991,0.9031440469552776,0.905068814037689,0.9056069362791935,0.9091384702494948,0.9121413096123977,0.9169208168032092,0.9170510969436338,0.918260268430993,0.9181218010484662,0.9163405366041987,0.9157850554537496,0.9135501453559527,0.9140286015034833,0.9163477136565732,0.9153958835731146
320,0.02584461871614028,0.07304047705380531,0.17205401603327425,0.3852254308051242,0.6333991145305455,0.7744169481891716,0.8468239476575935,0.883821702006037,0.899972857149088,0.9155293021898965,0.9215978552246102,0.9210802203163366,0.9189490887335269,0.9184032564182588,0.9204036934098997,0.9209483576713748,0.9187035396856131,0.9173369637278483,0.9229362051633642,0.925087218052283,0.924859467098278,0.926680797428689,0.9278596872335342,0.9271906192657761,0.9320926589718798,0.9363034876035478,0.9297445827269383,0.9293457219632556,0.927540192818954,0.9282566340024211,0.9321030353259633,0.9344651995695216,0.9358505716092539,0.9370419287414264,0.9378199906580654,0.9373171707988633,0.9392941987503661,0.9391827877565906,0.9377161488287985,0.9391587291438341,0.9352499261618926,0.933964729264721,0.9315591618284469,0.9323240176353959,0.9345634972953536,0.9367934306146735,0.9369751535908699,0.9393486814151882,0.941433896930707,0.9420723364747912,0.9456152756506694,0.9461711504929083,0.9487001196139703,0.9495679110722567,0.9491715672871252,0.94775637668426,0.947053484493562,0.9485898985404382,0.950493283731247,0.9483626099326868,0.9476951183941884,0.9496069770497343,0.9488481215195043,0.9489827641374378,0.9492659996739296,0.9498883805853232,0.948763057424829,0.9477397963514821,0.9445135501598528,0.9434605893334803,0.9434046042016782,0.9403487142826734,0.9375121053311343,0.9390937244252011,0.9375283966651424,0.9380229262001998,0.9380718957243321,0.9375139857321703,0.9369694606329868,0.9383102175724202,0.9394263184988955,0.9401318693609925,0.9364749044432723,0.9348369135508575,0.93606529675033,0.9366467082645349,0.9378751492138262,0.937277938969547,0.9389705489783395,0.9384923630674158,0.9391468565541207,0.9372113297229696,0.9373186446648276,0.9354169598179776,0.9348812764952757,0.9343763889959085,0.9371661054856365,0.9375845005986373,0.9384063292356188,0.939208166405995
321,0.04352061846080859,0.18297709687169136,0.43559159268702347,0.6674189254580365,0.8151639327828794,0.884891693084402,0.9106262576706012,0.9234806076342504,0.9283131853444131,0.9301335860327606,0.9326883405466476,0.932972783135877,0.9335849057208578,0.9356235845157478,0.9348038740401017,0.9373180423828147,0.9385937121476706,0.9397729584401756,0.9387020469311494,0.9406592254498161,0.9396143789976494,0.940960536807265,0.9412143669434392,0.945347679637189,0.9438427192643646,0.9437226435252504,0.9437666306984929,0.9444511298614541,0.9450841529494524,0.945638408092667,0.9449273787536729,0.946684167523146,0.947929715114104,0.9476586149403542,0.9485954422425771,0.9480753672230224,0.9469555845042792,0.9476131845393604,0.9504634249572237,0.9501386808868272,0.9511869109207582,0.9523234779257065,0.9517047331758042,0.9526569652066076,0.9519075610967305,0.9525125185131061,0.953116708753669,0.9539187741814782,0.9544244111707175,0.9528676092307223,0.952377225778217,0.9530037741805424,0.9527088280626309,0.9526717549818201,0.9529710114669075,0.9538659792543019,0.9522494921707534,0.9516872995261028,0.9529962260023478,0.9524238287324603,0.9506573692117604,0.9516421900051166,0.9520376299259996,0.9536484255149973,0.9537389789746373,0.953182231418169,0.9531099503452011,0.9530780021907106,0.9536768654893705,0.9539459080065875,0.9540568595986959,0.9519405430581722,0.9511110386527367,0.9509756979693542,0.9511056210112854,0.9512999511785926,0.9516544749607467,0.9516220489801616,0.951752256851929,0.9521812893484851,0.9541407483406856,0.9537304562731669,0.9542408334412146,0.9535665875499016,0.9529360285683042,0.9528998475418551,0.9528411272065704,0.952968877170468,0.9533767475511425,0.9530404192340818,0.953279433861706,0.9548605344254968,0.9542510052208435,0.954860739962336,0.9544159148387539,0.9545040213175655,0.9542795305530489,0.9558777223515054,0.9563319257937077,0.955298931247817
322,0.01847389308451247,0.052067597087920456,0.21480576131590337,0.4802656802645251,0.7026179761868292,0.8206454626152322,0.8812436910896954,0.9009250045888372,0.9151301345276235,0.9243048288248087,0.9313423704496234,0.9330135448933374,0.9337285156927544,0.9356686572906325,0.9373629977433388,0.9383911168618659,0.9392922749719745,0.9384033577778621,0.9400455437299635,0.9409021826610018,0.9413102345196173,0.9384411086679463,0.9374987849189393,0.9400656700182742,0.9404856395442319,0.9408126990396155,0.9419809527047712,0.9436229125088887,0.9453937374719249,0.94478208359271,0.9438497504025131,0.9435377484851167,0.9420124425466827,0.942570803556229,0.9442371055363319,0.9446440211066626,0.9436151632669727,0.9435586975701604,0.9423846629898214,0.9448424821210163,0.944076345188964,0.9448551665534778,0.9461690640260592,0.945071408279352,0.9450230982287412,0.9459426191457425,0.9459699324598884,0.9464168353263557,0.9461037838168916,0.9460423267367368,0.9477376304544969,0.947052203511835,0.9480506706435345,0.9475103350396031,0.9473431754585593,0.9481705096244721,0.9487894374990304,0.9490759618334724,0.9508384485944227,0.9504839462869549,0.949062051241097,0.9492569951737599,0.9492352150372116,0.9497553978915326,0.9491553248297779,0.9481808920277843,0.9465032431732655,0.9472328370761063,0.947758818995344,0.9491767643108764,0.9479290056606913,0.9484976136832525,0.9486308926118605,0.9482739392301965,0.9487988800854121,0.9485775034321857,0.9477183101808785,0.9468924779256847,0.9465997263489146,0.9470970232779731,0.9469247430971788,0.9471892318736451,0.9466376037062046,0.947433913100049,0.9456366548731586,0.9443508694657868,0.9442826233031474,0.9450519275580704,0.9447410130895315,0.9441531550874448,0.944540117301442,0.9448813020475016,0.9433063470425853,0.943444784920503,0.9432649033875383,0.9445771110205081,0.9443895249495866,0.944176828295824,0.9453606319980478,0.9465368416478868
323,0.03602177290411139,0.17185093347021052,0.42511970614438044,0.6444558218970193,0.7810894529753142,0.849867637833509,0.8805606823922493,0.904124390187072,0.9155243798275566,0.9205802297029392,0.9279107562573071,0.9275646848858247,0.9281958485743153,0.9307209318799465,0.9291648590115728,0.9311057375281662,0.931235196610708,0.9326174270707642,0.9322902143336463,0.9347965553453911,0.9300760617364537,0.9326586642646503,0.9329145503912951,0.9361912753805237,0.935154190685153,0.9324217405640144,0.9331847192440482,0.9330361094827068,0.9336012391126159,0.9345860798010536,0.9385677963671887,0.9395132655741467,0.9375561262286819,0.9366335212247169,0.9340525920869835,0.937401046923222,0.9381374491221556,0.9382968381823547,0.9412435479670671,0.9408458904499852,0.9409953042338369,0.9408221764873513,0.9379573277930925,0.9384558002256804,0.9399781380882503,0.9401771817437266,0.9392541482570862,0.9420222800661948,0.9408064715787916,0.93971334895929,0.9417448959165148,0.9392028687127615,0.9384352596114709,0.9393436876411606,0.9414850841187348,0.9428424966333178,0.9434226624425271,0.9425466120138779,0.9417965613763841,0.941291520742255,0.9401274215191922,0.9391895858007301,0.9386034875189726,0.9377646128533058,0.9394557475997596,0.9395801469306744,0.9387104624542113,0.9399919833729642,0.9416533631855895,0.9403467230343422,0.9411897302033445,0.9408244309388272,0.9404567616721691,0.9414796145012438,0.9403981145786818,0.9386202730732481,0.9392170260158141,0.9381947567848443,0.9368862014203735,0.9376463984369627,0.9372074948318013,0.9372781899400957,0.9371907496672055,0.9373269294008495,0.935160032937976,0.9371139894767601,0.9378685342085566,0.9363604894363532,0.9378145126760207,0.9378022760171604,0.9363747372447011,0.9371258174674625,0.9370031326879943,0.9382331544246364,0.9397489610571212,0.9406465013496321,0.9439213667236055,0.944276649121359,0.9445900829854819,0.9422946679055151
324,0.031172081873870775,0.13389901867780302,0.3143556431144086,0.567394728554413,0.7394021169408127,0.8299716054003982,0.8789893899638679,0.8924545626733911,0.9015331645855656,0.900484921769142,0.8997966046992567,0.9025441350585234,0.9018979966486467,0.9013426550084864,0.9017166413156278,0.9023336277730337,0.9029996851135224,0.9008746268072101,0.899903067401418,0.9001992257519081,0.902629280941665,0.9074446046925173,0.9041586255771077,0.9110158257435702,0.9138436690988984,0.9177843035117165,0.9242354717598306,0.9266080240350916,0.9258340585525009,0.9215761272166315,0.9217778706622011,0.9216230170276308,0.9206422317247132,0.9210638371452508,0.9213207550101413,0.9208720475305218,0.9328313033873259,0.9351858744315534,0.9290533271182123,0.9328800117427777,0.930297675147465,0.9294770611455111,0.9301993541780234,0.9283030352231223,0.928390874640579,0.9271212853360573,0.9291193135876027,0.9223727087477765,0.9247751048718037,0.9272933775252682,0.9272250108543948,0.9269276039656197,0.9261245848418588,0.9239445348851214,0.9256691503438504,0.923066650633148,0.9219093345891991,0.9280886685064372,0.9312120495901296,0.9298287679500505,0.931754739406224,0.9336492699647901,0.9369288374355418,0.9408088538916626,0.9405871657312145,0.935850216498026,0.9318778980561926,0.926646223811804,0.9248365988676345,0.9245443542383504,0.9241540809308308,0.9246136452090518,0.9244853899658402,0.9253242821903659,0.9239389904034796,0.9244986321313082,0.9253409039958594,0.926285551941332,0.9254027958033363,0.928875177008242,0.9296457959892875,0.9294597153473257,0.929730385272164,0.9286630851472399,0.9345622872217082,0.936648803996448,0.9371384930857637,0.9373759166342468,0.9370963242730258,0.935710036043753,0.9349850043630465,0.9369184414100303,0.9340279096974029,0.9349180486579428,0.933934696785681,0.9342995632021441,0.9342460285184093,0.9353154512868201,0.937086526128416,0.936660836945706
325,0.035496547617958056,0.14079761112611222,0.35367856736296227,0.6087722874878476,0.7652234185719696,0.8480357134878556,0.8865103126581977,0.8905172074594977,0.8832445517028323,0.88536358663504,0.8876993780582042,0.8877778678938532,0.8821398400307671,0.8815761153881574,0.8845028067881681,0.8887914575263061,0.8902320204934684,0.8918172898521242,0.8929331703234189,0.89216447334319,0.8925479434191987,0.8904400568013026,0.9025572891397567,0.9020792597074069,0.8993858885454141,0.8984000776918409,0.9031319320476505,0.9133818281895806,0.9277627437739695,0.9315818071566747,0.9375723164946862,0.9413215751611496,0.9418801537809357,0.9428306865552021,0.942990474188239,0.9429346574158467,0.9371263004885495,0.9345411809699661,0.9351926496590235,0.9352090842244135,0.9390564471612858,0.9406836529597642,0.9401450170692849,0.9404160158667507,0.9401570823649494,0.9401259381070178,0.9396810549769369,0.9408299762225066,0.9411727395620556,0.9407378353267439,0.9412073088941897,0.9421365855555508,0.9406571865504104,0.940307147225088,0.9407180588020746,0.9421686647782417,0.9466193499917936,0.9494075250710843,0.9492555551889572,0.9488796205703287,0.9491998026338387,0.9500396587190338,0.9488792148425804,0.9489971148203438,0.9482902116156242,0.9482446304629112,0.9479202238439447,0.9502479479857645,0.9510406191688757,0.9519253709006386,0.9506136954849996,0.9515214914858093,0.9494101444444385,0.9489098687668615,0.9461197731543873,0.9397103780162628,0.9351827709837529,0.935159965546291,0.9360681177326587,0.9358719590959664,0.9369678456705727,0.9358255827377807,0.9396819497188785,0.9402388391081149,0.9397437970022706,0.9405534301694636,0.9396260478303792,0.942421266118581,0.9416936066885553,0.9440859967318427,0.9425889751008799,0.9420903158502205,0.9438798754272519,0.9433845461328724,0.9522455009376515,0.9532921657929668,0.9554777135530256,0.9552597349862936,0.9557685708569886,0.9569456655404156
326,0.032675668524412865,0.11877123716952498,0.301189740221613,0.5464156670961599,0.7169016160224995,0.8172051430490768,0.8726762406610244,0.8967308763826479,0.9115343623479853,0.9151843324634928,0.9193856324195859,0.9232553687057685,0.920681970220238,0.9224575177394069,0.9230835602089837,0.9197487263443048,0.9187315287960292,0.91835167601616,0.920063167357659,0.9205224786282777,0.9207975436305289,0.9205374296838745,0.9233275468551959,0.9271337388558561,0.931801257719341,0.9312232330859801,0.9331359399655712,0.9344634780847855,0.9306303319797036,0.9336047308820389,0.9368716401440834,0.9370884580917361,0.9370420859967686,0.9315996767345037,0.9318440839457174,0.9284367171691215,0.9295832503932023,0.9308799998239806,0.9308215499764352,0.934088967253532,0.933413033758539,0.9352802521829124,0.9339701192146567,0.9379482406242924,0.9407199788792355,0.9424122707381399,0.942144247548088,0.9430742838878955,0.9451207522009889,0.9439189009532036,0.9429222605212724,0.9433843664100369,0.9433752897816575,0.9511341357590656,0.9527422521934099,0.9535612268709681,0.9553101063985406,0.9554906337357181,0.9556699403881123,0.9536895753446618,0.9543985154690282,0.9538899713490667,0.9546232485646864,0.9556636289413052,0.9552423639459688,0.9557450618977179,0.9565034765198074,0.9571757982693379,0.9572342513784551,0.9583112031137947,0.957735378247594,0.9580732143362789,0.958415835991986,0.957312099143498,0.9566495447008664,0.9563622846460553,0.9554952625461018,0.9560127302287112,0.9564585365886877,0.9556707888332743,0.9562686558525815,0.9563707624470529,0.9571319700795233,0.9557619168653879,0.955025895224963,0.957127113217913,0.958407703072898,0.9565754591384438,0.9557826447784532,0.9556001768770317,0.9554409001185427,0.9533478003285094,0.95403430376899,0.9549939444991066,0.9555972426786257,0.9568073442136421,0.9556195615827909,0.9546318413183087,0.9544843293009998,0.9545066743530122
327,0.028200461888235204,0.09561996921231407,0.2774315369905483,0.5330736973296305,0.7307107917423366,0.8293346281096621,0.8804172219171156,0.9003202971321727,0.9129852976309006,0.9235365759999816,0.929166741810145,0.9294251701592021,0.9234590203582158,0.9221361717218134,0.9237123802122891,0.9252276250376542,0.9224405855848034,0.9251170036134079,0.9251379441234181,0.9210611498631406,0.9195108797556507,0.9169243116365583,0.9167579270448145,0.9229466204193933,0.9231651100634052,0.9284662391584263,0.9310053117437975,0.9319764917785851,0.9299298471690258,0.9293473712689868,0.9300328802090033,0.9306139227206088,0.9313206745122281,0.9319778591057656,0.9342890178639012,0.9325984276236124,0.9320790063944336,0.9387356199527112,0.9392309520300824,0.9398329969746037,0.9390886954907165,0.9371410727063152,0.9428124486199494,0.9454008373664002,0.9418372835042477,0.9417251999336415,0.9412246105987029,0.9435737626743271,0.9407859342215468,0.9390320535160099,0.9381430183533288,0.9340760216418501,0.9340495058699549,0.9363007979124451,0.941901444344464,0.9414892340361007,0.9428605668460919,0.9431958312664096,0.943305626864792,0.9447107497133805,0.9436304577090173,0.9410214293968859,0.9414847720128791,0.9411865633656673,0.9411742673448049,0.9421538193651898,0.9418877123835345,0.9418674543945121,0.9456057644034525,0.9495106521088317,0.9510314347202172,0.9522019306712973,0.9529007968022754,0.9503299761362216,0.9495130945298053,0.9494020428296441,0.9495471315679463,0.9489885553175577,0.9500491723789743,0.9494194614345273,0.9502433763818608,0.9492212475778614,0.9483772795029711,0.9506168915745313,0.9516661415841137,0.9535791495588555,0.9525766508237814,0.9519523843036614,0.9521845440105973,0.9526857188139064,0.9520264977589352,0.95551023260515,0.9563470923204109,0.9581887175455297,0.9584570908104751,0.9569912894189067,0.9553177811323276,0.955125452746151,0.9552257213890638,0.9555011911814928
328,0.025327829383400075,0.07843655113246782,0.21488296198684229,0.42652938547318375,0.647794145117472,0.7757853512138866,0.8365092311910292,0.8742345018953668,0.8897835968491558,0.89934520614358,0.9048818181493852,0.9086824294223836,0.9134934589514728,0.9150629711592402,0.9195412720241998,0.9175334875224386,0.9166244439343594,0.9139681069217598,0.9142791041890446,0.9162099449646565,0.914558659921331,0.9116743740229788,0.9099210507768004,0.9110413368563057,0.9059745357866502,0.9058839028210203,0.9097117720268969,0.9106771764415613,0.9114089314453886,0.9106152431920844,0.9123437484390162,0.9147005458090695,0.915998299946255,0.9186648761931397,0.9181553461312351,0.9233282189911958,0.9238970587213571,0.9251357353672401,0.9228730921485571,0.9184866676962973,0.9226414676345072,0.9237666988743222,0.9255297402227188,0.9255683019404646,0.925441656792854,0.9262699084727791,0.9224836392988986,0.9219205320964021,0.9215541687638702,0.9217695657549853,0.9212710273912577,0.9215537724249871,0.9207993997405555,0.9171935705114796,0.9178595315484444,0.9183383062981798,0.9184283691179551,0.9159874368595203,0.9149556636049244,0.9175219389997884,0.9188208920027888,0.9191074962930742,0.917532901585984,0.917763192562739,0.9191474017321127,0.91959819781532,0.9227187394885502,0.9234662330217567,0.9248779252443137,0.9242879230155198,0.9262115908523305,0.925571202747238,0.9280971411168304,0.9274396287160763,0.9266818715531834,0.9248253481363804,0.9274809013661226,0.9268273845846839,0.9278395721263201,0.9284094479885395,0.9253932516182121,0.9241606330908604,0.9244784300882709,0.9237089176267258,0.9234273174393849,0.9235584593808084,0.92241487809484,0.923209580112294,0.9254603351590266,0.9250911991454015,0.9252886356655394,0.9255599920822298,0.9265008405553484,0.9268469784458887,0.9267104084743049,0.9258123190691042,0.926268671178995,0.9249426238964648,0.9259097648317233,0.9282612908033889
329,0.02895110055156727,0.12118161928174763,0.2814007326714738,0.5318466105977763,0.7106590131997126,0.8128337499830696,0.8696049520731056,0.9022632388444931,0.9180865185820223,0.9298492262105035,0.9311191900864171,0.9363674702993372,0.9357211941962924,0.930696276842081,0.9271573293482516,0.9263064667755543,0.9281862421202424,0.9281468129239602,0.9295086322302059,0.9296523683306991,0.9283022290126779,0.9274023581827996,0.9251301344240701,0.927396068331232,0.929784456446617,0.9271664459764319,0.9289870912065128,0.9296898748349346,0.9286361790192995,0.9305826344994366,0.9288702426372795,0.927876247606279,0.9319459133345017,0.937727245123781,0.9387578760559273,0.9385004352265932,0.9393437669751428,0.9387009622958614,0.9371181271931672,0.9366157079911805,0.9362463828816007,0.9391613623831324,0.9396760133473575,0.9392549235131606,0.9359782492954741,0.9429752504898825,0.9404295472264973,0.9411354055621297,0.9422932022281004,0.9437517692193463,0.9489296839741082,0.9492819823742492,0.9502565662764266,0.9487998037465978,0.9487462652294383,0.9495601500255527,0.9501069387137087,0.9510707172273212,0.9504532730086137,0.9495649657373147,0.9486710836466347,0.9503960573680541,0.9506714179267616,0.9517728112042608,0.9518694972573377,0.9522951233459405,0.9521522063693518,0.9515013398937988,0.9531411855265035,0.9521651445812023,0.9523588901439376,0.9520279511462517,0.952300656601539,0.9507786410240626,0.9498910480627323,0.9505693800204159,0.9514334095447613,0.94878503960223,0.9483011576801897,0.9502922092808537,0.949840501931175,0.9494094699259263,0.9491004616970392,0.9477230035716185,0.9485960964581163,0.949387104349558,0.9489936652612775,0.9484454733920293,0.9475244590943709,0.9513700762946358,0.9509280501238478,0.9506228334145298,0.9511927709484587,0.9529502962276419,0.9527205563117193,0.9521153806536651,0.95130489565516,0.9516190043802553,0.9515568890209261,0.952831352014971
330,0.03069676065546832,0.12197131927553481,0.38769191526207597,0.6165800085561365,0.7863876498985987,0.8641097852027099,0.9046417690679626,0.9278950653950783,0.938301492186596,0.944075162345725,0.9460417245179759,0.9469766381071743,0.9463686681203779,0.9476706653170236,0.9488393981931992,0.948952128527582,0.9488952944438221,0.9483649131025063,0.9479586908190236,0.9469731476467923,0.9474976279746695,0.9472834651778855,0.9492327228657268,0.9497853781470915,0.9517862150072881,0.9531027962604546,0.9512277212999172,0.9521134413280654,0.9526145175574402,0.954807174607841,0.9511609200448323,0.9514882173267725,0.9536341613750784,0.9545506435271918,0.9542278011206571,0.9576912755473452,0.9586711856675822,0.9595052890110288,0.9599603359224208,0.9591209909788914,0.9597475756505359,0.9608551277423816,0.9608121628215461,0.9602333468312501,0.9587574552969141,0.9598756737930374,0.9569968386507358,0.957092102594789,0.9566740835741657,0.9578442308331974,0.9590761892482332,0.9596799185632097,0.9613469760655619,0.9600137669968237,0.960099917469727,0.959041658011962,0.9579079875422529,0.9578392445118338,0.9586543884916849,0.9589442550752498,0.9578978110865057,0.9592964904990562,0.9598149543602879,0.958538880544501,0.9592374670555845,0.9598337358179059,0.959532077954799,0.9612651085143653,0.9588651327954122,0.9583896539424012,0.9584786738704821,0.9603064996961295,0.9612574196501911,0.9607939867351523,0.9621488180275801,0.9611729616817044,0.961048476458122,0.96135286834721,0.9604139531316843,0.960783679263061,0.9617627756451117,0.961756034981041,0.9612410915800078,0.960793340953759,0.9606725283297195,0.9613679362870213,0.9632101124198839,0.9612476993046242,0.960658368329295,0.9620913170761329,0.9623818764744884,0.9627418433456683,0.9607666676026523,0.9593059982250548,0.9595049781056028,0.9621018003263719,0.9618307065064721,0.9624105488684033,0.9613651623498584,0.9617863964531703
331,0.027797036153483518,0.12036324090589945,0.29649428612619716,0.5583114934451978,0.732981547406184,0.8265664213443009,0.8667742913063321,0.8871434034928911,0.9000136490192331,0.9057260985619904,0.90555356382416,0.9055898680538267,0.9086378092524786,0.9095810443902415,0.9077489499772373,0.9108730786645718,0.908684791948535,0.9093936709402428,0.9115930681427993,0.9122224454700083,0.9117835493066505,0.9160257738264894,0.9171255002960824,0.9173468823656079,0.9163706012726509,0.9178649406093278,0.9176855284839484,0.9174175096308302,0.9156156701507507,0.918921294907935,0.9211480668374,0.9178440124205589,0.9180053649372226,0.9176229936590943,0.9172727773281444,0.917013932157663,0.9171541926559043,0.9192382549011684,0.917880729531448,0.917775691969437,0.9165302191673174,0.9185096847733426,0.9173594640103692,0.9158612580282813,0.9186356641715073,0.9197035775511013,0.92150792593874,0.9206147177536123,0.9195769425449065,0.9223342608929375,0.9214636987539214,0.9225128192336695,0.9216506184400295,0.9201009494319949,0.9207300241177226,0.9211368188698178,0.9210746147148997,0.9187969801807512,0.9190808574080207,0.9189189687165298,0.9183867586645033,0.9199705345721553,0.9265620463188615,0.9261276322882427,0.9283032336447286,0.9274995731525886,0.9262031316641519,0.9240942333175741,0.9238120111233487,0.9258908142080748,0.9266151542391015,0.9288574303281604,0.9287537299574647,0.9281390084566516,0.9291495806992204,0.9311408935976752,0.9288442751179862,0.9281038709931729,0.9282005059806668,0.9292632450267192,0.930708574866653,0.9302724335456948,0.9299082558102026,0.9294271696227265,0.9298105341864074,0.9307928018650649,0.9321147278592538,0.9308065136035227,0.9318725291593346,0.9323182867024497,0.9316967695182492,0.9310573167093738,0.9315731882526889,0.9314502404671259,0.9340971922254561,0.930589363207799,0.9286248138430835,0.9294875755944332,0.930096422153129,0.9284008479633193
332,0.025503617414861398,0.0946120893972457,0.27670671340215763,0.524516833215655,0.7427348329277337,0.8474647750869413,0.8995404931019166,0.9164224805576544,0.9240906801086425,0.9279823975213043,0.9283955765468999,0.928568361141001,0.9270217895262776,0.9227617578298171,0.9232307007106635,0.9229222807336178,0.9220288707593547,0.9236341012496939,0.92470525822117,0.9260070487016199,0.9265319065966428,0.9252907518270058,0.9269368357203573,0.9272553007576555,0.9364909575910119,0.9384194402523405,0.9370930473623653,0.9394441586592613,0.9402986727144037,0.9410690892672515,0.9380779770754092,0.9327618003080523,0.9292112922368028,0.9246056658122896,0.9207664645951938,0.9231506209506941,0.9224376027472332,0.9216383676079941,0.9192862548302354,0.9197513196916618,0.9260847371162901,0.9272111266710463,0.9222867825098899,0.924847677545253,0.924539499525769,0.9264065837638229,0.9261823869493925,0.9253691926281727,0.9236565688795702,0.9323483937939986,0.9363155088225664,0.9361326498718686,0.9418089246055757,0.9431795664548085,0.944616328437619,0.9451717590345398,0.9486015380708325,0.9513154796382007,0.951304891234161,0.9478151776589695,0.9431073997786682,0.9411242854796409,0.9418185071198049,0.9456336473198818,0.9428897591256146,0.9402278152496762,0.9379242317453066,0.9370316933623251,0.9344768097213698,0.9367074325592761,0.9373632885639981,0.9385841908063725,0.9374576588964989,0.936980864254196,0.9354319034225794,0.9355907431546332,0.939685387981773,0.9397926026846879,0.9400990044122192,0.9397049123615727,0.9412395030795738,0.9400360611402644,0.9415672141767695,0.9436087438159937,0.9436100855849721,0.9453276555813578,0.9456607088363215,0.9480759404288764,0.9482389262604812,0.9456206268910203,0.9442927006122919,0.9439924620298425,0.9422849552456581,0.9425146236535668,0.9410032949541022,0.9430472270495184,0.9383438856557932,0.9376886477463242,0.9402706293594038,0.9414858808544182
333,0.025131981997270278,0.14024357617621877,0.3837173307602675,0.6528856777158092,0.7938966447859042,0.8590514740746172,0.8957238276200803,0.9077367150399662,0.9157619308358222,0.9196220666247689,0.9228143854788159,0.9277453974427492,0.9287951162852102,0.9313170014092722,0.9296095865573496,0.9318719891385111,0.9310511950714144,0.9302227472668326,0.9300206895585202,0.9291378268563864,0.9284133033005806,0.9302257590669619,0.9346044970203409,0.9349118874225373,0.9342730014285181,0.9392743279349574,0.9410101630720592,0.9420742617982232,0.9416861318961939,0.9415563519258658,0.9418096437492458,0.9386220865918247,0.9350722801330761,0.9360956874362025,0.9369287898095361,0.9358946511516109,0.9363716455014266,0.9373826150297411,0.9385613425232918,0.9394471046226985,0.9407887101815423,0.940796492049528,0.9404572913598233,0.9388432248342863,0.938565369146211,0.9383530605960259,0.9413319336936727,0.9423758416645335,0.9421562823981944,0.9439777910019164,0.9456423538531137,0.9464784166791722,0.9467198308949745,0.9465733019462991,0.9459245196804266,0.9468153300457776,0.9454500045571725,0.9450956811686619,0.9461914876440147,0.9460714974493024,0.9466943752632997,0.9461541167421237,0.9547846545109206,0.9561047106895413,0.9555392669402731,0.957432337695512,0.9576157694420431,0.9562748919050094,0.9550884896063861,0.9547594705992576,0.9531835160181527,0.953911874092406,0.9467435561713136,0.9437369948871174,0.9466622498202618,0.9479921248724732,0.9461126038472,0.9461750458607543,0.9454940658194225,0.9452456961506348,0.9445584375456698,0.9441506381369448,0.943632317199461,0.9413662773082287,0.9422714699853881,0.9418695001902435,0.9406433481846218,0.9443183192727811,0.945029990224236,0.9450853478873219,0.9442452142375832,0.9432451190650564,0.9447844712676843,0.9450000800740856,0.9452416338410419,0.944715652953406,0.9449738338670279,0.9438734929189174,0.9450476276263535,0.9467533937529328
334,0.03918338828215724,0.1687922800013993,0.42758763226532737,0.6981935822315467,0.8282081831851315,0.8883331447874763,0.9121904609945786,0.9166957966155913,0.9270762581613912,0.9282435465252412,0.9275641266570314,0.9279773266750966,0.926016205426691,0.9278962906078779,0.9287887330508466,0.9297829032442764,0.9305286129406494,0.9304264275958342,0.9319412638254541,0.9318600344817114,0.9320526953507458,0.9347082385615996,0.9358573438228835,0.9360295854385889,0.9368392902096475,0.936659877807755,0.93570201469525,0.9335657588223164,0.937357770872584,0.9373566680376723,0.9386483809943035,0.9395106292140456,0.9393742244137044,0.9374638739825332,0.9381275942166799,0.9400021880280525,0.9405118584514068,0.9413698356780145,0.9409708465412246,0.941205930737842,0.9416623598809916,0.9440591361402006,0.9444001780722371,0.9439219703144717,0.9435736559882784,0.9425654449522718,0.9422067132301142,0.9416107067358022,0.9429446038047601,0.9424800931498147,0.9418293784631426,0.9408131130762399,0.9452402562070822,0.9462452909537216,0.9451137501715797,0.9461039872240158,0.9478852730902848,0.9483832786386057,0.9485238798716467,0.9473889916117532,0.9488984803114972,0.9481361743989968,0.9477750921160092,0.9483497988778049,0.948897860381681,0.94840219654641,0.9470868140761265,0.9482118751249292,0.9490803370816948,0.9483902898180518,0.9489482737250206,0.9496755327793654,0.9508074877287231,0.9489079238227199,0.9494667998377783,0.9486277491661389,0.9499885805113704,0.9485087884655509,0.9483306890357918,0.9469000457659675,0.9479032859306965,0.9475639036712176,0.9493178734790323,0.9495789215238004,0.9490503205351662,0.9490509393651303,0.9481147560228291,0.9496217342957693,0.9497406023351508,0.9504508827135812,0.9492941946350242,0.9491704314006613,0.9498372692123095,0.9497801512284519,0.950346843993399,0.949487462261778,0.9491116497290254,0.9484811202538501,0.9497852166697724,0.9515038453981571
335,0.03938630685111566,0.20761012266106524,0.4943330857563693,0.7183813385682588,0.8391857966790122,0.888997477983465,0.9152006270613162,0.9256273458184532,0.9301565467115911,0.9362350646876649,0.9378213477146783,0.939308471508246,0.9396285622363437,0.9427291175848366,0.9428212446818582,0.9446967250215319,0.9438619354213483,0.9406157053569519,0.9380006501889696,0.9381530745761597,0.9405032611916737,0.9428857777643753,0.9457117583579294,0.9460295156864746,0.9480245566830926,0.9462823682890174,0.9458411335492208,0.9461218959323914,0.9475829973244967,0.9485928461679797,0.9478840243990733,0.9486152784754617,0.9470858854604876,0.9492872988626412,0.9492932918974318,0.9528897477510765,0.951243655040537,0.9514145723912631,0.9513860916344089,0.950325033387156,0.9493860942358202,0.9497651242704437,0.9517567554896901,0.9527149202776622,0.9532663460759632,0.952055994306737,0.9510869855736478,0.951310715453196,0.9523594042558176,0.9512601612409803,0.9530973867174101,0.9532632137574286,0.9533147416733868,0.9524540117562584,0.9521998854129798,0.9529515232672552,0.9531204146126805,0.9535188669097064,0.953232833224946,0.9540717219932888,0.9536273466669946,0.9555762046189145,0.954373889181653,0.9533974628958383,0.9537234816915098,0.951879415355445,0.9522801877148533,0.9528413727866103,0.9531402031708539,0.9531894743357933,0.9538983822605708,0.9537906609839143,0.9527686772489433,0.9531897529090343,0.9538699132338596,0.9544840394278572,0.9559684034786083,0.9554979359661033,0.9555856513734721,0.9554822828569501,0.9558900891161417,0.9544144353972367,0.9551612054977073,0.9529763304340438,0.9538698256717111,0.9550913156036439,0.9549315909615074,0.953735661370633,0.9539857265736869,0.9547219994500448,0.9550996699684465,0.9545715732235546,0.9539841498467488,0.9555440409571383,0.9554460444045286,0.955479755820856,0.9556267957436978,0.9555305597875222,0.9542836123937729,0.954067664703754
336,0.028009660481311704,0.1465301175123548,0.3830334538043069,0.6289518719038193,0.7864366829027775,0.8546786868248084,0.8903636431562219,0.9090345920660752,0.918428952672936,0.9224607979189743,0.9143724002121308,0.917480580053246,0.9197729243196308,0.9202010949498467,0.9166837244143106,0.9161105373998006,0.91984205220878,0.9186549195692707,0.9189894112755616,0.9193046193699113,0.9183122390838818,0.9176648978453378,0.9172574616559004,0.9172949857828087,0.9221137896407463,0.9247474667639272,0.9296502711905693,0.932471289229611,0.9371419669664247,0.9414069537949129,0.9423806894949089,0.9446284808039428,0.9444580611671219,0.9448700208931663,0.9449893897518341,0.9470572764023584,0.942996711477549,0.9405999952802907,0.9442767030225495,0.9458615054010605,0.9409758779464792,0.9390263593508417,0.9383139339393942,0.9407821867712236,0.9413690852799761,0.940510408693882,0.9340201703388966,0.9286330294065128,0.9281683750329632,0.9313793074645937,0.9316338555004678,0.931015165487467,0.9317718170019714,0.9275259531285616,0.9275417793251082,0.9302902322845645,0.9283887218415495,0.9319472521422462,0.9317237465187425,0.9322151227583018,0.9301579614561356,0.9295660399272961,0.9263880655043722,0.929131904355502,0.9320214050437867,0.9387423028266025,0.9399239105404257,0.942727653612813,0.9418677688016741,0.9419855382783259,0.9427244511246662,0.9438386250824128,0.941855753659756,0.9401540907225866,0.9375514626685231,0.937320889068591,0.9370823279811796,0.931760188214403,0.9266329766419028,0.9276409607375693,0.9302372249831349,0.9336764044463844,0.9381952616145091,0.9404231560267011,0.9405714268145059,0.9414457801730073,0.9430213716300239,0.9414403314548393,0.9390364480345977,0.9411258790631077,0.9405283327622516,0.9381444195828772,0.9361539779681628,0.9362725695789064,0.937595856093383,0.9364028693411808,0.9352053681134538,0.9430939471820161,0.9438392440835774,0.9439619047188388
337,0.03995626915140584,0.18627294941040862,0.46851720496612725,0.7088573223777865,0.8244399373372506,0.8825937627891389,0.9121446457860384,0.9233117275484838,0.9276455844484073,0.9221047448733899,0.9207759823265798,0.9237128956210509,0.924206716542275,0.9234688714423998,0.9237907117142735,0.922893355263996,0.9242850485005194,0.924261450071978,0.9228688358552519,0.9241137695294565,0.9255357175252847,0.9269538139975917,0.9265611676279206,0.9256130081511977,0.9275031686098153,0.9271526484461874,0.9271045188996326,0.928655470171,0.9391442659536905,0.9398086550749896,0.9424515511479586,0.9406809901015601,0.9404440419809562,0.939795954936502,0.9394124770367456,0.9379565818916005,0.9387874770098145,0.939610726080031,0.9424796825302549,0.9417280987617584,0.941962118331026,0.9414285350808664,0.943228073486961,0.9439542481531815,0.9434330468576906,0.944114878187533,0.9451092402913902,0.9444863390197449,0.9409196469053284,0.9395358518861677,0.9378554826901017,0.936412941444106,0.9343073150878968,0.9357165256376989,0.9413795745406963,0.9415082603312982,0.9397109861781142,0.9419983204652254,0.9415292805769243,0.9421862013335744,0.9414192789834916,0.9398778290997405,0.9432511414418271,0.9424239217642458,0.9428175371010336,0.9449424542739651,0.9418365196463345,0.9462495421598967,0.9479418756556538,0.947505469667697,0.9465719308133237,0.9472941390966867,0.9468623161990987,0.947430302297247,0.9463689519960028,0.9472289376787368,0.9471703760111112,0.9475890863382155,0.9476407912454,0.947516281594515,0.9480626407478439,0.9488616000087713,0.9488588567011731,0.9489389198059454,0.9476522659333684,0.9468300818421556,0.9460691834863781,0.9468248811753195,0.9469399028334736,0.9482048397268958,0.9477226837678266,0.9478245625669887,0.9471278383757143,0.9474946191240182,0.9482367838227923,0.9493327437514151,0.9482980267185241,0.9481647242787529,0.9476428707938891,0.9476076245113668
338,0.02878021458876566,0.12550570407911407,0.3536725121566952,0.5966254089801051,0.7521848427602943,0.8345110214578824,0.8742755169940547,0.8818641661444144,0.8802782793047231,0.8730375293094653,0.858293791618755,0.8570262836096301,0.8557702722568021,0.8516777281830454,0.8452830687666304,0.8467524727374262,0.8447444944672279,0.8429264141129287,0.8455649396968536,0.8447935111923245,0.8430831779956719,0.849841782890404,0.8405509237972563,0.8521341481785225,0.855595572551778,0.8565375832165424,0.8666024597471584,0.8695980952090356,0.8675447163042104,0.8687351116223242,0.8615766306676815,0.8557252293976633,0.8596947124754795,0.860269271545355,0.8520969451836129,0.8543635088186303,0.8495813668248177,0.8545597019939895,0.8511925125695775,0.8502718418357609,0.8484743500018449,0.8526303925646217,0.8582961999424209,0.858248910046403,0.8540607846445306,0.8504720513608869,0.8598054133828612,0.8649604689351714,0.8633533807669725,0.8675198241539158,0.8600296548954415,0.8624357112948056,0.8649143060035378,0.854360659354581,0.855067504749921,0.8503102119771451,0.8406038515716936,0.8456771157451141,0.8431356596331752,0.8466529690638331,0.8470349460254586,0.8459722470266737,0.8483012904291801,0.8558409840794577,0.8638622600330786,0.8628679536092246,0.8587738493057483,0.8702616841915756,0.8750318438071765,0.8768210332340025,0.8782428521525995,0.8762250160628021,0.870138616939094,0.8708708673763107,0.8733498627413705,0.8762192210219883,0.8808377858540011,0.8823575574132072,0.8812115843441564,0.8787593499333528,0.8763539649257855,0.8746267801105261,0.8765263737500851,0.8773707100144706,0.876546244431647,0.8788001600421101,0.8804995834906394,0.8847959211385285,0.8843296226023544,0.8850933200784198,0.882829894696962,0.8823310954033796,0.8847109115250739,0.8856569063017941,0.8873096609122609,0.8831660819071467,0.8814344602480522,0.8828762691405178,0.8865111841168898,0.89545759211981
339,0.03895470917940199,0.17174886789524751,0.4296628273880689,0.6239304832761818,0.7622444456691855,0.8188934793030005,0.8482031543677211,0.8740733640154182,0.8778848265084157,0.8861973774758114,0.887362429626621,0.8774539898021884,0.8747572302349453,0.8768690414892135,0.8731183157839673,0.8691917238925633,0.8727613549529072,0.87290074750886,0.8705054342245075,0.8704774609443549,0.8692293062794402,0.8669125141120573,0.8698045737310833,0.8666276571804954,0.8673071122664087,0.8658055567618393,0.8675294221562578,0.8686393904643679,0.8657367531846893,0.8575780232527934,0.8537385136572873,0.8527653465890275,0.8619076405480919,0.8683997220760266,0.8674371612943083,0.8669224543166385,0.8656508059728277,0.871409300754813,0.8769524962347056,0.8774731965874387,0.8807384608683668,0.8788540121059141,0.8729405353402556,0.8790308269353515,0.8774856705366344,0.8730355225234188,0.8755265896584596,0.8750456786439191,0.8759135897413245,0.877948944622691,0.8789845305551026,0.8739366756305568,0.875040166125026,0.8739024483865346,0.8750426645204077,0.87601448827422,0.8784031600693548,0.8763628449394807,0.8713893328719329,0.873036602313352,0.8761908496897575,0.8776392485632983,0.8818477217678422,0.8845893317336467,0.8868900306903214,0.8881571522733691,0.8887366442584872,0.8939076815695295,0.8957611962958856,0.8979526730526355,0.9006850160972575,0.8981363329974918,0.8949931176888016,0.8922827327632067,0.8943196786845722,0.8920650099996703,0.8969807915065107,0.8979211806139018,0.9019660314192924,0.8991446964836777,0.8932314337816883,0.8999447987995727,0.8988343852386376,0.8979559010380261,0.895494133071291,0.9008449975485849,0.9034537166264216,0.9009652680201832,0.9013455081108797,0.9033561903920324,0.9022294938430506,0.9043363599811896,0.9092608484970883,0.9128390857438492,0.913407542025837,0.9183144939670789,0.9124109426775965,0.912741746529359,0.9073941271606831,0.9089949795349359
340,0.030954603159361282,0.12793908296649212,0.3063594271343595,0.5639079505087946,0.7278663639369263,0.8102636557869036,0.8545408438457605,0.8808590515894782,0.8831464826607138,0.8861296831679359,0.888581633954783,0.8882680535541831,0.8959102384529793,0.8953842318181856,0.9005990732290848,0.8984867607515783,0.8968224849876075,0.9014667977719926,0.8993800663037775,0.8963979836090313,0.8991394645373567,0.901180793266262,0.9091516004693575,0.9122951370932433,0.9127443830320092,0.911519194096767,0.9027231325514238,0.902674097638796,0.9051286393662558,0.9051584325812092,0.9050735039910527,0.9053360433692563,0.9064565382907493,0.9073282066331437,0.908323815505089,0.9096945670794382,0.9134628540184397,0.9165750138593242,0.9161835546803251,0.9138102985999095,0.9115931535543553,0.908213608151745,0.9078674686247907,0.9096378232523024,0.9093701728208221,0.9143628304279442,0.9247188412223286,0.9200526245978453,0.9202473070770355,0.9196131886380806,0.9179775647631014,0.9173012763007148,0.9175331101461685,0.9167915912706438,0.9173528915618864,0.9174472905558635,0.9165709347660494,0.9165631169119645,0.9161251399248459,0.9160647611869348,0.9168014529915799,0.917224563497325,0.9149192590738424,0.9153591151192504,0.9164267327295762,0.9247801857096719,0.9266803032382914,0.9266769257115891,0.9273420035886566,0.9298819409273298,0.92906208962032,0.9285082073603711,0.9312766421049856,0.9341656684812407,0.934920395359304,0.9363489272434055,0.9366163194954689,0.9341280916301339,0.9350329867133079,0.9334183536192177,0.9355442886958311,0.933005457569754,0.9320812199204304,0.932795370912602,0.9303501041448109,0.9297705470689523,0.9300991680904522,0.929557487661207,0.9295546690074342,0.9307207344676837,0.9299863160744356,0.9294163991528356,0.9279648715306569,0.9265826937488049,0.9285861109180726,0.9290121940208812,0.9297388116983989,0.9303886195993235,0.935354429753145,0.9352523363718123
341,0.033068677378689876,0.15071336526705134,0.4045050854876924,0.631882715704351,0.7893640136474178,0.8689893476700814,0.9030598158772665,0.9186823400120054,0.9201688966169074,0.9260081635896367,0.9306255599557012,0.9305598071195874,0.9335301650881661,0.9322667986832635,0.9324891334300125,0.9341008184475708,0.9345154635028056,0.9345716428216426,0.9367889342498786,0.9376259575071642,0.9328542454939488,0.9322113085687707,0.9322390026927581,0.9339382616105126,0.9344182102028487,0.9386504246847011,0.942526365487465,0.9418223914024481,0.9435644844896762,0.9445415448513359,0.9460504167424587,0.9468657760594462,0.9481758925422948,0.9490766362598376,0.9480449382632489,0.9458242876736209,0.9458426190844323,0.9444855307492817,0.94470245861628,0.9424936072983843,0.942721517716598,0.9440153819808893,0.9488449771685759,0.9502624709629383,0.9524413229035069,0.9572602167432593,0.9577524525668398,0.956565613272983,0.959922046216316,0.9614181045969632,0.9623060773927193,0.961797280954645,0.9576864767662947,0.9538658089834107,0.955914326385531,0.9548891653829457,0.9544942636246492,0.9533765420703165,0.9537815282118597,0.9542112539285115,0.9538585231230461,0.9552309400664963,0.9565414465460489,0.9592486763084698,0.9586492961567212,0.9580570426427276,0.9582961314963332,0.9582914580662372,0.9584989013703706,0.9572663178449797,0.9551497133111296,0.9580205243361025,0.9572425228209803,0.9590595625432098,0.9592099248932106,0.9593470987370878,0.960281346250364,0.9615730466329293,0.9612901855456023,0.96107964950824,0.9618225930624699,0.9623258942728508,0.9614804565402809,0.9611921845296595,0.9592029364897787,0.9583140466816178,0.958921137994081,0.9582500667754295,0.9600469195592503,0.9602570019822804,0.9613730855521111,0.9595507509376472,0.9593987730458049,0.9595667914433971,0.9589487421007952,0.9596052746018688,0.9585129357801532,0.9597672854162643,0.9619364735816568,0.9632806557355351
342,0.031751906368222615,0.12697093034712278,0.3230681173104902,0.5785790160470871,0.7317856577655912,0.8181411613669988,0.8617190760314308,0.8796335336554411,0.8834397452893292,0.8887051497962368,0.8983487739893543,0.894672925292398,0.895487102400265,0.8967500399005539,0.8978097331728289,0.8973043240354285,0.896190970125315,0.9001550572964451,0.9043447072548806,0.9052513457723653,0.904917854855615,0.9004549356929697,0.9076819090984162,0.9106019700913697,0.9094836335079601,0.9062485676270293,0.9075366701229975,0.9112128578596955,0.915238869731655,0.9111094676014047,0.9113597718699653,0.915664594336717,0.9139375725258799,0.9203027326529097,0.9156746133070222,0.914072464698794,0.9102869005037683,0.9061089653132481,0.9097890908882563,0.9105337347807141,0.9064442720097682,0.9094456872228405,0.9092290297884928,0.9078553760061839,0.9115956591629832,0.9138965467807902,0.9125181038543515,0.9152964718803083,0.9155569540426207,0.9139370328501032,0.9138894972055636,0.905161099657557,0.9095795461332318,0.9090196650148511,0.9164974883680403,0.9175908815238516,0.9209882514794812,0.9217456138441191,0.9209501840858836,0.918079400743446,0.9205649643632916,0.9243437061803789,0.9232978733121046,0.9270371220361758,0.9248320348115658,0.9232455835007615,0.9291992981758028,0.9266797036634891,0.9272141331482676,0.9323667251687608,0.9293760929196404,0.9280532701521156,0.9283661054420073,0.9266912991271081,0.9288637184328795,0.9290398036568981,0.933775297655922,0.9361340548611427,0.935866895496694,0.9374400007824959,0.9322330263442136,0.9322485843579236,0.9320198590064998,0.9310030186455769,0.9284069592087505,0.9281524741676512,0.9239198657556018,0.9281755496256681,0.9272881084127909,0.92460670095477,0.9316378107719445,0.9299122157219553,0.929109636786221,0.9309438620573509,0.9280633851640921,0.9266868494071513,0.9269389394250989,0.9207891822776633,0.9328547425857002,0.9349319086593073
343,0.024625692409047287,0.08626036453972834,0.2390973894841593,0.4814340646050794,0.6975825572012948,0.8188957259012275,0.8679690547216388,0.8956489504872333,0.9059177318155469,0.9067358675710292,0.9069747526040115,0.9101590388111734,0.9168561254783465,0.9168398688369905,0.9186237621123614,0.9202575257866024,0.9223964152111646,0.9206757000381529,0.9220037830377963,0.9238693074173102,0.9237628233670163,0.9273582870157377,0.925082728291208,0.925967436996799,0.9271383147204613,0.9271324992482011,0.9276509638018061,0.9284233878971893,0.92976402191005,0.9282976216050041,0.9288145082047841,0.9291877300632783,0.9268422075076599,0.927464027147174,0.9280476172693554,0.9236552153716828,0.9248023162806368,0.9305880936085248,0.9300814846614311,0.9289893258183958,0.9284198255062053,0.9289342006280922,0.9282371668528979,0.9271023386884901,0.9272843883901979,0.9255246744980805,0.9248552521541902,0.9261259641744646,0.92056939025815,0.9192690407894615,0.9190754879492675,0.9209105421759964,0.9195682953412225,0.9196585322068394,0.9265629665451383,0.9259579468679638,0.9253410536358779,0.927335287436131,0.9292277509563651,0.9293282209366454,0.9332102423961156,0.931142970382391,0.9348721976659786,0.9353693556854259,0.9354855229494295,0.9357393433626199,0.9341287275630955,0.9357248581148476,0.9378574809855906,0.9369333219099397,0.9381747735718133,0.935679358338811,0.9363297008770534,0.9374915021774572,0.9375188794782209,0.9383872182618108,0.9396166223863288,0.939930474844738,0.9394153190410255,0.9378681575459064,0.9391326777748914,0.9379332804731151,0.9389355424313206,0.9432640554124241,0.942958361339208,0.9444991736138827,0.9454579702495252,0.9444549503761804,0.9427877081357905,0.9430829516244981,0.943492908468336,0.9446519891387929,0.9452130031964353,0.9458900875164094,0.938459292389253,0.9362073390849137,0.9368135784406946,0.9357390952833302,0.9361875280325164,0.9372510568119119
344,0.038683722025723476,0.17658485977319696,0.40894166903841944,0.6331724347720041,0.7764434060863913,0.849023583466928,0.8857528359914448,0.9048603338391801,0.9187351122868144,0.9221122652649876,0.9248483844821322,0.9259345598317614,0.927303521517,0.9261574250307661,0.9273748895027133,0.9285002860150743,0.9309135229327277,0.9307650155822438,0.9298512932157951,0.9308856077039684,0.9286898152247706,0.9302427627482482,0.9289004008511819,0.9273026302304173,0.9258248514650884,0.9252211516004207,0.9289582278254888,0.9290163301551242,0.9272391149948394,0.9265031447243799,0.9265341674043488,0.9263824550922909,0.9303478924617561,0.9322283495663212,0.9322418139871311,0.9334027443014145,0.9318354901561731,0.9306554155953336,0.9309551355454279,0.9311195270899443,0.9322138631559921,0.9337734770110552,0.9349113293304637,0.9374202144175547,0.9362711803988722,0.935368152156296,0.9353361830702406,0.9347866689588398,0.9345590576974225,0.9355126637566125,0.9350122914542159,0.9357999740020563,0.935154634712493,0.9355665074049844,0.9355140652038796,0.9372045927309776,0.9380838721929817,0.9399017561478777,0.9404517569872043,0.9409490388933825,0.9392784149524276,0.9409165295057776,0.9400011154466155,0.9404991585229223,0.9397034942020981,0.9390658492833694,0.9412826881129455,0.9401660179327554,0.9430226653134244,0.9422667080323954,0.9409248787609015,0.940194831518831,0.939793351796292,0.940280676389391,0.9386454766697985,0.9389153546734579,0.939784319357717,0.9397820878802341,0.9390611863685604,0.9406402366695853,0.9404341092059738,0.9389901838275755,0.9402897694980525,0.9390250844679122,0.9370477252238522,0.9372183144450065,0.9369349313642119,0.938134559105094,0.9372730282084127,0.9370057636959266,0.9371806001871182,0.938563913136941,0.9387648444269574,0.9374073003141119,0.937063864861844,0.9377460639048085,0.9373381078789705,0.9381804467915987,0.9396386588793207,0.9384310770497934
345,0.028434814896478307,0.1434102428836482,0.3414728926356243,0.5752032766310239,0.7462629652626308,0.8430093403513113,0.8857720718314157,0.913561089846388,0.923685477394875,0.9249936275715517,0.9264514745807,0.9289437305885276,0.9319282174057476,0.931194103811932,0.931890179258251,0.931912719850898,0.929462697795746,0.9261931000867607,0.9234802234099436,0.9241146928347861,0.9257422266591994,0.9236837225512943,0.9226424317991679,0.9200672226560509,0.9216711719008182,0.9233661375632698,0.923271106034489,0.9307601554908124,0.9348426923731745,0.9363617071032131,0.9359658580913864,0.9377549296891824,0.9370824777598531,0.9375742511903024,0.9364591686916311,0.9401144329694813,0.9396628747690906,0.9371431713459336,0.9341860356891849,0.938279521704033,0.9403423403528263,0.9392456106875657,0.9394157875461282,0.9395460834067891,0.9390957747415463,0.9395991803866814,0.9451773264875878,0.9449036662418432,0.9425680422637948,0.9431628830743112,0.9418149718100176,0.9426011697689383,0.941842523698077,0.9411457768962158,0.9409645245385754,0.9407308746608278,0.9390425338626112,0.9377160424656884,0.9380060844863971,0.9373976497857258,0.9454884925242593,0.9463178992843904,0.946397825444087,0.9457146588686886,0.944110335693972,0.9414604339706557,0.9441926723493899,0.9462135441050045,0.9485294995704403,0.9462287544247023,0.9473913873837252,0.9431081115035479,0.9463226862517132,0.9481949546696058,0.9487210167730047,0.9493790746780603,0.9477470595876147,0.9479136762514044,0.947671642528197,0.9435099105033706,0.944775688644896,0.9429976502102848,0.9441822546391059,0.9435149387131441,0.94441025846664,0.9424920027580125,0.9381310791531484,0.9383358993096929,0.9386178044081196,0.9378260778624141,0.9396882790380626,0.9397508788162111,0.941017338974237,0.9380672836073266,0.9369079833264715,0.9353041881609042,0.9380484485592544,0.937106331444343,0.9365936809307752,0.9376523808691536
346,0.03851800906145853,0.1846016509623043,0.4330589774063867,0.678272387323942,0.8137628301847388,0.8738856237436238,0.9043839640269665,0.9191341715161405,0.9187707375754884,0.9187725199484257,0.9238545720237904,0.9242104250942839,0.9247522126626309,0.926376680936714,0.9272821620773375,0.9272843257125518,0.9312032532362663,0.9314956422103051,0.9327594567633686,0.9324972270720816,0.9320241332359527,0.9292755373931828,0.9294289199986798,0.9331499911491292,0.9316582234032924,0.9336573202464237,0.9368149025993899,0.9387158780079146,0.9369853485421659,0.9331823131960981,0.9319305607248916,0.9344656868051016,0.93411479416168,0.9350868454758637,0.9363915228402511,0.9355842645334514,0.9375683909315815,0.9378336630131591,0.9382978471629281,0.9402309456492837,0.9406762991655938,0.9403533642052753,0.9427582483438531,0.9432117252115888,0.9407952759145993,0.9437633843167258,0.9457604370482521,0.9475469164177054,0.9473711999397733,0.9500696157037976,0.947981758763029,0.9475664844486724,0.9469917268844243,0.9441556451158337,0.9441962863412141,0.9474303083534055,0.9487053485522458,0.9487913704776341,0.9521689581367428,0.9517548183450244,0.9536297213670754,0.9571153019676014,0.9571530612672704,0.9583982763087655,0.9559315275170462,0.9531647630156671,0.9538490265344156,0.9534307455823928,0.9539443398127198,0.954287681761484,0.9542353200046029,0.9525808256835907,0.9537525656708103,0.9523823905910566,0.950896401488224,0.9505616330303003,0.9506670172190088,0.9501335427810378,0.9506133348207281,0.9496474724954033,0.949266672923596,0.9495662005487354,0.9489189662475711,0.9498276384545322,0.9492804864414172,0.9498309612797539,0.9516626654006806,0.9514421182109547,0.9513144712946215,0.9503698087917527,0.9496912249481203,0.949760461291971,0.9517215403999859,0.9533600044396239,0.951667188690381,0.9529651433212599,0.9515910370704542,0.9530537406493635,0.952100699454011,0.9527569668734217
347,0.04159396102041232,0.18129130639662316,0.44474051440006823,0.6829308120513434,0.8237554391438286,0.8882389030179964,0.9167183421091036,0.9267937809764011,0.9348621144446934,0.9391073421645276,0.9403525017293771,0.9394141465056448,0.9394449626711697,0.939593678634257,0.9409311707464008,0.9412534476605381,0.9432992290603657,0.942216909635641,0.9432175820172434,0.9438875661470333,0.9461971336192684,0.9474907058360346,0.950810032578146,0.9489719317547372,0.9533651513654838,0.9518369325071686,0.9523171352425787,0.9511762532625773,0.9536133343316616,0.9534919446731075,0.9534803760332012,0.952511002426113,0.9524948471533835,0.9541098268156825,0.9554731686683623,0.9555101015424181,0.9548044354791313,0.9544411306443881,0.9546682497910843,0.9556651974749362,0.955796622736738,0.9580857572337885,0.9590359529154674,0.9600184869653833,0.9621716201433455,0.9635008419248758,0.9629939510237224,0.9634856014221433,0.9607573055441722,0.9600901252485999,0.959321039535,0.9591812275887345,0.9594906302677877,0.9604530258055045,0.9597772891491959,0.9599142000340625,0.9591337916068096,0.9591483407101953,0.9606375758078975,0.9598757850505133,0.9611463947939334,0.9595656554384342,0.9596927915809934,0.9599301947361799,0.9587332469409608,0.9608848902238116,0.9611974424049704,0.9632750080162705,0.9634359970839945,0.9648612579862327,0.9654614518347588,0.9640671127715876,0.96236698919046,0.962284197781357,0.963122952562049,0.9634213650147251,0.9663894432058975,0.9638009028068586,0.9640464137185342,0.9641117184862861,0.9657453531122634,0.9658946306322258,0.9642996190540539,0.9643945362293321,0.9641588202177682,0.9639213663112058,0.9633018690567455,0.9638995996163446,0.9649980116350406,0.9639861579325425,0.9640620682731782,0.9665138719823863,0.9662753086363672,0.9668282198026189,0.9649784752111796,0.9647805813370911,0.9638537979729239,0.9630774615423414,0.9652587990154339,0.9635708527314687
348,0.03260014454776361,0.15703474127005107,0.43847831795379905,0.6889703773280347,0.8210390012520625,0.8822869734721521,0.9113453859433891,0.9279702067880845,0.9369712110582509,0.9424369308641178,0.9463573578122386,0.9501871294307983,0.9521188294623931,0.9517825781874905,0.9518550819536697,0.9534032323027195,0.9540807371570285,0.9541976711912064,0.9535244935733295,0.953043769651822,0.9545994387892347,0.9561554095538901,0.9573702763333749,0.9567391983073243,0.958801839584119,0.9578278601460347,0.9578234434984831,0.9574923083815412,0.9578985182942916,0.9582178904597974,0.9598363175841881,0.9583984217873989,0.9589575802209888,0.9595714122259293,0.9617785763345704,0.9610256477127987,0.9589877175269066,0.9609293646380721,0.9641353502216632,0.9641897591365187,0.9666235799528508,0.9670813074128971,0.9676935869828428,0.9668246969074532,0.9663993777265302,0.9659730238585776,0.9654757828022579,0.965368614083462,0.965564217917875,0.9665456112934977,0.9686431674621951,0.9665872439154768,0.9665566830057416,0.9680216257868028,0.9685080384128567,0.9670495621839896,0.9654068975587395,0.9656408171550229,0.9658113766695032,0.9655316605758466,0.9664833144909037,0.9664852206291334,0.96677550015307,0.967918125987782,0.9683245557185617,0.9688293376176773,0.9686256897925601,0.9676341319370679,0.9682230903255354,0.9675697006726507,0.9680536048987014,0.9676718882493563,0.9668141921658404,0.9671693017842307,0.9696968239023203,0.9690495932553762,0.9689648153725874,0.9686463041226525,0.966591489531702,0.96657541076873,0.9661877565526108,0.9658801316144137,0.9665864253505938,0.9670573776841098,0.9666984374420156,0.9669807729709119,0.9670441361419081,0.9655638980843634,0.9665249338058481,0.9653639502365611,0.9669963044756068,0.9667184462584132,0.9667443105199848,0.9660721768329088,0.9674902237018821,0.9678957166285413,0.9678748320830083,0.9671772868981476,0.9681978969693893,0.9685226760820186
349,0.036290973345610614,0.14571676095001584,0.40325886682575346,0.6517778522844802,0.7927214744980353,0.861211242416325,0.901287577276302,0.9177293362533689,0.926773848771642,0.9264783390681124,0.9265364239375118,0.9286349667949599,0.9264741714246715,0.9244129303721668,0.9224809469920772,0.9223123320308012,0.9215293431855676,0.9224539565298163,0.9225040037964698,0.9238331163587924,0.9248359997592565,0.9252975429835364,0.9273057520156567,0.9263748688273847,0.9259661370055244,0.9253283411672464,0.9272591694181014,0.9243061946421791,0.9238327390955946,0.9222401215042555,0.9234726372870351,0.9238813802103136,0.9269209289016592,0.9265852729789055,0.9275472902092986,0.925373675711122,0.9272706183975938,0.9291139190635102,0.9289675585674874,0.9274340039134653,0.9271476884037604,0.9260509561153509,0.9262779370075779,0.9265393411002835,0.9288659126903768,0.933566638183487,0.9333430781223586,0.9334243420371844,0.9342956597733323,0.9337968719690951,0.9331416020453601,0.9334778473053447,0.9324999569713027,0.9322794575552321,0.9328694862912056,0.9328647604985801,0.9318948503020695,0.9325445792111183,0.9332448313382626,0.9317187233881701,0.9321554576750393,0.9324941384890127,0.9325915016199912,0.9329502541215734,0.9329340451806347,0.9323251672244183,0.9321011292808676,0.9328541251117879,0.932164432629195,0.9329645735098007,0.9326592733884825,0.9343727101027308,0.93563278097985,0.9361951411329532,0.9354080902601735,0.9389872584301858,0.9398976798661235,0.9398860698214685,0.9396064138100528,0.9385494896781219,0.9374010632311915,0.9374054032082577,0.9377182313129812,0.937406513641496,0.9382465236310576,0.9377498509105291,0.9370201007605112,0.9386772087205,0.9379721080481498,0.9350988067165608,0.9354416685590837,0.9352242763719651,0.9353478795833456,0.9346517326690872,0.9342889178856563,0.9349548593554428,0.9350718541361133,0.9341552893107363,0.9343465185304065,0.9339839534347953
350,0.03937488550055674,0.1808297364783582,0.44623572740856027,0.6810376879695272,0.8186245955030632,0.8932817799673279,0.9207717608543325,0.9356617825311317,0.9470525055812549,0.9532810216155108,0.9546917308783657,0.9552848569182052,0.9542867374750794,0.9543504702795593,0.9561678834968166,0.9556713608275996,0.9542657119325194,0.9475788180491966,0.9454852627326072,0.9447673278218545,0.9444635120829489,0.9425454639933258,0.9495654633289012,0.9513655070251279,0.9511416838771715,0.952247054841523,0.9524505846966727,0.9545175081424795,0.9542079725601663,0.9546484006415202,0.9545119740970267,0.9594088214093666,0.9618416094884711,0.9636510410934253,0.9587903090591691,0.9558821501526302,0.9615120165412817,0.9607476344056635,0.9621699710435523,0.9625370645393851,0.9617071736275151,0.9616855228464565,0.962145780341417,0.9623694502895627,0.9633704239585225,0.9634261699279947,0.9647730612927569,0.965501093439716,0.9645119180956131,0.9639193180872205,0.9642806049310121,0.9657619929300023,0.9663528043804086,0.9652844411861389,0.965964686928757,0.9636168269775551,0.9641745977447559,0.9632596985415784,0.9655759249327974,0.9658865167769981,0.9619630601739898,0.963571663096386,0.9643797382483027,0.9658329305997201,0.9657666901338707,0.9682788586406452,0.9687562487508634,0.9691868885513112,0.9675170283049943,0.966878443185429,0.9674648137134105,0.967669383608838,0.9673614781422802,0.9681811191671127,0.9680864859798526,0.9671372481349232,0.9671005599425457,0.9676332206783104,0.96612314110858,0.965908861113699,0.9637148288452488,0.9631487768188793,0.9619869912554485,0.9622423992552079,0.9624744119019543,0.9613364308052731,0.9602390962632529,0.960033728336349,0.9624625120634117,0.9630974009974647,0.9631849315619051,0.9626096951624626,0.96275738939095,0.9625219291557702,0.9630536402001265,0.9598042620516506,0.9623352576974699,0.9624040002123112,0.9659389708636674,0.9661485737751992
351,0.034581079140876644,0.1514693477428966,0.3860410027157743,0.6424973987678158,0.7899987046468415,0.8591405207765394,0.9055699140877208,0.9210778527464635,0.9246714230307518,0.9278043118026567,0.925560357948465,0.9256216909975068,0.925518135084711,0.9261579881789133,0.9266216004052363,0.9261473276772998,0.9246062421969299,0.9253584920050318,0.9275973370992565,0.9253433648119069,0.9229990172555793,0.9203079248228776,0.9210993066250077,0.9223583615619908,0.9208019265763409,0.9298477092890037,0.9262506853213947,0.9274811859887143,0.9277860918328054,0.932986591339384,0.9353628680735797,0.936963801027714,0.9406014230912434,0.9399811853021247,0.9413249169975323,0.9381090290133365,0.9375825322444351,0.9351196180532022,0.9351203742141676,0.9355356079844871,0.9361482849291063,0.9379584721245361,0.9386871955162112,0.9401970979427681,0.9423537744159247,0.9433096352022103,0.9418671203426939,0.9433350337296126,0.9457214378819383,0.9418850033146576,0.9440371567268774,0.945499577875499,0.9445491080346793,0.9429918102676603,0.9448203274198304,0.9454110334834094,0.9445634886502762,0.9445764907324904,0.945369042933907,0.9463832191616425,0.9461177128979122,0.9455388874271516,0.9465348292032958,0.9464767848512952,0.9473947331246612,0.9453298890527393,0.9438507594551828,0.9445696870564553,0.9456283446947853,0.9457995719761132,0.9484780525795412,0.9494717459016742,0.9493882249038761,0.9505784648963754,0.9495403701236539,0.9495511409725972,0.9489716848155502,0.9477545258949657,0.9444937980822121,0.9422890331986591,0.9401270221547979,0.9415180934437651,0.9375180321647058,0.9377164964720399,0.9379854392910524,0.9383547744733187,0.9389509464376513,0.9405420062754439,0.9404463649156435,0.9388133412253268,0.9382576350054863,0.9395085195745839,0.9409089343787091,0.9396615252317022,0.9409510153708034,0.9433816679290109,0.9423968991059849,0.944674953691879,0.9475139444628013,0.950867894218619
352,0.03440417853805211,0.15269839827684206,0.37077375380529654,0.6086057410540586,0.7773726919946258,0.8457124873262093,0.8863276774560361,0.898066678812262,0.9050372425485569,0.914320574165697,0.9168680367222872,0.9131501815194677,0.916065069794354,0.9162034076661567,0.9140543878354079,0.9120623355809943,0.9150827150428623,0.9127090867670069,0.9134208647266793,0.9141694861306222,0.9078508035138506,0.9104737149400747,0.9171712361638845,0.911713162359651,0.9155324650049507,0.9136080617866292,0.9198200414184463,0.9275912012307949,0.9271991783811241,0.9320790955136354,0.9343605471677227,0.9381606604027926,0.9411138444215483,0.9433779521558661,0.9399248937841446,0.9371849387613824,0.9379346319882501,0.9415994660473023,0.9406850662677215,0.941763268215736,0.9504408387224976,0.9502936096814025,0.9503017151892601,0.9491801476533392,0.9475429919815032,0.9413911073519243,0.9442906429512082,0.9437262049000382,0.9390088485463499,0.9386797076704684,0.9354713419842444,0.9395276077003417,0.9400878435264727,0.9416099516952403,0.9402404320928309,0.9414788640822799,0.9421249044304436,0.9426773759727434,0.9422127111717135,0.9420798353257037,0.9410394738194203,0.9379594472499965,0.9386349760404065,0.9371806489277122,0.9366172511383495,0.9379465615758582,0.9358758703015702,0.9355145343288721,0.9452439672112414,0.9479027107501203,0.9507181196821263,0.9494820073356475,0.9494612842587818,0.9487390225387162,0.9495043981924698,0.9478074195977416,0.9496356952472332,0.9495893078354243,0.9499219565520594,0.9555241544091421,0.9547641204326349,0.9571626098416725,0.9587376216369095,0.957702824032069,0.9577078249397224,0.9507660639206108,0.9514239652593309,0.9501780315913435,0.9569638294009216,0.9591370877704715,0.960038540945776,0.960012764784307,0.9605510918709236,0.9607661520714017,0.9622628021525782,0.9623476443596986,0.9622247567843264,0.962481121915837,0.9617585159251034,0.9509597292781267
353,0.02092354093322548,0.06636658631185163,0.19229079831305484,0.3826609198164504,0.6246153070406851,0.7772861392678085,0.8543891232743234,0.893459224535669,0.9162183946963451,0.9262004531116019,0.929723333074173,0.9349277599700118,0.9364735306952183,0.9383755127816574,0.942020452676275,0.944727291458823,0.9425056256969685,0.9408095678370507,0.939202234345995,0.9376650572818227,0.9364571606713483,0.9341100665237796,0.9359814712733723,0.9364443953273809,0.936501204230185,0.9365617872722845,0.9387125375080724,0.9399812540547429,0.9423266957305946,0.9427497430760736,0.9434114461074189,0.9438711305399934,0.9454001146414868,0.9462111015824164,0.9463862092814808,0.9446326144382323,0.9492063232128902,0.9540901019173108,0.9519791351781052,0.9524250864776833,0.9523551770357657,0.9531606976688437,0.952098951738479,0.9490292419833782,0.9520797049094503,0.9541161660681539,0.9532895104459361,0.9515908076569581,0.9527019778146056,0.9552995069265264,0.9565434039623174,0.9560611648632442,0.9579422243314873,0.9583552572478928,0.9564429168840201,0.9558546234256411,0.9554567695791535,0.9552257074461317,0.9556927273012442,0.9563097904948412,0.9561127319705757,0.9573207036527248,0.9575340189137722,0.9563542448937089,0.95700700521217,0.9562389205213332,0.9549625218812087,0.9546802958086242,0.9538935163184448,0.9534039416698908,0.9535243364127698,0.9536441117051635,0.9522453956815666,0.9524075574737415,0.9522118709445914,0.9533328953590064,0.9531568932824035,0.9536342891420583,0.9538019775387983,0.9521928484375229,0.9522712346973807,0.9524434968028348,0.9536695809529243,0.9548815798282013,0.9557651352923092,0.9561533608724154,0.9560954165221831,0.9554380782157643,0.9561185551369712,0.9567939714469975,0.9574593980711275,0.9518527989817346,0.9487155411459467,0.9489355667210875,0.9477904195569543,0.9475930098504945,0.9463280750041059,0.9481001816098257,0.950461898484884,0.9518511945297419
354,0.0360979116220573,0.1398110237722143,0.377710096697085,0.6353234027253432,0.7856449603904423,0.875621169847761,0.9066608013257048,0.9224429657725185,0.9291632873093318,0.9345687245021982,0.9350626666212096,0.9360673765686688,0.9373225096717624,0.9373916118988685,0.9362574806482428,0.9324237570977284,0.9313116418271776,0.9307451243765076,0.9328774929152517,0.9351437833349365,0.933998239503619,0.932215863831557,0.9314030975758791,0.9314887329974516,0.9294513667897525,0.929630008953135,0.9347504366646149,0.9376714582917657,0.9375828809540896,0.9401668942330934,0.9378733197328828,0.9421919963338026,0.9455841108797948,0.9438052502715196,0.9421762222261713,0.9418047243052018,0.9468096939659109,0.9531254269401781,0.9525128079612786,0.946930731854705,0.9491497482151101,0.946830069445841,0.9445596042051266,0.942718665951813,0.9446747729531333,0.9456579130701122,0.9477902584517721,0.946968070268055,0.9436424016532464,0.9436955751491253,0.9425212077963282,0.9420929688968918,0.9442503538193995,0.9436266148198598,0.9459892324829855,0.9459960087033947,0.9469919438392546,0.9499154566017998,0.9496609921780707,0.9482972140159565,0.9470677892072397,0.9507013172407623,0.9506526827310796,0.9476747264631332,0.9530877387307882,0.9512940729218493,0.9496800299293184,0.9471516137699861,0.9478638521599609,0.9420463247504278,0.9424408428020318,0.9423942099637316,0.9449926520739725,0.9456287736995281,0.9475885298654555,0.9481187507790544,0.9468799025268883,0.9445089271692646,0.9472135856038831,0.9476506012239573,0.9490452738684114,0.9504471673798333,0.9493865416212646,0.9495490268343919,0.9496929041727067,0.9502662493166218,0.9506789360119197,0.9506941244775717,0.952072109342546,0.9528189954657894,0.9534003434011705,0.9506873224587039,0.951014365210911,0.951008872951497,0.9487366639653573,0.9485143316489626,0.9478273731549178,0.9500054899429895,0.9473601475389986,0.9458280333081787
355,0.04204663134971359,0.18207315144006248,0.45881621183203813,0.7027663790193077,0.837971684327605,0.8897283077302146,0.9159368510878104,0.9311289552349047,0.9393457362705577,0.9401873981768056,0.941269242431249,0.9420259673975236,0.9443183088363437,0.9432894546170388,0.9438423146867269,0.9442536809953239,0.9446499914407644,0.9463662036237686,0.9455159389448268,0.9464589167955808,0.9439537148634396,0.9443952578186088,0.9456509788550592,0.9454238500351919,0.9464600879719691,0.9472224110189602,0.9484756503293468,0.9485593754280078,0.9477907453763755,0.9458153704843707,0.9465400920483978,0.9474155121205269,0.9460261343497615,0.9485706297330789,0.9478306605995758,0.9489936767556231,0.9502007002647674,0.9503830700999712,0.9527647583102614,0.9528133889223944,0.9520925726691135,0.9526475793256935,0.9538720337774673,0.9526562117777831,0.9531972422643855,0.953432080703278,0.9545261736531687,0.9546670722933858,0.9539795326204747,0.9547369145382675,0.9565444244770391,0.9558212339104988,0.9559211871883025,0.9551558089855138,0.9543000408358275,0.9543358347725291,0.9534734052009215,0.9528737958971024,0.9529973322776558,0.9537982708153097,0.9531658474812505,0.9531190232463641,0.9517364705180779,0.9543989842641767,0.9535266614128933,0.953547711036055,0.9537326954074291,0.9528723909746113,0.9526898079320933,0.9547287168142197,0.9552347038712808,0.954549266356506,0.9556028875373819,0.9559805889618356,0.9574732622156543,0.9579737310360688,0.9588400272913592,0.9590895870576209,0.9580050589002685,0.9566004807312625,0.9583065315251408,0.9589798471466817,0.9598589912645401,0.9591959505724645,0.9594526312280252,0.9603865167699562,0.9601637289946596,0.9595639897926825,0.9606429116786479,0.9605804339093591,0.9603890342814713,0.96040323229523,0.9601763158900998,0.9594089865966265,0.9588724985840926,0.9594837006442242,0.9589439483410998,0.9591287252611306,0.9577212257832745,0.95968950527918
356,0.026920723215650155,0.12503702623204338,0.31617811849487,0.5749878965343778,0.7373717533171283,0.826115381381789,0.8680095246948456,0.8922429812742685,0.9041108566443435,0.9064739994036023,0.9109791447002956,0.9125435737921274,0.9170904059964811,0.917946346659392,0.9206894909724207,0.9210915329710363,0.9200338604098866,0.9217226037496001,0.925753445751239,0.9228852310749118,0.925386291785744,0.927717297611608,0.9280304482928216,0.9302900678049913,0.9283453857515466,0.9314379378320505,0.9328817820741826,0.9305438459812265,0.9259138547437683,0.9260760794278815,0.9248612598222727,0.9237916809324338,0.9226486378622234,0.9213791782896879,0.9230997951414708,0.9297902515231522,0.9300159573403539,0.929281877489661,0.9286177464268345,0.9278558947957697,0.9295469738122678,0.929073104461359,0.9308015373529601,0.9348839476121927,0.9373675751134152,0.9379134119550298,0.9384975594759141,0.9404275236151249,0.940130692682131,0.9412215452417688,0.9404761321563232,0.9404195850849892,0.9343601545030645,0.9338969282940967,0.9321906148864223,0.9318695121177782,0.9290319934193615,0.9266545736791069,0.9268518565373433,0.9276430136990451,0.9290345365829414,0.9283092986270952,0.9294068180199722,0.9300398257608639,0.9299694311340531,0.9334317886104047,0.9322299515543959,0.9320544962193559,0.931260598602664,0.9272625813191416,0.9286889218897214,0.938155670291085,0.9399918667522452,0.9397803153662534,0.9355223218351941,0.9374905251759127,0.9378563337608729,0.9367664320149123,0.9362767264488303,0.9379135161047629,0.9383769929541039,0.9397223175680456,0.9390451771826441,0.9393194403909719,0.9389215676943584,0.9384489298956257,0.9390861528067437,0.9405094123993153,0.941127423926314,0.939066537156996,0.9375830911253833,0.935199898635282,0.9357783927375501,0.9333271663800052,0.932783156953042,0.9344528688120558,0.9344984454449851,0.9361207262298195,0.9357902268184316,0.938555544579758
357,0.018595744419448026,0.08263167251904018,0.27863701552522663,0.5346308190706869,0.7321397289024637,0.8473989002519509,0.9045622948353964,0.9297473534270795,0.9385411431691378,0.9437855105448026,0.945521439634076,0.9428456027098462,0.9413851716443213,0.9411107002782301,0.9392583203195807,0.9375050266953595,0.9373166006389455,0.9393092818764401,0.9401956012382615,0.9387323510457349,0.9397299860625193,0.9404653188546297,0.9439714697884015,0.9408284933304659,0.9473213941528583,0.9478531979216449,0.9498280203173031,0.9449449534127184,0.9445853194826883,0.9456910216890878,0.9491640431966083,0.9526348694143637,0.9500689135924888,0.9492231072007401,0.9508378171561778,0.9507133705933059,0.951878298144359,0.9508706525788841,0.9523013741408464,0.9523156130122077,0.9544221164938562,0.9530822024073459,0.9513776560029864,0.9519118615760785,0.9529092775394378,0.9514034863771262,0.9519331125202407,0.9521178912165915,0.9518758174624087,0.9535558597965541,0.9536375574803689,0.9536919674195369,0.9554208825633268,0.9511855390096247,0.9510688145505164,0.9489540703139532,0.9487327776312765,0.9484373956977312,0.949726168018302,0.950519595322627,0.9500756988060501,0.9500271244304983,0.9487811789684506,0.949209038504235,0.9483894912834205,0.948390295817586,0.9486379128869791,0.9491258282059306,0.9498164718954059,0.9487706155107161,0.9498812350597133,0.9511442798654838,0.9505499952457634,0.9515359305426433,0.9536195286943665,0.9526705112385062,0.9513231185172397,0.9481596796084644,0.948413042968643,0.9515838808738449,0.9529788670498276,0.9538128339291841,0.9505823119724082,0.9496692664772705,0.949881560083679,0.9501521684473484,0.9508480148032956,0.950208403734878,0.9480930452453232,0.9477320704860344,0.9470735810637585,0.9487884791987858,0.9495353061589333,0.951824289266755,0.9528623814244725,0.9535316533337759,0.9528993440286658,0.9521213796019148,0.9528779615488945,0.952862150337069
358,0.032865990328457995,0.1376500268226788,0.37807693099695205,0.6296673267871624,0.7933057818153967,0.868548555493073,0.9000494853503842,0.9211454693575329,0.9269662911063291,0.932014319088278,0.9375446870832769,0.9356900697845287,0.9337789113851863,0.9343971309097894,0.9357939733818896,0.9341055950830544,0.9366150972564862,0.9396738608280286,0.9381468464300727,0.9377509133398195,0.9362993486190806,0.9351751901757119,0.9344198758359862,0.9356523493921303,0.9402424012419864,0.9423439965847894,0.9415691891206444,0.9424498934414979,0.9407580910100496,0.9436839183019744,0.9438320803021973,0.9416719942312689,0.9428434446887489,0.9450449731837736,0.9412613535597442,0.9449195991393533,0.9472107600128293,0.9418762860570077,0.9427015799711828,0.9428912881052872,0.9452082518549914,0.94505354553147,0.9457499015260272,0.9441787053531021,0.943549633171083,0.9455077468635626,0.9450907534660926,0.9434243482021962,0.9458063549456547,0.946940628041543,0.9452074554704946,0.9455764273813149,0.946165229301488,0.9480868819683324,0.9484113253857572,0.9480625868172743,0.9484155181764475,0.9484164852721473,0.948654452080205,0.9506407745736842,0.9501777151511918,0.9534268758441152,0.9554146629794441,0.956486842725073,0.956850093204498,0.9571255778727934,0.9570142287688255,0.9576113274198618,0.9583782780388838,0.9575931652624847,0.9564462429964675,0.9559178109316754,0.9583775416409536,0.9556255308239209,0.9540347765417475,0.954872635563764,0.9544044487832906,0.9555708432662249,0.9555574504501136,0.9540334075201232,0.954228546359873,0.9555637551756135,0.9573875572327885,0.9577818440462917,0.9588757422823617,0.9579157060582807,0.958735865541909,0.9617205709726905,0.9621671131689683,0.9620191371014313,0.9613016740239968,0.9618364935600876,0.9608878743397661,0.9607618132706602,0.9618908237751482,0.9622453912199326,0.9619938558103898,0.962403610394186,0.9624513161610494,0.9612425434051527
359,0.032266385802724985,0.1164656740733395,0.262151711358418,0.5062996179660825,0.6853041566162777,0.7918442342534544,0.8555214910186478,0.889837819423683,0.9078618347401409,0.9129454313820016,0.9146817351649952,0.9150475398145345,0.9168516182719846,0.9178993940725019,0.9195495640254839,0.9203777199697839,0.9194371795351133,0.9211498187746799,0.9214911079984323,0.9218145276365362,0.9211698338015455,0.9225867434796783,0.9271796383219035,0.9314019974109751,0.9330260969546562,0.9312653485107221,0.9311425558216833,0.9319004601638688,0.9306483480099823,0.9350217785070045,0.9338602992449389,0.9289735739680844,0.9276348002142157,0.9301272475224245,0.9281200552400033,0.9275513091704538,0.9272549305606473,0.9279728999758787,0.9274871578830866,0.9277131838945418,0.9284326778329018,0.9275461660085679,0.9275799308325707,0.9281788875646579,0.9287954190441237,0.9289539239365162,0.930505574215371,0.9306403514832856,0.9311752002608585,0.9291987746619096,0.9304759538618096,0.9314491529832324,0.9318116539211126,0.9308416427663301,0.9314385880485997,0.9303706402149912,0.9311043650250475,0.9308567061053097,0.9323288373852323,0.9321090269259266,0.9323089730807061,0.9331248660360209,0.9320695108459107,0.9306061338269735,0.930977398997325,0.9304156422055988,0.9280625097117522,0.9300525485112016,0.929266328693834,0.9295342054040943,0.930025757737664,0.9315016353211132,0.9327388863531109,0.934081028858597,0.9352343079632942,0.9353213516870201,0.9337981993999536,0.9338127488690264,0.9360365541405803,0.9366744707627964,0.9371974532062477,0.9358825527512781,0.9362857938635392,0.9365424461251023,0.9366117099124373,0.9351435059578229,0.935956372874699,0.9347953500490784,0.9350888654248836,0.9360977166514322,0.93517147272304,0.9342885418236283,0.9338103365758701,0.9341256561064462,0.9329009761503465,0.932921244959437,0.9318102439756352,0.9316907147896584,0.9325515014780332,0.9328126060379418
360,0.04182644563178632,0.15744300787056317,0.4142928038545407,0.6636119866017616,0.806435400184687,0.8807227305853431,0.9063152885950404,0.9175149056478534,0.9243790752114128,0.9270939455935195,0.9281153261002606,0.931368752830256,0.9276163452813239,0.9299783760002047,0.9302478883639516,0.933485741002142,0.9324711787292302,0.9316619552054491,0.9315323005222289,0.9329932935744353,0.9331692075547767,0.9339820198616932,0.9364418345270434,0.9383942479027236,0.943495757808117,0.9445084062609312,0.9492384086139228,0.9481189059455102,0.942179474285382,0.9388311298448012,0.9386048383656442,0.9408434742352297,0.9406392551493543,0.9403222300719887,0.9384109728224336,0.9390113388410372,0.9383038582975906,0.9423132133563166,0.943457971387369,0.9451023652562004,0.9463899665613156,0.9456642336807256,0.9460363247023175,0.9443927677670066,0.9448639914107685,0.9521265616415184,0.9550232957888798,0.9560329959936301,0.9592832752386826,0.959538653536564,0.9617573850291566,0.9629462361101606,0.9599740738424631,0.9582795502554444,0.9584393686940449,0.959637302575103,0.960302560196127,0.9611269106258302,0.9613102297840609,0.9632759865846617,0.9634093201973135,0.9621415098079288,0.9611595852258839,0.96221282520811,0.9611453689957272,0.961534848726259,0.958734451412561,0.9593010382414288,0.9580992080780155,0.9607557507277005,0.9628344821133936,0.9642059040174206,0.9637103450047249,0.9646729334369393,0.9650755033428247,0.9660585284156202,0.964921478722018,0.9639902245626852,0.9641073961093231,0.9630659703483628,0.9646155324180795,0.9642406705147413,0.9637390814515945,0.9635989861320996,0.9641520049564938,0.9632228052792294,0.9647799282908216,0.9654533772780673,0.9652666129870578,0.9660772051503302,0.9668557028892312,0.966579135965721,0.967522188411735,0.9673659080757127,0.967430636821045,0.9670305424983741,0.9671448569207661,0.9677835991862218,0.9678517045135163,0.9677183605849439
361,0.031378864686090246,0.15430350463794254,0.4020417367829063,0.659469398617821,0.8070794469853212,0.8789678911896899,0.9048365753545934,0.9215276932700387,0.9292331006167527,0.9276509016173351,0.9284547351944048,0.9238737912241624,0.925045637889326,0.9242768597018461,0.9210846344642313,0.923886047182763,0.9260509898848979,0.9252660021487132,0.9287363412300584,0.9286777750176427,0.9232460588905256,0.9217803801351708,0.9222477844147287,0.9212506348983304,0.9268218355400138,0.9318715033828847,0.9278718521460522,0.9290922542917629,0.9313710829692422,0.9336625985840447,0.9297322309012983,0.9280914192441573,0.9278109758832944,0.9268305238104853,0.9268369422645614,0.9262657847377525,0.9253659760826713,0.9222909521528195,0.9233302173811078,0.924437733102025,0.9268728810873429,0.9278999644742814,0.9289737803353739,0.9285915069304906,0.9310746785990043,0.9301852206962777,0.9301756920973332,0.929602237964574,0.9341303755448861,0.9362561328335172,0.9370504873921739,0.9367926383520175,0.9363461815511556,0.9363325996646938,0.9374104425028527,0.9405419620894859,0.9420954143357771,0.9408484638069821,0.9412232761479541,0.9414451054250728,0.9417039891391288,0.9413567212999588,0.941459554119502,0.9407948475340592,0.9461945701841651,0.9459648792440507,0.9504643328790742,0.9504064212955653,0.9546399733690208,0.956723180923953,0.9565478876596752,0.9572486503717859,0.9573047695736213,0.9537461522772921,0.9529141949132851,0.9468468166033142,0.9452312098628074,0.9428399849478489,0.9431061230168883,0.9446452930283361,0.9454868902244203,0.9465093261592219,0.9459117141794404,0.945812366230572,0.9443757902880452,0.9451921540858418,0.9462929131661929,0.9451398304641141,0.9448317827990452,0.9428754736393877,0.940575425121591,0.9420762387180137,0.9424905993151473,0.9430079737054765,0.9437058365054379,0.9429332696542088,0.9481359358105828,0.9486686630820729,0.9480872903719768,0.9520511731319692
362,0.0331598891929805,0.1534136987716997,0.4009862938693513,0.6300708751334801,0.7838716075992389,0.8640377793592944,0.9089640602819113,0.92572574998375,0.9317930142943581,0.9368308452423122,0.9412185662397806,0.9428037477449888,0.9454172601040096,0.9449704231535705,0.9432384074514593,0.943822865549686,0.9459878699996122,0.9451918024105048,0.9463784082580456,0.9449394882409217,0.9471934320001071,0.9478889008809125,0.9471553407371688,0.9481003586788345,0.9512216273154688,0.9513720378341088,0.9530232441244846,0.9538665605923866,0.9532701895495458,0.9527593902454976,0.9517165939736759,0.9526786603750523,0.9527892508001797,0.9512744863138403,0.9505275338423677,0.9537782561047206,0.9528357214326895,0.954120422699132,0.954622391523414,0.954754043048958,0.9565972633203615,0.9552703970708544,0.9548722942306698,0.9546799996954128,0.9569926397464195,0.9577970461834739,0.9610163004249265,0.9614042929064018,0.9615907596370304,0.9619535142384517,0.9617280014458836,0.9619423278114039,0.9623055754914573,0.96312893490393,0.9642893752553272,0.9646192880256201,0.9653543117093012,0.9634037790425153,0.9619270806248684,0.9615716888581585,0.9614155530104069,0.9611537659825791,0.96203975855251,0.9620275640096652,0.9618087999984566,0.9622823546885156,0.9608603910569058,0.9607243069684754,0.9607320966264129,0.9604038969218905,0.9614853938545448,0.9607361272158355,0.9599722478201009,0.9594199459020386,0.9595400559845758,0.9603110402504355,0.9597239580160448,0.9598926720103358,0.959070918695062,0.9587482964475801,0.9588705726660982,0.9587375761201656,0.9598044222462367,0.9589850719369393,0.9588289303284289,0.9582662703420732,0.9580425241313835,0.9581787251087782,0.9577545102753849,0.9572953898094696,0.9573892187789823,0.9571971120287803,0.9580822628813809,0.9581728869660567,0.9584996308146901,0.9591073282999399,0.9589815297689895,0.9596002458360211,0.9598151070132963,0.9581529938808714
363,0.028231915100763685,0.13938574676520932,0.3593201280723697,0.6048563528069703,0.7433753588802388,0.844242568719452,0.8861482375865107,0.9056463866889503,0.9118278034889465,0.9149493404853896,0.9183054048750572,0.9202012464182704,0.9194952247769992,0.9194036413741431,0.920677876813232,0.9214672391403567,0.9215403837265845,0.9187334590435791,0.9204332554718575,0.919042765112262,0.920003993763836,0.9204191887691588,0.9213695609808035,0.9227953094856395,0.9257060139756271,0.9283350794066435,0.9291849958189882,0.9318112924456432,0.9334217923001935,0.9366183047929867,0.9381539152474777,0.9387213576058407,0.9410673730292884,0.9391573438569428,0.9351288499811116,0.9341441344345709,0.9331324129811763,0.933904652300083,0.9324232168333553,0.9314382588711682,0.9301238617997798,0.9292009226298223,0.9301594133403698,0.929575563335392,0.9306910224821334,0.9307377377591379,0.932362468522674,0.9331108562777417,0.9334309273084626,0.9346878061897468,0.9334495070605388,0.927169095654868,0.9225268040305052,0.92078961904908,0.9219698837236016,0.9218860774368742,0.9307908941310677,0.9328374092068562,0.9286307525813069,0.923779991032149,0.922539240313226,0.9249407833875245,0.9241618918975388,0.9261788947895105,0.9260112747170167,0.9278142193133384,0.9266717267960054,0.9301168284978283,0.9314468703942766,0.93641421506529,0.9386536623218322,0.9406489734593063,0.9428395029723202,0.9445012338423201,0.9460821972327185,0.9479661261316628,0.9459864908376057,0.9443595958404729,0.940758256286436,0.9401135442906462,0.9410128521334125,0.9400592151592078,0.940429400032097,0.941705354184781,0.9419408399243804,0.94196389586281,0.9446488415931676,0.9401561064461411,0.9379198605913218,0.9407877306094616,0.9430148493649948,0.9427720419358023,0.9441659730881586,0.9439606769357678,0.9433298531189998,0.9419260482993521,0.9428904397034568,0.9430228119804113,0.944119352147879,0.9349444299658578
364,0.03797897231699936,0.1479838961558594,0.3616000633067118,0.5859726024393583,0.7678244366452535,0.8567923276245745,0.9041924341643592,0.9303207549475832,0.9465065345672687,0.9521722329671802,0.9564328669174901,0.9521444855845189,0.951472431429082,0.9522147909345885,0.9524455754204378,0.9534105526338699,0.9523027857086379,0.9535903077898079,0.9528050026377392,0.9535513290116868,0.9537695288909882,0.9547348455776076,0.9539786541455285,0.9534629349530022,0.9521296290862565,0.9528681155644142,0.9533969189366323,0.9543866292089773,0.9575025840783822,0.9585309768833588,0.9589805714747881,0.9579659195948057,0.9603037485422143,0.9597344343987241,0.9586352080352778,0.9592337674940936,0.9602220268259822,0.9585338244564134,0.9582741827012243,0.9602033803457514,0.9582955373272961,0.9587928300787815,0.9591951527101191,0.9573306823475655,0.957928674433148,0.9584726185344233,0.958519846188447,0.9591629588950904,0.9592471778491106,0.9582058442001125,0.9574122485636873,0.9587850750187721,0.9572185813397031,0.9566748572537632,0.9574066014121035,0.9592104679367358,0.959323202410814,0.9586640324536501,0.9610400912356383,0.9597436182056618,0.9599992224193094,0.959525747570811,0.9611047529139688,0.9621767800917074,0.9605075671531221,0.9596317991992755,0.9587511996730946,0.9591767596878126,0.9595234538059728,0.9592465133993028,0.9591040932532077,0.9601760313092232,0.95927973495062,0.9598691476071255,0.9610246280129775,0.9595993012615915,0.9595767353782243,0.9593965875656396,0.9602430493965857,0.9610222967981127,0.9608302200007508,0.9611632179365687,0.9611054191189105,0.9616057068785246,0.9602024136755517,0.9613383744445482,0.9620313699953474,0.9596259361611836,0.9597345380625106,0.9593026005411308,0.9586502471101602,0.9588040327240829,0.9601518120308653,0.9611066855319804,0.9595671546677425,0.9602740941645607,0.9604270254381388,0.9592868261372592,0.9590938155807884,0.9600088950892137
365,0.03568638541212297,0.15901974646856168,0.40172417687039785,0.6504188575874638,0.798171420656048,0.8714301881024936,0.9059923310354517,0.9233208694228829,0.9274523890063147,0.9315203636217251,0.9361389369339448,0.9381599734676775,0.9407320069660886,0.9414539980079633,0.9403807762654105,0.9408271162954125,0.9436678670373455,0.9444107361541515,0.9420228072042002,0.9434816560120456,0.9437080354582835,0.9444117270477954,0.9445270869075156,0.9437354798532678,0.9437037911602766,0.9497933760737718,0.9467897233624321,0.9497147887210642,0.9498148415368662,0.9513431301354145,0.9515617022992781,0.9499361010815767,0.9510204026342548,0.9488043824057334,0.9488149455835285,0.9489468195307935,0.9491540817414552,0.9493654975383845,0.948724133613916,0.9488189559784557,0.948260562036357,0.9485469879068621,0.9489243697346923,0.9496511467472437,0.9477270143382357,0.9482053317577801,0.9465802068173811,0.947391076878181,0.9505696186021254,0.9502304966070869,0.9513328121470706,0.9508244094765986,0.9515594049851147,0.9520837447451381,0.9504878705990571,0.9511517727680067,0.9510162488854423,0.9505603826866295,0.9512060816180548,0.9500335551209494,0.9505201285968756,0.9502638248824954,0.9507006016469064,0.9502621395112508,0.950444914807238,0.9503700147451939,0.9505920230865169,0.95051697749169,0.9508039527685551,0.9507987267880398,0.9508028166177094,0.9508441563148672,0.9500767703269756,0.9490847635007705,0.9504499769074561,0.9504634638002213,0.9498886044639595,0.9492154028076321,0.9495688198452439,0.9495347594942514,0.9509323112704875,0.9516329376921756,0.9528436206705077,0.9511856781590828,0.9534188192736599,0.953974050976725,0.9557472896496327,0.9553696794448326,0.9544490763657616,0.9557193821035862,0.9546247311660992,0.955055368703917,0.9551492927238321,0.9553483821312234,0.9549495141204406,0.9558948543182144,0.9552993416285207,0.954568623262461,0.9541830148347245,0.9537954528175557
366,0.036374497649262136,0.15979286723503358,0.3899857983575588,0.6254636888216036,0.7739006659739844,0.8530466048344753,0.8865553792873871,0.9003674592531591,0.9108420289594722,0.9176860526231545,0.9188145013863402,0.9204134244040943,0.9248438035287119,0.9237915736151944,0.9233035202471035,0.9223903595161934,0.923936689897203,0.9260392619344165,0.9268338889184801,0.92048787302453,0.9191965668773736,0.9190873795150126,0.9192499125898764,0.9224624623725969,0.9215585065734458,0.9224767784639577,0.9243983726354942,0.9269845454968519,0.9274905388372336,0.928205372782299,0.9293088614012259,0.9297440786676223,0.9244569817221722,0.9240458424702286,0.9237834076452698,0.9277751926655629,0.9290647718837997,0.929256236595014,0.9295898699564431,0.9307809938003605,0.9264924032343516,0.9334562582607656,0.9351043663717479,0.9352505171687213,0.9351865440375675,0.9325709584885767,0.9314323588584679,0.9313172864248124,0.931570454230551,0.9343259613645118,0.9337695513852053,0.9407278745165608,0.9423679879720349,0.943128842672938,0.9447059621511397,0.9484558686314025,0.9473966944645682,0.9459225476133585,0.9457547757838838,0.9452228891811097,0.9464806542935454,0.9473397941314528,0.9462842718310671,0.9482260835599147,0.947417306739219,0.9451300674210141,0.9436535937526322,0.9447084410007994,0.9449657017933604,0.9459848838214109,0.9455176528883301,0.9475541723734843,0.9475426617163327,0.946049566687337,0.9485955820271017,0.9478366727073544,0.9461790571817618,0.9452124505500347,0.9454726615281832,0.9462514249424355,0.9464998828028905,0.9459132092587481,0.9470496572188972,0.9456821204299046,0.9439035086912303,0.9439025266001662,0.9455111290784847,0.9430122300390471,0.944050128727802,0.9460219320064869,0.9469657524526742,0.9463364251261366,0.9463529091878127,0.9477865768566818,0.9505569840582351,0.9503845797227797,0.9516111569250916,0.949623994389157,0.9493647659660891,0.9484855218614365
367,0.040675976090256596,0.1424370297219515,0.38999107540645683,0.6396835496955581,0.7867520499684107,0.859727926962553,0.8912735943043628,0.9067016982264162,0.9150092342281151,0.9175323257861652,0.9161299990359589,0.9140721127081471,0.9147908348494367,0.9131759989022479,0.9117208129882717,0.910922751758785,0.9101202304697358,0.9124483616154871,0.9150774852459921,0.9157176508313541,0.9138883637483969,0.916675423508823,0.9134645891452958,0.9184066275019664,0.9213351416695366,0.9221488156721067,0.9270528615304205,0.9306359846358836,0.930800945448203,0.9375544270981707,0.9390860041263508,0.9356669038675822,0.9336428036202449,0.9333725475514371,0.9296268249973916,0.926406849582226,0.9260878154303884,0.9252395196228782,0.9249518173808304,0.9265680347356444,0.9257728423849959,0.9255575278794135,0.9229612065418996,0.9269265412787219,0.9291699367130949,0.9309139315122786,0.934010014937531,0.9346394583577006,0.9362521028652617,0.93525367094753,0.9297074415113754,0.9290879140804935,0.9225910286609549,0.9260565146172145,0.9318393923140167,0.9331068967011086,0.9340045835345593,0.934592888441284,0.933271740187753,0.9385403943296637,0.9394534851716153,0.9392579525516928,0.9389064552490844,0.9386697197280687,0.9375602132322095,0.9373617810200221,0.9375970498703939,0.9346951918897485,0.9359541053058031,0.9359776397032413,0.9352551362965079,0.9392661710331736,0.9399736847537783,0.9375388926725396,0.9375679253082682,0.9362575586261702,0.9335577351897826,0.9338127904060708,0.9361542375507578,0.9393117907062185,0.9392949784933701,0.936423253289129,0.9376186557632573,0.9381750020078633,0.9395326642373446,0.939930780134044,0.9390741187868059,0.940118520916526,0.9396306574549879,0.9406443328674069,0.940825754145844,0.9397656816229475,0.9431284750588631,0.9449938287936936,0.9443144646889866,0.9427568666693397,0.94247655735619,0.9397094095177649,0.9386589369295641,0.9387969275983132
368,0.03220003635696739,0.18892273067098472,0.5012975334043053,0.7288012284273445,0.8320604911986754,0.8938869504676623,0.9216950715740065,0.9270808335556301,0.9313139579394406,0.9355654010438011,0.9435657382053815,0.9438894721363544,0.9426118758226346,0.9434628190043404,0.9438272344930914,0.9438735640955899,0.9451619800825274,0.9441521887256331,0.9440489803398573,0.9427550926974143,0.9437856839663991,0.9452640928573988,0.9521517044566238,0.9509867724483079,0.95388758838224,0.9514811489702747,0.9505338919677666,0.9483701362025202,0.9486744262662482,0.9478063722990083,0.948486660577062,0.9496053838960443,0.9493853237498846,0.9490963767572528,0.9490363933732161,0.9498795974935761,0.9489774257005322,0.9503725711910529,0.9502911534351063,0.9492059693758557,0.9479131430140417,0.948468107676375,0.9489266425006956,0.9501539026458148,0.9503726105858802,0.9524330243478039,0.9503839233513471,0.9497669353631908,0.9516236945091922,0.9511369962547999,0.9518171114607812,0.9507531303122206,0.949901801566542,0.9492650517085225,0.9498140967925448,0.9510602332911655,0.9511386371339993,0.9504937608067441,0.9505227804114693,0.9512917983988968,0.9491089196630935,0.9495167137095285,0.9491495647026695,0.9487236881545839,0.9493786401063258,0.9488588783970371,0.9485595143109427,0.9498226446153568,0.950803001904672,0.9509571614898868,0.9503614432606536,0.9490025592779393,0.9483089509133248,0.9473583309771453,0.9470252304992806,0.9463242166959447,0.9443417535984979,0.9465123752183976,0.947675256707745,0.9478867079426876,0.9481587049921097,0.9483145730178919,0.948501961864074,0.9471353727666322,0.9502162430523744,0.9512022378835019,0.9550421239730178,0.9537401960051726,0.9536327550797757,0.9527767117532112,0.9536633266977383,0.9548630088031693,0.9554920568006421,0.9567918753765112,0.9561334280689198,0.9548519545896251,0.9543812130932697,0.9529357540318532,0.9538368122421309,0.9537651222214718
369,0.037726251434788714,0.1816655306162388,0.42961212659050646,0.6830313885829894,0.8203361378844327,0.8810495239588978,0.9113572063577938,0.9286109973372103,0.9325073677716423,0.9311106977240705,0.9295136498533484,0.9290340381627377,0.9298604888582809,0.9182761134320129,0.922472473364992,0.9197695015553476,0.9170094695423723,0.9145695386454925,0.9153351656250363,0.9114600347496122,0.9073145153201487,0.9079500050828478,0.906795293074814,0.9041406911737292,0.9076426727794579,0.9048520551160799,0.9125781153041814,0.9233476900472912,0.91750265702904,0.9223639409637938,0.9222188042727061,0.9315776748787589,0.9347786425578551,0.9357233602532266,0.9366663383130398,0.938072977990532,0.9347810878086896,0.9292650097052768,0.9316906368721314,0.9277281115261264,0.929233982518645,0.9312254763463734,0.9302145187343485,0.9380553681748921,0.9439733221588993,0.9469727029220172,0.9419463414906382,0.9411809203963071,0.9495818443216052,0.9510558576995796,0.9558175879551076,0.9546028508583139,0.9512199220765837,0.9515811468235367,0.9537706711939002,0.9537742252736052,0.9536619323778969,0.9536175774001044,0.9531687179101063,0.953047579212686,0.9533519031204295,0.9565354540009939,0.957869260606533,0.9581157386351267,0.957267482527786,0.9547753375149949,0.9553998277165647,0.9532509823305376,0.9533997198209656,0.9516085489945817,0.945388223321521,0.9444157435015416,0.9507130537683521,0.9486383212457777,0.9513443570990147,0.9474764094946689,0.9460487687447965,0.9466799957557767,0.9462772906414854,0.9430248914416306,0.9429876923204213,0.9481091097371006,0.9576232585298647,0.9618386118042977,0.9624143757614066,0.962516789964645,0.9564863763557031,0.9449851094966232,0.940703753896969,0.935515014573468,0.9349643434670846,0.9350269739927591,0.9348279749749498,0.9368792353393082,0.9385456188420171,0.9397081772389475,0.9413720617773095,0.9466113606109343,0.9479190297977881,0.9502940621656119
370,0.030839409441034315,0.15316799956957577,0.36628437509007644,0.6292566775385963,0.7916940921088428,0.8644107423817351,0.9004327745287287,0.9175375976564614,0.9250091196189472,0.9271608883199853,0.9338436105772361,0.9354968484820921,0.936303155394638,0.9378003575230384,0.9394440782525305,0.9372622715022626,0.937546649748932,0.9382870848035872,0.9390819269164465,0.9408280144191621,0.9404430121390429,0.9389483106292209,0.9413607460280276,0.9414493423379597,0.9422330965632228,0.9453993589296126,0.9435559998679095,0.9456043633976163,0.9471964992099838,0.9479709120827787,0.9500087645160914,0.9506730460010222,0.9495161064409452,0.9492880203300623,0.9492920927253953,0.9504427439515516,0.9503209516140864,0.9502062291961376,0.9506530801388726,0.9522116739366748,0.9536133613845006,0.9548940657644901,0.9557881686550384,0.9546180810641343,0.9547914500176815,0.9551449334735045,0.9549015770515357,0.9551408701747494,0.954669872184564,0.9547340914734427,0.9533826402888983,0.9533593799968669,0.9525976833441189,0.952648794631729,0.9538817074642387,0.9536735394371558,0.9536685318330664,0.9538515610294334,0.9543376974476315,0.9541271600817778,0.9541992855899178,0.9533840068436626,0.952944631024493,0.9534199986644114,0.9528962449558308,0.9534168756865854,0.9547646953563381,0.9544658343772816,0.9537181169415979,0.9537204765790763,0.9540056080498398,0.9522896734605181,0.9518585308931538,0.9545704736922502,0.9541565652820726,0.9540638684432337,0.9534469975389643,0.9542157156016735,0.954184970189403,0.9545229434578946,0.9538506058432483,0.9521687586650941,0.9505888705006816,0.9495922630992497,0.9496194266876803,0.9512849965668476,0.9521808745830492,0.9529476154947054,0.9535238929189929,0.9532646972748544,0.95172938434962,0.9509681319619686,0.951364023416402,0.9511307720070075,0.9516661159635889,0.9506424619738029,0.9515759469109948,0.9515910066034523,0.9523215152374541,0.9533210649393626
371,0.021053403025258034,0.10927136193911646,0.308601183502243,0.5545042955576538,0.749115848455834,0.8341696181700246,0.866667738102122,0.8858124752525807,0.8914556467673327,0.9005252651062099,0.9011826793560158,0.9050618503972548,0.9041227411414947,0.9053284505226199,0.9062084604216533,0.9061410045641319,0.9072723243657,0.9084522534722297,0.9092215736931272,0.9093295342902494,0.9116394763388775,0.9187997600890353,0.922251831849201,0.924809049315185,0.9299349056789862,0.932530775628395,0.9328726761150573,0.9288287740809639,0.9293814804015171,0.9286337513182703,0.9269585298449087,0.9270026648542607,0.9271067178819784,0.9263192550704801,0.9283647799052812,0.9284667434053295,0.9284669880801488,0.9275266704972122,0.9267843036232121,0.928946499098561,0.9303617383465337,0.9286209672541197,0.9285696877386045,0.9303679826158124,0.9319840221342569,0.9323046942561192,0.9353950066114741,0.9317012899695272,0.9308143337906358,0.9296536271970982,0.9305374867543176,0.9304632986873292,0.9311383882026854,0.931985180270993,0.9314678570796288,0.9322185209476239,0.9330200121579051,0.9312831114232292,0.9280855232433792,0.9269154285587908,0.9245680538575192,0.9247402273916646,0.9258184268923598,0.9279669763719741,0.9275082394074681,0.9255308307087365,0.9278539350408187,0.9267134171656822,0.9260152355392064,0.9257188241049741,0.9268335659491964,0.9258092197612597,0.9255903083392062,0.9265625222850145,0.9273204850273647,0.9268645784395579,0.9270101652514791,0.9277838265945002,0.9267679203883294,0.9268737602044119,0.9271209344699862,0.9259457386717558,0.9300959942400111,0.928145041240046,0.9279897257521368,0.9254976619023304,0.9289831678437364,0.929456696657516,0.931146417544818,0.9304854668371766,0.9301646559184504,0.9303801517563408,0.9293232177925718,0.9287236871647727,0.9284701015283153,0.9291687969007935,0.9295245431045908,0.9294164049443562,0.9285562155226214,0.928450964511086
372,0.027530647033404708,0.14446622165359957,0.3409407252739047,0.5946169126226336,0.7429647834633423,0.8170134292394104,0.865439753659794,0.8879354966998854,0.8987063443651786,0.904287951795075,0.9135231085246477,0.9176043355535483,0.9197817690526161,0.9220582386683089,0.9248672533245694,0.9238538313948458,0.9238412613783433,0.9239306162342311,0.9268569609667143,0.9275611744134235,0.9279328730041196,0.9253453540697248,0.9243500599978252,0.9250814776844698,0.9269452663484005,0.9258329210945518,0.9253552908481827,0.9280340674812124,0.9305434300119138,0.9290870138680891,0.9288290492848001,0.9281987525990345,0.9282548664408171,0.9279635293520063,0.9286699499758564,0.9283608251292413,0.9287489656659473,0.9273824511941196,0.9286706072239054,0.929745663078796,0.9301848300583343,0.928571179173273,0.9281820688827722,0.9302346090149106,0.9310638391728361,0.9342443460237655,0.9339465896430101,0.9344492333471728,0.9351684053214959,0.9328037147333446,0.9318453150947655,0.9324018209308429,0.9305866579618223,0.9298669458682212,0.928292315090234,0.9280633863616216,0.9288751094946542,0.9305758284895304,0.9323805603942956,0.9327282588182784,0.933678941090073,0.9327672489328055,0.9302700123012656,0.9299302454891047,0.9285933794199208,0.9289678263132127,0.9289788877436144,0.9314858015771214,0.9313935566146055,0.9290797202519475,0.9308988936395949,0.9312748602725124,0.9317397932554146,0.9310684143023462,0.9312915101202449,0.9338221093373419,0.9315010871906511,0.9326297591240524,0.9317424037130679,0.9318379614977259,0.9308951408534469,0.9314715250881394,0.9330693355991064,0.9335095497325453,0.9332101791565003,0.9332655747960527,0.9311485641480663,0.9316402510762732,0.9322306043623447,0.931027414850789,0.9318828786955051,0.9325916477786454,0.9329445766284564,0.9309667862116057,0.9323945240418403,0.9342421197282761,0.9374185847140619,0.938408396722605,0.9368136161906594,0.9352072443388532
373,0.032349455013478766,0.12276805292167633,0.32882458052902563,0.5745246483293855,0.748189399175478,0.8317448329471289,0.8775856995620444,0.8958970056526385,0.9034829928899923,0.9066137701960315,0.9106289727690693,0.9095230830099423,0.9068642208344957,0.9068295861940363,0.9063103722998553,0.9077064328876758,0.9105079764417282,0.9102349299097733,0.9101276587163479,0.9131612126727598,0.9120152207494369,0.9141223580961098,0.9145710351199114,0.9156113570767652,0.9148651130875153,0.9149649683568074,0.9157397065950712,0.9157390956277665,0.9162344213772993,0.9152158617466877,0.9188509414023035,0.9159255999422102,0.9135831750665018,0.9167147506288734,0.9167117804753465,0.917425622266721,0.9182383117034886,0.9161433533639999,0.9188494632807415,0.9169105354334284,0.9174587263258216,0.919822019126677,0.918407239965255,0.9169629472530727,0.9187142548470852,0.922552559491876,0.921149346660762,0.920582852675151,0.9181297312882353,0.9160872721318039,0.918346371629331,0.9180036942054299,0.9176557675458459,0.917686188867817,0.9190408455235186,0.9192485125361975,0.9194566144115496,0.9186047808757211,0.9195448019932198,0.9219250494527426,0.9246017846613117,0.9252652745358403,0.9250727593232644,0.9267495826089154,0.9259143589479115,0.9268947232334991,0.9297671158133682,0.9281817288217431,0.9281125303251112,0.9279380053686042,0.9268515870309479,0.925330057746306,0.9254421925038783,0.9243255219114971,0.9260149854532627,0.9264588530814111,0.9271830154482974,0.9247944210495889,0.9257513494988017,0.9274230447484954,0.9277597444017033,0.9285930636589411,0.9277210601398275,0.9288745717649485,0.9306628603274177,0.9259438247114241,0.9319492815814506,0.9291941886163779,0.9260678601252345,0.9259264716151363,0.9267846724498336,0.9175231216628099,0.9097903636405071,0.9076077459184382,0.9070515253293299,0.906462407969679,0.9065114410796257,0.9085609617675057,0.9084856757472569,0.9075089069549638
374,0.030612549179635882,0.16350581676715645,0.3716879051186398,0.6388020391251803,0.7932341433557442,0.8643615818453447,0.896667335597331,0.9154445455177358,0.9237358158537302,0.927241943244842,0.9299166786428714,0.9325934889115459,0.9333268080401784,0.9358407872211555,0.9372565807323338,0.9426175570229027,0.9434205390533339,0.9450952224423078,0.94384583765331,0.9450030593149035,0.945589337616022,0.9474662548108534,0.9476733628845375,0.9483679583018756,0.9508253031045747,0.949728559173488,0.9489658287880802,0.9496863852104479,0.9477576788286374,0.9525200116353263,0.952874747217315,0.9486443602519289,0.9494324616978236,0.950050165070544,0.9498645015422017,0.9501108296566297,0.9486273375772434,0.9484651634040101,0.9504895080371205,0.9513465578295923,0.9535391760612668,0.9549386783854144,0.9533538580743994,0.9534763479790308,0.9536589330410307,0.9549664998628201,0.9555959919735478,0.9555114408336319,0.9553615547550948,0.9567162775611208,0.9558861330182082,0.9559079844949951,0.9552166423122854,0.9560610691021536,0.9559987370092875,0.9569585420776151,0.9573608234301172,0.9577407687334859,0.9580925737113672,0.957507214616544,0.9581322783956917,0.9581782700383187,0.9608972526537858,0.9606162652762039,0.9604061794711888,0.9612737101821541,0.9601626231472189,0.9607700012135589,0.9647119541176921,0.9617023732070862,0.9628853551715877,0.9626552174198385,0.9624142716351866,0.9618158271172433,0.9631127524261334,0.9637057595279849,0.963634417872353,0.9636889931123716,0.9639310880973584,0.96382153394458,0.9641450487178272,0.9631936871140421,0.9648160884465244,0.9638780346784531,0.9654534008584925,0.9652394574420066,0.9640999541989363,0.964161154155831,0.9643294502990729,0.9638657437875774,0.9650581057066154,0.9650836906446,0.9666245556069444,0.9674891456811611,0.9670085544603964,0.9668485907392679,0.9674784936976479,0.968654502610475,0.9681580931937124,0.9677706571593268
375,0.02447213005891878,0.09349421128125457,0.2781370698531628,0.5181800904127412,0.7274188483915007,0.8274825831581968,0.8841743894028923,0.9038725778803791,0.9139116689259404,0.9221832070288497,0.9260390825006725,0.9253116407216657,0.9258697373530435,0.9217165980794494,0.9177124324599888,0.9180075214378343,0.9166932033519558,0.9178178309441277,0.9190530369308347,0.917048491071395,0.9176360139045029,0.9179258275467216,0.9234781786887504,0.9217865427038303,0.9252695172257484,0.9257722576231925,0.9284112780240911,0.9317913042668852,0.9310143580206202,0.9357282714250894,0.9361505394426657,0.9373112433128427,0.9385343281363308,0.9445722897879233,0.951208257782033,0.9505639278913892,0.9492993489532779,0.9469243746966653,0.9452345170875425,0.9463117426204749,0.9461542811789296,0.9440946913028686,0.9511128764627031,0.9476390850961269,0.9424796025983379,0.942291606110167,0.942110278220547,0.9415295920934962,0.9410988062757716,0.941693230437396,0.9406766175840913,0.9405594647622761,0.940615425020672,0.9411493539209564,0.943297770276964,0.9441007255303824,0.9465175817644349,0.9464697253260667,0.9475269057698879,0.9491777674565973,0.9505729796835817,0.9513686898515964,0.9518018515693195,0.9506423169725258,0.9515662847060579,0.9530185129504798,0.9518792896050495,0.9512925692085052,0.9504491152535945,0.9508608449187191,0.9493347363755689,0.9541026554280774,0.9560568953918108,0.9505085285502426,0.9504998991498225,0.9509600436151687,0.9495388700203766,0.9491979147038836,0.9487703198090034,0.9485067903829115,0.949054723578476,0.9501071815936869,0.9490283359364523,0.9493478767830881,0.9496578136829618,0.9511719999889303,0.9507124324667623,0.9514550135678292,0.9517393039775841,0.953884408945219,0.9551548273700249,0.954092979566565,0.9538205726261907,0.9537250952330054,0.9528934232721565,0.953329540939452,0.9527505000052741,0.9530844504390785,0.9541572464756821,0.9532860509336589
376,0.02683149575213535,0.141356000592893,0.39718940054884955,0.6595642136137896,0.8048972205668494,0.8833409664916769,0.9143818679822967,0.9261678104879352,0.9357089398949708,0.9381095826576785,0.9398202455027932,0.9387925791548319,0.9402678873423344,0.94112682060293,0.9416619600729581,0.9415826415252827,0.9405279126054178,0.9411529144981542,0.9422116589556007,0.9420417917871353,0.9422646300305807,0.9419975539600219,0.9429532925166785,0.9421635422117552,0.9413707514114517,0.9421403693541965,0.9438996910046407,0.9431920784497007,0.9468594571612301,0.9483704647705399,0.9515069311036547,0.9515266944533003,0.9528542012951979,0.9532124632183135,0.9549877635018167,0.9554056821744363,0.9575310064494827,0.9576915029980646,0.9571662695411838,0.957297364072872,0.9577987739089009,0.9567678089779375,0.9562990844036408,0.9578537002166019,0.9587500845210422,0.9589306665848852,0.9608700102244725,0.9607450795901188,0.9597134310447778,0.9604127787381519,0.9610139177435637,0.9605935916000193,0.9601564446727682,0.9604516062022099,0.960130325457139,0.9605248161038523,0.961196405653714,0.9610401509815573,0.9591259074033512,0.9586555966711253,0.9582898232692354,0.9581848889838043,0.9572087804157587,0.9580859448903726,0.9576608484421374,0.9584491193349696,0.9581278741854504,0.9589081236891424,0.9586753563396491,0.9605379849580151,0.9621611038819087,0.9631955655356151,0.9644320281104067,0.9649008278572037,0.9651476814519434,0.9662737885402506,0.96561362786852,0.9648618421633511,0.9646511823510592,0.9640231776394834,0.9636534084874333,0.9640274398018884,0.9642063444828866,0.9650568789118168,0.9644028269326683,0.9650222689332082,0.9657870591178582,0.9664680298874658,0.9669599675243551,0.9655455110137328,0.9646013280255445,0.9652311729757126,0.9661303949847099,0.9651208341776115,0.9647016540889155,0.9653869210569264,0.9651341269440717,0.9652702335945118,0.9657547960255743,0.9656997743550926
377,0.033433962034664776,0.1331095544644705,0.3528605989965893,0.6207713012965282,0.7922040175336258,0.861383961542202,0.90302323148816,0.9180904424122059,0.9188068822355409,0.9207468262177955,0.9196414534496961,0.9196811251648522,0.9179586683512249,0.9189873848347497,0.9189370533884484,0.91876498234274,0.9151797597233596,0.9187199603692728,0.9189503396622879,0.9211314199393931,0.9225645432975049,0.9242126419981974,0.9246904484951544,0.9265072112913109,0.9315475471326395,0.9355156119826009,0.9324681984686697,0.9329997522725706,0.9351562155795655,0.935636498637068,0.9377240251328594,0.9388916566817038,0.937974047095566,0.9402220871111528,0.9372616563549646,0.9421621237400081,0.9413777511245474,0.9424565637761506,0.9451257287163939,0.9464959815030302,0.9490230981267959,0.9508518227669961,0.948553966176127,0.9481167723686699,0.947683465711808,0.9468301806737679,0.9454676935513159,0.9459947503951419,0.9468985860345474,0.9466887635320376,0.9460895203310478,0.9449698672559127,0.9439862846407924,0.9479139736300606,0.9490028187401109,0.9506325281829193,0.9513481331440982,0.949659933955474,0.9470106325438534,0.9474301091412373,0.9471771250325949,0.9476737153806806,0.9475464188780339,0.9473720455676129,0.9489967424696168,0.949070842991366,0.9505508511206187,0.9512249239617924,0.9520737635106241,0.9524460789913581,0.9524332009331521,0.9520711044873222,0.9499866652622692,0.9499843746541523,0.9500727946962485,0.950031030655897,0.9503396301498713,0.9489338824776516,0.9507597604629023,0.9504412581339156,0.951280954381741,0.9535956160177098,0.9543237208918325,0.9535079479306297,0.9528171289182485,0.9532228999373556,0.9536915490741252,0.9546323561501697,0.9531444799414966,0.9527087579174974,0.9535680661376829,0.9547598557065929,0.9544611038595854,0.9537459007335566,0.9530857886718135,0.9541363817128311,0.951877561479409,0.9499972021847579,0.9497310419881463,0.9488943902166915
378,0.024320125560638905,0.1779476955544694,0.36383718606799975,0.6042099908885059,0.7691024282339001,0.8336985674540515,0.8679241552119521,0.8847895658146794,0.8973051355839666,0.9066690512509308,0.9079813292121441,0.9044677564027728,0.9039115831140166,0.9026785735063797,0.9038782130461049,0.905067669591982,0.9079522824880212,0.9098866457906393,0.9092071908689486,0.9101011811597517,0.909691264054596,0.9122348778178926,0.9138689145055053,0.9147751650244996,0.915297607724587,0.9179052840284636,0.9146106265739707,0.9135569358620783,0.9173999529694095,0.9185167797747256,0.9180440375610485,0.9185103226133309,0.9193780097562246,0.9233114254434774,0.9208831000274933,0.920075930311479,0.9184805276516254,0.9206060734160691,0.9199060472005111,0.9231893650372694,0.9208336591574444,0.9222732701094816,0.9218428900632968,0.9209812284405722,0.9208140403289442,0.9216378542668192,0.921879927109376,0.9207992906393203,0.9209455203430251,0.9211991166307487,0.9232164772540191,0.9217983289142775,0.9237939515564159,0.9230446718482795,0.9215196437903049,0.9227953017643798,0.9236918922834717,0.9244687250990183,0.9267034743461773,0.9256395709471431,0.9251252257683817,0.9254213773892378,0.9240906369916858,0.9251119986148693,0.9266798639248299,0.9273138394928122,0.9259154363068831,0.927047281573444,0.9288552849741162,0.9302188626476106,0.93057668391276,0.9292977045910417,0.9296640822165,0.928409939344197,0.9304597745241232,0.9270337341096784,0.9241149075452032,0.9215278294187094,0.9226758140646963,0.9238837709982174,0.9266675590745348,0.9278155784448715,0.9257760933161524,0.9267982823617864,0.9277524115035242,0.9279734473922248,0.9276159040905025,0.9269477884957642,0.9281145676293098,0.9282475197965995,0.9281247813228986,0.9277363798245541,0.9339532046242546,0.9338728542420859,0.93414589455991,0.9316240975337508,0.9306786371836924,0.9298485436635272,0.9294160821677524,0.9281875348621346
379,0.03608487160094824,0.1615438868254525,0.39434808202242716,0.6605456518594367,0.8086512859100344,0.8681052560030755,0.8990559355544052,0.9152473797919184,0.9214483903177964,0.9237981997154234,0.9252150671386914,0.9276927545537351,0.9283913795755027,0.9294691089037382,0.9314435962203467,0.9306401170368399,0.9331946675635174,0.9321614382728924,0.9308613143158229,0.9324928691754641,0.9347218154959793,0.9370027369790148,0.9377707747052639,0.9406974187036873,0.9433705177078064,0.9454781308850775,0.944330888756991,0.9452353267488627,0.9449573820653937,0.9450634881681844,0.9446096469438882,0.9447862683832827,0.944132151282936,0.9433589469951303,0.943918136230429,0.9447451856169937,0.9477793346756743,0.9479147033562608,0.9482919860693028,0.9479598489932839,0.9465387487884003,0.9458055490768454,0.9475718205129957,0.947304901740836,0.9483997954302414,0.9494155589553802,0.9500128141171408,0.9513492059894344,0.9532590925931572,0.9528857470985885,0.9533977678741086,0.9517218845813938,0.952360363851911,0.9525426989825562,0.9528441938726369,0.9537272785915276,0.9540298809173694,0.9545195601872386,0.9551685024806903,0.9557699945784147,0.9548157859496278,0.9548233346096624,0.9562081261592631,0.9575732260577025,0.9570128006006692,0.9568157884642328,0.955914278911501,0.955907332575268,0.95563557561294,0.9555177225984772,0.9562344897997955,0.9558243305923699,0.9561556258142799,0.9562125571358068,0.9547824413890871,0.9559052778096635,0.9558114222124523,0.956256174807381,0.955923280645104,0.9560997697751092,0.9569007386321283,0.9568095427401758,0.95518733917218,0.9578691980074409,0.958101795470215,0.9578289016414482,0.9567276021088227,0.957235149900165,0.9576578640732295,0.9582036505390321,0.9579635216990693,0.9584743117321911,0.9583809864905445,0.9585601070853295,0.9573407606664154,0.9586735497970986,0.9569796919814325,0.9585634143695184,0.9595082922188304,0.9587197697361484
380,0.04235235173629687,0.16699142032333325,0.4554966838825771,0.6731231609634624,0.7988276888207818,0.8627265599782012,0.8943695632806307,0.9006880942465071,0.9056268864160022,0.904522265637165,0.9026992931073055,0.9046129933948148,0.9033655595362347,0.9050220190478455,0.9098858917638829,0.9109414828187119,0.9094983268536488,0.9093863217088337,0.9089505008357797,0.9105853129296909,0.9121293162034263,0.9113963852234477,0.9106483202143199,0.9123042804472006,0.9132139428900661,0.9144760881213838,0.9169355755450611,0.9173457101809304,0.9203145824380816,0.9163719373898068,0.9161740259986169,0.9159814472106588,0.9193225635744288,0.9227912644900311,0.9230992657568667,0.9233648156319194,0.9233982791677788,0.9212469532844034,0.920321094948408,0.9183159344192354,0.9183826665437739,0.9170113424164076,0.9188665724915439,0.9185779012616583,0.9229895623173455,0.9231776545276056,0.9239675429400649,0.9272263859556034,0.9282126585398146,0.9265021690859586,0.9293370857908154,0.9286752366741365,0.928520517705364,0.9258953651963471,0.9247729214984034,0.9259958567874237,0.9267528485421233,0.9256176637952782,0.9276254104378538,0.9296090423780499,0.9307219252031993,0.9318774017654569,0.9338306688836249,0.9341407561167105,0.9341056136959781,0.9322623046394177,0.9292977791249711,0.9293343086748053,0.9272755495823585,0.9286180134621421,0.928827075089799,0.9299475834201821,0.9284047873062617,0.9314812283533768,0.930998293361117,0.9322331200206212,0.9324943212668946,0.9318673744659156,0.9301727071777769,0.9316868121321222,0.9329549585573649,0.9320832363218314,0.9317546703143538,0.9300720519492072,0.9339937412176724,0.9320251491071846,0.9333788644422876,0.9339786805698863,0.9331591448338565,0.9329072463245913,0.9331825994825781,0.9329266606728178,0.9331584957686171,0.9328720076180445,0.9357957271520891,0.9339942641834896,0.9352994972996538,0.9349389755299591,0.9348434874524107,0.9339333243113856
381,0.02949546625417883,0.11730266439183294,0.3492554712086329,0.623795258510627,0.7774062161218356,0.8590809431534839,0.8964243581209967,0.916222510228389,0.9261847646292027,0.9287854617776362,0.9302975504622606,0.9290423119399214,0.9312894489941221,0.9330556410469099,0.9354349258293609,0.9352510326379044,0.9358906425774681,0.9375026038453332,0.9406014662371285,0.9417323256908072,0.942070032116758,0.9417703542741808,0.939514517373098,0.9376534702718012,0.9380685804320222,0.9370459607109938,0.9384765309238907,0.9386822355617164,0.9391503226384635,0.940598441007423,0.9402598530153297,0.9398688651686533,0.9409057968197271,0.9413900717136983,0.9412805002113519,0.9417348873247886,0.940775671211441,0.9414264501088832,0.9407836233855166,0.9423248221988877,0.9416855559870737,0.9409969721379444,0.9420700018191498,0.9423062139631879,0.9435747949728237,0.94310405358333,0.9425181175816406,0.9419516871107377,0.9419032633053739,0.940661076066788,0.9417089138819518,0.9409830861920031,0.9410190123499643,0.9404305081112664,0.9402429709821578,0.9405669409350962,0.9445185949662163,0.9473333896194563,0.9519119524894335,0.9530128084414153,0.9507301756365762,0.9511103805713578,0.9510292993888205,0.9507027522664494,0.9466580983092813,0.942390525715578,0.942270599729809,0.9414494105703087,0.9409504905038203,0.9390022234685496,0.938151576316981,0.9380292163525468,0.9372057335508545,0.9384042019048482,0.9391924577779228,0.9406711022751838,0.9384394871256667,0.9377593241985788,0.9393146770659065,0.9393301464213744,0.9409715898726172,0.9416738451816058,0.9418849156939442,0.9429673894392352,0.9442915695799156,0.9443309759390982,0.943484479064467,0.9442215045369455,0.9438045088682969,0.9440081052346129,0.9436900769875729,0.9440590550409983,0.944198754840494,0.9450583471489926,0.9458598864338806,0.9453985444833318,0.947449718030594,0.9467328710962839,0.9464278093639029,0.9458116265220984
382,0.044307654516347245,0.21284515761505843,0.477362117523136,0.6868106682801495,0.8094883301921945,0.8617644070001093,0.8873270507313462,0.8979182678638079,0.9007552279009279,0.9075899341151454,0.9010371149167898,0.8983745240408486,0.896163911817198,0.8989755622928413,0.8995421333482959,0.8985376410460394,0.8986961460949832,0.9005137581800808,0.9047397602058708,0.9062805669023167,0.9067571043635368,0.9079299665069911,0.9079096731256462,0.9079244112525867,0.906618461220861,0.9075072782961862,0.9087413271646926,0.9056089956832281,0.9063664949538611,0.9043859774015136,0.9047778289764957,0.9090742937099107,0.9084202213263562,0.908322129645767,0.9063247904232037,0.9064829353481726,0.9044203345774875,0.9031994234170425,0.9017451537971293,0.9016395126046785,0.9060099509707584,0.9085225661253992,0.9093365440231878,0.9118886857348499,0.9128656797916189,0.9121141751767848,0.9128721342386128,0.9139156039435499,0.9114755325360318,0.9174820541376968,0.9185277127317127,0.9174760090026937,0.9179883186582077,0.9184352394989216,0.9199617782156905,0.9194111819434032,0.9174905725990337,0.9232804246810778,0.9242456928893368,0.9246969799360515,0.9268265991143458,0.9249719208690428,0.9261192228891763,0.9236065202246299,0.9241962052119176,0.9231408261569095,0.9237346155207444,0.9239465339533917,0.9224776968260276,0.9228880543522616,0.9221589994677086,0.921275948806477,0.9224445017236933,0.9212658708499197,0.9214426373795221,0.9206219256413017,0.9212678886820757,0.9217762156053619,0.9215191464042473,0.9226679217957767,0.9230562888796581,0.9240349801868559,0.9236442101606346,0.920037837079946,0.9229576816574387,0.9254268301694656,0.9278418111230117,0.9278302054085787,0.9275363721683694,0.9266088800214003,0.9265696594799951,0.9248932260474741,0.9241826541203418,0.9254268621718684,0.9250716555932378,0.9246804155592685,0.9259383732291903,0.9256640426311818,0.9259418525033137,0.926892275999151
383,0.021372284610749186,0.06843869718955968,0.19785184727612715,0.45210513059770846,0.6806322509230884,0.8021640425788926,0.8610611278871666,0.8914953296778895,0.9073544850942088,0.9159864491843082,0.9187810028542716,0.9225492744740679,0.9223674633240777,0.9280173712755001,0.9281276216842503,0.9311876279808738,0.9340799027439588,0.936715373476478,0.9388495713553143,0.9379773419231409,0.9376542302406398,0.938889479896418,0.9389001225747959,0.9389106760122846,0.9409006166803473,0.9444588798700417,0.9437718338841461,0.9416624563037729,0.9412069351439104,0.9430292633984365,0.9433632574359109,0.9436656542415078,0.9425690980938038,0.9406338960355746,0.9382847470272793,0.9382590766926531,0.938022177965653,0.9381836682873422,0.9391985866221698,0.9364847131791741,0.9353448777195824,0.9364860401321203,0.9374320606013492,0.9372862747797364,0.936238490879126,0.9357991368626677,0.9343320631244693,0.9351474124817842,0.9374337210310999,0.9385052541209865,0.9377708160310653,0.9427687454997311,0.9444625109131622,0.9466735478577171,0.9477893068059616,0.9469647748114113,0.9482843106083206,0.9506607317924377,0.9509701799017601,0.9479587385169946,0.9462464410411209,0.9458393916445716,0.945798282105338,0.9465538500892903,0.9465134686576693,0.9467638069067145,0.9443599753490814,0.9468674198105763,0.9462546240317787,0.9467527749331667,0.9469656220122796,0.9497305322646092,0.9481228094198196,0.9506389252697288,0.9515225101396635,0.9544600378845811,0.9564159469368109,0.9520355604708652,0.9517117992447146,0.9541832017456333,0.9545205163296814,0.9525735713168448,0.952695344314869,0.9484996190757689,0.949262507118307,0.9507172205314677,0.9494877712754238,0.9493556518027713,0.9511806803588554,0.9509295959770196,0.9502755418246907,0.9492573934795638,0.949581511809156,0.9496827370500551,0.9491571235777624,0.9501030604581742,0.9510134086503399,0.951314854362313,0.9525280837628672,0.951994092029578
384,0.023769592337349252,0.08713284426326309,0.23937515256742908,0.5006667236943215,0.7247368414808474,0.8427006801265859,0.9005974265249688,0.9306780935389013,0.9386746355209791,0.9409842027477769,0.9442655090879658,0.9457723233047477,0.9491049485882107,0.9515186485101823,0.9523320505055366,0.9545072156937969,0.9532797744451478,0.954289506383969,0.9555762018769893,0.9555958242982737,0.9551790350098177,0.9510182199077143,0.9507865584235128,0.9495462378323337,0.9474163040250495,0.94714295888511,0.9491663723834936,0.9537952365263657,0.9544666172819168,0.9554358281480355,0.956326899741663,0.9589097499958099,0.9595749005416585,0.9589363693450293,0.9592293190001924,0.9598923389935919,0.9595564104173241,0.9605694484518982,0.9609759605291772,0.9619694915320908,0.9580160312071445,0.9566000665595557,0.9571169471451816,0.9573860969554978,0.9573088321058989,0.9584099447473187,0.9577161924985709,0.9581415894882167,0.9596064923100812,0.9587337251950232,0.9571912843792484,0.9573771165171668,0.9574963083217071,0.9573413137654199,0.9570399695919857,0.9583711510539237,0.9587415459548211,0.9581031922170726,0.9595554466553066,0.9592361528696023,0.9604937308796694,0.9591543023665997,0.9584108388288973,0.9593358083578194,0.9589304254749426,0.9588346793566265,0.9609679307737176,0.9619107195425642,0.9609854670529738,0.9604434857648143,0.9555583509333857,0.9543960530426773,0.9536463030898245,0.9525299167671722,0.9544364299536962,0.9545206755516036,0.9538324134924264,0.953288563293782,0.9526263249741597,0.9536112853222224,0.9537666581588653,0.9530967172180931,0.9542218569729312,0.9551680363384506,0.9595080067321282,0.9583621731778788,0.9581292203256172,0.956938064510207,0.954553781973981,0.9545020426271752,0.9580045485163818,0.9583055023305898,0.9586357513477172,0.9580076384546026,0.957646301942134,0.9576338107802548,0.957611001882187,0.9574932201582489,0.9573908877393936,0.9570597943626228
385,0.028728503213636528,0.15930978155166461,0.400970780561039,0.6374473218203996,0.7670146511044622,0.8401230699250771,0.8763442633139245,0.8920573517370097,0.8944656772248517,0.897866706803052,0.8976223280237764,0.9018673512463135,0.9012745696503818,0.9036268727953579,0.9056581483564808,0.9084624745547647,0.903513043571374,0.9057323846693288,0.9068148338896761,0.9067883614718276,0.9062973630799575,0.9094130871362558,0.9060334017707667,0.9080104920842931,0.9117286129453109,0.9061994356904844,0.9069423712428363,0.9089658146704146,0.9093212108604751,0.9108613017741631,0.9094810758444234,0.908451154150508,0.912620042653746,0.9115091487492001,0.9144369883147937,0.9141469976813865,0.9115170460231429,0.914782138039223,0.9143905086209425,0.9089198300604373,0.9121155546711002,0.9131258157027748,0.9119223747639735,0.9144282239303594,0.9126031432441886,0.9158251304417766,0.9120402559879173,0.9110053961103307,0.9103842070793807,0.9125042489330017,0.9128070628081022,0.910979985894638,0.9129738368396958,0.9131934160206435,0.9127219055371374,0.9138341309165123,0.9131479926373883,0.913336282108564,0.9108230178905832,0.9117919478436961,0.9173275395777353,0.9147911304404617,0.9145894954472208,0.9168681633679602,0.9161002987805318,0.913645885686945,0.9160699076930107,0.9241792337475949,0.9258909105677593,0.9243808000470563,0.9246270953820404,0.9232559858614251,0.9248692445934481,0.9246052336053856,0.927406157287173,0.9289908362955299,0.9297884264141838,0.9276708120377323,0.9202164243632878,0.9202677666872855,0.9200583995963221,0.9192706179962391,0.9215758447423029,0.9215510672372916,0.9249142107313117,0.9234388194129326,0.9252175582454665,0.9256107953482169,0.923270335199693,0.9238409471190567,0.9229175467690365,0.9290959520033905,0.928969901119101,0.9297848310695387,0.9292494315509715,0.9290996164684158,0.9303321237294463,0.9314474627878565,0.9308813116522171,0.9311791896755476
386,0.03914220855715523,0.14634172820807925,0.3930200901735392,0.6522652925065734,0.8056241588954042,0.8862248529659454,0.92211365282757,0.9291496520352535,0.9306811638157062,0.9315598447225929,0.9335987311669974,0.936280207258942,0.9398811543594179,0.9342181378556402,0.9318859263488598,0.9314791459674115,0.9281309359726775,0.9296545522255861,0.9283229397559063,0.9284804157999947,0.9269912267863247,0.9289647166178514,0.9356174292404699,0.9334315724587933,0.9329684482514111,0.9397388575576806,0.9499603742445326,0.950507982099323,0.9513436698302857,0.9518618047735969,0.9535425925918508,0.9534961193368677,0.9550654223188618,0.9561265074827153,0.961849275773089,0.9630529406191318,0.967420868700833,0.9687506652614855,0.9688493120850538,0.9683542981269554,0.9644508787001773,0.9637389335459362,0.9636717021403691,0.9637284355536192,0.9645549620628002,0.9659614937197751,0.9673359340947808,0.9638377665816421,0.9668848673184268,0.9677238873701239,0.9672224591902082,0.9661218197346103,0.965783203634247,0.9651099577878781,0.9651608438408936,0.9658455062750151,0.9658267197974273,0.9705448131509468,0.9753622751579982,0.9766019231494926,0.9764415327099197,0.9767272971151303,0.9764092756246197,0.977343353131529,0.9741710043822454,0.9727352591398756,0.9720407569477115,0.9724341537633068,0.973426418299061,0.9733964711198374,0.967083581253032,0.9644877188762873,0.9628836281383344,0.9598625624134651,0.9614327326260483,0.9629472206441578,0.9627988262263435,0.9620401150463017,0.9653043391621887,0.9657473021887232,0.9645832255053057,0.9645652394276081,0.9651875896597291,0.9624406687373428,0.9666653489427052,0.9680941125611037,0.9689765379662539,0.9694917293903126,0.9696577658512271,0.9699037848635497,0.9697724257927526,0.9696839090714633,0.9714635010548649,0.9726064817200738,0.9726144430487891,0.9729346299384379,0.9735178119092067,0.9739140785910024,0.9752854221559307,0.9749425810723572
387,0.02973722361024223,0.15951678332066754,0.4170992719712073,0.655317542695716,0.7894130870108548,0.8533031677353619,0.8837300171113961,0.9006192478220172,0.90540261373265,0.9066524379611518,0.9059783758018883,0.9076287020502041,0.9090574203878933,0.9037249792567902,0.9055788154598382,0.9088193247437496,0.9103128938078462,0.9132983618482073,0.912763102186779,0.9111346498467925,0.9142423910802842,0.9185176347145743,0.9227760485878826,0.9205775216969798,0.9178949962555305,0.9205290389847106,0.9255828936881592,0.9208947999455914,0.9198188681091135,0.9193027151371964,0.9212382205786543,0.9194574621100357,0.9191668823278897,0.9178672778975892,0.9183817209197904,0.9162780545084052,0.9143720321926285,0.9152135609977159,0.9177225556321074,0.9210386524740639,0.9200800986492387,0.9186715334033009,0.9200219597618018,0.9225284473410348,0.9233823477475227,0.9241896895949422,0.9234440763241989,0.9260224648458814,0.9252333248971731,0.9233044930939666,0.9244553095927255,0.9250179571970091,0.9258155706628528,0.926468147972431,0.9232926966559839,0.9221464838053309,0.9216011792896884,0.9281736952585529,0.9277702638290295,0.9311738542701227,0.9341195123108063,0.9320727734687169,0.9327082001850161,0.9301739032801231,0.9340843283537095,0.9349048469575876,0.9321804762895024,0.9297641907470665,0.9281731137536232,0.9292341118134111,0.9280717939625848,0.930462276912137,0.9308246379307716,0.930836827678259,0.9303882197113379,0.9321416160573491,0.9314148693232694,0.931574291920782,0.9292366243407248,0.9304623880765927,0.9309586079063883,0.9312231617566029,0.9306320104810514,0.9330769239785568,0.9342380301928326,0.936592426013977,0.9337287142243853,0.9328776520039193,0.9352931010310789,0.9356784449230411,0.9376122992937453,0.9368996752681624,0.9370006173683181,0.9379267304495802,0.9370748885685849,0.9387047842408305,0.9385277039168927,0.9387372870947378,0.9385922196234217,0.9399869157530759
388,0.030669015028463566,0.13586475821798052,0.3320254332779489,0.5970383893509663,0.7459501563294413,0.8432094957026146,0.8841760351626644,0.9068672242006568,0.9141410587628809,0.9129403228681247,0.9148580091255875,0.9180267577285626,0.9214170394164362,0.921569874190415,0.9213933477214314,0.9234345961276573,0.9236687570957699,0.9242121022029957,0.9231403485276958,0.9235199217489034,0.9246849903279246,0.9251237981892995,0.9267391486108223,0.9248324246842122,0.9244587861547648,0.9215102411414006,0.9276406007317145,0.9283888785534399,0.92736861635559,0.9285394331236319,0.9278701779799348,0.928798714565487,0.9301300561751391,0.9315381905945173,0.932298637513271,0.9335343752274676,0.934998633883708,0.9307309635199392,0.9288759249655156,0.9303490933668453,0.9260313264635223,0.9279634264209295,0.9278742111792644,0.927439936135378,0.9240236649993717,0.9261891778937615,0.9274536008292011,0.9283238453761773,0.9325187304781051,0.9334804452606933,0.933631191614414,0.9325476087459609,0.9352174766350397,0.9350448242902297,0.9347651341972518,0.9334175590964616,0.9346768798137846,0.9345961364159129,0.9342590892253243,0.9358735993901713,0.9379550004409387,0.936571529203893,0.936510051672438,0.9355969349276908,0.9363041094723714,0.9365522213539671,0.9354997155440071,0.9347155564943377,0.9350396361914187,0.9332396135380026,0.9329916760470388,0.9320801200503916,0.9338719548007041,0.9347791868015776,0.9328213636706054,0.9342861916504728,0.9331756972840024,0.9325260980895179,0.9327102744602653,0.9331860370335429,0.931321235617022,0.9350168125345217,0.9350370894892756,0.9369330525060565,0.9405646714374528,0.9413913826927279,0.9437210411672605,0.9437084636683951,0.9431427144147999,0.9446805090335576,0.9440355066868952,0.9433064288418964,0.9470342799340008,0.9479113311058092,0.9479313996613575,0.9479762721984588,0.9471571884596389,0.9475523465100402,0.9479723269678907,0.9489397051554637
389,0.030194785533434527,0.13550967094848076,0.30020694458391295,0.5458651839624676,0.7190809758501198,0.8070565716658683,0.8522042144352723,0.8815069121772532,0.8967446119753021,0.9025623331617598,0.9056531123385768,0.9201257914112554,0.9254897888910841,0.9286647542342581,0.9307067544218962,0.9293052209490601,0.9324691458324097,0.9347839282502491,0.9347780190444617,0.9342371877882145,0.9323963768147604,0.9331441441434611,0.934436122301753,0.9357480002249494,0.9349856056241136,0.9347409168944937,0.9346773369690462,0.9362576017993908,0.9386582023464625,0.9362212910585545,0.9376964920137877,0.9374340073310424,0.9397336353833363,0.9381923494893365,0.9372280411853078,0.9358928072784378,0.9360748744869066,0.9396406214691098,0.9385515808459995,0.9392410918951465,0.9376784923767996,0.9383779207371405,0.9372987906810754,0.9366557965525664,0.939446761381215,0.9411010169757268,0.9405482802729261,0.9428627607954329,0.9427148743714859,0.943744404084406,0.9427276373896789,0.9439696361489963,0.9438104561777396,0.9444448270732302,0.9438571823166306,0.942757522071787,0.9424386534737482,0.9458244778170223,0.9488841603681092,0.9475906910262185,0.9456675835296896,0.9441998492249907,0.945335034844449,0.9450892055444706,0.9440527026531127,0.9425511353023301,0.9416376340871275,0.9423292479560549,0.9409731132646436,0.9400874895745415,0.9384685952483406,0.9409027851121692,0.9394779853958345,0.940587122152645,0.942470491430378,0.9415159302880649,0.9408961331648871,0.9396582247026767,0.9386481997177607,0.9411904696013509,0.942848399463993,0.9435240781755405,0.942439816988136,0.943204203838212,0.9456869955879748,0.9477195870103462,0.948622025954678,0.9485962445058564,0.9489833373279972,0.9485969523671378,0.9479083343771548,0.9493313401412916,0.9494207209951024,0.949241286958084,0.9498612204345734,0.9491051196241262,0.9509922984659106,0.950008214520948,0.9510091664255047,0.9501682901904003
390,0.03283204398165855,0.17088486463671315,0.37251578506257277,0.6251996347940818,0.782046112217008,0.8577978965776234,0.8956253276652848,0.9199407944795691,0.9255435114545372,0.9277059360437128,0.9220012041605485,0.9281193885756661,0.923544606463317,0.9245086842448557,0.918788061619107,0.9192342973615244,0.9192116743178452,0.920532198324284,0.9212338133921198,0.9193894814024317,0.9167034125363296,0.9197430593322677,0.9225268704793155,0.927037424546283,0.925682590154493,0.9231526605738335,0.9217977174644258,0.9217099534371418,0.9284909009660857,0.9359596596309754,0.9360403157544013,0.9325127503414846,0.9259180211518787,0.9225129313228626,0.9182457270381843,0.9197113489885648,0.9208136739856765,0.9219010883696585,0.9241254216987003,0.9268721997577587,0.9292820101472148,0.9327035924856308,0.9324892361835921,0.936332906622139,0.941874842946736,0.9438939186999953,0.9439707477659632,0.9435072127401345,0.9452063960239543,0.9463397938528643,0.9457507555118251,0.9465714429337478,0.9516365552583946,0.9531879794145539,0.9541301265518807,0.9570701656178862,0.9558210525367992,0.9567562193231776,0.9566982565951386,0.9574562516756473,0.9584244024692399,0.9582419476622098,0.9575314022637482,0.9571886474195204,0.9572592462164353,0.9581355993214625,0.9574041961581164,0.9586274419310993,0.9591597811533257,0.9594032420206295,0.9583534583129597,0.9576842685943925,0.9560670638660577,0.9574729330111063,0.9578757708663145,0.9579083757887215,0.9596286658731202,0.9597441144900958,0.9607489379262941,0.9578702436694041,0.9569584592556213,0.9557859037562514,0.9559888615582041,0.9570576570626101,0.9559604057341811,0.9563373429637079,0.956199005093002,0.956520329818789,0.9568152191834655,0.9563491445493494,0.9581372746414694,0.9561082441678139,0.955670938362981,0.9555213844143112,0.9567694157516322,0.9572901481392826,0.9564150029084769,0.956517296557442,0.9563142245206658,0.9594142576084264
391,0.03073555337656246,0.16055621537358472,0.3967082748584842,0.6352217276682977,0.7849074635808196,0.8542858310960226,0.8901591708633353,0.9068552936130494,0.916234008985292,0.9189639772257618,0.9196264612753091,0.9194898991712147,0.9182594024174936,0.916883412943037,0.9180968473891988,0.919528310660738,0.9204371286535333,0.9215143679050499,0.9231580842769668,0.922840302508016,0.9222680796078149,0.9223810652922669,0.9250841805413161,0.924775247905327,0.9256554495120746,0.9261276736138352,0.9270712880318698,0.9254888272838666,0.9260016581866592,0.9259893953370752,0.9268389713598418,0.9258202959581467,0.9256042846692233,0.9273217139297428,0.9284894958278894,0.9277213936987597,0.9270290249144897,0.9276660162119984,0.928393413367945,0.927256623395077,0.9264289290159573,0.925039255871712,0.9253987155182068,0.9252824903692783,0.9264844795779594,0.9265137223009215,0.9268794278548903,0.9261056514066058,0.9265825653701861,0.9267654027583865,0.9304359889253366,0.9318868760055359,0.9331477367857312,0.9333013501732984,0.9347923715289818,0.9332819392472201,0.9322302956047634,0.9319330699904556,0.9328655108288838,0.9317195996607325,0.9322826488459257,0.9331485371472794,0.9332482585611364,0.9332895184143569,0.932917810323958,0.9325834935303337,0.9304639455144192,0.9313187540544726,0.9305634337868796,0.9325128997564466,0.9319188312129306,0.9333835766780882,0.9319109504593858,0.9333766238825494,0.9324890003440455,0.9342284731641537,0.9344461510027346,0.9343710599904343,0.9315822600242097,0.9313938194534265,0.9318598282456029,0.9293682099998891,0.9278615552750175,0.9289271799702904,0.9281995845297026,0.9280900114671643,0.9293016299300717,0.9289531145871295,0.9311789179294458,0.9309901180982959,0.9315773149464777,0.9317850934621126,0.9335349565232194,0.9340916661982479,0.9353891934123006,0.9347779478741276,0.9337659855119261,0.9357832466985334,0.935701087632681,0.936748250926712
392,0.026903837049370292,0.10356376569552658,0.2436598161050731,0.4977247971238608,0.6913702972501661,0.8165587263487072,0.875382118023779,0.901493464452983,0.913221463024928,0.9210460604597733,0.9262554021990301,0.9244946988455911,0.9226673343962137,0.921492221573254,0.9238371804461875,0.9245384530437414,0.9254126537558739,0.9244604581434028,0.9267417817270204,0.928091324327374,0.9307975056792409,0.9277774357408,0.9302796045292202,0.928480595610839,0.9294017016095557,0.9288576024711288,0.9308090881751916,0.932074382721566,0.9344778077909804,0.9346378317601716,0.9339937509185411,0.9342438656788832,0.937236229984542,0.9413011561996703,0.9423547919460146,0.9427108062560632,0.942693063995801,0.9418915466884564,0.9410974356860129,0.9412226423832688,0.9406345447336917,0.9398471531455036,0.9410453507191621,0.9410889402484511,0.9430141355597926,0.9435777419338736,0.9439280873868283,0.9435895292278904,0.9443901688883533,0.941832054066362,0.9420402081609447,0.9416862607783236,0.9401389136212045,0.9419188083834128,0.9403837757446587,0.9431484437421369,0.9421382453598547,0.9459179521233783,0.9446637768667404,0.9465676798733844,0.9475289671902835,0.9493313268427755,0.9488009607682105,0.9478633394401089,0.9497626846248796,0.9504553333482076,0.9496359326381542,0.9506508471426794,0.9504753961588304,0.9494733636322477,0.9513029329277783,0.9525804928594556,0.9526792420110994,0.950449355503317,0.9501993924456993,0.9496503228281221,0.9496953107900233,0.9508077916774949,0.9495629387557054,0.9482036539795576,0.9502466996729676,0.951244377166677,0.9529144367869484,0.9562410256811144,0.9571277114154221,0.9567378764364015,0.9576814004246563,0.957670507937349,0.958815955678377,0.9584975309632735,0.9583195185457999,0.9585838001359639,0.9579570435515186,0.9591864877652211,0.960572233634013,0.9615697349027716,0.9615202042629494,0.9525823850635051,0.9483559960458571,0.946821357731282
393,0.03135740696636939,0.16049010211017287,0.4087273366507958,0.6411906431883255,0.7804165214589202,0.8560750506296975,0.8896968264440567,0.9056157231014593,0.91639652468016,0.91660355390155,0.9194524453176603,0.9209181506269768,0.9197465199843984,0.9210823213581384,0.9228427549043045,0.9252260141478003,0.9276030909625256,0.9289473181639483,0.9297583419020381,0.9294396575477232,0.928690484881956,0.928439593833035,0.9277119028410215,0.9293759077533633,0.9290347489066199,0.9300684216168777,0.9270351438525748,0.9291745015750401,0.9280041561748166,0.9300050963140339,0.9299016418214507,0.9297759344120273,0.9298999703942898,0.9286812223609724,0.9281004568454868,0.9287305481968322,0.9280346071155684,0.9267475625479468,0.9266553210921696,0.9251360333495291,0.9250141369967406,0.9265829466102037,0.9256269414527745,0.9265880719532049,0.9293382981155027,0.9310351322817307,0.9318235684433447,0.9315750634702047,0.9296352972224987,0.9316125447182302,0.932221367817529,0.9338615339187568,0.9285310864560778,0.9310674621525975,0.9315661356279098,0.9317252541027529,0.932102772954842,0.9315571710035009,0.9317818743905093,0.9309638637709977,0.9342536947113708,0.9343693231166955,0.9333612187355425,0.934749500870786,0.9332509942468308,0.9341402847023522,0.9335211195665348,0.9326960360033213,0.9328444537537578,0.931323769670881,0.9308661587875774,0.933256815955805,0.9333030427460752,0.9365167784996958,0.9368685820059964,0.9359675712271079,0.9353277383027284,0.9351818433467901,0.9349890906197149,0.9344728098165347,0.9345179494235129,0.933511259269941,0.9333815937235846,0.9408040259018808,0.9415915587271274,0.9411718076316088,0.9397313943331221,0.9423548126784952,0.9437892871185588,0.9437421240208841,0.9421946973974846,0.9397341435230092,0.9377217704099751,0.938231180406033,0.9380430428437506,0.9359559166849628,0.9355506846213971,0.9389545976536325,0.9361292821417965,0.9370382597475434
394,0.03340562818078356,0.11118555272951113,0.28166094909715744,0.5255482278933336,0.704461526369751,0.8141664304457591,0.8782925835877972,0.9041811782997138,0.9235753277131822,0.93112964685366,0.939564798915821,0.9347505864182466,0.9364008905965422,0.938548642067822,0.9387879427339452,0.9405701122424378,0.9423185549424484,0.9433023174110368,0.9433726408751059,0.944163554101132,0.941688949845986,0.941829103364783,0.9422560950564012,0.9385838985017488,0.9380633901895931,0.9417098614618201,0.9401343715584006,0.9386118998256621,0.9483187157739243,0.9486282815701191,0.9513231473755285,0.944760284314713,0.9406799983987072,0.9388111437063701,0.9377827005705122,0.938565098959353,0.9397604476206574,0.9387608820463099,0.9370371170868621,0.9369968605185085,0.9377019251947374,0.9356012922630793,0.9450729627722256,0.9464412952923463,0.9473359661260009,0.9481209495633156,0.9466619153316037,0.9492347822982597,0.9482649004641206,0.9485868298135174,0.9498145767188819,0.9518441773099573,0.9502510478586523,0.9494810232839519,0.9425412598988437,0.9401702022026673,0.9390463821374035,0.9402165833231638,0.9402011599841212,0.941354653028163,0.939517471365521,0.940417727167285,0.9414418809493386,0.946590996833142,0.94970378655774,0.9451887444462838,0.9478933865949223,0.9478174857009531,0.9485052041429679,0.9482185851204398,0.9432990257983696,0.9418771416920735,0.9396249549024076,0.9412660435144601,0.9416334320094287,0.9417237360279974,0.9424906080887794,0.9424708633914274,0.9410029751113891,0.9403774747357753,0.9413006501378153,0.9402813066036423,0.9400380254198717,0.9415025695675239,0.9403921299373785,0.9414899330267938,0.9410295663385868,0.9481391520875186,0.9489593207659712,0.9501219930907361,0.951317414080826,0.9517961385069812,0.9518411458364474,0.948410604814238,0.9479434998759757,0.9477794997746232,0.9482689608973988,0.9493085583469771,0.9503893218252678,0.9507771909227546
395,0.03413480015302431,0.18826371260756655,0.45711105068266533,0.6884424799527388,0.815740432967071,0.8746197747481012,0.9066972003698003,0.9196094408240849,0.9220936479616817,0.9105401699541038,0.9030968990964011,0.8999306172030828,0.896691315461713,0.8971596890037097,0.895425923150618,0.8956831866797799,0.8949477365031849,0.899099071279934,0.8974049402461953,0.8989535139087227,0.9005025630819036,0.899803938910515,0.9011166361282532,0.9019726592324904,0.9040932683598176,0.9124041105631214,0.9224290737753224,0.9272760865105941,0.9314524748115643,0.9338657323853128,0.9348595340467192,0.9346496506441407,0.9324058010145155,0.9356769552402416,0.9339553848406146,0.9336317316752349,0.9323237954398111,0.9315036781996541,0.9314090203091364,0.9274513227907122,0.9258156653300195,0.9244408268030413,0.9250641654535631,0.9237419383301387,0.9242338520494485,0.9227116158435967,0.9264660626330954,0.9269882404221739,0.9282623972556171,0.9315233365177279,0.9317294704800322,0.9327619355688814,0.9331319407380316,0.9341116537505441,0.9356300217261625,0.9357311145666201,0.9359226354230232,0.9348241903001544,0.9348581844203339,0.9315162844676073,0.9302402531396196,0.9287671049959164,0.9294951845413373,0.9313534241369588,0.9362615204031883,0.9389842700343478,0.9397355652094573,0.93856267507278,0.938215407580527,0.9388063578504368,0.9388347206835154,0.9393499939355264,0.9384475577616533,0.9397266992059982,0.942153764369678,0.9445469612594581,0.9428036686846768,0.9433305906081506,0.9436191648132883,0.9437304111951509,0.9429142718557579,0.9426191248626161,0.9445682852059687,0.9443467665179877,0.9428653885342005,0.9459140748591653,0.9465986685493749,0.9471945036292112,0.9476504468946443,0.9484248203934565,0.9490205419795633,0.9469426888194872,0.9463015702111107,0.9450845068610484,0.9470667539839652,0.9411806962479722,0.9425889489550954,0.9432154203769845,0.9447819418644979,0.9432976282211576
396,0.02753972875666683,0.11352130797915728,0.32067582023792923,0.5644519648276539,0.7332203639425506,0.8167641737108375,0.8534252175408302,0.8732581209237477,0.8800193066945496,0.8834643657426732,0.8875640985874856,0.8940339880268069,0.8942322301439073,0.8960213850445795,0.898436469815832,0.9001899586649568,0.901229843114082,0.9017692130505712,0.9023812658134536,0.9023606126531617,0.9040384895438897,0.9039594928085585,0.9018620192839367,0.9022095901276053,0.9077860916311683,0.9090643148344284,0.9097545163520353,0.9079068682070224,0.9093526398727398,0.9059520962531309,0.9055126125173983,0.9041878166011419,0.9011114288791966,0.9012478446811226,0.9029250781765483,0.8965683715262948,0.897659863578538,0.8994515196505248,0.8983249361975533,0.8960212792057554,0.8973955113141178,0.8979481183484155,0.8967730147105543,0.8976408440557442,0.8999158841429246,0.8992443852264509,0.9015477897607266,0.9015186961600573,0.9010718761290448,0.9052383740211277,0.9072061861125706,0.9087348745789062,0.9100068649839383,0.9107340132866177,0.9090368038117778,0.9086660711906479,0.9091339536247363,0.9144983796831676,0.9156019005887521,0.9153740415922712,0.9195373133198923,0.9143926147984993,0.9141028480345651,0.9136328652743156,0.9133222221034986,0.9131004746962661,0.912711318662612,0.912027680734195,0.9111712411273597,0.9124188583591227,0.9116265524073477,0.9126602547002163,0.9139715667500734,0.9146821035701249,0.9130755188692449,0.9108558709059706,0.9116487541765932,0.9108620325136044,0.9118980753698327,0.9118064288128683,0.9107581251108462,0.9112932739526048,0.9111903892901698,0.9102968091797367,0.9109686023570527,0.9096794510841675,0.9105435028833587,0.9096976561683772,0.9105363618260377,0.9089207193005798,0.9096658031732651,0.9110203206937194,0.9103047751243198,0.9085536993098066,0.9089182290383563,0.9112269490116729,0.9095925183712302,0.9109128856211166,0.9110442607979559,0.9106392198014587
397,0.02577677184403402,0.09507778466349567,0.2623394575327552,0.5102513323452592,0.7093164977725499,0.8083179777243984,0.8614736275647998,0.8940284242783441,0.897021248851661,0.8958485006848563,0.8967764066216373,0.8919062954159237,0.890931856736957,0.8889116968319251,0.8867024664845011,0.8843791120560844,0.8881921799960731,0.8929106455812917,0.8923352677671326,0.8926898521810014,0.8946330949100131,0.8968051373101318,0.8982417336068687,0.9045303689503225,0.9046637975475444,0.9069502453323441,0.9092805673956604,0.9135288081535967,0.9168931632039746,0.9191595218370803,0.9193786111307994,0.9186215018338466,0.9196143276570181,0.9169745266793576,0.9138664611607126,0.9114704627703599,0.9114456877556859,0.9138432140041938,0.915855547509703,0.9144617814514533,0.9109395874429339,0.9129244036237872,0.9162987967020735,0.9155929347313209,0.9150453280429599,0.9135802872388767,0.9161301479480436,0.9171961878435907,0.9177894270220851,0.9177928195383552,0.9200858775991416,0.9213019773254884,0.921723942485866,0.9217801114069677,0.9226881731845599,0.9206827025071463,0.9193284431425147,0.9172736077520824,0.9212591652064394,0.9192205074375858,0.924637077367965,0.9249508807741917,0.9278380800999316,0.9312864254132549,0.9335477472840037,0.9312538820619909,0.9291310478958665,0.9342139077855282,0.9341005747053377,0.9336136130170688,0.9376672765133008,0.9368569199922299,0.9355265550772827,0.9424362993646986,0.9419801067845702,0.9467299532800055,0.9474740721973401,0.9460033440452038,0.9472055819601937,0.9484466343614443,0.9476729593616375,0.9413758328424667,0.9368927976062761,0.9339009457112808,0.9374364319249247,0.9366232929812439,0.9384255760874187,0.940002894177197,0.9408965227101883,0.9429770992476576,0.9422216724281347,0.9413582973897168,0.9428089908058671,0.9431307809942733,0.9404185979091644,0.9406087282992931,0.9397165507293944,0.9420937680581117,0.941327411537921,0.9399497239103676
398,0.04588723958324723,0.20568556652308878,0.4643602222608763,0.6655002358063992,0.7980015833174818,0.8644176483904219,0.9027812027698731,0.9219234074802681,0.9260346597252629,0.9300241326149624,0.9285743128424616,0.9216464465627402,0.9179347545383955,0.91774264306052,0.9171418340705364,0.9163644884020369,0.9154646002931639,0.91219350159465,0.9088468970031884,0.9057430745730357,0.9084336552328415,0.9090687366113641,0.9126089836870398,0.9168963722151937,0.9136528673748152,0.9136531287175529,0.9145356253110541,0.9176018199724458,0.9262180326708145,0.9296678580461168,0.9310418102568968,0.9322537334814877,0.9340402791965277,0.930246147959854,0.9350521114221351,0.9335811399546402,0.9363699836083427,0.9359388233718662,0.9371270144284293,0.9351529286945082,0.9294219524212426,0.9302343936759714,0.930587613179661,0.9313991229948977,0.9304686694451894,0.9286547007293348,0.9260831561357462,0.9225464527216587,0.9259905298893263,0.9311878159570839,0.9329201295513002,0.9295934951847566,0.9293097407412542,0.9329051536717203,0.9350000218093812,0.9345121905042995,0.9325040115237581,0.9300163317028642,0.927556137599743,0.9336411864579658,0.9356028682814103,0.9361191960843368,0.9373706259199358,0.9375840643923723,0.93786108312345,0.9414526485749997,0.9393300215037186,0.9359628933429938,0.9298087545594462,0.9263474757738257,0.9257712586630424,0.9182746628923723,0.9166442651122918,0.9156742338023613,0.9158702238715926,0.9220145211849013,0.9262593212378865,0.9301028355415069,0.9319279236487051,0.9329593177442653,0.9321390463831327,0.9326612887980852,0.9334399894238805,0.9318346584816343,0.9339894383388979,0.9348973049528878,0.9369865748555044,0.9425189527255413,0.9441410730271271,0.9441715145540687,0.9447123276796843,0.9464402161202078,0.9475314371284449,0.9480651622465618,0.9474798501171959,0.9467955322344862,0.9459175083918164,0.9456091904826416,0.9462387934198793,0.9451826234027136
399,0.02641951613399099,0.1246088372563929,0.30826381693396077,0.5788059683365492,0.7661682758000926,0.852044712996495,0.8904692653435142,0.909471482704205,0.9159105659328433,0.9215521279948821,0.9202244597883581,0.9157367828577668,0.9166416672466222,0.9179351828274668,0.9146488563531312,0.9123153968015804,0.9153531916053192,0.9174141437163447,0.9161847603004674,0.915418836440626,0.9167624658392033,0.9170347339049819,0.916176826271021,0.9137290808376233,0.9122060682022631,0.9127300055051784,0.9135757441671528,0.9135289964492069,0.9169202568818293,0.9155579919847292,0.9143948430797677,0.9124410756778434,0.9128834756501552,0.9122710048308061,0.9130306372718144,0.9142409840090463,0.9197505760802664,0.9236335114799985,0.9256050936858864,0.9277513784585493,0.9295401647497025,0.9247174923787148,0.922546959542629,0.918066134535228,0.9155947194246639,0.9134427599480022,0.9130989845744317,0.9147290748026993,0.9163987467425488,0.9154275217737208,0.9138093872811746,0.9150251539223135,0.9139446800282568,0.9178800162851701,0.9188010460871004,0.920845967101256,0.9277893864686579,0.9234483378025043,0.9216947435411826,0.9235978581143255,0.9235121851348835,0.9227031332749226,0.9212223340930789,0.9238066151209335,0.9244142713974626,0.9244624038020943,0.9271521673470546,0.9241397276151369,0.9224980584637366,0.9209725360340041,0.9209635659418156,0.9196705552369511,0.921270268250406,0.9199999049599179,0.91886445931722,0.9193328011208038,0.9206448813502887,0.9206119598149539,0.9267143199255276,0.9229443148669902,0.9231843203273675,0.921955084574831,0.9235665632813631,0.9232871468519569,0.9264027338432492,0.9324752367770495,0.9331390319158767,0.9350925872278698,0.9357602209732784,0.9354255852740337,0.928459327411066,0.9260598916622061,0.9258373464199462,0.9253544947816401,0.9260583022784832,0.9249198982120518,0.9248897884604439,0.9243753023942161,0.9249200940551389,0.9256156780983277
