id,intention_0,intention_1,intention_2,intention_3,intention_4,intention_5,intention_6,intention_7,intention_8,intention_9,intention_10,intention_11,intention_12,intention_13,intention_14,intention_15,intention_16,intention_17,intention_18,intention_19,intention_20,intention_21,intention_22,intention_23,intention_24,intention_25,intention_26,intention_27,intention_28,intention_29,intention_30,intention_31,intention_32,intention_33,intention_34,intention_35,intention_36,intention_37,intention_38,intention_39,intention_40,intention_41,intention_42,intention_43,intention_44,intention_45,intention_46,intention_47,intention_48,intention_49,intention_50,intention_51,intention_52,intention_53,intention_54,intention_55,intention_56,intention_57,intention_58,intention_59,intention_60,intention_61,intention_62,intention_63,intention_64,intention_65,intention_66,intention_67,intention_68,intention_69,intention_70,intention_71,intention_72,intention_73,intention_74,intention_75,intention_76,intention_77,intention_78,intention_79,intention_80,intention_81,intention_82,intention_83,intention_84,intention_85,intention_86,intention_87,intention_88,intention_89,intention_90,intention_91,intention_92,intention_93,intention_94,intention_95,intention_96,intention_97,intention_98,intention_99
200,0.009013038104318085,0.062670633840815,0.11326553157513067,0.23372413388325622,0.4065148941234697,0.5105629619091021,0.5792266689139739,0.6362095605286631,0.6648889009863319,0.6774053253817806,0.6939624872067257,0.7005717383579639,0.7089645804611768,0.7154206892135246,0.7184425292401849,0.7182019109864731,0.7269192521682379,0.7269236886328834,0.7226872861478497,0.7273691463344771,0.7234847705284342,0.7251642610197132,0.723012098922199,0.7255719220702558,0.7245173709802211,0.7251562555503699,0.7219011151792132,0.7185184528669837,0.7103691030939153,0.7070568491516722,0.7052351287588132,0.7155971761411192,0.7166104098471436,0.7177444874911214,0.7119734664025179,0.7104160984360789,0.7056740149839129,0.7057907154802067,0.7108279180708729,0.712368213406227,0.7183836084684276,0.7266615463125189,0.7292244236148632,0.7249201607946795,0.7260481840453988,0.721607230688628,0.7235116906115137,0.7326313762929548,0.7349187245119269,0.7350367278611397,0.7305664401751092,0.7319435157828454,0.7356676016787582,0.7350090571405201,0.7363057838007734,0.7277866982756901,0.722509536953564,0.721269230931032,0.7158463385525373,0.7165973333845372,0.7154576545699746,0.7135672921636045,0.7158497671121097,0.7180384987948255,0.7260085500084382,0.7277263816236867,0.7278242005351662,0.7200190409897124,0.7191120308424666,0.7162121235679838,0.7188545947177881,0.7207393102743705,0.7253846445369077,0.7234219160609092,0.7233441115475364,0.7217522090999665,0.7235273562389534,0.7207273846188242,0.7139651266987128,0.7131316337452084,0.7094831983846487,0.7102756216953917,0.7119947969297904,0.7228365296379458,0.721120279156986,0.726184377488011,0.7260337330903879,0.7278660522229846,0.7259961269944293,0.7275966400744626,0.7263976554652289,0.7259522666370414,0.7221520752002424,0.7225315010112173,0.7211337413207375,0.7166908740667145,0.720648427031354,0.71475765865234,0.7163341036334664,0.7192577288372008
201,0.013329658673770546,0.07541282469078918,0.21238868141242212,0.34006773312221944,0.47361606055495054,0.5709478262722171,0.6212733751851426,0.6501650473659981,0.6670634038318392,0.6629676345377967,0.6696339656727696,0.6722578549690595,0.6876938550913766,0.7014795665634855,0.7103428624172594,0.714050655136534,0.7197555418937592,0.7267076692892906,0.7274411085738646,0.7289132414895799,0.7277076903954867,0.7288693907548728,0.7285429652250395,0.7301425624581532,0.7281638162150577,0.7328766344243178,0.7317746078093306,0.7344987028487736,0.7377368288783523,0.7426196439141411,0.7350700416951361,0.7283895064827318,0.7270308357069146,0.7343852774433048,0.7404643127507632,0.7357348600047972,0.7287356100682704,0.7198961644615445,0.7181387310916931,0.719310149891469,0.7151104757715401,0.7211242194550433,0.7182836441652997,0.7197999385423295,0.7281116994570712,0.730708008027851,0.7307987521312488,0.7270157720335457,0.7233850125786742,0.7252901287654767,0.7203563761855635,0.7325688466012857,0.7347267060422206,0.727127250564726,0.7310564465173961,0.7323322684424958,0.7345077921202724,0.7339760971704195,0.7272323664828033,0.7307861704152707,0.7296866996789426,0.7312078714716869,0.7307974414491251,0.7348011724403664,0.7325960336299709,0.7373427246451185,0.7398172531158471,0.7373259409618826,0.7378743483849771,0.7291909547820451,0.7310831253677043,0.7293182716556061,0.7281842334236377,0.7206350803466579,0.7185222647392442,0.7276107130000034,0.7346194368614155,0.7249896566580176,0.7278720217478881,0.7269411307145157,0.7262126292292909,0.7277113357994931,0.7310295699892829,0.7313228034098757,0.728645219071268,0.726027210380887,0.7246261266876882,0.7272876703534237,0.7259233963099229,0.7245816561384594,0.723915892118435,0.7257543569841638,0.7231048399031995,0.7246888934544442,0.7227169678165075,0.7239054967869181,0.7257029120113511,0.7251108480129137,0.7297574392657354,0.7296430352412773
202,8.804108949241849E-4,0.045644281479974104,0.1350698611724337,0.2807783570132044,0.43817373815637667,0.5272110966903678,0.5958442899047445,0.6503017677455238,0.6670281399741522,0.6952083746831041,0.7122508221585508,0.7162072296372217,0.7372470041076741,0.7498087346080419,0.7596856525305878,0.7571425920610043,0.7524183226614843,0.7575596752562549,0.7567603615831848,0.7580525513054462,0.7612822703128046,0.7619234169509297,0.7603948982902025,0.7538757440165504,0.7636966980341326,0.7718792413266913,0.7810697284338363,0.7730774883037205,0.7704548030363789,0.7752334471784988,0.7775762358530852,0.7809514172477381,0.7809759133710891,0.7811570547009847,0.7793201223829762,0.7846425876364811,0.7908731806916027,0.789224317049788,0.7892578160115584,0.7905405972608632,0.7922059199886471,0.7911655306334194,0.7810654141456389,0.7783875820273483,0.7747917302926031,0.7721678210710722,0.7696816673771621,0.7709262341299953,0.7727716616383479,0.7703784815865679,0.7722147118422598,0.7628437876425092,0.7624305933008289,0.7572653252161007,0.7539492881332163,0.7564522573134442,0.7648879830456419,0.7702052528396099,0.7667610076357196,0.7633175287974548,0.761183840175286,0.7665340813674925,0.7651456359803704,0.7683872197741001,0.7689720822642093,0.7749141197550944,0.7667744134859781,0.7628612508680074,0.7649012267427756,0.7694832068961064,0.7632298524670013,0.7628373508390781,0.7616606741105504,0.760587057694416,0.7617897888173326,0.7619972358048686,0.7605906889328159,0.7663847822076713,0.7653141219551926,0.7612156194364915,0.7643776752302709,0.7651043326472154,0.765823957647758,0.7591475280914269,0.7642858422175394,0.7681415118055134,0.7677906216102044,0.767237561885438,0.7577200543385091,0.7571695782289457,0.7513645673560192,0.7558276653796588,0.7656672955498898,0.7650484954470069,0.7605339958504531,0.7586427438357116,0.7639717426903044,0.7602143754462655,0.7620076858616953,0.7606967319277373
203,0.0036077755240451924,0.07410844767387831,0.19466481619332637,0.30202443113327193,0.3913371901179965,0.4650950867257347,0.5315705705464275,0.5632183013733943,0.5917649140862988,0.6103747360166494,0.6202261077064202,0.6248612738008698,0.6340396488592623,0.636549539660418,0.6380868211623002,0.6487986060554463,0.646423173601833,0.6474005933132778,0.6399539145470384,0.638027869487976,0.6401586116238777,0.6419639315625364,0.6624055045121832,0.6631516530204518,0.6473476026160476,0.6585605105509823,0.6632277500736768,0.6709215182440473,0.6887727591295624,0.6920699588017097,0.6830191736917292,0.6746426442045828,0.6772845108684141,0.6694441388471103,0.6699913159487002,0.6798571627317992,0.686277491647707,0.6995280978240452,0.6963975827147099,0.6895345483498312,0.6919382102124481,0.6950251865716691,0.6900290334859506,0.6954202197266649,0.6880668045160019,0.6893582204717825,0.6922315621711935,0.6899208339261649,0.6909669943065595,0.6940354379212065,0.6992846369921422,0.7092279811436214,0.7118503425283954,0.6994803581249391,0.6959497304068379,0.6945970157280819,0.6861222511024441,0.6887240112989528,0.6811135973391365,0.678947964495574,0.6804299395537466,0.6832176696881347,0.6766064966341316,0.6862274950890281,0.6851303697420204,0.680350157443308,0.6799254396887292,0.6736499322494537,0.6842659184288581,0.685187095739293,0.6836872174930129,0.6963081416536555,0.6929412939598402,0.6976346385670557,0.6960474050967583,0.6995002160612118,0.6985583993504673,0.6970203102959718,0.6999812259653665,0.7065300418856773,0.7108963312921791,0.7075292052151321,0.7008664322351824,0.7013522914076076,0.699476634029124,0.694439911478621,0.703100739975577,0.7059407136534719,0.7062101764714356,0.6929229648430794,0.6892361800072401,0.6830841920872711,0.6791513399358347,0.681527588155977,0.6853560961866889,0.6804447858039799,0.6860440616311146,0.6844824677901282,0.6817664574616109,0.686449263509894
204,0.01026963517528009,0.07607521350476748,0.20729207537722957,0.4141949412417496,0.5574942172782794,0.6460831976557556,0.7024309375619028,0.7440773507844789,0.7768295093549608,0.7749367130744649,0.7746773167630024,0.7729192789340567,0.7735788729918524,0.770208595252027,0.7716311283989218,0.7767430296275185,0.7780798033420999,0.7725174711336273,0.7697891323122387,0.7779870439232254,0.7825531546587712,0.7858155508875051,0.787521765914478,0.7855431752055854,0.7866192365713366,0.7916030991021884,0.7949846432716788,0.7999620850463812,0.7913257635902674,0.797266972728195,0.7956326872032424,0.7943490546634532,0.7901167459453867,0.7930578357087005,0.7903111451692338,0.786098761800868,0.7834630656464258,0.7892964002265476,0.7901823584217526,0.791316151521726,0.7959157515264441,0.800541231417846,0.8005683334538998,0.7996353784172107,0.7992428861050347,0.8058671555057046,0.8075027538035247,0.8089520466132513,0.8072858158877751,0.8110845117139273,0.8088760173779508,0.8097459618680212,0.8089828501936579,0.8068922504155354,0.810765530553523,0.8096655567189975,0.8022031088765067,0.8008082528413144,0.79472687226138,0.7955034861382302,0.7981014802223733,0.7969087431480579,0.8004615915994892,0.802908249769004,0.8051368530606582,0.799675991975112,0.7953449206733697,0.7941545231105266,0.7945843124891538,0.7967125742133843,0.7953983910318967,0.7968442108286089,0.7987986808917733,0.8009548560720222,0.799678103780864,0.8026216404746077,0.8043472561648195,0.8030951769226603,0.8018998557959115,0.8041229223767171,0.8017246814642874,0.8002627184432662,0.7964920924499599,0.7974764728950925,0.7956032145612549,0.7983867211370232,0.79412600493318,0.7936088047606035,0.7927480106466805,0.7914750441578657,0.7962454590689323,0.7982529983266766,0.8054886316513443,0.808411538448455,0.8072200322001234,0.8038821398478992,0.8020207367149639,0.8022643378208872,0.8031004449018666,0.7994975124724415
205,0.021789817355014885,0.13348745850102567,0.3151001409079239,0.433123682853521,0.5265677605084041,0.5844917730998997,0.6274835399469115,0.6577227519546048,0.6659512236821518,0.6896095998413174,0.693635369823911,0.6936474818979272,0.698852441451142,0.7013160230189971,0.7096969032239997,0.7137486568413882,0.7207078522959712,0.7285011897489873,0.733413163071272,0.7333301333358131,0.733716493047138,0.7257454309539437,0.7269917141315829,0.7274028664330336,0.7287805714515401,0.7298735409233588,0.7277496023314645,0.7247725989572618,0.7277603223444131,0.7245123244826069,0.7296682038594194,0.7320307811575175,0.731200664320018,0.7354343960539883,0.7486190972591884,0.7429268409185619,0.7350840951551256,0.7389747246856949,0.7344387140028986,0.7305326717418843,0.7267158057042069,0.7354908343823371,0.7294943009452171,0.7333470936225619,0.733885256470586,0.7345692184919496,0.732235997512972,0.7331049745175053,0.734177701845689,0.7446759635386546,0.7431874876571801,0.7406320356183095,0.7375007546503382,0.7405950671647892,0.7390837910644467,0.7347578764907483,0.7360996080241765,0.7335272507715445,0.7330537259215255,0.731557323483128,0.7348080935445185,0.7327274988623016,0.734950571744836,0.7413154608271104,0.7416083331743404,0.735270097564912,0.7362098164386824,0.7342346328058905,0.7353003194968128,0.7380182217189782,0.7437713050340293,0.7465411278149362,0.7466212375174834,0.7449779675999814,0.741232647406619,0.7405894234088036,0.7442191147543479,0.743237549374363,0.7385585576470028,0.7370976273377985,0.7347320419410093,0.7368944978658163,0.7348807903125347,0.7355034687023375,0.7376044882973081,0.7359277915878532,0.7247686273467703,0.7200265544335868,0.7190853810298994,0.7170241193397687,0.7184472255877012,0.7152849809602695,0.717205635120493,0.7252170343629101,0.730594314583316,0.7340400051118001,0.7355393597498774,0.7392516291346787,0.7379569459058455,0.7404678192478462
206,0.007736930144879961,0.046263614885692333,0.10987788673900742,0.24130530347248652,0.36270055164154913,0.4870747516622584,0.5918085223025866,0.6491102110548107,0.6887780960214326,0.721375752037635,0.7373857839424836,0.7453195235248776,0.7322754059731765,0.7009390858405754,0.689538912087322,0.6790009185512431,0.6773644456771176,0.6733064861220224,0.6771310028627693,0.6800013398437605,0.6741267473726422,0.6709442735185214,0.674783406888051,0.6830183802971338,0.684836761320826,0.6888883019511931,0.6921716700583205,0.6925267662553111,0.69653995821543,0.7081022119485008,0.7068712764689948,0.7142351921745386,0.7274031928883712,0.7319332566263852,0.7392546092554849,0.7331770382145186,0.7366469788873902,0.7397197829678533,0.7351417845867299,0.7429659460401601,0.7432885398522763,0.7422169301255286,0.7509805602030042,0.751595871521358,0.7570711783429392,0.75888744080518,0.7543940377443761,0.7547783355728579,0.7621696705309179,0.7570912570091296,0.7596764687489609,0.7657400395510198,0.7602003531608729,0.7637375707869409,0.7653079100264476,0.7602383509601538,0.7616765661038873,0.7679605284387486,0.7761558112540509,0.7747336336309112,0.7643261679952276,0.7620618692883996,0.7582557922824763,0.7564315410064123,0.7591377608418887,0.7552978631587706,0.7698337214788395,0.7705756187590858,0.7725620457202759,0.7716488851751344,0.7694666924887343,0.7607685678569386,0.7626700168303003,0.7603276350913649,0.764052378243107,0.7642507171933977,0.7679090224907149,0.7614045794542638,0.7591076702675472,0.764553944755864,0.7730780998381218,0.7672357950798587,0.7657704794256758,0.7720849057353848,0.7747858983767059,0.7712222068631572,0.7737876869074936,0.7795309140852954,0.7880481703568026,0.7936032328953891,0.7946917671726826,0.7839196651192758,0.7741425373400651,0.7750591487740114,0.7715169682292116,0.7713800953083824,0.7666638130830756,0.7617275890321433,0.7625135022912217,0.7634977954878643
207,0.007868565921672767,0.09592178146962875,0.24879583392095989,0.40670429503304967,0.4940780077935908,0.5826022444611716,0.6373919886961142,0.6785752433984432,0.6982413777460778,0.7131529632337863,0.7258924674426701,0.7385921023528098,0.7324063414840758,0.7301228531256136,0.7311339167644652,0.7363000191418969,0.7334339485115887,0.7279862953674981,0.7208001563175037,0.7189870418878612,0.7099189634012639,0.7119466554524665,0.7184853270403093,0.7229948771287191,0.7281684358788535,0.7244911301722474,0.7292395623635965,0.729817641305449,0.7300135103744383,0.7317500733759644,0.7336564962137743,0.745606008190409,0.7428511390399354,0.748458367719813,0.7512449652822464,0.7492229877402756,0.7514650786037359,0.7458394332232136,0.7437781008513891,0.7287637161919972,0.7283352182337505,0.7174129743308262,0.7200533094499996,0.7160668460773819,0.7196165809096791,0.7242696577084076,0.7249040093628889,0.7309159756321378,0.7308887870901424,0.7298927150453174,0.7282101134449186,0.7380325680841721,0.7348860591951076,0.7310097598625392,0.7285467506970417,0.7364497666642591,0.7320058640352218,0.7333015925068791,0.732100120833355,0.7308694195319525,0.7380239108568454,0.7358433279086113,0.7413722960040566,0.7433955671999527,0.7382671379349101,0.741389537703042,0.7405269559437481,0.725913615466229,0.7172989001771594,0.7175141736144967,0.7200539470610705,0.7200319142843732,0.7192886694057573,0.7208613697861271,0.7186099273442069,0.7202887114552342,0.7222810123961334,0.7245882971581362,0.7243469866175191,0.7200945885125098,0.7158787200026387,0.7165912616492638,0.7193557235183181,0.7183769229229113,0.7205421548470445,0.7206164680978182,0.728373309214765,0.7383390675137043,0.7410172395144693,0.7377556785713201,0.7344881838574046,0.7372275346879766,0.7343133212176117,0.7344285882825723,0.7378665910214682,0.7410196708646299,0.738128613301461,0.740475308281811,0.7377967357038515,0.7359633736660239
208,0.021897350585930696,0.09470198326154183,0.2400547110233149,0.38648004068643194,0.4806067495911121,0.5412573652944856,0.5713268584589499,0.5904573840047549,0.5903837429873312,0.6071712657368985,0.6223916137564752,0.6356356444673376,0.6449144300239028,0.6479647893438499,0.6546452291734355,0.6590452650070933,0.6608528518146621,0.6768628662782799,0.6586110151846679,0.6565488315786905,0.645911734285991,0.6622515304230991,0.6614946295846427,0.6574168409244489,0.6581253175038071,0.6562209077442956,0.6592574994465948,0.6665259648294003,0.6700346483492882,0.6747684387202088,0.6725145245919899,0.6817355030746923,0.6838245325786733,0.6852818110871651,0.6850158504400069,0.6889124628237344,0.690841837440928,0.6891540159987247,0.6887050781046707,0.6923933220764341,0.6890190079067372,0.6937869026024159,0.6897823365389318,0.6970033009772976,0.6938352989555225,0.6883278940534432,0.6967569828048581,0.692962474557767,0.6932442581509161,0.6925363960667817,0.6922743916412142,0.6901213702864372,0.6892997562732143,0.6972760664433498,0.6994520093305542,0.6994245252545427,0.7050724297152514,0.7059029864054606,0.7074098740693607,0.7066642210672243,0.7027413914225386,0.6917692265513571,0.6868659604273212,0.6879148107280811,0.686379481793034,0.6903638190953438,0.6935897383714579,0.6924817636707543,0.6904294849188939,0.6902898405495599,0.6879626768248991,0.6897250705339184,0.6956294930079966,0.6911079667584267,0.6950653708941376,0.689017751354762,0.6933279318715266,0.6926809397842473,0.711944866731909,0.7133052671961522,0.7176757904635517,0.7174791436663667,0.7152888154040717,0.7159957214986352,0.7133209841159481,0.7124971741184852,0.7151092424513996,0.7194519134851284,0.71835445848531,0.7134816024617396,0.7163642053739575,0.719844460534734,0.7184167708277437,0.7193988876530646,0.7179284991535231,0.7146960280375003,0.7116044651341997,0.7085983669419808,0.710719044248716,0.7141536219006451
209,0.020683002938889753,0.07333341722660616,0.2125795702894092,0.36925346166209366,0.44256893705888617,0.49668937064546254,0.5351206240773883,0.5527864268913647,0.5732858773576571,0.5839269232926271,0.6039240033248369,0.6240138437772181,0.6356471556866776,0.6335977686266355,0.6309038558968392,0.6343072469689242,0.6312413108595767,0.6419480694141416,0.6535577583339767,0.6566400322978487,0.6650792284813982,0.6590602227019883,0.6468760926482189,0.6479409465070739,0.6463976158390611,0.6480899104747779,0.6572406128817992,0.66964560047699,0.6699093595730652,0.6728388991788071,0.6796812384268717,0.6877124418571118,0.6854920310173123,0.6837519704154446,0.6860547575471617,0.6909557037882464,0.6813943736527398,0.6769714850386965,0.6726684976261774,0.6692183174029713,0.6682982223126488,0.6853580113281158,0.6900760160913983,0.6929281125880955,0.6953045750539404,0.6946074323481595,0.6916966457880673,0.6934891201001592,0.6923659742951459,0.7003964145365278,0.7027221320417945,0.7065639703339315,0.7028455854816912,0.7063351896095924,0.7037343074170925,0.7065065643245907,0.6959567415340095,0.7000226157992637,0.703144913771536,0.7109588254123345,0.7069372586148219,0.7087335849606778,0.708052417889296,0.7096584964216714,0.7206913422941856,0.713635770527019,0.7120284485072221,0.709373328099694,0.7137875864724799,0.7088834099718089,0.7067471914029523,0.708302520287241,0.7011155512326086,0.7079084563369061,0.7038977752071501,0.7039422316368121,0.6892456536562578,0.6912093488932601,0.6893127120378975,0.6952759820212144,0.7012943711828915,0.7032048848360379,0.7053302781939234,0.7062911239548675,0.7074613424873339,0.7036580208725018,0.6999542556743412,0.697985501449832,0.6982072413563141,0.6945437235084758,0.69486295977258,0.6967902700571497,0.7006540260851437,0.6972055449822706,0.6976869853075958,0.7044035523227399,0.7092782382678295,0.7136211120931304,0.7118919509983401,0.7172149236313136
210,0.010595458963783437,0.0533731567811489,0.111187812332553,0.21815874082942333,0.35156576900406455,0.45527082341309644,0.5385411798533878,0.6143813563563308,0.6427865354468633,0.6647935637273128,0.6926985289193058,0.7135101862402586,0.7317100296366121,0.7361382776986904,0.742638920822036,0.7402329836503273,0.7416219014114513,0.740939185887619,0.7435485253258781,0.7416981729811806,0.7423612882375262,0.7478072102187615,0.749158294581604,0.7529339810058702,0.7659533380432876,0.7642518124263294,0.7610622096983737,0.7635028474057768,0.7654833473305649,0.7712226319120943,0.7734750992679664,0.769446759951234,0.7656721992923337,0.7692214661777227,0.774125259435037,0.7727274771157417,0.7649272510329914,0.7619548695196514,0.7595797926174892,0.7667666514680544,0.771964782295339,0.7740195176758563,0.7743757061162111,0.7744987485458288,0.7678630067933467,0.7656910315476635,0.7697290628252762,0.7730268589599615,0.7683101773431176,0.7759818188816494,0.7735544807605939,0.7681752574742284,0.7705853328144825,0.7679534318537391,0.7675076179056758,0.766380873496233,0.7677352638203058,0.7696119791334669,0.7661284715539516,0.7670613449298613,0.7678241571757397,0.7635852453726699,0.7622511073279267,0.7620969967097889,0.7631551133042638,0.7640451369169898,0.7642735650160956,0.766130501986661,0.7621421534040891,0.7657855139464422,0.7620221001528995,0.7606888103875065,0.7557863217260734,0.7542549323823277,0.7471932832143008,0.7483570602752262,0.7467352330498979,0.7490380293491792,0.7476216562524464,0.7510105703354946,0.7475799278629356,0.7432703414919696,0.755150646330809,0.7581655345864476,0.7519615865323981,0.7505445882614837,0.7507641560709708,0.7536308050055426,0.7507030501131955,0.748241655271665,0.7466180869575133,0.7500300522123164,0.7498489524451503,0.756741268904452,0.7577430014530865,0.7648448709803277,0.7659026634439816,0.7662850256799314,0.7651124946718592,0.7686246559122099
211,0.020777942444806415,0.07822133789281982,0.18157883235526337,0.3214639607778153,0.4300440427534311,0.5060614677571155,0.5634643977610545,0.5940312909442192,0.6018651444975773,0.6173773766771841,0.6344604617707753,0.6362223323593497,0.6469126439604856,0.655880090322823,0.6690184183233021,0.6775729770490508,0.6907058891112656,0.6968532431322937,0.7043093140571234,0.7070302669281534,0.7153559513603264,0.7223506683348451,0.715554845965235,0.715592903418342,0.7188453310939703,0.7229434167942328,0.717909500208522,0.7129505068179485,0.7019548990032044,0.7013646119337487,0.6988394904920578,0.7001143076569369,0.6947960504345551,0.6943523702610196,0.6952769212362538,0.6912408260978056,0.6901327390032064,0.6920975916277762,0.6968921269226361,0.6922778003616824,0.687333214396067,0.6839055120835709,0.6757841888560363,0.6734228653660831,0.670674036099576,0.6614048919304465,0.6745111474076063,0.6782147341747081,0.6839657591208337,0.6924803478096965,0.696929200736176,0.6998391118860501,0.696157693831617,0.7042851315992954,0.7054748117328594,0.7103435656967381,0.7097397174319565,0.7059554346770653,0.7080947168370261,0.694298018482158,0.6860799885803099,0.6906850225715754,0.6910766534076892,0.6955423046659222,0.6950297168931608,0.6916320661046659,0.6977538541627792,0.6992905438173991,0.6967167834061452,0.7016250891725178,0.7015519278340805,0.6941008939776797,0.6932444851549558,0.6874917900958758,0.6900603887183294,0.6930882345957725,0.6899556110755323,0.7104367104095083,0.7114215136901434,0.71710146931067,0.7231740850374375,0.7246897835628293,0.7178459294797876,0.7139657337649173,0.7174372437272512,0.7210157312122064,0.7223989822402637,0.7151316833858568,0.7147704200839322,0.710636278365108,0.71665195827188,0.7181875170932248,0.7168366955656427,0.7119811843735893,0.7117841964932572,0.7073215381222453,0.7218569547286446,0.7283351959960963,0.7278730750871109,0.727876556353488
212,0.01689808058242313,0.1141547927461711,0.24837244750242454,0.4132545595421167,0.5027767411620736,0.5753762904489247,0.6099101944423493,0.6434881899399499,0.6569980937592058,0.6683076011019008,0.6830197464785058,0.6781326598828573,0.6720831472330933,0.6727813302644466,0.6759006493707298,0.688671698972339,0.6836015266091623,0.6874864411703157,0.6924929483147946,0.6954330885369447,0.6895157701738472,0.6906437683351244,0.6986145727711636,0.7071976052441797,0.7064104874697033,0.7017535293471421,0.7088834814896132,0.7025005104642846,0.7089976585216846,0.7125933543051609,0.7209444901056186,0.7227500291018594,0.7199959440993926,0.7166847056187603,0.71139329482382,0.710831600776787,0.6965566823879253,0.696017105595535,0.6929249861065081,0.6959422701865396,0.6873049270723753,0.6960133603324308,0.694996790312979,0.6878232921651153,0.6933786137257217,0.6996467658823095,0.6996659291730198,0.7013955622256007,0.6973280738463035,0.699821751632826,0.706871676694218,0.7020887992178951,0.6986287564002142,0.7024947516833067,0.6929548985168315,0.6946308688204722,0.6901112440075364,0.6924876389100935,0.695715064806672,0.699867996227363,0.7036504574995613,0.7149825306884563,0.709189450223024,0.6990740444086346,0.6968002109672473,0.7048111268532083,0.7060658670812113,0.6991525416461974,0.6923796958074157,0.6877549785234991,0.6886449393692748,0.6915737398418078,0.6933191572883568,0.6973186517610821,0.698068775233707,0.7001689186506894,0.7133749854966054,0.7117067314480507,0.7138047206257163,0.7145931187623321,0.6985675609417333,0.6984238758016968,0.7066099735467407,0.7003202561238508,0.6971082025616928,0.6974226841018293,0.6949347421226169,0.7008506187614791,0.7070662158094373,0.7001883534010735,0.700828795372785,0.6995685494749476,0.699110252737632,0.7012056843406173,0.697280512972104,0.6977430753176044,0.6969782576006801,0.6948322308759909,0.6935061723631094,0.6950390425875312
213,0.00962984585578385,0.05870076085881075,0.14330159524040006,0.2883107218247623,0.42298703463733417,0.5034563292002613,0.5586588827688962,0.6000152376583396,0.6349088163406118,0.6560329367367675,0.6669668550058171,0.6716746641263511,0.6745768770984458,0.6772671584506216,0.6816017284517897,0.689462287498686,0.6919328482503069,0.6891144002793541,0.6853908107700174,0.6906141484183698,0.6889492281827404,0.6933768940140794,0.6966090957289457,0.6949430463546042,0.6962684431163078,0.6947961046909742,0.7029261657059018,0.7101790657397625,0.7056882198014521,0.6988190268831793,0.6951996170629704,0.6931263285264432,0.7005764198062656,0.7054740085275796,0.7039920728771822,0.709961954775445,0.7134270615758277,0.7141819845986004,0.7140637047352323,0.7074625539329762,0.7058075707444105,0.708010392558014,0.7055423311792254,0.7051212407908644,0.7003144188787489,0.7049120335169198,0.706556411276023,0.7009745703187911,0.702237153171518,0.70407909080047,0.7092396201514981,0.708539294886799,0.7108091431942403,0.7075273538341129,0.7137479463232892,0.7085762618672159,0.7076026685758317,0.7050537363933368,0.7008559951417221,0.7020365981402018,0.703677627244709,0.7062051142142656,0.704922176387653,0.7052765748182418,0.7087605889456554,0.7064765850393964,0.7088001478413285,0.7131931233263781,0.7086769337532788,0.7053991448575252,0.706995753311348,0.7025270931349731,0.7036134700538424,0.69847769778824,0.695941596270635,0.7003269138558672,0.6963572380875663,0.6973609983937927,0.6963871000787014,0.7001119390478739,0.6974764666762334,0.6924442012361084,0.6925322716546942,0.6887030631025282,0.6881295298010377,0.6873686962846486,0.6795462174687479,0.6830944557960066,0.6869997933365406,0.6875329391779285,0.6912161559638915,0.6868735409838734,0.6860317756452493,0.6863976653457233,0.6863680946550429,0.6838998963237046,0.6834450323949034,0.6847024324931126,0.6881850504194922,0.6898349106322195
214,0.018628660099700392,0.10114250026467117,0.20035640828747794,0.34253620928401496,0.41853910388398546,0.46567097514803174,0.494428403460528,0.525097638573889,0.5371103694775585,0.54941817357352,0.5711295939130646,0.5884085497661723,0.5972414696407014,0.5997163762085369,0.6055963764854314,0.6252567327026405,0.6285130590898241,0.6303298382076166,0.6354007373262444,0.6368146869598464,0.63058395903454,0.6263297172209888,0.6282647494329607,0.6240304369084697,0.6296199737093195,0.6288003089907982,0.6229478160824269,0.6222848091210939,0.6157229083634346,0.615428189695661,0.6054649817761819,0.6097983503343574,0.6181889209461554,0.6107472620246134,0.605167773307701,0.6071413529569477,0.5897238035393387,0.5891178524464127,0.5872453881764936,0.5822695516973728,0.5923782191532638,0.600588134443705,0.5876432833414389,0.5860774307708131,0.5848153257402974,0.5908586246325983,0.5960887616432123,0.5815571942942293,0.5781023837816669,0.5729962972112999,0.5668002194210391,0.5620585947575085,0.5738496649048824,0.5856319397066069,0.5868418669463829,0.5844133043960464,0.5889422762270858,0.5807596498682723,0.5839863545332228,0.5775323098486024,0.5761126954848824,0.5691453166359886,0.5555605483395406,0.5497376903984069,0.5394817976739835,0.5419142848740591,0.5585432015688375,0.5572245729559611,0.5653909607649816,0.57187539595836,0.5540574493031856,0.5582886066462455,0.5532529024067696,0.55911824271045,0.5626493610454752,0.5676996637370296,0.5538916188352772,0.5647158600979103,0.5741269685116315,0.5773275757309412,0.5812630251307103,0.580238379736619,0.5760550969945123,0.5762672938131971,0.5829535244102625,0.5747973718689425,0.5768578717391875,0.5844574171125568,0.5884537711570047,0.6015239379815865,0.5970158196606948,0.6024188614066839,0.6017800501335508,0.6011078987359835,0.5994056986432857,0.595857526014171,0.5897806619907068,0.5768933215794227,0.572923455576481,0.5784799594230371
215,0.022843762732406837,0.11307295249916866,0.23524340535713806,0.3880224829730347,0.48048266424110386,0.5339857078937446,0.5791388360552857,0.603877394843467,0.6223815850436833,0.6363399132077278,0.6559180544552443,0.6581119913806641,0.6664216478192181,0.6600955782311948,0.6665015192593452,0.668066844890001,0.6674781705300556,0.6664258140680823,0.6710833160963544,0.6718462132547474,0.6764185055232403,0.6777192191008087,0.6761071991829661,0.6823922257984644,0.6853826956744459,0.6898296322516725,0.7011699128410142,0.7099799508843823,0.7064357977903621,0.7087306772757583,0.7108041080586831,0.711211114606123,0.7027128503225198,0.693667888786139,0.6899981327122727,0.6881370797020945,0.6939761440605607,0.6917316483331858,0.6858397085600533,0.6889161348385491,0.6846036427231091,0.6825627783927491,0.6813333367337034,0.6781659106299354,0.6806447927852928,0.6766846738622471,0.6661882124345431,0.660542337500511,0.6652642956893611,0.6679087830203789,0.6671533343953755,0.6697322684271171,0.6759648010321446,0.6697747975508083,0.6750333513605491,0.673137944757109,0.6716331094175644,0.6674097879456541,0.6691265875487048,0.6768008922130031,0.6787542087993369,0.6797911261821913,0.6749935556170779,0.6740592795459317,0.6788048630765696,0.6758553924826326,0.6797093882255099,0.6803194540548038,0.6794683053943892,0.6825411286634159,0.6796109387440313,0.67361581278005,0.674966007770692,0.6778608938780796,0.6745130503069255,0.6757792126157757,0.669698158719521,0.6703452396098512,0.6776084753772605,0.6812596848838252,0.6850260514894186,0.6856591102829641,0.6865383753030383,0.6826544690533208,0.6822836343508325,0.6868800987110032,0.6818221654142761,0.681197026588796,0.6756548034405424,0.6763062450823871,0.6708831528351478,0.6674666876235379,0.6728542876917686,0.6716057878839033,0.666214872177752,0.6585570423365855,0.6551958101333368,0.6581464713344364,0.6611365903405614,0.6614057493317742
216,0.004369351347581622,0.0566990593366316,0.14524484458020245,0.2532582016997624,0.43711974343139137,0.5867454957860732,0.6894886244131022,0.7363509500651763,0.7817256576540714,0.8012440869320945,0.80634225272246,0.8091083294047102,0.8153277180214172,0.816866671725775,0.82243646787431,0.8218164238553473,0.81508892299252,0.814550936205668,0.8184919786778463,0.8186806289933329,0.8190512366873418,0.8203414920706351,0.8259766322377408,0.8306221269407439,0.8272375055213363,0.8242330707756451,0.8209655832541307,0.8174353286701671,0.8162957000632594,0.8152523549641182,0.8162405732675506,0.8200338533867385,0.8181534814560153,0.8163183137443553,0.8152602875095183,0.8220490376344874,0.8160259037340428,0.817530273209449,0.817040677712723,0.8092270996209731,0.8118651201958791,0.8044937313713342,0.8003958022327091,0.8013580065416257,0.7972993495515591,0.7926381438577663,0.7908901537478978,0.794382506528814,0.7996787759145972,0.796659209146631,0.7978896039110558,0.7954296091763357,0.793117070077803,0.7993247050601466,0.7995673470059839,0.8041954640850603,0.8038544814923942,0.8055739041630603,0.8000944919274409,0.7995752672932244,0.8030625231205533,0.8120644382990931,0.8145151686937431,0.8098402777207567,0.8086372776391911,0.8111346682528269,0.8106323060507442,0.8130708170035623,0.8170343005896156,0.8166695655755916,0.8223677969447861,0.8116494677813227,0.8262547243096711,0.8278489123872109,0.828766701055009,0.8312079906283594,0.8323373576377238,0.8332021108794153,0.8358582542015539,0.835769162651263,0.8186578533097345,0.816523856749628,0.8128348818061569,0.80994570257097,0.8136289405404082,0.8147112986247602,0.8216020337463248,0.8249856128644417,0.8212279829075545,0.8203886707284552,0.8201108008315824,0.8189915816599695,0.8190486935580614,0.8219189916151926,0.8223561850400312,0.8192412781968431,0.8195703582997445,0.817032937955544,0.8139507920256012,0.8128548196558776
217,0.016359199585336902,0.12410050783965794,0.3038724782806343,0.4706540464420953,0.5914012273085254,0.6589673607341675,0.6950588439197964,0.706073088602638,0.7186050634901817,0.7341128337388415,0.7382075836735957,0.7352986654923541,0.7453012848358792,0.7459112575366191,0.7518681303159408,0.7474675972959801,0.7467590000006561,0.747787522481927,0.7524160452615135,0.7536735264246646,0.744059463807228,0.7449427707666451,0.7408796179493292,0.7406600565229694,0.73924633389034,0.7329629269628293,0.7365015124785841,0.7450971334871668,0.7461510718278055,0.7429156493013968,0.7453281137975389,0.7472199667084648,0.7409052797664026,0.7415586051239618,0.7383441298324311,0.7406909347213879,0.741080953009079,0.7405569919573872,0.741673548600992,0.7429108616089877,0.742744963415252,0.7409229992251848,0.7381770751029033,0.7361581142730185,0.7320578314289453,0.7268648898936054,0.7349679435859457,0.7411056979183824,0.738883467603011,0.7421797306870991,0.7422195613288785,0.7461611117365484,0.7457141232448538,0.7390184905540047,0.7338109112132308,0.7348796915014634,0.7370188336229839,0.734445837540369,0.7393755368315736,0.7474077008948519,0.7491911392894858,0.7396659052667388,0.7334895558892884,0.7345434348158136,0.7368109217013046,0.7382688259846445,0.7393427046715451,0.74220303822726,0.747160934557689,0.7393486298194536,0.7353093161598169,0.7328584963312365,0.7337455302905767,0.733249150357276,0.7336905387443687,0.731865254910696,0.7261462776084255,0.7276277881334748,0.7321971850549609,0.734694860579059,0.7412298595811768,0.7394829573365922,0.7425112529608657,0.7480436224228285,0.7493031901088163,0.7488632647469651,0.7499101191412636,0.7416590121654704,0.7354582217180762,0.7356683779297302,0.7370326879590742,0.7378214220511126,0.7358736012319621,0.7386354401175056,0.7382273498141694,0.7358390191472808,0.7362082725068463,0.7333469967642369,0.7383791685770081,0.732593080995544
218,0.0020528869922739165,0.05877519664198555,0.16665445064877324,0.3215875928215901,0.440034440485747,0.5343617615380728,0.6235157627059692,0.641352101021097,0.6690131628202229,0.6804132357096461,0.6915037937482806,0.7045889239447127,0.7126678082870072,0.7170835592379816,0.722869732962093,0.7268484729959158,0.7278123970703444,0.7281373088113524,0.7314406072130164,0.7317615177622936,0.7358665166894446,0.7417479708056846,0.7398523440763424,0.7388060778140553,0.743543266212242,0.7429465941472927,0.7456658218612537,0.7469432029629742,0.7501442574338134,0.749354988454736,0.7472437767983717,0.7542230199086113,0.7523827178375556,0.7476777953390408,0.7488665987207367,0.7449465607132112,0.7413193208265205,0.7341505808719863,0.7303355711533919,0.7332208883135065,0.7376744492688249,0.7350431281318517,0.7345998754123224,0.7355007505846765,0.737808446032214,0.7347658879176008,0.7349352002766898,0.7386944062205228,0.7372008250910517,0.7407191374171296,0.7360883295109294,0.7401622458684787,0.741168987795965,0.7342151712005999,0.7306276218900675,0.727449606866954,0.7278490151310958,0.7305265498612777,0.7308200352152052,0.7291273991639702,0.7356014942006962,0.7415816676922824,0.7471569586668868,0.7491004139725558,0.7477904958267142,0.7397330755768283,0.736330425785645,0.7373058587087056,0.7425080394213626,0.7391524635148952,0.7452061915848057,0.741575758238215,0.737231334029714,0.7368932333881495,0.7325729300724223,0.7313537038803,0.7318762169179449,0.7339236898449422,0.7314624406514626,0.7271219997023003,0.730434064842457,0.7393220377006113,0.7409706551916273,0.7439735907155497,0.7433130103608749,0.748308556690463,0.7567096993407951,0.758508626327542,0.7575236055554752,0.7514289893936899,0.7587704458858974,0.7510872337973793,0.74704475231959,0.7436677505344294,0.7460148794601622,0.7449536966364073,0.7449094062195316,0.7468436986737153,0.745370384988871,0.7449771825435019
219,0.0056337747466861585,0.05793379076526042,0.14411997447288155,0.28153708576281944,0.4131626963308193,0.490171647782578,0.5824142500826359,0.6349674504839539,0.6669046610576899,0.6902218734584114,0.7043355916461027,0.7116868811510753,0.7205129945671309,0.7210117779905053,0.7265685760977217,0.7398860129118238,0.7410359017545833,0.7517494961960043,0.7540172220083554,0.7538680849729853,0.7514812081048211,0.7564397635077102,0.7616135225449072,0.7706148642362513,0.7685689528592728,0.7792632156780545,0.7812307373269316,0.7867233698565328,0.7776287154557803,0.7802977366511703,0.7859924597991871,0.7855221202203916,0.7842188428204908,0.7848015311689863,0.7889449324181271,0.8000083125245387,0.8021298261162427,0.8039725596358334,0.8004972629835181,0.8057156274851465,0.7876833317841653,0.8001959712422753,0.7973560591437745,0.8046247462043392,0.8179352076736408,0.8205697128638336,0.823413882848764,0.8191426313011759,0.8102415830886183,0.8071071451366724,0.8047880978480413,0.8003357833332957,0.8023163837310874,0.7999413409265334,0.7987600007561099,0.809418378359166,0.8132566362138134,0.817518451591833,0.8155196403831257,0.8084057568415923,0.8097939114503531,0.802598456701504,0.7958665006716167,0.7953193311679115,0.7947796096288837,0.8005226081942165,0.7993546367118033,0.7935060552902207,0.8013196474487322,0.8101054875422793,0.8151830148515109,0.8108915828920221,0.8045638806764943,0.8011986721919218,0.8008337218868491,0.8016164486680256,0.8102034470105451,0.822084886445839,0.8215273322538162,0.8112351712024514,0.8118523835026881,0.8123526498105019,0.8161707905734158,0.8173287457042396,0.8164187963352569,0.8190711100581554,0.8147359733857965,0.8179282290070511,0.8177154574300554,0.8137716862847785,0.8179199712950783,0.8162079010957309,0.8120268615458948,0.8089086728407513,0.8087392338290988,0.8019242502308543,0.7996753153291012,0.8059392278420391,0.800478876886511,0.8027084284874969
220,0.005694696741163527,0.024482157506497675,0.0527346230258522,0.17261212541278576,0.29357344630390525,0.3968704691643579,0.47397095171786074,0.5361719295768896,0.5751773166142233,0.6108483820443285,0.6188658200846892,0.6311168531513924,0.6522880917143046,0.6720774520276968,0.6831484339605004,0.6886465974573649,0.6896718327090902,0.6859633409997916,0.6907978210873894,0.6864585608483992,0.6927216640779821,0.6931562589157834,0.6905836839763684,0.6941879734922586,0.6914942221789364,0.6918435133322397,0.6861684786052195,0.6881902435211164,0.6951285715459554,0.692282792274562,0.6947781391997598,0.6892354397366186,0.6863024772621534,0.6812955351389366,0.6879402672454957,0.6868347600621151,0.6957544036203056,0.6912383207443571,0.6918751710234768,0.6952603926833753,0.6996849019962241,0.7029610273406527,0.7016376710401768,0.7000159848089632,0.7009327408785588,0.7045780322837991,0.7137712701827061,0.7174709184078525,0.7181770700962705,0.7250095785707427,0.7245714135870814,0.7236410396049738,0.7207416345693778,0.7200113890823897,0.7196276437317981,0.7188650284230735,0.7306013660552477,0.7306112817989083,0.7186567077115575,0.7138566851393375,0.7158119332011555,0.7123353020259553,0.7095073658405896,0.7079569183729865,0.7050862348671839,0.7024399165932601,0.7017582346613849,0.7006455630424269,0.6985254451889642,0.6953434933993735,0.6833654439913464,0.6837205451224322,0.6840024423361981,0.6949985129104719,0.6956468965066613,0.703059121297363,0.7151872607099903,0.7179587863330897,0.7216499592273522,0.7179580180706279,0.7158613499941997,0.7178832385350344,0.7198932454039112,0.7166451500985496,0.7187034319641041,0.722515445636979,0.7252963988215303,0.7172369841318647,0.7170197580855715,0.7162810639838019,0.7158065689292009,0.7134883476229412,0.713311037359319,0.7183498782612987,0.7255461890556725,0.7172507191752426,0.7173954327917305,0.7179542213653555,0.7147769557368037,0.7132916895939388
221,0.015777757331552747,0.07038213882171702,0.20094714320845766,0.3074455597720741,0.4083353315032071,0.4466281708602688,0.49161066325610725,0.5335696757633432,0.5508004574065359,0.5607064875747466,0.5772632176619892,0.5863892470405891,0.5799897676131024,0.5917608406235848,0.5978429810891818,0.6115112562829899,0.6158800447681974,0.6154409745372998,0.6240031840879102,0.6335516299136942,0.63463787231455,0.6308958921119995,0.6384941104149662,0.6298888891731635,0.6146141933522393,0.6190484963414457,0.627326868919619,0.6268128089676711,0.6394419252147492,0.6428256143527784,0.6412922941352858,0.6516751599777527,0.6511023529834801,0.6557215930751038,0.6480063220018212,0.6486879256601987,0.6414201846583361,0.6414550209732073,0.6397074077692926,0.6381016726100129,0.6405389149121445,0.6310958834493658,0.6330748166033283,0.6419335719407768,0.6414088153749091,0.6398633701261826,0.6379061698288178,0.6385010289478302,0.6400239619215128,0.645102294697828,0.6493416801068801,0.6551066318862782,0.6527393784673283,0.6541988457633063,0.6459151395927895,0.6417873674020284,0.6301499944239033,0.6299142015973682,0.6259666840561787,0.6312443014337297,0.6277055803651616,0.6189786558509642,0.620661203617989,0.6212410365012893,0.6149868273823546,0.6124129850742142,0.6176662853580217,0.6140284542869926,0.6182955463848122,0.62239119032935,0.6335888002852067,0.6282831020821624,0.6314915647307294,0.6306365334619133,0.6377784786579034,0.6383544029101398,0.6350166703781075,0.635006541372197,0.6364272968578235,0.6350293389151053,0.6264073126832961,0.630765955327416,0.6312630972260327,0.6371717966706792,0.6415240552582553,0.6366239098899679,0.6358088012565317,0.6364973642554584,0.6363057224524801,0.6410610855601697,0.6427017116215755,0.650651193287167,0.6409248152807479,0.6390089187853499,0.627060379352297,0.623606615479239,0.6264071008287713,0.6231390399079149,0.6201451166680078,0.6178737685242364
222,0.006069053674651069,0.04099885161183923,0.13242362026705096,0.25072768685755237,0.43190244974097936,0.5067012886071273,0.5757309139289015,0.6012736995751591,0.631162798274573,0.6509930346321842,0.6639875749723926,0.6687889769210247,0.685395864822931,0.6943745531765931,0.6973391279902412,0.6980474652938972,0.698067417574325,0.7012299169505755,0.7004836288862368,0.7035767860592234,0.7064441602425746,0.711310274112096,0.7110846730609433,0.7114215186792074,0.7140552280365283,0.7144154968385164,0.7191127109281615,0.7192476130081062,0.7209084266670296,0.7299012287731722,0.7299716268519795,0.7189858636887578,0.7184558424088184,0.7177984575305875,0.7176781172537854,0.7248456122621545,0.7297523365601211,0.736924374473105,0.7356428372357042,0.7210283141917713,0.7122412943217161,0.7166375088027784,0.7168442188896904,0.7172609689170356,0.7163849419149239,0.7144826956818491,0.719101895060192,0.7269549027486448,0.7271143555679374,0.7262985493946691,0.7320782143280904,0.7308983998144822,0.7270108295445478,0.7268125545856976,0.7265494791125512,0.7308107592633347,0.7291129844319201,0.7264091427496976,0.7209373891872072,0.7265787068776105,0.7252090510482353,0.7252978512051734,0.7215056085266945,0.7253959945483668,0.7176248475001132,0.7296443757382656,0.7306698333648893,0.7258616585027114,0.731211474291757,0.7252722447137188,0.7247325016099643,0.7262262406758455,0.7215536276791018,0.7221353269667093,0.7189970375897597,0.7139563588476264,0.7145688806736985,0.7265322280850749,0.7326555625395573,0.7307402919419711,0.7305766609746678,0.7324577982254961,0.7287133109909881,0.7231493154864154,0.7246767721208611,0.7208448511813595,0.7181954150017887,0.7182388607157487,0.7140129665510784,0.7078396277162499,0.7146504787576078,0.7166733252532315,0.7145546828143006,0.7104887334363784,0.7169069502811902,0.7119128687115515,0.7064335047944637,0.7098765369445467,0.7131001159358745,0.7268352162846332
223,0.012138566244163802,0.08190334394496965,0.16186342029791992,0.2927269655286903,0.4158587427841966,0.48184937929747834,0.5682847069294256,0.6116936065085914,0.6665858112887342,0.7041768829722714,0.719084922808069,0.7269386116640416,0.732036653511741,0.7425930747964868,0.7428544063738878,0.7409639487571508,0.7404833753027905,0.7459326387671691,0.7560143818968353,0.7631637208305871,0.7621213708080294,0.7685090699354917,0.7722941505569202,0.779042882051987,0.7767627011367167,0.7783422859187281,0.7766450631756385,0.7777013431038752,0.7716803822459452,0.7698876032101788,0.7707471247796791,0.7633778139837343,0.759861137928347,0.7602061914539894,0.765868202698156,0.7633857048579381,0.7591466943253229,0.752015721295619,0.7500949027374874,0.7499199368779219,0.746148463104445,0.7539724883779462,0.7577405737411609,0.7622254899856088,0.7615915916548711,0.7503443382343649,0.744952884810028,0.7425127793879648,0.7471161797835819,0.7477093099075074,0.746443104505309,0.7453794242103069,0.7402871884556953,0.7404982713700821,0.7420384006312105,0.735221737492165,0.7334035079550333,0.7360537181965023,0.7325669402062128,0.7330887421500458,0.7386436151917535,0.7463313553953757,0.7516625292723408,0.7557873639815164,0.7554218495793782,0.7590398576555235,0.7619870773006205,0.7623694616093755,0.7715259029769829,0.7699262221267099,0.7649052145669311,0.760030221260389,0.7572028970947976,0.7594229592274289,0.7552397661014152,0.7532301616845319,0.7529345333003777,0.754979217913189,0.7546438580773922,0.7543659057598343,0.7513104549906285,0.7502703128051273,0.7501558406769518,0.7529833291149503,0.7533109710632852,0.7565070497418166,0.7577276471050023,0.7551225374447231,0.7544452761868254,0.7507527489864778,0.7595101617625284,0.7605587296575186,0.7623491771089025,0.7596540853268501,0.7574205391980287,0.7560248659437667,0.7494322316217356,0.7534880629733539,0.7523492186787771,0.7485439459413519
224,0.01466810887234789,0.08248622759076268,0.14936574976743933,0.28040015737617396,0.3702383278111806,0.45054383503256884,0.5051507619739355,0.5516291555379974,0.5901137987741973,0.6194004685041814,0.6230817292464587,0.6223314389978712,0.6401148852115099,0.6462155485603804,0.6438552478395759,0.6480540952269631,0.6489534283380243,0.6548690231044851,0.6563903657069318,0.66344993144058,0.6708128733526734,0.6695300986904982,0.6728895408455887,0.6714647290621372,0.667671199645609,0.6696602951862698,0.6617089457025483,0.6682701593305655,0.6777749876731264,0.6699943446945623,0.6732901441708772,0.6715011550715407,0.6669632444807766,0.6545141213914341,0.6554914062218924,0.65015456974483,0.6424964940333363,0.6439076387345456,0.6495340465924256,0.6429285757121085,0.647163730261742,0.6392442841377176,0.6357984363097714,0.6347517750568913,0.6381930380544037,0.6384258392743379,0.6398236486717735,0.634118765021267,0.6274679241773061,0.6243823719129936,0.6158094669441416,0.6257879365472104,0.6379935820793494,0.6387656596391712,0.6473167869855833,0.6690419897010089,0.663411135302554,0.6622431348864799,0.6557951049640305,0.6557103791037978,0.6583288638051754,0.6564670902242677,0.6695294934761862,0.6539809220861917,0.6668606607739429,0.656575188486027,0.6663712084905566,0.6698394789201516,0.6711629409496349,0.6655646194316712,0.6605989364575664,0.6693798959139323,0.6681270252594055,0.6758385367892908,0.6685181876042264,0.6583508492126292,0.6800987762173963,0.6733525543189794,0.6736381597066239,0.6746915943594751,0.6746282849918924,0.6790396353442643,0.6785715271117965,0.6812306567705901,0.6859735915787206,0.6859640157959653,0.6894103728910522,0.6884758773745381,0.6928965285126902,0.6907079765769581,0.6779586163965269,0.6726345260482515,0.6750669282818373,0.6776840598905983,0.6808872298138049,0.6769655198778117,0.6744415110387803,0.6742360689764859,0.6754525542441226,0.6759134184982264
225,0.015824347006585443,0.13322264344413245,0.2743012570567121,0.42974283578480166,0.5275119810110078,0.5783935301916827,0.6226581115217688,0.6470613241308145,0.6632048700843889,0.6665348994052529,0.6638197407149158,0.6768038394882449,0.6764823505801618,0.6816287610855248,0.6789598610526216,0.6750497636890088,0.680943114856475,0.6890731015485079,0.693979273574727,0.6962145363624107,0.6995543209313694,0.6937223138089044,0.7037914576056308,0.7000013851898337,0.6972335760773813,0.7052147166274271,0.7189755339955515,0.7282057219525733,0.7314690752337447,0.7360246237427392,0.7488059218686698,0.7457605822423341,0.7406417615861884,0.7402937414327472,0.7434448768168899,0.7474665177263219,0.7419548448874066,0.7466329916806864,0.7548463401610118,0.7581494461292811,0.7555288858301239,0.7544379740861998,0.7543517105386351,0.7561475138701969,0.7531669837197087,0.7522232527995478,0.748003768893597,0.7458163094147113,0.7439163080775679,0.7428569798339615,0.7585159193469275,0.7572535121214083,0.7568825148295101,0.7530831941637282,0.7522587832178705,0.7587122006962627,0.7603875478049562,0.7568521236365181,0.7628622718429402,0.7598527716627852,0.7663329211886576,0.7646139423159396,0.7644167911415514,0.7633102403481984,0.7614597226306042,0.7673051082650527,0.7729505630389559,0.767835846596262,0.7709420072679002,0.7726464997359953,0.7750803130589473,0.7722075083185317,0.7812448918463804,0.780888900752591,0.7810868671429969,0.7736287673749943,0.7708766438733577,0.7744285403674344,0.7754310191666116,0.7716188779926147,0.7717800231654074,0.7682926863074784,0.7695231567810472,0.7686360928451621,0.7652382712785992,0.7645963856143969,0.7623559160045239,0.7622106377973046,0.7585148925843487,0.761233177647803,0.7622651201186988,0.7631586084804322,0.7684665546311311,0.7659308539593563,0.7694033901890576,0.7689192376142177,0.7665655213757393,0.7695177619629265,0.7712441353348716,0.7697954011980306
226,0.0032454820520173957,0.047393665565917474,0.13615682917727942,0.31468721571030644,0.4153382698547549,0.5060846109608733,0.5479254869625899,0.5793120151924616,0.6024269755344788,0.6124481221962258,0.6232783805889586,0.6226960927538421,0.6285882671832972,0.6273993558275505,0.6286337811610769,0.6347924486390616,0.6373270654805993,0.6376830284956062,0.6444314139032887,0.6425513044970234,0.6469692206792581,0.6503051300512808,0.6517881484441729,0.6563951317638137,0.6651159756079426,0.6617445614518437,0.6644166563005527,0.6496271894379605,0.6548020291479156,0.6525150986582436,0.6517055643586772,0.6541073047425222,0.6537127304147832,0.6517974469980399,0.6413725738666004,0.6427486908926761,0.6514381998264274,0.6483561830894842,0.6491048663500392,0.6531911080379287,0.658996513615829,0.6540883791506772,0.66346409037112,0.6696165340422034,0.6586466890310162,0.6525147888369203,0.6564638281360565,0.6609445022767569,0.6664871644084375,0.6692012729135969,0.6623660450867186,0.6526247737714265,0.6575909248281637,0.6628923720237669,0.6619826895747539,0.6657687195367782,0.6612041854224888,0.6583815233818175,0.6547872864802422,0.6561208347962946,0.6529544808601071,0.6551769568955631,0.6582586264924568,0.657784768350142,0.6586580054174581,0.6685761217027298,0.6657083669167214,0.6623383170095913,0.6641893048589914,0.6680607142427826,0.6726475179491771,0.6761262852336304,0.6802187404725487,0.6775258716920766,0.6813154479477116,0.6662313153882683,0.6690137377142666,0.6695233409548597,0.6697499809579397,0.6704194015136204,0.6687168969357578,0.6702368509372367,0.6680840195826343,0.667901377637684,0.6661755144360658,0.6687263372541347,0.6691332486559916,0.6749395067404015,0.6749792785206051,0.6726697590526147,0.6744353353904488,0.6761049144090638,0.6756856502197227,0.6758437273016437,0.6781517225957924,0.6832759298182366,0.6940542403125088,0.7003090537099059,0.6987039128034813,0.6982687214464204
227,0.02127775964604315,0.10734557164908053,0.29902997781537183,0.4756313529422648,0.5811172622387362,0.673009573978666,0.7140182544719729,0.7408140835984932,0.7558202425717642,0.7700685410905271,0.7775701386408216,0.783486981895334,0.7879989263516862,0.7902073827521798,0.7918157647530119,0.7904677377430009,0.793371348580926,0.7924655581813299,0.7901962170528379,0.7916854554420795,0.7941417634257989,0.7964765425910837,0.7952904638798074,0.7933441906001754,0.7951120091211251,0.7958740594524394,0.792804742710981,0.7947074823386258,0.7937971908998834,0.7921353844069917,0.7869314868482202,0.7894453271251064,0.7915892196412926,0.7921430848002343,0.7854803609280936,0.781384657829628,0.780653373881026,0.7769133016422444,0.7780987892038936,0.7770563591757874,0.766397518624773,0.7673543514463654,0.770044794200366,0.7765785014280712,0.7802164759423321,0.7762886922598347,0.7752699023289885,0.7784383054914314,0.7786455148386269,0.7799891671054691,0.7795837256986037,0.7799512522455855,0.7823935958647467,0.791354564357962,0.7919953416321025,0.7979427073980774,0.799840684688727,0.8017605737982553,0.8029817546439848,0.8048649012361365,0.802590266991044,0.8051112096135205,0.8039256877706361,0.8026142583486056,0.8002381896077922,0.7998609053911145,0.7963848109751507,0.7955736394679371,0.7922144876307061,0.7901859741947025,0.788579160869949,0.7927096787855554,0.7903272939145667,0.7882943068654046,0.7880284637166283,0.7862011944059907,0.7848110696998458,0.7832226344461148,0.78053779369353,0.7793457332535293,0.7831935376318875,0.7814759093428281,0.775737663871157,0.7775534633447705,0.7755931200579529,0.7761131583816269,0.7770301426582087,0.7785339216345889,0.7732757164682034,0.7695230328743774,0.7653848329444035,0.7631242652192841,0.7652856595562711,0.763562388820198,0.7669106354410427,0.7649626241927237,0.766969564697056,0.7650852042720168,0.7645058970608432,0.7701080410022351
228,0.015585163918038748,0.06869471033087461,0.1918204523000831,0.34436227547033027,0.4767220732660351,0.5686165699841415,0.6448597821501048,0.6793149886480764,0.6982354474890038,0.7084896269100318,0.7137629323811217,0.728373126402129,0.7330800566905548,0.7367815338870091,0.738561653248935,0.741685526597833,0.7385211973451881,0.7379678464600907,0.7398091995010612,0.7449947522289355,0.7316879162740092,0.7313745259923192,0.737768815251934,0.7385324138136427,0.7321232169192571,0.7302847436300242,0.7282661794065176,0.728560479718879,0.721736553198758,0.7157199361926981,0.7181718688679465,0.7111240319321951,0.694636297030208,0.6975641920025434,0.6972915986003744,0.6934114447132488,0.6955931570552216,0.7050984758365054,0.7072418201099491,0.7088046872917942,0.7120505233718489,0.7017893614474064,0.7055597286917906,0.7035550654881981,0.7012356337940505,0.7009206060997283,0.7040542006305881,0.6994144187981276,0.6950468086832357,0.696045649855117,0.6948403419854174,0.7034855758869465,0.7044223502451433,0.7110901327238615,0.7114211919238009,0.7117312840653345,0.7110338002902976,0.7113025352913066,0.7089473980578286,0.6937148020289873,0.6961225866313042,0.7007487853522254,0.6925326769505424,0.6921643296102584,0.6921974237978058,0.6969149278193162,0.69942586641041,0.6939359447954841,0.6939519129530828,0.6947399188640407,0.6984409259203993,0.7023934596085905,0.6999990501109682,0.7028272774552226,0.7028593956308452,0.6979935886760572,0.6953672300271269,0.691292708462714,0.7016600336512693,0.7046476138184241,0.7067120460736589,0.7083592554998979,0.7063733214882015,0.6979712648772185,0.6990007415344288,0.6985577602545163,0.6873820719979397,0.6775097352563284,0.6769776076210537,0.6758932028294156,0.6710053136511712,0.6722815812743821,0.6760044714287876,0.6770049830360625,0.6794149913341136,0.6822150588571444,0.6788126051891887,0.6781308076098987,0.6805660650219404,0.6835452809412138
229,0.011670648558585316,0.061862219956893026,0.14453933707741112,0.2725920226461508,0.42699391369634526,0.5475579067999774,0.633243437569528,0.674417577491718,0.7195650343780592,0.736538729937422,0.7533587899613959,0.7541181794372147,0.7622288210862921,0.7757736187876625,0.7669739466067369,0.7615995553612821,0.7600979082911107,0.7650919742397744,0.7676773596624077,0.7653437934948144,0.7620209165123646,0.7621288139637185,0.7645498303672784,0.7687421037757616,0.7749230227490247,0.7833091816340011,0.7826627053495706,0.7818709116094531,0.7763322474161957,0.7763650827762512,0.7746479628334236,0.7777791013238913,0.7827837315084203,0.7822261954523053,0.7877284544668817,0.7854679517676558,0.795519989899981,0.7899519360573671,0.7880269897381068,0.7945837552881645,0.7961296444583617,0.7966123496034831,0.8007891232653738,0.8020762156640909,0.8031460744597051,0.8022974445836248,0.7992233664719143,0.8000291584599946,0.8035768979873048,0.7982026174353233,0.8019456605411835,0.7997409630929553,0.7911326114124014,0.7924039107481203,0.795161532930472,0.7987855446148489,0.7916139407549746,0.7903672723305786,0.7835138517293427,0.7821501656838319,0.7909472271992413,0.7901370957036232,0.7896735710675337,0.7962618112167672,0.7912317387565289,0.7902174736696861,0.7930456287014287,0.7905025880582734,0.79233848311349,0.7970117366451822,0.7949746539211527,0.7957639393621541,0.8026089239179213,0.8035573915043647,0.8045343745011673,0.8041170593694553,0.8048459967960417,0.8045204621932498,0.8024023267739391,0.7909571135336931,0.7962292261490472,0.8007051739705218,0.8007524306074119,0.7923700433582664,0.7905540461470006,0.7901634680305801,0.8031238472029685,0.803329155984862,0.8038914388342949,0.8080087100646287,0.8094273108755581,0.8116293074999548,0.8121045651139618,0.8139285675958764,0.8135095779205692,0.8100183381559557,0.8071744719293328,0.809784732632109,0.8082912965775826,0.8107021120364802
230,0.008854683202082984,0.06760168069257387,0.16820772390779035,0.3569773219453652,0.475447871277199,0.5432499976154376,0.5883161260368667,0.6133811763906769,0.6226549216533367,0.623952731398565,0.6211494673905914,0.6238205691566949,0.6332286888883645,0.6298366326095293,0.6465527919747318,0.6444015771479593,0.6352361972907576,0.6386288908804948,0.6426222041456507,0.6528839952701184,0.6572506443352856,0.6523890146495662,0.656454215562692,0.660218032289231,0.6643691290776106,0.6683719753460993,0.6670575172452264,0.6755104163823844,0.6813240721926594,0.6811152631994919,0.6724483676965207,0.6710715316776752,0.6701010047509613,0.6739796143428962,0.6740625814168404,0.6723577557945007,0.6736880263537663,0.6729303257506263,0.674407159907506,0.6754769711058508,0.681636270891981,0.689173980415495,0.6897138035153807,0.6900305373621096,0.6901365338399366,0.6809408880188186,0.6758927795959206,0.6728971014009182,0.6776802210691761,0.6808916079604198,0.6800423528838765,0.6857909563784473,0.6905650816141169,0.6919397934977818,0.6936693482968329,0.6970392887206782,0.6922886802932662,0.6901552813056333,0.6822374232786419,0.6724412807158257,0.6782499746246615,0.6788821962644741,0.6781470677558801,0.6808630979992708,0.682337011096402,0.675683920490783,0.6833017929142748,0.686258392531605,0.6824430636909834,0.6842136746098427,0.6863273335251098,0.6845577705668188,0.6819122204308975,0.679370778367343,0.6762102966822239,0.6822156862403503,0.6790424158154369,0.6821791721663208,0.6810212433100112,0.6845077656846013,0.6869084850513392,0.6905070059899526,0.6868365599743506,0.6831526648726092,0.6794640194915871,0.6836337541501443,0.6836007449465283,0.6826120828404423,0.6865430914226681,0.6861565941835477,0.6850590275128374,0.6861720314121271,0.6836087302310985,0.6830022090624275,0.6872211324794739,0.6797122814999423,0.6811911260816838,0.6804956588629167,0.6785959004980241,0.6870435194786099
231,0.026230807226531642,0.08303581676838336,0.2019541688725964,0.3817511866470102,0.5089980107989007,0.5995716986982201,0.6477539984695998,0.7046557869866001,0.7366987952979609,0.7628617460448835,0.7638961682450085,0.7689668145011445,0.7720932472746452,0.7793482303583253,0.7775192009664958,0.7806164047301378,0.7825710025545892,0.7862465456349983,0.783094123710601,0.7831801840823438,0.7808397907928426,0.7817102827737133,0.784185888853268,0.7881096715585341,0.7809711829642034,0.7802085255672075,0.7880690438479918,0.7825972531849031,0.7845346700822781,0.790982396348372,0.7925932837963194,0.7930949179481925,0.7886595186195615,0.7919783332142235,0.8004703291825459,0.7956279197364392,0.7988168842206386,0.7993386914979155,0.7973020234568835,0.7973260586869667,0.7953401676053196,0.8002797279879809,0.8012157151679139,0.8005796794075016,0.8066887923069804,0.8050882327487601,0.8106572091097699,0.813810047561201,0.8188041648209672,0.8145537696178893,0.8165376430024414,0.8100828356586132,0.8063071432665271,0.8048619086268692,0.8025854857712509,0.8116840785650021,0.8136150434661613,0.8077757358816142,0.8068031033987032,0.8050662668561398,0.8058669153426262,0.8095795964970263,0.8038885141941647,0.8029910500499539,0.8009728874137403,0.8015246987834391,0.798153246536358,0.8013274270782378,0.8037706616151038,0.8012090955825277,0.795687131945332,0.7947396664930605,0.7971256856865219,0.7974785127219044,0.8000109429245249,0.7997350079001387,0.8038852509086629,0.8019299548559026,0.8026487231949807,0.801566205668619,0.7979667079315261,0.8000619900009592,0.7996202860567836,0.8141345700938293,0.8185016477771385,0.8237295341077342,0.8218971163366,0.8213221560744141,0.811279337139314,0.8053698916867024,0.803939965255886,0.8066986350997938,0.8022668693003939,0.7920128188731698,0.7885836960469806,0.7811676929244585,0.7877130708314152,0.7838755433959221,0.7801573969039572,0.77449569091959
232,0.014484279635809599,0.05867734967997093,0.14777426538928962,0.30820657366399723,0.46425742857470453,0.5665766636648122,0.604760273135642,0.644108005446412,0.6470780180488417,0.6584256528542205,0.6678508913975937,0.6725772235484503,0.6799508929912791,0.6869257958359951,0.6961704310027929,0.7041249859697899,0.6964071034435242,0.6925562916197802,0.6932228634256177,0.702548862504909,0.7011629232227569,0.7068459585898151,0.7051034237319607,0.6991469022526356,0.7102163153287344,0.7164425989007731,0.7209739902530772,0.7149648005133308,0.7158789460785374,0.7073863957698081,0.7080238485934072,0.7031885826238603,0.6980620039036802,0.7002506088657694,0.6970171012676564,0.6953756056768197,0.6935727902463856,0.7009586321078608,0.7013885468580954,0.6967253053595166,0.698153935209995,0.696897546574021,0.7002969527800943,0.7070384614199188,0.7103486031174036,0.7119291498260684,0.7102269376780181,0.7080927203842623,0.7129837385329725,0.7072512918166731,0.7125927237862579,0.7144375340186587,0.7139166862894419,0.7188390567849297,0.7166743029782096,0.7166486791348382,0.7192612495782394,0.7157323646354625,0.7151360485491735,0.7224942900706162,0.7304973911395137,0.7315961967713552,0.7299756088291945,0.7226832446249942,0.7260926115190166,0.7214979331561419,0.7170634859009328,0.7158817857846681,0.714849606227804,0.7151584705247028,0.715869417559942,0.7147789015118885,0.7092002991163041,0.7112043663123068,0.7116598783445199,0.7155146598102203,0.7135274508731528,0.7159802355479066,0.7151874476749269,0.7104640702716667,0.7169290835926095,0.7201353902826658,0.721672413558365,0.7230008858722118,0.7202729096546332,0.7160570018767151,0.7191834517573317,0.7187027460729607,0.7228357160358275,0.7195297579886667,0.7215765881956514,0.7196362978346081,0.7186963054049329,0.7241372211829128,0.7191848934932688,0.7175867279201213,0.7166088820251569,0.7192663603716896,0.7132561584668738,0.711029569576565
233,0.01824718871553176,0.08939671680985634,0.2620255292472168,0.43530651455687064,0.5546745498364036,0.6390669654235396,0.6926911956556933,0.7211081928126205,0.7266327322133868,0.7232655691769102,0.7270866025787428,0.7293517005846256,0.7274758263809114,0.7375319304424215,0.7387968404845706,0.7483626688159981,0.7528998820006201,0.7550959778440766,0.7499848667691493,0.7533095043645953,0.7507934326510601,0.7532371335358795,0.755324165191571,0.7546268392008099,0.7462335634912372,0.7514625652123736,0.7560795465011231,0.7634889602966386,0.7799218839367863,0.7807000663442446,0.7723477556449848,0.7788700968512342,0.7769665929780923,0.7742010253566336,0.7777668249730989,0.7744693637123768,0.7670376001821095,0.7695130573240747,0.7729513594077168,0.7722729156057037,0.7647672419225505,0.7669769821530337,0.7720374192780131,0.7725504102839076,0.7674300587961287,0.7630332227042774,0.7618633975790735,0.7673260207678347,0.7702727006303182,0.7750615419202969,0.7843217827174059,0.7862002886443671,0.7824621916202408,0.7764784632996791,0.7808276799450699,0.7772129412612743,0.7805240362867183,0.7838150796212172,0.7808594855881781,0.780317752499871,0.7801170471110556,0.7826002129607096,0.782576834079674,0.7814807910030862,0.7815855273450693,0.7817880141029724,0.7818871890298972,0.7804018523386271,0.776238835601058,0.7807352554982989,0.779309059103742,0.7798390454538078,0.7777524882214069,0.7738566308728165,0.779560046042194,0.7861056357500331,0.7912284212216487,0.7891031623101541,0.7924587507304396,0.7896468595461568,0.7898988075005633,0.7918613827170385,0.7890715541245763,0.7859601444270763,0.7898347277991202,0.7924274812886426,0.792590684613045,0.7911844319331658,0.7927465624696438,0.79256449083415,0.7887893991890793,0.7891419299661689,0.7932488846046245,0.7968020361338014,0.8001186307877072,0.7973591181311248,0.7948048444238995,0.7929624619673667,0.7952713561216609,0.7928335371526941
234,0.015865513032564414,0.06895175822156574,0.16346945113625508,0.2819814277368081,0.3744982920076165,0.47757423626500445,0.5363387201262825,0.57001760096797,0.6101112937376805,0.6254328739416725,0.6392489023384157,0.6465074080648082,0.6485704445579015,0.6513728022580187,0.6639350738383577,0.6718102571289515,0.6769820449780771,0.6796461745929199,0.6897112303963602,0.6949612280340376,0.6968526221491522,0.6918199401484493,0.6945911264438727,0.6924550880026716,0.6804699785963857,0.6874337324963613,0.6997298612125479,0.6954130322132608,0.69437901789326,0.6905059755355586,0.6891674573109152,0.6890085545021679,0.6820462795712413,0.6797623085863997,0.6891255367195971,0.6842557227205361,0.6760265386729825,0.6787061807130544,0.6723548499479449,0.681140298619228,0.6826941833357111,0.6857147780099663,0.6859013587058027,0.6862985266231253,0.686100832460829,0.690829979421043,0.6900369189710538,0.6893120676970637,0.6883897869746218,0.692856786263241,0.6929801008807835,0.6964715758748784,0.7048422681219151,0.7041503404816178,0.7081895374181127,0.7098545809712811,0.7043460679014867,0.7003089178702188,0.7056358777972381,0.6921448793603414,0.6886807737262508,0.6895835637520009,0.693014438672555,0.6900257350009724,0.6917294249950509,0.6985279630879647,0.7022499468998443,0.7031345633729897,0.7024541044224377,0.7084037734793124,0.6957214083014375,0.7073518367885879,0.7121598809863948,0.713757757353374,0.7229799692778908,0.7253275975976717,0.725787614478052,0.73605901625071,0.7291453983270819,0.7279276753550864,0.7389192442586225,0.740569340323482,0.7431230464937525,0.7498057515635266,0.7457664019054526,0.7424262017179103,0.7366318204857099,0.7392977482977287,0.7400638399402937,0.7447818656592368,0.7440277629242367,0.7477455910934154,0.7465505316457193,0.7544620260226792,0.7566301806988537,0.7554699616156558,0.7510713112170063,0.7496507185165318,0.7536267574660813,0.7481373336847035
235,0.011346562867147789,0.06994989704330722,0.16727643263667577,0.3122372211996585,0.4348298201113344,0.5157884575583072,0.5730449049471732,0.6200454615356613,0.6440255688432244,0.6642016550731928,0.6812006403232935,0.6935031457145461,0.6951240522073934,0.6983436488748638,0.6943455863967265,0.6988998669265114,0.7037496099332528,0.7014616981047216,0.7058153515268907,0.7025619107333192,0.707691349829173,0.7054725681095932,0.7105255607307162,0.7183830298284309,0.7192259019661387,0.7113187960987477,0.7093316442117893,0.716263775403903,0.715879131847798,0.7167687868283222,0.7177610497582638,0.7221994292311813,0.7220897220501515,0.7173669780276076,0.7168307622154332,0.719211776770377,0.719980208187518,0.7219203827084043,0.7153173176019844,0.7098079441145119,0.7053947679326277,0.7032252737432941,0.706820682104786,0.7056488742674756,0.7016973323950647,0.6930374089561423,0.6963057102138829,0.7020494279676887,0.7044536103846601,0.7020868197946474,0.7025997746312674,0.7009229956968782,0.7001948773078561,0.6997504212658627,0.6994541197449942,0.7063729267143057,0.710038225496562,0.7078275722907237,0.7126754414540809,0.7146684634193491,0.7096033871018982,0.7081812475384688,0.7145994555787929,0.7155912002824689,0.7140044760976426,0.7176191693552824,0.7206197060131925,0.7193425776584463,0.7158252757019596,0.714478384723027,0.7144412152773636,0.7143023277172077,0.7170607502879288,0.7138345068686163,0.7120998591848927,0.7074430798300594,0.710886424401052,0.7111903178817446,0.7130615786586477,0.7185457473387118,0.7211583965094363,0.7172676728932827,0.7158439534857477,0.7148139301750581,0.7126283669452,0.7143106147134897,0.7128714093608194,0.7123918655173422,0.7085189407890446,0.7130293379386976,0.7060916264954267,0.7068564684312502,0.7079216975693395,0.7070147530490744,0.7058028174220822,0.7133320677536363,0.7174008105723267,0.7167842287919207,0.7165414933017525,0.7133426257375849
236,0.01713261498132692,0.07918866117652626,0.2107107123204271,0.35711454530512976,0.44133017405210817,0.49488747704951186,0.5374442126812571,0.5430342556600452,0.5606166692059871,0.554534447897565,0.5753028520614621,0.5800588551459895,0.5866923264719179,0.5894924442187043,0.5939856354935223,0.5963345644229378,0.5930016002031274,0.5923631225215552,0.5936598600670614,0.5978687640369276,0.6003569380864247,0.6046085967594571,0.6069107350356918,0.6098506016826086,0.606656303116806,0.6077457165477198,0.5848982939761834,0.5832559677116942,0.5779878991258658,0.5781063564212873,0.580164879046931,0.5830411680715922,0.5893072521459106,0.5920425403692218,0.590891873789726,0.5965821374267404,0.5978700221232135,0.5979572601148507,0.5910234308980089,0.5928667296469587,0.6007588900128209,0.5966651330456524,0.6009917039132855,0.6058353522883251,0.6049933902623176,0.5978913867906862,0.6004508633917305,0.5930865530844522,0.5955969242095044,0.5949414273846869,0.6022707524567162,0.605536108022509,0.605332154818303,0.6130687834073295,0.6196283345792453,0.6238794122168563,0.6249323171932564,0.623929527229028,0.6204806406179718,0.6201367863216196,0.6265352264189912,0.6252377384601124,0.6278720881647794,0.6197408840295509,0.6184343010340592,0.6205564145969404,0.6208993999386601,0.6193354357830894,0.6153424728901201,0.6136804391932966,0.6127808529035801,0.61374525820235,0.6088681456234191,0.6058489816145237,0.604181845295802,0.6063697204348713,0.6086970017339706,0.6149295790285978,0.6200273390651011,0.6176828163472636,0.6163995671267046,0.6160659302302618,0.6129259270302534,0.615356603238823,0.6141852802192282,0.6052066299520202,0.6069613023200859,0.6058508944339166,0.604814327881756,0.6089607107457004,0.6094215798102303,0.6071587087463065,0.6037686935734734,0.607197475946212,0.6118093113416335,0.6134289211002776,0.6093887974562857,0.6103648662670966,0.6126104820063517,0.602048456525266
237,0.017949721900505,0.08813844880313598,0.24677068886816383,0.4018440236279202,0.5178626081831046,0.6052275218327409,0.6543692544351281,0.6732224997646541,0.6984553903991575,0.7053352291342186,0.7205479715127123,0.7223405086806569,0.7333768487501386,0.7385776532206986,0.7426115562575043,0.7423792150442096,0.7497525379801476,0.7547961685998317,0.7608990332037351,0.7622683441098094,0.7568304478372445,0.7557144930490047,0.7570900621585597,0.7641544890477233,0.7677223783497786,0.7666687652097534,0.7687112040067722,0.7619409709646053,0.7658959973037117,0.7613186506628088,0.7629690295049345,0.7680574427274927,0.7711472590220684,0.7669671970609291,0.7618721081471661,0.7638252414314891,0.766975809283506,0.7666048182778757,0.7684708540645602,0.7687703942066741,0.76714532468974,0.7732181906737242,0.7716024264978247,0.7745107236653103,0.7700740568579415,0.7731154782482179,0.774586582073552,0.779738846909217,0.7799318098806326,0.7806428537967143,0.7801609972058711,0.7769481004560888,0.7814289694736773,0.7817199200377354,0.7855726017923496,0.7870563600687475,0.7837717127128662,0.7853845068775727,0.7738339248139567,0.7702287519992348,0.7674656035667192,0.7714975237054194,0.7697661303983279,0.7639817940928695,0.7665360604256799,0.7687672567366058,0.7724994885372297,0.7693781965150679,0.7665460112595944,0.7722185198387951,0.7704049347248366,0.7720134861336081,0.7717049677952293,0.7709857749168948,0.7698183414784664,0.7707834588919751,0.7739460447691927,0.7765635946815942,0.7731594629312895,0.7730881648556529,0.7779030080981028,0.782511609082217,0.7806720152031491,0.7828771766136146,0.7857029830847562,0.7868764638142577,0.7885642160499807,0.7808347487647296,0.7781357485207923,0.7751088857428492,0.774895856696474,0.7686370423821303,0.7672190478787054,0.768879960671874,0.763930396001703,0.7591966805592656,0.757438864568202,0.7580096399103816,0.7597478584251562,0.7597116835713967
238,0.010054585743869561,0.05973940279820504,0.13074266971906467,0.27969997179442424,0.41185097265732584,0.5011950481059229,0.5567173981798681,0.6002896944366871,0.6153590698044663,0.6302622995576705,0.6427573781283563,0.6504308176178151,0.6491788486678509,0.6462234021363171,0.64838831391918,0.6430435017092277,0.6489115615663614,0.6470956225540648,0.6482787163137205,0.6502397673119465,0.6503964240410239,0.6507350418210929,0.6560433529916768,0.6513782103112965,0.6446576641876902,0.6426394234617016,0.6406417943864419,0.6371937041541865,0.6330030483558109,0.6410742923324584,0.6548424965569368,0.6574384719359359,0.6499885696176472,0.6495838863747809,0.6588552738854543,0.6608301017633207,0.6591857574688205,0.6574506357723346,0.6538200816296869,0.654922389024195,0.6583844014336442,0.6691782054380957,0.673961057334609,0.6682781573248521,0.6686236241594824,0.6701833342098863,0.6684691206508288,0.6691706439579455,0.6769229902788679,0.6877061862535158,0.6835689297119291,0.685692078714615,0.6919655458668248,0.6985343625785495,0.6944598386107169,0.6990319967412297,0.6909544786140726,0.6920811192268609,0.6871697388704338,0.6897175459547823,0.6902702221067004,0.6970813722608267,0.6969515427543089,0.7057444525445837,0.7092957065808159,0.7159374673110297,0.7163251665332317,0.7069498771940188,0.7066891794132026,0.7035584147154598,0.7018394411697737,0.6998046166516425,0.7006826385173818,0.6991045674796413,0.6943501713651036,0.6893011944113561,0.6842783671283841,0.6831343925171585,0.6819900456553065,0.6826915792636297,0.681238821877465,0.6871475005448786,0.6885054912180195,0.685647683563027,0.6910490827349528,0.6832746386372215,0.6806797302549419,0.6810292531586409,0.673172314170577,0.6754089334253517,0.6696829837474447,0.6732567752779268,0.674977805349175,0.6757945504911962,0.6778897767274582,0.6762923351582873,0.6717799850013351,0.6719151097826722,0.6738693137714961,0.6759727342783021
239,0.006974243266253465,0.06195543589140889,0.14851181523994744,0.30770977834142105,0.40185014204128805,0.45778223902841897,0.5204634119674583,0.5515298175584203,0.5598340568429069,0.5723205012870295,0.5807801323953167,0.5906991922315759,0.590109282337776,0.6044887870590077,0.6107596088030506,0.631270154684993,0.6322786823223383,0.639156089041686,0.6390337632225672,0.6379258784579313,0.6425611834365555,0.6474078378827838,0.6545153904358547,0.6599302615843939,0.662806292693261,0.6571064425542109,0.6643799520564309,0.6630482419170278,0.6659982540191384,0.6613614435377166,0.674224309997796,0.6740281267457623,0.6768575517595378,0.6766202285513974,0.6781342059429375,0.6897456256795736,0.6967068368531679,0.6814219008196579,0.6836121181622733,0.6784979227124136,0.6786722752539748,0.6735341114202186,0.6884049654570326,0.6911083778700967,0.6847459150794806,0.680996867940444,0.6836306006134677,0.687057209479255,0.6827865848028665,0.6847266138193002,0.6824940133620386,0.682464241583614,0.6775131134728123,0.6789337765264619,0.6862736119335715,0.6848329439223346,0.692447933688701,0.6971275078477989,0.6978600592731813,0.6903379631576155,0.6973481424987585,0.7038347574126835,0.7028949622689464,0.7102088589747462,0.7054566154937106,0.6989583219959292,0.7020409939280104,0.7051868968358428,0.7041382501973701,0.7041705882809746,0.7006719394863272,0.7032052394322916,0.7033849709863483,0.7066440355696151,0.7107016008374148,0.7067527017065839,0.7015099497808531,0.7043351734441596,0.7046810051111873,0.6974536142637439,0.6955526919924531,0.6966396243541986,0.6945378335199374,0.6986133372244836,0.6936378720580254,0.6937475887535274,0.690768247350292,0.6919630753557533,0.6922307714991942,0.6921435305112476,0.6942213843328437,0.6916376848065976,0.6928467787582159,0.6947451821749455,0.6953147588347944,0.6953075388784469,0.6924941121654287,0.6881960336921324,0.6877904662536768,0.6874458642307729
240,0.006901852270807782,0.06432404772043022,0.13201013784949228,0.23771389090829323,0.3296724071596148,0.3744631838689785,0.39984597319685167,0.4220148075955831,0.42150332337732715,0.42144518392738667,0.4252592944079374,0.41251215671935654,0.40600056644148547,0.4106490421694425,0.41176677290058483,0.42875530187448946,0.43389294838037534,0.4418904872930878,0.4562163401968378,0.46116409537843484,0.47189734928403204,0.48211774205215724,0.476977153601965,0.475069784831784,0.4806720966971434,0.48608045220201485,0.4891009590036753,0.47803111571821716,0.46764810511695387,0.48152307436402403,0.48501697783492176,0.4903108816551024,0.492759713480658,0.4986052465402149,0.5042188665428383,0.5102919747087856,0.5366205082623404,0.544401814633401,0.5451389545490942,0.5487359935936497,0.5528866277648747,0.5621237922230812,0.5623138686545137,0.5703461133447228,0.5602087552247524,0.5608379592321046,0.5577980771110757,0.5477183553668319,0.5619651612071667,0.5704527827016697,0.5744234699115036,0.5653146577122965,0.5567644796423523,0.5532177651058457,0.5548426572683156,0.5522116283982136,0.5505603398500749,0.5551665418947072,0.5662951925262916,0.571075442844027,0.5760361008937437,0.5661944965364571,0.5738023205330429,0.5741533576419734,0.5686824265020294,0.574906980948936,0.5585025907564677,0.5516821001279988,0.5455428966511515,0.5459754370849454,0.5437803749319419,0.5423862885277301,0.5438073918864956,0.5446369231186129,0.5500373793312826,0.5363531859444566,0.5319811807295909,0.5356680410961685,0.5462537364412976,0.5463965036884467,0.5489999470141396,0.5521034217365021,0.5475392264500892,0.5479185459175833,0.5348974386024223,0.5296258497257855,0.5207251212144413,0.5210024063076824,0.5205416369271769,0.5244072025530522,0.5372124344132131,0.5417163909366661,0.5446581823821632,0.5392128246907142,0.534916489826222,0.5332964554364272,0.5430198270156592,0.5424617288225115,0.5494030851302321,0.5512423925019888
241,0.017870037237829893,0.08344390319389872,0.15723484479035568,0.3201054071961802,0.47240115113181763,0.6010661567258391,0.6718538380947776,0.7261545141270587,0.7569934235256208,0.7813021021985648,0.7977407566050708,0.8075494319741082,0.8219754728884578,0.8338795243374257,0.8314396264630869,0.8302697796134118,0.8221595186000752,0.8229703318373862,0.8230484900850512,0.8242624223416861,0.8271393569301512,0.8254652436867917,0.8164234637225699,0.8143380412162395,0.8170713393672143,0.8250518406895889,0.8276513103802644,0.8246946068706916,0.8238105905091753,0.8280515659352493,0.8355159492031813,0.8453137853382633,0.8466302892313418,0.8503610692628465,0.8468434666555165,0.8458312964665349,0.8560864253059656,0.8535119628903395,0.8415960307814067,0.837000910549898,0.8356238584617628,0.8293279697547412,0.826873525491459,0.8306231441260813,0.82956608812253,0.8307584184945155,0.829511275381976,0.8317924101653059,0.8308133760456086,0.8269599375605325,0.8212186991386854,0.8218587176612132,0.8239304887836155,0.8312607694787902,0.8346825210568936,0.8387103914841981,0.8329984429196358,0.8257055632980645,0.8334855573106944,0.8271910577534374,0.8294331357937094,0.8274078808942548,0.8280979498122478,0.8306730702993201,0.8250026681388059,0.8278139891713068,0.8309289071955754,0.8291680945319393,0.8324631200510569,0.8378643656811208,0.8427234992770717,0.8367103018456586,0.830917619184057,0.8292286995361886,0.8336052615307272,0.8313331483515539,0.8339268559673458,0.8337363123247847,0.8383883258501907,0.8378014780737967,0.8426648797512091,0.8399722119093559,0.8438177876998598,0.8414436236201372,0.8429035331686502,0.829818420111257,0.8282140196787813,0.8238532460048178,0.8215980603325407,0.8207125660334998,0.825850488522206,0.830361564357904,0.8343221777928682,0.8319918702767483,0.826578040759244,0.8247689042229438,0.8271716350988113,0.8277000229816035,0.8311957037951995,0.8378243395263302
242,0.023344894693572246,0.11288013219861986,0.25063127572037613,0.4077552329643243,0.5386606273792852,0.5965626448427386,0.6453851349863388,0.6718878108436237,0.6863024797859544,0.6996356168940001,0.709541843619724,0.7187035898386358,0.7181070378286849,0.7223662613655192,0.7258459748428213,0.7300384495627666,0.742378012449766,0.7423299857963166,0.7431372071284723,0.7372829814841149,0.7364636679705151,0.7351241891773342,0.7366821526732414,0.7488369947689273,0.7599179496897,0.7546206858916631,0.7488874978944385,0.7538807034392899,0.7495147498557252,0.7487348567485295,0.7401925023906499,0.7366906505679754,0.7337514128726851,0.7354165952737735,0.7363322647322144,0.7351354473309469,0.7430854761183215,0.7403027643656592,0.7428801005207387,0.736217022567287,0.7401208487622789,0.7488765344088649,0.744483027451139,0.7529780139650987,0.7510228322232086,0.7587999320366042,0.7562324858001164,0.7552061555948921,0.7639528870430083,0.7628620316961094,0.7535840908488235,0.7577542888860982,0.7543680629122033,0.7509470351999472,0.7478096208145114,0.7504668003905499,0.7528052077739641,0.7505616493353697,0.7490181055454527,0.7454380205816754,0.7432748260589582,0.7406603858819122,0.7427254965732376,0.7473318866847595,0.7488056639710959,0.7511471241527008,0.7519466157961345,0.7506065298274394,0.7528696149803769,0.7575783357078327,0.7588489715788487,0.7506631966167724,0.7569143986954053,0.7495472208239036,0.7452640940465106,0.7477589549964577,0.7471459357143398,0.7493612155195148,0.7501732205780314,0.7441572661346715,0.7421398476400957,0.7423983237462408,0.7438060281517964,0.735260160437143,0.729579177650329,0.728886011292992,0.7383332330381017,0.7421470664608918,0.7499520651707655,0.7531462601330913,0.7515541425277037,0.7528133945000606,0.7537147324646882,0.751784715156761,0.7512726290791014,0.7486510451208263,0.7393395620640032,0.7405455763054961,0.7403219573989263,0.7445065872615024
243,0.004641125178371446,0.03311436384495659,0.07832846217060646,0.15155206990190262,0.29321457118295774,0.4184979599195777,0.5844189546284801,0.6768074534013082,0.7227510183852459,0.7531242554581499,0.7659336841291594,0.770715419839096,0.7715304007554713,0.7659525356401937,0.7691400160103535,0.7683194219896969,0.774650237848491,0.774629699910694,0.7735276171767714,0.7745381872829872,0.7727783802469116,0.7720488552490172,0.7660605852855837,0.7639477138992322,0.7595262755322939,0.7817125816868965,0.7892659201093286,0.7881929036636522,0.7850409030125539,0.7912043417340867,0.79040979506598,0.7940083631193788,0.7917475487005957,0.7957322597274473,0.8002426860388531,0.7996243626921452,0.8026021350803364,0.7924650640791969,0.7891268031375265,0.7960215735640809,0.7896458854972885,0.7843285505371194,0.7801482842280361,0.786314721575023,0.786022161767638,0.7802596479995756,0.7784039026843276,0.7753605970987064,0.7722557256934287,0.7752550937762689,0.7733761641971093,0.7658903979810127,0.771395121561,0.7749359277465874,0.7793190725554424,0.7751216259241092,0.7708880166176485,0.7852863893165345,0.7853043650925522,0.7857459362406927,0.7967410462611808,0.7987025102210462,0.8011661979032482,0.8033365115747276,0.7986668527508358,0.7951751082428564,0.7937646527385545,0.7998363695827172,0.7939791136429679,0.7902849978142632,0.7922491995358943,0.7954387636287572,0.7969993299694323,0.7996084328668605,0.7962358641401428,0.7954995101760207,0.793909909208188,0.7933213804877569,0.7930449919089159,0.7895968798050377,0.7905480603687484,0.7911973622794687,0.7911328343783864,0.7907721920383348,0.7926675267682561,0.7910476283155822,0.7927292588767767,0.7862319422882681,0.7885536473486386,0.786132376567221,0.7871138772708436,0.7967690368884341,0.8011396707374662,0.8016578996331216,0.8114973351050352,0.8156532095348868,0.8145659379618913,0.8142761649771999,0.8155529387297719,0.8235460222018183
244,0.014780129406688457,0.06346828841037086,0.17801002570359667,0.3441005031716236,0.4879288106523819,0.5822809545731653,0.6459546220811678,0.6916068831941814,0.7133746583538456,0.7256418194451235,0.7290272365225076,0.7220289970510756,0.7205856420132095,0.7230332781726142,0.7324723707984836,0.7384643464564281,0.7460907791751772,0.7517129809738861,0.7609983397124771,0.7587043344118747,0.7567171306326643,0.7580385326809366,0.7624121336684102,0.7607813727531743,0.7508677662709441,0.7480246666481097,0.7498986958775352,0.7514447332069009,0.7545414951778052,0.7507748468214196,0.7531455701063908,0.7549461960665694,0.7543994786422091,0.7538657644300325,0.7614859923425193,0.760796635544292,0.7565401197644118,0.7585593626121223,0.7554672123375269,0.7518216704214212,0.7549693534306582,0.759753302851953,0.7599746931472388,0.7628758917305416,0.7569732913285881,0.7536855058859301,0.7623678082807471,0.7631442909132842,0.759757321656207,0.757642726487016,0.7545194635909772,0.7578427015612992,0.7518005502466921,0.7534167769029283,0.7580397056600877,0.7664998983185147,0.7712925816382808,0.7691228703243133,0.7722040706402433,0.7651157487923984,0.7600604577786231,0.7618437828149558,0.7565837492355407,0.7575732281983796,0.7519808303132757,0.7548925219599216,0.7554100763290604,0.7581887312218608,0.7594984526961072,0.7588405324383085,0.7582201295040618,0.757816736605407,0.7644011099431105,0.7607420745486325,0.75707628824606,0.7540714845425027,0.7532650633406079,0.758215737221196,0.7640780349267193,0.7650182314762044,0.7628975054059483,0.7700866395661692,0.7716423886520393,0.7694496398216611,0.7661937331232797,0.7627079815797884,0.7621372564353289,0.761748967383827,0.7664913611914566,0.7690457915207541,0.7616080960434445,0.7609780465755906,0.7590050403625551,0.7581474007614102,0.7548056701055919,0.7521923658285052,0.7506531864902348,0.7525962736617923,0.7549752798255384,0.7541108589317441
245,0.015333461481118535,0.043545496668765435,0.1292615037254454,0.24765914426291136,0.32661384384055553,0.3841437257589437,0.40543591290086295,0.4268129102154811,0.4410406945023525,0.4331691338065663,0.4354906941833079,0.435698491702259,0.4441781283534357,0.46033912939523786,0.46579098289443593,0.4805470569066826,0.49013177950379905,0.4973889647754241,0.49682590432182716,0.4954967224745209,0.5031929346502231,0.49980423943943497,0.5051971660358331,0.5083370770408048,0.5066053566248294,0.4973783556938748,0.5001500239984055,0.5030345837258152,0.5039619418711424,0.5067472483987984,0.51622153272667,0.5190422434307851,0.5145611829658567,0.5242863463363038,0.5224084616385329,0.5246668742218649,0.5297276775456816,0.5316720061512403,0.5319132187298803,0.5256640120332615,0.5275177708108171,0.5269290135639713,0.5355767478618882,0.5308494878216415,0.521860650296201,0.5227792418162083,0.5280318421180801,0.5282681421422152,0.529237658597197,0.5335732568746665,0.5296296326354387,0.5320657469092792,0.5290005215978977,0.5251335230857603,0.5302405243516125,0.5277180175293138,0.5260328535213022,0.5249298989994764,0.5295362509334338,0.5331674899834535,0.5369075164726782,0.531277337913715,0.5361926827516595,0.5461249571516045,0.548401127468818,0.5500979819960391,0.5461860566877081,0.5558997472300119,0.558322464043069,0.5560735951816033,0.5646729753628477,0.5696494522200115,0.5793472510227319,0.5754543562762486,0.5702722981074582,0.5710703487818676,0.5745664948169906,0.560534463548483,0.5497933295838829,0.5513350997256886,0.5581846265797551,0.5581420753230006,0.5532847497340143,0.5532788534613897,0.5443820900952434,0.5413946431455485,0.5430590056813666,0.5461273057761957,0.5531559438983075,0.5471818494362587,0.5445748424046084,0.5508645169627391,0.5492269370805419,0.5450593515640912,0.5381950666457805,0.5349833671999715,0.5402958781157888,0.5475646980531432,0.539308362218571,0.5442144151658095
246,0.01318796160745565,0.13787695111084458,0.26624096535783626,0.42685640887737863,0.5284142900752957,0.5985465622999597,0.6352014090550298,0.6765271448251718,0.6987266887857665,0.710548880389488,0.7205712337841408,0.7303930457306603,0.7243622735679034,0.7197414425502257,0.7192708201312457,0.7247574385684351,0.7207913836959059,0.7283501684670776,0.731526657728441,0.7330406928271392,0.7301899198664888,0.7338740509348092,0.7442810868507158,0.7522749134776049,0.7574705497333362,0.7582533963045044,0.7571839046008599,0.7573586250154843,0.7513792742115202,0.7524307221540735,0.7526269190087896,0.7552620316255897,0.7571782881357614,0.762769858817854,0.755834814918239,0.7602761902573953,0.7620861548014218,0.7621017189684377,0.759020638206255,0.7610414371313223,0.7623650624426784,0.7616108147410653,0.7610673295430312,0.7632163641791098,0.7642973402357363,0.763945416675881,0.7658173643340237,0.7671400366913211,0.7684648079367463,0.7672469083389822,0.7665731182599359,0.7642718560655467,0.7628941337693377,0.7616966627637664,0.7556956269285472,0.751024239719208,0.7482482330529358,0.743096442753059,0.7394797033213942,0.7406905192199333,0.743429881057569,0.7374107150112239,0.7426051638276554,0.7489181339560456,0.7449532395653962,0.7446169019583886,0.7462401383292684,0.7515496127657302,0.751426922613563,0.7469781430660305,0.7390165285707146,0.7424376839312575,0.7442700805014159,0.7431100927760436,0.7429513469547728,0.7454834688335004,0.741127198601118,0.7359081889851237,0.732686044832076,0.7289520075714552,0.7286163525981212,0.7286945654588751,0.7298268740212305,0.7334656912867752,0.7321731900847908,0.7259644128744718,0.7311496869092409,0.7321761133589478,0.7324696767563168,0.7316327737476845,0.7290111727682538,0.7265591580441622,0.728874871606413,0.7239253432007817,0.7168198457687383,0.7141626351503518,0.7150367537730559,0.7025078519158547,0.6976231426752606,0.7040059124021286
247,0.0082935441010198,0.06988190661197999,0.21379029990576484,0.3324079286411169,0.42129829573696087,0.5000591187713749,0.5445699584318229,0.5895987845317107,0.5994887109694035,0.6070258919893319,0.6051697250680967,0.6179783449182349,0.6351621906203483,0.6451230072140784,0.6548473542112309,0.6589222560525358,0.6623288094453477,0.6624870430417065,0.6644885286423906,0.6704153046912434,0.6664891543215464,0.6697425344076839,0.671666277270977,0.6664602404414685,0.6729510318270325,0.6683266967793081,0.6776482299756103,0.6834660867302498,0.6811152654465583,0.6778284255578746,0.6836990874612309,0.6861139117070614,0.6877988913871165,0.6853301866236058,0.6863162119392483,0.6864319624291106,0.68446886611328,0.6803187802010927,0.6810777180382158,0.6827856566461443,0.6790485163125919,0.677412342398211,0.6699486667653679,0.6783368398055946,0.6774055587738159,0.6752737852464727,0.6792240069531801,0.6903073970989435,0.7009975665934259,0.7037886217252549,0.7160396358841282,0.71424754638599,0.7105263446671499,0.715082179952087,0.7122601238650558,0.714925706191453,0.7196923226330489,0.7206725305907341,0.7222347183547757,0.721397580396916,0.7257418025578848,0.7160337828883445,0.7157141914879663,0.7092126231528358,0.708360988726216,0.7074979950146434,0.7085122120121953,0.7042041535667586,0.7070008221040687,0.707628251263473,0.706907732369645,0.7114332715977294,0.7131666742366197,0.712610227154697,0.713250704929253,0.7188662650167523,0.7208865089731792,0.7201029460446559,0.7234912939488123,0.7197739824567969,0.7278397893905921,0.7335155870172586,0.7315061840295511,0.736677680257275,0.7349249318248117,0.7336382971050992,0.7389482362508046,0.7331846269542814,0.7324899578040808,0.7271306465305716,0.7223265345707246,0.7175688632570504,0.7219903016944645,0.7185208948324379,0.7195522555578946,0.7230643295218013,0.7203153544138508,0.7197234304771295,0.7254623974241114,0.717948905900638
248,0.014982644829437022,0.05361943584070732,0.15121122149567065,0.2754738768657347,0.39543272783546257,0.4801438031707054,0.5779003680421098,0.6524977680485151,0.7022281041257373,0.7343019093541162,0.7592948728897987,0.7703842210769574,0.7735934660529525,0.7783757225452628,0.7702958693984827,0.7685851182752379,0.7742495162598402,0.7773890374969555,0.7859749702571086,0.7832366007097501,0.7850871162889483,0.7812888507892299,0.7786850707648735,0.775527335356296,0.7782666436834289,0.7732293328484264,0.7755078790810388,0.7838668926885444,0.7872245019246175,0.7869520220975491,0.7880015196043236,0.7965106948000735,0.7939585947674483,0.7895834336618069,0.7920204198096316,0.8038247346592562,0.8031764477444406,0.8069771142011544,0.8103376329935787,0.8068061954671067,0.8085691751038472,0.808225227280444,0.8146422994842358,0.8088484775771968,0.8071275348186684,0.8010026976756249,0.7963539568200279,0.7949950828519463,0.795872161148116,0.8004479795594996,0.8089597053509026,0.8151112221494698,0.8194954021115861,0.8231269620539614,0.8221240810130865,0.813509294381167,0.8095628093568533,0.8072924221004832,0.8133232134088543,0.813146953284225,0.816903389309984,0.8183240587288797,0.8188028853702228,0.8173466877990316,0.8214705281810936,0.8203249463903274,0.8193254878047669,0.8187318936679033,0.818961359525164,0.8178039617980069,0.8171496824475306,0.820082481419267,0.8170729559443692,0.8201323558691045,0.8227172730135928,0.8268331180637193,0.8271934360272963,0.827017835593124,0.8209914096619528,0.8204947236102764,0.821409339447524,0.8190415692390555,0.8179225103336311,0.8171475652704412,0.8194382455380652,0.8232718670106636,0.8228939929465763,0.8246404942719809,0.8180451160306422,0.8207715811226328,0.8234451429081935,0.8240031548952174,0.8263109805198312,0.8215685814224029,0.8218416202288569,0.8242179085586104,0.8207311584655484,0.8224002717197085,0.8174550016905545,0.8215806361802618
249,0.020152536672945545,0.10245343782606411,0.2328444102216821,0.4057609344123847,0.5442062476591488,0.6363272661993957,0.6833092494917898,0.7155598822046869,0.7310165733212921,0.7410423049875001,0.7437393318161325,0.7466732074608072,0.7552468285542147,0.7501562075747775,0.7483506253788719,0.7457190113840284,0.743030751392545,0.7493076586771817,0.7529927332073849,0.7531560947887397,0.755222989004847,0.7513001224837191,0.7542810382887488,0.7530464914944532,0.7548566074958559,0.7513720645501497,0.7532726169699218,0.7521374473147171,0.754239578631497,0.7517415427343366,0.759913369101143,0.7611845492319632,0.7712259365574562,0.7663255685157004,0.7686581385142469,0.7715532246402971,0.7780345968315265,0.7776110213369232,0.7751284238237409,0.7724722928169006,0.7674777050784221,0.775565207218088,0.773725311699469,0.7719845181058927,0.7720291805395463,0.7722287612086554,0.7677310891657956,0.7563938718939371,0.7538696123974199,0.7556020062632581,0.7532743971154666,0.747765916318018,0.7445935533793643,0.7439989508012382,0.7439134056509829,0.7436409088043123,0.742211379919147,0.7418151193813284,0.7376204891777101,0.7366001440791944,0.7321213461985506,0.7347054666121673,0.7362699353132338,0.7361915305800231,0.738613791856217,0.7367795358416509,0.7371379155966763,0.7436421998723142,0.7398658774146337,0.7359724669929121,0.7388111570412451,0.7398343218149858,0.7475988947705011,0.7527149266212652,0.753333397599376,0.7523216314067034,0.7516668064249634,0.7553121795164895,0.7532839821816278,0.7585576695334849,0.7601257436036326,0.7612911877480283,0.7642716674633908,0.7618826936925674,0.7564418249553033,0.7568494920354633,0.7633274406164599,0.7648729673523376,0.7648664556127217,0.7663904777008358,0.7714146113659881,0.7731241995568916,0.7695438852722929,0.769694694491502,0.7649051788611966,0.7672431840506723,0.758909192668098,0.7531190905597049,0.7495050849241168,0.7432396503194347
250,0.01912677966751965,0.09025561827488525,0.20759756144607677,0.40779573492573445,0.5562141436368055,0.6742993435193292,0.7528950916925843,0.8036011612873155,0.8382853651573542,0.8319984088037065,0.8319340156882261,0.8367249441047697,0.8441944110497209,0.8534676631894544,0.8590529087367469,0.861469108696714,0.8557946582222362,0.8536174375360184,0.8543406711086037,0.8595705193894656,0.8581142067756447,0.8589435959441495,0.8688654319761944,0.8754524907371629,0.8749382274086895,0.8759186183184327,0.881584024337728,0.8829055068766349,0.884883611107677,0.8848795653973772,0.8861510627768159,0.8856814388541724,0.8813013770852426,0.8797131734399269,0.8799986604948558,0.8788279456252434,0.8835603447611337,0.8835845420237224,0.8836566905352722,0.8789444351741998,0.8802765878319266,0.8807907935575199,0.8804884301617,0.8792660411876605,0.8819891044765151,0.8836640610657177,0.886518754326644,0.8855333860700445,0.8845697132713495,0.8825664267449467,0.885976150417441,0.8875706468979649,0.8899891394327172,0.8888871816738377,0.8917820385019971,0.8865825530168828,0.8843057148419559,0.8855987059862815,0.8840974253606325,0.8834948196913274,0.8858080118412063,0.8845024990072189,0.8838523790782662,0.8787417235292311,0.8730976353205745,0.871143361323239,0.8765420716346501,0.8768269314377599,0.8800875495898371,0.8764854624574273,0.8751352841443346,0.8748076829489116,0.8711187910435896,0.8764983342348001,0.8754691694703635,0.8788495353979091,0.8831968208683486,0.8826033758842208,0.8836039965367687,0.8865170804418654,0.8899693925609908,0.8920027621156436,0.889435662961128,0.8873966866801674,0.88763149671685,0.8887445321787392,0.8893040591041576,0.8863397374773295,0.8874096158565017,0.8881276000722689,0.8887057762500004,0.8910125030635017,0.8901609747198406,0.8930162673082619,0.8967104154244112,0.896438994087856,0.8980631060969714,0.893636238435828,0.8937089348271006,0.8916987951364892
251,0.01180346003075055,0.05957305600764294,0.20529833259629096,0.31807701629450835,0.43692821803607196,0.47916662132322807,0.519790231070658,0.5474865551263477,0.5770545942194424,0.5853397261604735,0.5984553637013795,0.6001718822034458,0.6099017608821424,0.613741726535849,0.6190574418817129,0.6193598416991649,0.6199890337623035,0.6219047332327942,0.6285328374505039,0.6267189631973589,0.6272862550731125,0.6294473113396054,0.6316339281350164,0.6272576544054917,0.6324418027944906,0.6293240201874045,0.626368403213273,0.6283598311126132,0.6267128125551953,0.6232875492052531,0.6315663227752348,0.6290000333283227,0.6357988091143755,0.6393897512839221,0.6375163253145968,0.644598684042644,0.6461869828636781,0.6507473625362026,0.6476491744675427,0.6525031370847855,0.6467906932246342,0.644971867838821,0.6380571798566499,0.6363607830467233,0.6286467552523587,0.6303825572385426,0.6291897290178925,0.6330398822483287,0.6242370685941043,0.625323912151808,0.6272966832601297,0.6258463637778545,0.6233266581371414,0.6288710675397398,0.6273514853160277,0.6217757545543892,0.6293506042745425,0.628061281026837,0.6303457119541103,0.6252056609939722,0.6312364801167104,0.6315486997380259,0.6353684398416671,0.6305065969295915,0.6293876580884268,0.624605764600005,0.6324144915281162,0.6365976642981581,0.6347355805203725,0.6389830050390828,0.6388164226352744,0.63497424720505,0.6290812149659686,0.6344517988799747,0.6275768866549789,0.6342516510658992,0.6354003324947246,0.6331344055398967,0.6334293020019752,0.6325334374533145,0.6288284643160292,0.6270120341141933,0.6212787931995438,0.6300798671821228,0.635194583666462,0.6314216498078153,0.6348467074711235,0.6375230449373235,0.6378153547051842,0.6385580225406936,0.6358352702316642,0.6357853341963277,0.6355811645303859,0.6301640371489913,0.6329772438621817,0.6370334835259289,0.6373632943284746,0.643314510716518,0.644632384809888,0.638053732137715
252,0.003734653817082172,0.044561662067147345,0.15074350316245944,0.3423128872260194,0.5069412452944041,0.6446525813550735,0.7325688337161637,0.7813872823571235,0.7923029689150454,0.8037261800862407,0.8080314525137353,0.8085625473635991,0.8140110150697468,0.8101037296048422,0.8117813034168312,0.8117563748233811,0.809565338660242,0.8094519982018133,0.8121964275102134,0.8108452360584799,0.8100704679263043,0.8129303486361792,0.8154080021758174,0.8278655650740606,0.8241284939121367,0.8332836722561722,0.8299195121100773,0.8245753415814906,0.8184558388684582,0.8203064103067649,0.8172326619609054,0.8198378865210602,0.8204707482272424,0.8218551141154452,0.8250925322166534,0.8238117955536458,0.830499651523035,0.830350433642729,0.8328225001419536,0.832523597452063,0.8364527552856835,0.8392246494219183,0.8391634181334747,0.8414521761433272,0.8351878863065891,0.8360481986098678,0.8365299736947571,0.8339453713351811,0.8317487843677618,0.8332335005539475,0.8243367021828074,0.8266314290514071,0.8285536070323034,0.835219982030339,0.8356823905509054,0.8428353749647266,0.8449709626297737,0.846556575153145,0.8619820100329431,0.8686235467199742,0.8645957605665998,0.8555124304065557,0.8507885342168784,0.8453626223570022,0.853615460702201,0.8507959120280689,0.8478196622170175,0.8479838620920178,0.8529813253984788,0.8529757644246817,0.8531095259781096,0.8503656950043857,0.8504397457427375,0.8545924869207013,0.8523887268647176,0.8547163308456921,0.8536470287232335,0.8499633837321801,0.8544932675343088,0.8576225652498554,0.854587371307953,0.8541331677764048,0.8518563189116272,0.8512493258769176,0.8513115940635652,0.8531410531715857,0.8526802943919657,0.8509791520518073,0.8528140292105517,0.8523976866090952,0.8561643302156855,0.8547213068992926,0.853786098413882,0.8540081591090504,0.8560679284034184,0.8572279955724557,0.8549524430800133,0.8506499620965559,0.8531973212921494,0.8499787815298143
253,0.008066554075028405,0.08549533967907909,0.17159454205532979,0.29844075497353084,0.36852286263087014,0.4209524061054607,0.4340874589023129,0.45802802721542835,0.4791974602767813,0.49208424678465,0.48946440568498484,0.49660689861697804,0.5035211730860741,0.495051401726524,0.5057968252154107,0.5150342883043324,0.5205719516696834,0.5359005284798566,0.5346594926453608,0.5323116441640285,0.5387347392665576,0.5443316466851331,0.5449520665665307,0.5458899892437874,0.5411618571999675,0.54490419944036,0.5459734897132816,0.5217245260488961,0.523386364033263,0.5188283875034928,0.5266526843829883,0.5139996002806079,0.5118976069565556,0.5154159492074009,0.5174432272614166,0.5238846918071396,0.5227054465654255,0.5170312525557756,0.5108554921869226,0.5172096033916428,0.5297930857327979,0.5488865165614496,0.5474211315092335,0.5438666792267728,0.5511659280257849,0.5527075257206701,0.5469889491559021,0.5266040916075676,0.5225318886363666,0.5213595896884795,0.5211739185175484,0.5343268148634577,0.5314014725555517,0.5215320959282297,0.519735456982264,0.5175014835848143,0.5117812434966283,0.5124510492834152,0.481143460097966,0.48841480413234,0.5026078158602375,0.5075381494929115,0.5109907565867139,0.5110292726415956,0.5159013793694058,0.5104912934331448,0.5016681467299584,0.5198543098325622,0.5229116541901674,0.5341567451741149,0.5379019985511428,0.5399298418345925,0.5336022736782788,0.542558994351666,0.5460945885883008,0.5421283779808433,0.5528425760063524,0.547476522491467,0.5405572723358534,0.5403513078291053,0.5323643563724627,0.5350479181310653,0.5339861295923234,0.5331100636622162,0.5201692727719758,0.5378986818528013,0.5420954058189748,0.5380354181302852,0.5309752707699041,0.5270575927609016,0.5298120511409984,0.530636709792936,0.5284124990952375,0.5302319229011736,0.5246159938759195,0.5210032178652199,0.5223484885127533,0.5246311986384655,0.5184122069295195,0.5122923910806856
254,0.028200112347897262,0.13766739856890578,0.29812585830574106,0.4594310435703196,0.5664462683877496,0.6169373511632797,0.6417409199987578,0.6440956632159849,0.657493963079252,0.6604008522219906,0.6685902642876311,0.6825447338827072,0.6932796863358501,0.7015243285761738,0.7004358154457931,0.6966670920757809,0.7049906055244648,0.7012706172300947,0.7131489517050779,0.7121762879931469,0.7109236294337513,0.7173114406897336,0.7203887521295985,0.7144349907498889,0.7190442161619605,0.718802423244727,0.7161092280500415,0.7167079845243491,0.716244969589983,0.7256190949468626,0.7247277950315891,0.7251380197834465,0.7293484374201394,0.7322634610116148,0.7335116773039774,0.7359620905979659,0.731872870974007,0.7323768540758826,0.7307573989247111,0.7292895002888194,0.7231045272462027,0.7159708697761644,0.7133338749296285,0.7149410494655295,0.7141940283433069,0.7095066169727146,0.7173465201849233,0.7095202218646958,0.7107207894997523,0.7098457274500787,0.7122103141664415,0.7120650329325975,0.7122899845629498,0.7127530949252919,0.7065078207265367,0.7057829910762742,0.7007317791213239,0.7009221098080887,0.698260762259193,0.7031912773015153,0.7049200440121246,0.697595682783702,0.6969588148198734,0.695121414838666,0.7000139811347568,0.6967976174843923,0.6976758428460472,0.7005527856124989,0.6934136824555357,0.6890476635783043,0.6951377803746227,0.6926981848682291,0.6976568561443428,0.6975107382355216,0.7000838540626755,0.7012323180269863,0.7000737772309749,0.6979331306354999,0.693734866046573,0.6955103597141584,0.6933755713626897,0.6924573474548674,0.6943011228043561,0.6983141244237724,0.6959597762965043,0.6977442891739217,0.7023010857236897,0.7048931365734761,0.7108546781453613,0.7120863281207015,0.7148322481024146,0.7136048869060706,0.7107482514719691,0.7106756133815345,0.7099164638359358,0.7132270256821852,0.7085330799072392,0.7032617425708609,0.6999548111023155,0.7050484955975523
255,0.008100797283620186,0.06515726985646993,0.1970740841817445,0.3286267747267968,0.48130850596347746,0.6021944454078364,0.6800350770751025,0.7447951963973636,0.7769872455765305,0.7706484582767671,0.7690168264508824,0.7684329020190189,0.7709825620742883,0.7729873656866233,0.7568800605668458,0.7532389709438124,0.7584495523843215,0.7597358243960781,0.7641051692155885,0.7609444604019834,0.7644644728767866,0.7793917660499206,0.7770060150576967,0.7906125389565477,0.7971856959720417,0.7958923019478178,0.7978615639314742,0.7837073623200256,0.7745454216765087,0.7731142969503101,0.7807900654873065,0.7827885680714937,0.7650570867192137,0.7599928636000759,0.763554709745735,0.7648918006207875,0.7620455762826661,0.757795704064653,0.7603651093231215,0.7613357628958854,0.7593526437405695,0.7751079512418412,0.7777998521622894,0.7765765282900706,0.7841241302085035,0.7834653285321153,0.7829077294269993,0.7871049976587411,0.7989397490828232,0.7977760258155685,0.7933658500781123,0.7952791811684428,0.7962817062928685,0.8046195297344662,0.8087729849571911,0.8075476981920378,0.8049758638873519,0.8024743330481193,0.8056414386303156,0.8017286620563199,0.7995376853347013,0.8070395171043164,0.8093180850016957,0.8137749708219252,0.8093755636804519,0.7989753368826559,0.7991346077398722,0.7931606303131687,0.7958722793953251,0.7981873960003738,0.7976716170752696,0.8023655238177334,0.7981663374035456,0.7931513554195619,0.7976617137632454,0.7944482088930575,0.7919125187730143,0.7883804025914407,0.7948916048902178,0.805598530745102,0.8120847826522269,0.8116918744438633,0.8082157861996642,0.8051826226905509,0.8011272506341294,0.8000553287619241,0.7989947473753812,0.804459474926215,0.805907063784544,0.8027792960873786,0.8009921612822297,0.8098305360488246,0.810572412359529,0.8151655722794462,0.8102394766391798,0.8074804487724466,0.807833330176092,0.8082091364460041,0.8072319449566572,0.8073027081343349
256,0.015384277705241317,0.038483426985269506,0.06421026964125394,0.18529680445112223,0.34746212113737296,0.5014219049863776,0.6043785076872676,0.6731362603408723,0.7167893579924695,0.7400465687814595,0.7554748350156517,0.7591372901428479,0.7671795305114376,0.7759660156751749,0.7794211506552083,0.7796708463348543,0.7848849834159638,0.7868597074611623,0.782553031252307,0.7785650296766753,0.7815163703280479,0.7859644125057315,0.7872503970531919,0.7877465680108228,0.7874000211887229,0.7920022924916644,0.7895964781964908,0.7907379611444533,0.7908610424854765,0.7921806787289951,0.7924684160828137,0.789653906733768,0.7898956216660404,0.7980091616240756,0.7867864712235115,0.7903618343265201,0.7929960034021479,0.7908646878472017,0.7827909073442411,0.7803063949938286,0.7862141071373097,0.7872976953782969,0.7831107303802031,0.7830952904441222,0.7834044274167097,0.7823962753830922,0.7779137799317251,0.7762786825041688,0.7748116587713733,0.7735810252607749,0.7811820108001752,0.7756933048678376,0.7756711287334349,0.7696113013819701,0.7696827508492372,0.7684120438778098,0.7673319138578834,0.7677928221940382,0.7627634075132592,0.7642572117445086,0.7619516441159281,0.7685484612723518,0.7715923810611741,0.7728806209056971,0.7876581244148275,0.7878379931897528,0.7929329577789034,0.7967242008739064,0.7972638543245888,0.7983730371928598,0.7985568380381676,0.7960371178605109,0.7979475132196449,0.8025341171031012,0.8015601174670743,0.7986619512664813,0.7997460672240366,0.796349774621365,0.797810239574761,0.801388246025359,0.8020645297529703,0.7947386389934156,0.7891834418054178,0.7880268126243675,0.7772128180478417,0.7789896641243387,0.7847141973735696,0.7861272772294903,0.7888873503816813,0.7952504641359114,0.7982857449574767,0.8007301639796901,0.7942997746092666,0.7909016654266783,0.7911947709876911,0.7833132801781609,0.7777081616789553,0.7806994630183353,0.783732728546552,0.7828368817287895
257,0.015268139129199974,0.052984921360197175,0.12903574191579406,0.23025435248424586,0.32770652826897473,0.4201972275767067,0.4820859883956905,0.520943820930198,0.560043321933297,0.5875591787929779,0.6104324354590148,0.6337503865249476,0.6522507938276241,0.660499219037957,0.6703359331878224,0.6822317882969233,0.6852902558620281,0.689536866580264,0.697644476572937,0.7053639452509217,0.7066906312291898,0.7111579224955732,0.7139118758251236,0.7246423591538462,0.7330949459465158,0.7433902030238947,0.746809005305079,0.7413001642415198,0.7452536745825181,0.734197435573908,0.733964468693687,0.7378924666041226,0.735465844655395,0.7350693560677761,0.7347860374369735,0.7347090480026676,0.729156437486641,0.7247892817323729,0.7261939406368282,0.7234816673139243,0.7264285622778479,0.7254182223044344,0.7271605575685576,0.7251920053689613,0.7290111176358449,0.7283449861475861,0.7246093774523844,0.7217496578282849,0.726422657293146,0.7254887853979457,0.7291499396179068,0.7198237694620658,0.7158400015893962,0.7197203651933686,0.7232007841547887,0.7255143426873477,0.725109629453048,0.7278102597505541,0.7265293492669355,0.7328401929249699,0.7353208402469137,0.7326035773054013,0.7358541771377269,0.7412732258691471,0.7406716896134737,0.7354057110402511,0.7356662474049712,0.7255784031989927,0.7205543282137673,0.7173190715714499,0.7123707755449413,0.7083223225049606,0.7052361278606948,0.7053201121270627,0.7034558270396836,0.7031459047069625,0.7023762101407754,0.7034850857132352,0.7000513962813608,0.7012196002355386,0.7059608187220625,0.7083291618123171,0.7088038788545442,0.7060407442499955,0.7057240317615764,0.707755905331899,0.702858400279706,0.7033977794347659,0.7059872737021361,0.7091642701381489,0.7095624644658193,0.7088591372903299,0.7109591428400442,0.713948699946068,0.7116083289553194,0.7084752547275177,0.7061748936335723,0.7076836072427354,0.7076421344043627,0.7053740459677621
258,0.016520456247136734,0.05757367799666731,0.10725785168111286,0.2273178859843488,0.36033427029035153,0.48173459412331404,0.5536029212964172,0.6013996423089605,0.6312187391759398,0.6560431330290402,0.669149308484497,0.6741383041530129,0.6822927022897786,0.692944587858741,0.697669872459255,0.6972853990782748,0.6987399081172708,0.6869950419014227,0.6901935979996559,0.6919419719511821,0.6835753935085349,0.6792535060975741,0.6759543901057172,0.6722312130179737,0.6768172980547817,0.6838243713327892,0.6831554829402364,0.6816302858293709,0.682525940744942,0.6859288134961687,0.687578803683297,0.6890774397462891,0.6956484395532629,0.7018121930754825,0.7017889838226518,0.702783400751901,0.706393937525026,0.6939695134252581,0.6876389547864402,0.6876133419320939,0.6876304113854274,0.6972057978578201,0.7049418520072618,0.7045997001555524,0.7036428510885249,0.7024478356451156,0.7110969490213589,0.7117983480250311,0.7130421245602797,0.7100882246105494,0.7171931217021514,0.7074447635804891,0.7083477523371206,0.7019934307781124,0.7020267860689483,0.7025314545247676,0.7022797463805189,0.7029682198304849,0.7068721536788659,0.7137482111774688,0.7150145108254452,0.7177683480651902,0.7194748077041482,0.7218347234527681,0.7233471336347607,0.7240290941338173,0.7178578280545724,0.7221777330458028,0.7242925935320266,0.7308701303576364,0.7313425113292041,0.7311908492492225,0.7340943540533239,0.7379539791973484,0.7367008868982817,0.734180644687412,0.7339740732793228,0.7177086495269943,0.7221349247647507,0.7163113622729104,0.7132476733545365,0.7118979216641033,0.7145236685217737,0.7135595897780042,0.7128606064384642,0.7037564947327202,0.6965903482464239,0.6993211457604772,0.696453199772036,0.6981729314080388,0.6959732769372061,0.6957735000109441,0.700531832247598,0.7020311126675906,0.7056589369980868,0.7097476838573223,0.7026450229116964,0.7134968061565925,0.7156017570148008,0.7150174929361545
259,0.009736389355595794,0.09636408951615046,0.22095200284122438,0.3749658347295344,0.4865206110683834,0.5398628725086041,0.5664286247860972,0.5938764794809772,0.6060187629717421,0.612844685053275,0.6133707502204826,0.6241860905097123,0.6313775071701211,0.6396830722480563,0.6441295921588619,0.6482925239557876,0.6572868519279856,0.6675636111374779,0.6693570896161307,0.6677570257725486,0.6668359598146261,0.6723744699298819,0.6712792976165786,0.6675660716567369,0.6628384187702087,0.6620953003868775,0.6620686490852435,0.664900959324741,0.67061832828386,0.6705523858938099,0.673624951602031,0.6696050668087,0.6654054448800725,0.6599681039165992,0.6691693387411343,0.6670590922728975,0.6689219073635774,0.6727361052107749,0.6732855899951358,0.6746406271470233,0.6668889223943921,0.6692588691279349,0.6685305029803723,0.6737148456044127,0.6766923391387916,0.6737620953210863,0.6757743080880536,0.6712682747157808,0.6683641377066679,0.664967640009448,0.6663277020203732,0.663282723941751,0.6570518497056974,0.6557688194424081,0.6497852048687364,0.6493387846529427,0.6480504434648625,0.6446860566048052,0.6443112131321703,0.6382311144324163,0.6392469468949553,0.6383781691270195,0.6389128187548251,0.643905379654004,0.6477167180885164,0.6453377256331417,0.6534151315701051,0.6544043226140223,0.6564640960743433,0.650945033489889,0.6511493787420619,0.650068084484828,0.64555868756164,0.6459624668780499,0.6411678751147164,0.6380918130280943,0.6421511336548942,0.64214541736207,0.6489023330921255,0.6482547833317421,0.6411952012170994,0.6401361224305592,0.6434936026170255,0.6427585404572114,0.6470842361009852,0.6482464094520455,0.6468768921907716,0.6468997145098571,0.6494229765882131,0.6464943582206102,0.6473820903674062,0.6574925011506612,0.65334315884203,0.6583180051101956,0.6562052063936342,0.6579484376011061,0.6564138099711063,0.6544169547929171,0.6541401567794095,0.6536588961703225
260,0.004112105265119818,0.0522871301398603,0.10530604140211831,0.2229371538811341,0.36627568925018644,0.4951879733807109,0.5953015438259583,0.6465715426513162,0.6873654214923896,0.7089346647341902,0.7218393404807749,0.7381231815632799,0.7484420731807042,0.7583065785953292,0.7653212728005944,0.7528023111716703,0.7534027571552977,0.747006010925691,0.7422366702846186,0.7463945792568245,0.7495064019451593,0.7502405734371699,0.7537951930873681,0.7594435700186328,0.7618564463939732,0.7743583003609045,0.7711816446585129,0.7789236704973278,0.7821671960867022,0.7832986926714761,0.7776706238618134,0.7778496553103398,0.778722429945823,0.78195048020519,0.788914036946931,0.7926558662756684,0.8014573561183728,0.808362682182141,0.8092847426144313,0.8098620112942869,0.8105511169949312,0.815935051626233,0.8139730798195148,0.8163919744792024,0.8113198372246058,0.8164639982846018,0.8216482968184081,0.8161448179025225,0.8072254034820717,0.8074570007431948,0.8035328390281051,0.7990218258161343,0.8000218617613096,0.7998920902973119,0.8010131861450234,0.7975759158088757,0.810992474773589,0.8099030253811631,0.8123501105628599,0.8144500299673834,0.8126538788360546,0.8089149653990924,0.8077457940537213,0.8087477557587929,0.8092745682219799,0.8105796444381038,0.8096258546661491,0.802857741273033,0.8020746417947515,0.8025180714964525,0.8031997651005162,0.8062902137297016,0.8029616881627737,0.8046594824462339,0.8049027689947278,0.8014401763479436,0.7902604674629736,0.7846085225252825,0.7855569287003924,0.782472112027063,0.78381615725657,0.7800420999204057,0.7849971529933027,0.7860484605662853,0.7872579258772987,0.787772660379669,0.7850157171706801,0.7858339383874146,0.7873309917829642,0.7841475096816458,0.7784418386177712,0.7805388288741849,0.788842791626714,0.7896343021345605,0.7913717482611398,0.7933483699649503,0.7969104191659221,0.8018549663756069,0.8048933422322112,0.8023228151560146
261,0.012727328415085974,0.057234555091221696,0.15420867745818131,0.3364546616646421,0.4805032300159111,0.6060708573829866,0.6855035200688633,0.7436680288370415,0.7716046066855956,0.7893300370206024,0.8014555920384653,0.814151884851716,0.8239315587913886,0.8298478796573749,0.8259818996304795,0.8309346805959997,0.8361339586554061,0.8392114594842423,0.8394472549343077,0.8370748426851218,0.8356385986398961,0.8396957384933834,0.8381486030275964,0.8354347879874721,0.8469842622351759,0.8540062842694043,0.8551870466549724,0.8541810301725481,0.8534100291876863,0.8502625160391291,0.8480330948579723,0.8503823606865183,0.8502427060693515,0.8477656856418178,0.8459088376086653,0.8503899843869529,0.8528424060820953,0.8522919127392581,0.852778513226418,0.8537195686522473,0.8521886002648621,0.8492021662712159,0.8462550385588868,0.846978098266448,0.8487814940467502,0.8489399243962954,0.8486487245264986,0.8461523010212996,0.8468597609727435,0.8496811969080668,0.8510759927483802,0.8497301527390251,0.8541654893557257,0.8587977246593499,0.8594776960518553,0.8611189951401645,0.858908338853912,0.8591918407173226,0.8584648751747914,0.8589478009469653,0.8554251968489074,0.8534594967922992,0.8549365178052599,0.8577983167353966,0.8497569314289364,0.8568080329959712,0.8559806186645161,0.8539599627527766,0.855559725930241,0.85572407448545,0.8564332978223529,0.8523726606576072,0.8504088568847337,0.8527176072462107,0.8527099893082821,0.8558962914582122,0.855764841457143,0.8526646378025282,0.8536740532333372,0.8557785455245837,0.8587128670051909,0.8568744342470509,0.8541345907866236,0.8542872786398081,0.8552997453852713,0.8540213324016591,0.8515032596315731,0.8514431247374751,0.8514005473057626,0.8503964854817303,0.8522354627127945,0.8539301245335983,0.8545390405055865,0.8570463918672533,0.8575437618650226,0.8572243665015975,0.8529076473746912,0.8518257673991961,0.8530192505068652,0.849860955585433
262,0.01311484316564914,0.08441510137048322,0.1805468550062163,0.3615475990180218,0.5040493114904292,0.5923690045038436,0.6647561678002916,0.7148928630615253,0.7403475180130512,0.7679995779194168,0.7748311530471348,0.7766902364386451,0.7758092668951599,0.7830562629861543,0.7813988036154116,0.7727970702450875,0.7714169940421912,0.7766314970232061,0.7732994924033458,0.7805173523776452,0.7758689295416885,0.7805790849162364,0.7811535319821625,0.78521640227456,0.7776005079315772,0.7676048137362224,0.7721055024994581,0.7698786736053855,0.7677675578676361,0.76273497829543,0.7808602235186055,0.7791051726798655,0.781337863048918,0.7872777629462091,0.7818195795844077,0.7855581282717733,0.7903606007892602,0.7976493858645912,0.8037826515212254,0.8049955413315303,0.7918552833686249,0.8007254644212551,0.8026976310271354,0.8116775283647952,0.8127330128596323,0.8112744538600134,0.8008622308468659,0.8009666537075052,0.7969567276427836,0.7968377962474973,0.8080260633210716,0.8012831554040318,0.8039635858987537,0.8046368272496316,0.8065453828524278,0.8051461222493359,0.8031862548495308,0.802856403060836,0.7982181174709875,0.8007370928367066,0.8002488542958439,0.8022141154996735,0.8018132145653507,0.7982289277446324,0.8085860074895126,0.8121053689592267,0.8066000861020497,0.8038094945307728,0.7961653600124591,0.7961860789442767,0.7964107521781493,0.789051471188793,0.7901608721158562,0.7947067527199501,0.7981262380448374,0.7965603628134146,0.7986172427335799,0.8019993075022387,0.8061367803248518,0.8027045622535396,0.8032037316891549,0.8054285950126098,0.8053850997292281,0.8019752275490601,0.8050806797774628,0.8092163303581704,0.8103487842280852,0.8154382978567293,0.8149747363320042,0.8138461577592294,0.8147974395659588,0.8145685984701317,0.8162572281955911,0.8064885432460102,0.8043661165957114,0.8037106213387846,0.8039004086960496,0.8079209489480833,0.8089244516480427,0.8083803152553765
263,0.01885544814215849,0.09592250921427224,0.26099479619895044,0.46984626695732756,0.6088369900088717,0.7048071334617735,0.7434048882907207,0.7628664539909884,0.7668526887904118,0.7719023396245603,0.7894035003128838,0.7943264195170066,0.7972195231676317,0.7961751738562107,0.803549027043568,0.8054047724484859,0.8017084056718085,0.7984672702632281,0.8004488744460363,0.799253170349242,0.8023295217107411,0.8036808175666152,0.8047969024098144,0.8022561977873518,0.8018524747998472,0.8019790266174234,0.81117452611424,0.8104148067765905,0.8145153922876068,0.8169884815365319,0.8132262830766117,0.8122692787366698,0.8155780876851497,0.8174531907949368,0.8147570169037146,0.8166796360211985,0.8123882240066941,0.8124438581646561,0.8153654438253839,0.815752503423749,0.8184824774952792,0.8158677363096822,0.8153650517172086,0.8163442804568397,0.8097867967930528,0.8072217730093313,0.8067440118135092,0.8070366253037594,0.806435538667447,0.8078512936225919,0.8075359824014469,0.8095281578438619,0.8102499926768121,0.8065064174131865,0.8109434219339497,0.8108835567728312,0.8089589216629172,0.8088889734291194,0.8110727912295539,0.8040231063016546,0.800131997573733,0.8003091886840269,0.8016424558173882,0.8023686432480693,0.8004507038055234,0.8000622363320389,0.8040463480797821,0.8083837875063256,0.8111032968916944,0.812056048900698,0.8153477181954263,0.8125201086877738,0.813762972578075,0.8124869363292337,0.8126094835158859,0.8113048950928615,0.8117597077176355,0.8138345214585004,0.8128986845982143,0.8138232822305369,0.8095547735033933,0.8057389183630365,0.8017961024160692,0.8060056038186119,0.8027927191454576,0.8063175082863562,0.8015210122861377,0.802378557545384,0.8013699462144542,0.8031156368248655,0.7977850583577067,0.79640225283349,0.7974542090751767,0.7998633769009718,0.8004302634204925,0.801125740133258,0.8039750140437288,0.802542187894636,0.801999830714207,0.8039958354805163
264,0.017244670606154127,0.09202830415047886,0.2648934981497309,0.44097419993620124,0.5454826427280861,0.6139302577926654,0.6302071167872321,0.642702462131347,0.6525942238487569,0.6596379037210217,0.6716213184966011,0.677112769175935,0.6867911148618201,0.6933221574669691,0.6917152659953528,0.690487323933921,0.6882443684374527,0.6904264950947462,0.696692505397532,0.7013178420541775,0.70813604587922,0.7080578771361149,0.711026748244993,0.7194167137858776,0.7224340234930565,0.7203755917383907,0.7222754239887018,0.723368335552183,0.7183641841740348,0.7252222730955818,0.719635487084587,0.7180134985492785,0.7191162256558608,0.7256547021264198,0.7218344368913389,0.7237095706909373,0.7273472660953341,0.7299647942308627,0.7328278059060308,0.7307678001112561,0.7270562819866234,0.7319834340697581,0.7309016117133008,0.7344823713055902,0.7361471581430798,0.7365601582750995,0.7447196891270822,0.7440315948954457,0.7415655959218301,0.7303110526028401,0.7290150535104875,0.7331931952789212,0.727357750616367,0.7281529157948731,0.7308634226339232,0.7335655963175928,0.7353893977917353,0.7403751915280865,0.7444711854797963,0.7470392499308716,0.7450781265532116,0.7370119196198831,0.7321818289161592,0.7336467142838419,0.7375096153652787,0.7401691370855288,0.7386647453792529,0.7407664580903572,0.7377167394514099,0.7477500495790257,0.7428373661362565,0.7425538666597795,0.7373360739079221,0.7381445383581723,0.7387354681120745,0.742624192000609,0.7462868959266972,0.740978043862685,0.7401773729589678,0.7388461061720308,0.7451122205863645,0.7404922283996753,0.7463344972241951,0.746989826510054,0.7475809113963093,0.7498348660898263,0.7511203397542421,0.7519437645640968,0.7500024199240849,0.7510808716109403,0.748672952484263,0.7445212896640375,0.7460313978269714,0.7427540905155082,0.7408652752137925,0.7469088034591218,0.7413267114010818,0.7380032810513945,0.73882025943059,0.7375067303010597
265,0.007047847769372451,0.03575778470719004,0.06961205148493262,0.18720751910711886,0.27996234781409696,0.36274366262802155,0.42273068071846676,0.44248673459940063,0.47353401091096603,0.5013216874229708,0.507686873026104,0.5102015928910854,0.5167363541283266,0.5242289955841265,0.523596656974656,0.5378900316804033,0.5433534638062444,0.5480457491296749,0.545806954537449,0.5530149050383818,0.5473388704906764,0.5442623075484184,0.5420076777497733,0.5538338108845449,0.5684839091451325,0.5747799509251872,0.5793642015797718,0.5798764075299576,0.5985734805330951,0.6015156918011927,0.5979690228448182,0.5935573645817004,0.5848547067051336,0.5840475121970862,0.598173001530403,0.6027830505941052,0.5984916410551009,0.6018163632898648,0.5989834898813884,0.6019419205278834,0.5987084742939592,0.600078672172704,0.606891863613296,0.6107862632088705,0.6086581292979363,0.6075719747807031,0.6065588657023745,0.6060375977246738,0.6084065633815704,0.6063329451177739,0.6067981782739428,0.6037315322178809,0.6042072666843494,0.6052634931713069,0.6176236469963764,0.6137183712301687,0.6186431914021687,0.6217958410441853,0.6201281418692904,0.6272178207731333,0.6196178684239713,0.6238465486489175,0.6215549918714763,0.6139046045821452,0.6142728025688736,0.6182751560648814,0.6217986316623019,0.6150430067528176,0.6090022956470054,0.6134037005220945,0.6179839318144585,0.6215225588829063,0.6123581304414494,0.6105351366073133,0.6135723913688018,0.6135855239972089,0.6026196770849177,0.6040107829338639,0.6114819678692498,0.6096473641520138,0.6091402505637099,0.6053746373040958,0.6033002321139733,0.5989491177281695,0.6027303721864141,0.6106459931142626,0.6163573059072579,0.6196037829064026,0.6152323463433218,0.615796117230378,0.6188598968017803,0.6190223000952692,0.613680046640155,0.6139592110505292,0.606103683684092,0.6080394817569394,0.620687003365154,0.6174730710076886,0.6124839690825764,0.617943696763038
266,0.010064594854382467,0.08587314784331426,0.20008277906453514,0.3222318552538641,0.436304770971873,0.5030965045476861,0.5257246370344999,0.5594431585074229,0.5861786520449841,0.592087535748903,0.6076424721954627,0.6297730287684687,0.6426828363468883,0.6502609720521609,0.6616380824583551,0.6657696199795499,0.6711603092139542,0.6608434594155748,0.6543004134006547,0.6566413696285578,0.6642483605030499,0.6721987824045874,0.6790278176179215,0.674423699539076,0.669647076647707,0.6703696039676714,0.6752504927098449,0.6794820431951264,0.6791457522120526,0.6739646318732315,0.6770292891509849,0.6763783094104673,0.6731120370050954,0.6717933888412836,0.6764463280827425,0.6768713759371212,0.6782720127316937,0.6728665432593869,0.6820945951226185,0.6775338014925738,0.6804498958197187,0.6728621405490237,0.6723223200536992,0.667558589812375,0.6700199498511242,0.6763577770467702,0.6793980695782706,0.6747045302609288,0.669834632795682,0.672062364386578,0.6773319089977248,0.6744297406095525,0.6800114138427026,0.6759459998396571,0.6790421052456181,0.6837750924781276,0.6827780963998373,0.6896655144985462,0.6902540348846644,0.6848814999801105,0.6972632965277542,0.6970842035147894,0.6987549062000029,0.6889528404031521,0.6811468469279095,0.690071980214544,0.6891292265177168,0.6887854902644157,0.6869181963817351,0.6960569154481666,0.6966881310069404,0.6943839979325078,0.6983392042385788,0.7067317802405506,0.7029961327991637,0.6920792806378602,0.686351200787185,0.685185642719016,0.6843904728931213,0.6771255050533143,0.6700890746166515,0.6762641676169976,0.6753502874659796,0.6713645595079564,0.6667942699446331,0.6751556848819905,0.6794477180447732,0.6763234570095166,0.673222921366452,0.670883135495479,0.6707205997116966,0.6779629272909936,0.6779053434624626,0.6823204966140882,0.6892520971028062,0.6905635145537065,0.6889962277587514,0.6919152686068029,0.6868236826773563,0.687185487193684
267,0.013181302335745602,0.11633724356434408,0.245292404604489,0.42393850235863306,0.5284452606224652,0.5935670983836021,0.6176416916018659,0.6482690504531612,0.656971503906035,0.6692690729262464,0.6762943613756837,0.6780341209793922,0.6912911015276886,0.700576863946007,0.6993157647754461,0.6984950612370048,0.698344431346417,0.7004027603076673,0.7024284748255998,0.703791096157493,0.7069020736734904,0.7036662304895731,0.7002847182919552,0.6965514334871772,0.6932645129813874,0.6949275028302909,0.6961405146934821,0.6955421881127666,0.6942454441133366,0.706019447382082,0.7050704127628081,0.7054586016228077,0.702135973614262,0.703723395004921,0.703172574382219,0.7080929749711211,0.6968888509369298,0.6936447910542702,0.6954946726499073,0.6968806594136818,0.6977901055976897,0.7022232218392065,0.7061399653097031,0.7011644144352427,0.7049939376451009,0.7076478091585203,0.7070888832806113,0.7136938589777486,0.7167675730106907,0.7204311568010512,0.724409630223996,0.7306506782631601,0.7313126644915257,0.7291675186659784,0.728885499228211,0.7251853548067959,0.7283556703414837,0.7264374533427348,0.7254730413700404,0.7209996720972124,0.7168258156199053,0.716146639564705,0.7184400827805849,0.7176763650181585,0.7195339255881964,0.71937173872097,0.7210991755154131,0.722014466858342,0.721324799506965,0.7239672368657999,0.7184043145682346,0.7149013352789261,0.7120073434959324,0.7200560082827475,0.7191130294943271,0.7256869841847166,0.7273467732286675,0.730096481807643,0.735463738913986,0.7365436279653279,0.7367441696745327,0.7331398470564036,0.7335716042624202,0.736439654777589,0.7354154048893843,0.7325671356068634,0.7377489102808898,0.7390382813819738,0.734873690319785,0.7342739036706848,0.7367688721139891,0.7279202259946552,0.7221051286650167,0.7218724389011765,0.7231043081474682,0.7245266401417719,0.7305667099175501,0.7335561727582643,0.7354531283742537,0.7309881832215217
268,0.027907744974894483,0.12031853052765337,0.21869464121055082,0.3410350372708351,0.44060164735160995,0.4938906122532076,0.530395563455178,0.5725492929542257,0.5729550034526756,0.5836632752741188,0.6033203137564893,0.61355299479457,0.6133987110338076,0.6138110029959587,0.628878994567659,0.6319191210543479,0.6320021328627493,0.6472773850145535,0.6529790750954468,0.6569374375446833,0.6690393133920486,0.6679974025613893,0.6655835976455202,0.6733728883404758,0.6802740542575979,0.6868510505803487,0.7006051199447006,0.7053488607510087,0.7115069295031686,0.7185099314850454,0.7159655349378382,0.7166824487100817,0.7166914951613981,0.7238809128912329,0.7233495567618,0.7255215382452319,0.723420039001626,0.7228320557132669,0.7224125227185223,0.724533665276022,0.7300017064296795,0.7272745702409198,0.7206314304398161,0.7196649088845031,0.7176482915454488,0.7194279259022133,0.7222690632833294,0.7241061619851117,0.7224778540771148,0.7258109988632989,0.7304006073902646,0.7360989448726063,0.7371369028175081,0.7374020690389534,0.7348750152797158,0.7345908911351807,0.7398659369425923,0.7442386235733829,0.7424597842541243,0.7478288933147823,0.7437227016459866,0.74552661844169,0.7423653453879243,0.7454374070545253,0.7416231618506113,0.7416245897204736,0.7406641989643044,0.7409013599178844,0.7418969688341496,0.7433799185018806,0.752548557742925,0.7481724621945576,0.7450189119983586,0.7423248712021854,0.7420769715471945,0.7468963371005799,0.7431236528449401,0.7431588249854519,0.7437859426011509,0.7435767562936713,0.7441998518084029,0.7387456710877066,0.7404914221494197,0.7360270137086955,0.7374113703885398,0.735610935717594,0.7353855963914553,0.7360259733360107,0.7351350371197236,0.7354019834283999,0.7377094069050878,0.7418179692545896,0.7403235146998266,0.7404303767536213,0.7436167759979965,0.7406447373122661,0.7314392413138627,0.7293485097643885,0.7189138977017983,0.7232546778466704
269,0.007846234381174055,0.08172751834492961,0.22113167997633404,0.3814414733375321,0.48503407638548685,0.580117402914623,0.6353488624744891,0.6574192203686878,0.6641348451314212,0.677498906387481,0.6749882582381782,0.6826676093624938,0.6896222642888772,0.6923666226107484,0.6890149341209701,0.6816359723636609,0.6821114577573166,0.6923894049821319,0.6937948951676068,0.693382239922532,0.6951723092538181,0.6895025338958761,0.6882598670156922,0.7019424368515372,0.6933808111555225,0.7156123032923599,0.7243915961935056,0.7254023580898226,0.7323723239961284,0.7348562589943393,0.724932533114067,0.7231999834156062,0.726195688879352,0.7239026283696215,0.7321928200456295,0.7296549692418336,0.7323062411663948,0.7340453060233116,0.727262328230844,0.7300912256693673,0.7248263211064966,0.7206199247139615,0.7171548939962676,0.7175693125732718,0.7118784208819268,0.7063157673513308,0.7078435023447485,0.7018733835498498,0.7007740505252447,0.70720799163486,0.7093654530556381,0.7098598658331938,0.711421625765795,0.7108803422732853,0.7088787806531752,0.7071873683294334,0.712905702504471,0.718451066627387,0.7155930843617258,0.7108113517857315,0.7121468887830722,0.7091204664607497,0.7097744354857406,0.7174866017856886,0.7175029700155044,0.7301936677503196,0.7368933497412088,0.7419783962428338,0.7469950692347034,0.7458716268557763,0.7402020183764247,0.7412826395283807,0.742344128846306,0.7408593104315657,0.7435978604203466,0.7407312960681288,0.730032807431574,0.7242544091766654,0.7242698426589065,0.72137641728496,0.7255128849374869,0.7316654760545606,0.7300344644188995,0.7298482738672001,0.7294308714751189,0.7355362504848251,0.7325793452130699,0.7325411699090941,0.7308121556293821,0.7312361587416999,0.7347288310911076,0.7372030634968234,0.7385316907677317,0.7486226498044973,0.7533614960485235,0.7576032600183211,0.7593003544897756,0.7586647602481337,0.7585039199526588,0.7562020113082533
270,0.008991574527805826,0.044583427775235475,0.1467406489010665,0.29034841734850236,0.4629117144876183,0.5694921519243412,0.6243300845207416,0.6658837978612782,0.7033126940661363,0.7193394229184483,0.7315123837922609,0.7367766854640595,0.7448525926223251,0.7542398023712026,0.758821203534185,0.7649082669307965,0.7736670159520895,0.7760775839218088,0.7805206160560724,0.7881657360823708,0.7897956883530876,0.7899150178013389,0.7830198790747588,0.7829870911026302,0.786654503796577,0.7822761946960533,0.7720564117832633,0.7719594890180523,0.7743227142689275,0.7721315957519687,0.7657198926527946,0.773468054741723,0.7676554834381423,0.7666303539550678,0.7717839609738739,0.7721757189503848,0.7706899763932578,0.7745885776043826,0.7830334867425733,0.7872105475612172,0.7908776044687136,0.7898105997174454,0.7953272377570224,0.794023596961412,0.7927375420661995,0.7870478661475001,0.7943218424392028,0.7993034968568316,0.8002312944341929,0.8005193739166869,0.8052629588796019,0.8024115477009992,0.7998560807421545,0.7968916385918442,0.7972607675427038,0.798061194100435,0.80042727345583,0.7961331884365369,0.7931398439604324,0.7881970473390679,0.794630682458703,0.7992271914887086,0.7977882216878439,0.7990787947594922,0.7967296462685607,0.8024901292853144,0.8029419810501534,0.8010628171633221,0.7997983601177125,0.7974610276165195,0.7993133104827804,0.7966161432047403,0.7951164875983976,0.7941030745208397,0.7970502579421976,0.7974588978156519,0.7963856469090512,0.7961096755884246,0.7958375194984023,0.79417591240209,0.8005730204686163,0.8044365956338245,0.8110221171779513,0.812107278952495,0.8114963411712197,0.8042746329500772,0.7956717506467167,0.7919583475298256,0.7960202751736294,0.7923569082280258,0.7967821275916996,0.7953270851060827,0.7938363291697356,0.7939715002130343,0.7916162694858018,0.7875629278665143,0.7896490580671782,0.7872353897390653,0.7812388758323459,0.7768637380838197
271,0.01810982046649829,0.13042552829918505,0.32463252167359924,0.5011570842451233,0.6343938278945821,0.7249771616330264,0.7727763272498801,0.7925217948801588,0.8032801286671698,0.8138871905400488,0.810520978146237,0.8139663120822427,0.8187728060679941,0.8169684270060302,0.8122676708312503,0.8138704839869659,0.8063851421010598,0.8073101990450559,0.8022885722720448,0.7980950012738423,0.7995567029914933,0.8039274499419155,0.8012654214507333,0.8004869645288408,0.803480333423044,0.8082056445761071,0.8052210432769003,0.815065343929355,0.8323082169444256,0.835540519320371,0.837915365955099,0.854527314831364,0.8559655465045516,0.8542027525282637,0.8533789737643973,0.8494016316596956,0.8331403449464112,0.8354420758584935,0.8354506941261809,0.8393815053599271,0.8423298288276171,0.8447312328542883,0.84999957401445,0.853286198384087,0.845553009502083,0.8462893194561011,0.8481659543525203,0.8427989909703691,0.8442842422076834,0.8457004746521092,0.8510494870355256,0.8484742965175559,0.8388941396990794,0.8399857964606859,0.8378572204491449,0.8424448194865086,0.83791164687805,0.8375221814824769,0.8373249244887632,0.8431876420847508,0.8406020510992337,0.8506437975881177,0.857745873383294,0.8575502374802377,0.8475369786533326,0.8507728089673299,0.8525982924637878,0.8521891333471864,0.849824657201829,0.8471571774575518,0.856377655638816,0.8563802687983078,0.848173003111512,0.8491428304236082,0.848309355047692,0.8455088419482208,0.8414277706417219,0.8450406841945566,0.8440316379158151,0.8461588596112842,0.8429651196221987,0.8442870444357794,0.8473568424836138,0.8479061721001842,0.8569924245848582,0.8583721394788266,0.8566482040029836,0.8539049976775672,0.8487019890393224,0.8488233558307384,0.8452183787267308,0.839256042177678,0.8377444315551419,0.8426272430785346,0.8437868113398934,0.8434917137176476,0.8581753035727132,0.8544623438987838,0.8548676172079158,0.8599311442983357
272,0.013894555035735555,0.07779600294359197,0.20452430802056593,0.27586482207358587,0.34854051368810846,0.3741858185938422,0.3868635494590288,0.39008890489911574,0.3840212996113898,0.3911287240489461,0.40328320943384754,0.42031909075892093,0.42756550750604466,0.435951800987115,0.4502579256491873,0.4410040219824804,0.43752718759268483,0.44181645380078227,0.45123043865709045,0.4648441978577456,0.4777399391455505,0.4905352554499621,0.4956403246864782,0.5011628464393375,0.48359130592990185,0.48780310272069044,0.49097407805902354,0.46628730134911506,0.46810236957692636,0.4724970200173281,0.47071191506804594,0.47546533957326753,0.46428145776542656,0.4682374438063339,0.46248541392126613,0.466431470603174,0.46505007557481726,0.4697061093343413,0.48825371946899115,0.4652691655551287,0.4617624380943572,0.4708133408453682,0.47719379351219515,0.4746706424164312,0.4753456521282519,0.4719510252517714,0.463475172037422,0.47039196914253983,0.4679676692803806,0.4595159840144883,0.46093957057658375,0.4595234414103392,0.4626330636262079,0.4574214279714973,0.4603535306793482,0.4502358992105011,0.4582487517713958,0.4666269380339127,0.46988807416152817,0.46971023209452206,0.4684702579440825,0.4670892945544769,0.4693971947417901,0.47016274927694895,0.4675507541661027,0.4640516392236712,0.46098796991137564,0.4628212959840994,0.4584234527450451,0.45598428199532826,0.45930220193991256,0.4621696244860179,0.45301278274476436,0.4529309193000812,0.4528875864591124,0.4526062018681263,0.4551755152038002,0.4486488460658469,0.4479273055978316,0.4390257736631667,0.44267474982649285,0.4477995366755107,0.4540203511150984,0.45143435981230146,0.44710669836468075,0.4531729897630483,0.4586258104714318,0.4710452670075754,0.4735958512031048,0.4737909091303873,0.4692706902631555,0.46616617983160874,0.4670253355452103,0.46651093902885116,0.45898229623313197,0.4594455005119526,0.4636280479741997,0.457483824845608,0.4632614408907193,0.4658756688297908
273,0.012811629724972115,0.10584978569028747,0.26494552209491495,0.44935067791272815,0.578227300089982,0.6617097952982859,0.7128604519485063,0.7462064746231808,0.7502651718947595,0.756452303171281,0.7649447470886552,0.7676657138719111,0.7799258123836283,0.7771582546086061,0.7717175042512391,0.7662370554041719,0.7650764425705415,0.7681492000471585,0.7660780561234449,0.7732774178909518,0.7765644368907221,0.7819533542066561,0.7750342098146423,0.7724052064627241,0.7650277667772797,0.7643512810707914,0.7648425571083292,0.7656160770300322,0.768003676835126,0.769599920230634,0.7725238342857693,0.7634870082270537,0.7677673607668501,0.7718343573777399,0.7683984818488938,0.7798126466427258,0.7789270076227336,0.7718408567120821,0.7736183546152473,0.7755163734411151,0.7780282724476858,0.781446170854083,0.7891653129631887,0.7880356265098523,0.7883563616225576,0.7901750583925168,0.7882511849637488,0.7868129865632472,0.7892386644520704,0.7887421877632532,0.788324109129387,0.7898849832357806,0.7925516364847893,0.792028192326642,0.7911288130966285,0.7923575390827143,0.792725191301812,0.7931723937841187,0.7946429159079532,0.7984296126250127,0.7969342767804389,0.7983150258480896,0.7985502944711678,0.7901073960222211,0.7896938506616832,0.7922479764543755,0.791881593749546,0.7900501036716843,0.7899897290473074,0.7866728897729232,0.7884934226962811,0.7849624575916111,0.7842425340906821,0.7824947251055601,0.7806949255111091,0.7815872737174697,0.780280643792212,0.7832283019894858,0.7855611463371744,0.7874939170736672,0.7859105320098702,0.7925265087631428,0.7894745431870887,0.7896268238476882,0.7899718267185142,0.7907248983949948,0.7972353113445653,0.7961586683267314,0.7955851997765504,0.7963004655340109,0.7975121917810297,0.8021673402687959,0.7992399603581787,0.7968069848063641,0.7975118131169623,0.7985924106116972,0.7950271573278773,0.7920345324968697,0.7867648373115705,0.7865833831521303
274,0.017442692781884584,0.07652830248786421,0.13584310160562768,0.28867312622115127,0.40731724425666427,0.5149617783480033,0.5843908871530687,0.6391886315983499,0.6843855415802003,0.7055732621103824,0.728588053496862,0.744343783481461,0.7491468585765123,0.7469055542288783,0.7473213304189217,0.744445097942209,0.7411323429478717,0.7309277077748196,0.7311551958522865,0.7357159951585168,0.7332339420260098,0.7354295904444643,0.7391868600190646,0.7480857051265191,0.7539472998916352,0.7597088495826471,0.7636775102934772,0.7647041998668692,0.7576635948730496,0.7522156110977885,0.7531662227940924,0.750357915590665,0.7475350965001296,0.7476375850098452,0.7498582925226123,0.7508330075936368,0.7513906934977418,0.7476382809304569,0.7439455943664253,0.7467833083902754,0.7490352221191925,0.7478540135536049,0.7448653136297971,0.7467503092428128,0.753474132790545,0.7537216580440894,0.764659506049093,0.7643974244622359,0.7672638058691815,0.7700483940164399,0.7688581269745299,0.766478624057982,0.7612827321832484,0.7518380237693352,0.752370937372104,0.7495161054425544,0.7439817885802208,0.7416304160265405,0.7422573399535086,0.7418112612123257,0.7460978098996587,0.7441658037091565,0.7448764813770691,0.7494404859224545,0.7555140207919487,0.7529751569743023,0.7570253852734151,0.7550275903747294,0.7575092553471025,0.7555840802255571,0.7574699746556236,0.7647107498104198,0.7680869484065026,0.7730592644855144,0.7741165072297975,0.7628296404162757,0.7596450289324441,0.757825619427912,0.7448207267716913,0.7503967329540125,0.7488498095607083,0.748050814416848,0.750924701622463,0.7519798692141157,0.7535557762925545,0.7562047068795527,0.7543495031173453,0.7517013733575244,0.7478278295134025,0.7436625041751368,0.7476864438311864,0.7471187281737736,0.7447899787496529,0.7422740130427556,0.7438765067915817,0.7452574475969744,0.7486794326438768,0.7583791543646573,0.7620115669884318,0.7664128331419298
275,0.018308414426613944,0.10532169188231143,0.22234384602251736,0.3900798767469818,0.5002536631106373,0.5755144151820483,0.631318531677213,0.6753438654688492,0.6920665420033533,0.7137046750144919,0.7183268984386579,0.7094574316443564,0.7192511422086386,0.7166956863812665,0.7308336487180663,0.7373118241425076,0.7301730061355473,0.7325968093333987,0.7352190381747674,0.7249837113759654,0.7252912238408753,0.7232176064300211,0.7239018974823966,0.7211326987043927,0.7263064316565143,0.735974488293932,0.7353875971327826,0.7421954254091212,0.7453973176481976,0.7411953756446846,0.7410110121353755,0.7436118168239713,0.7404515040820786,0.7472031160039297,0.750302717533352,0.7374492061623859,0.732906529860044,0.7371629936356239,0.726052253926004,0.7308354912236201,0.7302809619916214,0.7285794105169914,0.733233695370766,0.7310618331976592,0.729558325625862,0.7330537848727171,0.7345111169746288,0.7330728136750667,0.7333482997625,0.7341520254849228,0.7437452877297562,0.7446685170733963,0.7427344898905361,0.7431349538013492,0.743586175407248,0.7441676845063313,0.7434644232533774,0.7436858527723962,0.7469076422489976,0.7442978472312392,0.7453358728207271,0.753997454798078,0.7540297585854583,0.7519829130001486,0.7569829467900117,0.755243643581622,0.7551865433521938,0.7512170025059346,0.7511374542039728,0.751916099740565,0.7549899286265596,0.7562170402991802,0.7597567191157221,0.7649796925644045,0.7747897122833837,0.7745524662053183,0.7785598154492321,0.7696934329733603,0.7704441261088337,0.7742346464327495,0.774472474746352,0.7754109870229078,0.7551349371999256,0.7544353182540856,0.7513163181002203,0.751885924776373,0.7547666250973798,0.7572744131233755,0.7591508500632049,0.7587295592741728,0.7517829232577042,0.7479413645707753,0.7470259911269586,0.7487828306930728,0.7446128431675217,0.7465178976436764,0.753608957161528,0.7547717446314229,0.7554642555684653,0.7564577009308657
276,0.012353715345747623,0.06038651134174268,0.18627303399173045,0.338966597053533,0.4027507708620691,0.4910749853285843,0.5216689200340441,0.5360933900866166,0.5590482787187601,0.5752503622835925,0.5915059618548009,0.599822376790687,0.6140061987119503,0.623915316352911,0.6291744741613491,0.627480224743644,0.6271041996437822,0.6269251819050707,0.6335486151815322,0.6331498594310258,0.6437210789810309,0.6418947022646654,0.6464768170622593,0.6523993308505674,0.652964545726798,0.6523406790661253,0.6512818998544178,0.6509602307147521,0.6661112248518102,0.6644375359836833,0.6678655485924737,0.6657085510655739,0.6602719555528804,0.6552516440695857,0.6536682171169278,0.6486953397900892,0.6558967681994381,0.6489575693424543,0.6491707781738317,0.6445509212262723,0.6378778962547252,0.6345006887259992,0.6354990213871511,0.6332011095775464,0.6345026309793564,0.6426833590114813,0.6382961326525699,0.6459623045039674,0.6481403796518675,0.6494359210976672,0.6423097636934983,0.6407664477326361,0.637789187696685,0.6329661934526336,0.6328466504485749,0.6316728823008863,0.6376404922799283,0.6416480612568886,0.6445458106455502,0.6492909181071341,0.6462144328680796,0.6355407087127276,0.6390647049727103,0.6423371776222239,0.6372386062164274,0.6286566203802544,0.6277340105288637,0.6261672509045925,0.6170647900543614,0.6196843241795468,0.6288088694737067,0.6281879230363665,0.6275758485985969,0.6302435565728033,0.6328183425062452,0.628251683553853,0.6238200555673465,0.6250724435040769,0.6159553203537866,0.6129594294891766,0.6083978370260558,0.6108109890374214,0.6138839255245712,0.6196659218613029,0.6261179865068391,0.6210225773083833,0.6209237884827923,0.6226762150207376,0.6216128453224298,0.6199384304452273,0.6203132782370946,0.630377683878534,0.6288438548842415,0.6289640968549773,0.6317804627805004,0.6298300844064393,0.6388357399315807,0.638742504821849,0.6389173238012384,0.6366282689833482
277,0.023617773535741318,0.05650440426841998,0.174457392105864,0.35402723218271476,0.5382037410336137,0.6431453666737603,0.7049800096904006,0.7382877620038425,0.7728289987965203,0.7741439879417044,0.7775474999013463,0.7829036336029082,0.7724845810610921,0.7684189096013573,0.7608842726754652,0.7512827022971541,0.7451642307964851,0.7443900129841452,0.7455520865485386,0.7463455886033898,0.7398319354693424,0.7393380496170533,0.7436714307048514,0.7473426217093246,0.7504511767987441,0.739999427855477,0.7432585248944068,0.7409314260781642,0.7434575175372952,0.7541952759765116,0.7615100284998535,0.7703635230691424,0.7759780546031706,0.7775391822495493,0.7830512198855647,0.7854551620743879,0.7880336480639081,0.7856489229748267,0.7839837085343062,0.7757850067136424,0.7734556225310153,0.7579129448693152,0.7524786461090857,0.7573198545568793,0.7541882774230564,0.7542933493004617,0.7517771614924333,0.7446754444616857,0.7392830310905165,0.7447864109362637,0.7458936139662024,0.742935937019675,0.7452496637906759,0.7432288973348293,0.7412585062397798,0.745888805473906,0.7498058803240455,0.7519567649905021,0.7679246395876114,0.7737371596636606,0.7722470234099396,0.7689479148774382,0.7640050082328316,0.768055653208409,0.7688147568665303,0.7692284639627869,0.7697619306314301,0.7756063806466428,0.772138983438146,0.7728848079844464,0.7697380975889021,0.7704079200588991,0.7736117588329939,0.7730271857143485,0.7678012484628407,0.7700450768457782,0.7720540229211863,0.765781551137672,0.77007897838043,0.7716115319229604,0.774471561137304,0.7713350106605968,0.7719497739515592,0.7721161653902953,0.7702443586301169,0.7760476200219756,0.7767411711625125,0.7749912269247445,0.7808828985277,0.776735449899019,0.7760083706656289,0.7743619140370841,0.7708835162313424,0.7735821959648156,0.7739800845410919,0.7764114440152938,0.7737481251326667,0.7702805446146249,0.7676872267868974,0.7670330970982384
278,0.013674681797000359,0.09539746926168605,0.19317342273219712,0.33984337957029603,0.4427406062901275,0.489882054517314,0.540652950719258,0.5631774463572354,0.5704461779293067,0.5733758660040749,0.5896901169715847,0.5992221536182568,0.6086867470490818,0.6201957052648123,0.633656783753409,0.6459316260178776,0.6396423431583091,0.6345290506045291,0.6435164402023574,0.6525343276240185,0.6599243044138889,0.6633200698638171,0.6508806940008383,0.6479735811620095,0.6495136522737015,0.6498010781110126,0.6594585783974942,0.6669442756439931,0.665717784258441,0.6683461182650267,0.6635616322376336,0.6669097452288407,0.6718661990513444,0.6750251187209486,0.6669645410451004,0.6675900935830392,0.6701990674394139,0.6796605383226654,0.6775711783058731,0.6799652515683207,0.6859052628626511,0.6842688699624042,0.6897352361590754,0.6951247587477531,0.6951983784497539,0.7002535652097079,0.7042179161706947,0.7049449477750435,0.7037798405431165,0.7031957528253617,0.7012105657738728,0.6996874283609914,0.6995975438481132,0.7049478425539345,0.697135787422277,0.6982233755430974,0.6931322129519948,0.6938923285794167,0.6922885351914426,0.6912356881544062,0.6916286509174224,0.6891982078595719,0.6805057764439857,0.6794698341461227,0.6839853125230217,0.6874653259137168,0.6961870957789463,0.697292209373569,0.7050403925406141,0.7011281428167377,0.6997331206634791,0.7016973829711474,0.7073945542089782,0.7082141635150464,0.7147767345021536,0.7178450658603012,0.7120418040619545,0.6989927873798155,0.698573639522445,0.6997360044468408,0.6977807920031097,0.6992481096753929,0.7010897304843614,0.7021957248455994,0.6989650282581996,0.7036214642474079,0.705704450859971,0.7030599192799825,0.6952041732217046,0.6969934455184706,0.7078864186849428,0.7056368517921873,0.7087401792945215,0.7090461125579207,0.7050943557002388,0.7010702858531388,0.6965236258335835,0.6937938263111384,0.7003573088450356,0.7003318897655971
279,0.01890756920855306,0.08760963889836658,0.2472948879197472,0.44798081987636473,0.5759348047737239,0.6746531160596141,0.7244491875137045,0.760238709725084,0.77750840798106,0.7953465951485684,0.8144445892760115,0.8170333697991324,0.8173720305956808,0.8242019840813232,0.8255619527601533,0.8255627472053899,0.8283264318783297,0.8235596998024173,0.8253762611847446,0.8292314051730952,0.830032082544805,0.8368092949358088,0.8382049866790866,0.8386826558099986,0.8297917063822204,0.8233278344243028,0.8181196642915134,0.8204257916240357,0.8167815401772843,0.8137633182055193,0.8119921012272187,0.8127339745875811,0.8119930733131285,0.8091771940701201,0.807709584046512,0.8101624597689778,0.8113502618225058,0.817843536206174,0.8292866929922073,0.8264598667541162,0.8319545704258754,0.8425343177912734,0.8445205761611406,0.8477447427269638,0.8424745287003919,0.8337034096213158,0.8292484412243781,0.8310242002372277,0.8297857560847437,0.8281007512667845,0.831028961282165,0.8317735995879069,0.8324321396845434,0.8252310486739265,0.8231484159104161,0.8191564356349795,0.8227113583987367,0.825875972263907,0.824303160416887,0.8238089242544676,0.819850427509475,0.821424219984513,0.8238072112014678,0.8282108529670351,0.8362108401902207,0.8397646647789098,0.8456924588334167,0.8478766464561852,0.8439887153838077,0.8426212971711599,0.8490622841962925,0.8505014498899768,0.8510276566267653,0.8517232877556417,0.8492837766569032,0.8535681241111956,0.8490304859433481,0.852124779017846,0.849762705589647,0.8487551957157176,0.8445271817596687,0.8368501258949544,0.8328750757949466,0.8331515872372224,0.8331874101904481,0.8306220203398184,0.8320114116461519,0.8315918709893634,0.8308501306370413,0.8287647359850446,0.8300065146475656,0.8280287053591426,0.8207623240955485,0.814796376585618,0.8059820645791517,0.8151264099830275,0.8161433712152515,0.8161870065899712,0.8163532333727599,0.8045630882629372
280,0.014028209538619347,0.06843906705430952,0.14901094046961189,0.3116632378321819,0.4973930394461635,0.6091882451997452,0.6926243533352904,0.7435533155371656,0.765944670198274,0.7787322398532456,0.7902259721236733,0.7893995950647771,0.7914154528877472,0.7972156666306256,0.7990816624164566,0.7964365634231195,0.7887527606520037,0.7887334803990333,0.7925756042100938,0.7976597160097385,0.8034683648256227,0.812548205271639,0.8217712659722074,0.820232523338342,0.8254248717510316,0.8293895931369073,0.8316488184835928,0.8352157028166729,0.8375414291106204,0.8404714436305016,0.8427100258821463,0.840500051654627,0.8367754413282011,0.8372040807742465,0.8355533335534993,0.8349631765238945,0.8369287177998495,0.8332209365505328,0.8345690726131403,0.8337780952080365,0.8364414128268669,0.8349044455933202,0.8323933481530595,0.8321689939884981,0.8315986811021224,0.8274745071141477,0.8314806768065044,0.8244894717243579,0.8260562674600199,0.8266454326996744,0.8332702180678072,0.835972249896463,0.8355365150180285,0.8424446487770902,0.844511847902356,0.8399597969614515,0.8414447260421823,0.8396583875605343,0.8376405080758367,0.8345926383574335,0.8205986739785753,0.8183155977319959,0.8225877948709798,0.8237729232003111,0.8225524415193464,0.8268259790059836,0.8309338562853432,0.8340607316277681,0.832431372661603,0.8281456930369564,0.8287182858185896,0.8234876125091168,0.8315707794391995,0.8351531858695698,0.8360871931618571,0.8388142345262766,0.8386025662985547,0.8399818521778651,0.8401888398777666,0.8396509560738725,0.8405038415353665,0.8398448354629008,0.8466487488016703,0.8473011792158234,0.853471663877556,0.8483221933086234,0.8482810694010012,0.845831649348348,0.8430053255347782,0.8411507997938193,0.8443517188296703,0.8503949406855713,0.8562699388368474,0.8555102996266113,0.8589640029898904,0.856644005995159,0.8591238495589812,0.8561931324066469,0.8535048673830771,0.8553041644127132
281,0.016667195906061204,0.091811649455179,0.2623158486732592,0.44577744559476806,0.5956353684137192,0.6986338602713178,0.7624758599596294,0.7932611985057842,0.8096651627827073,0.8206185837253471,0.8212794583308843,0.8224117025322316,0.8220878600582188,0.8116026770823812,0.8135109383824686,0.8094061368764506,0.8208310783457812,0.8242928629986838,0.8269987408330454,0.8287523992302519,0.8296990240181326,0.8305510249798551,0.8341945517859146,0.8317047833478292,0.8336650673526698,0.8336926679812844,0.8324335617085555,0.8353982270740744,0.8350922789472132,0.8338029324838054,0.8324732474917509,0.8380188880616515,0.8399161516226282,0.8429239956251128,0.8395799627604359,0.8405473250083152,0.8367135281131368,0.8366115935884725,0.8412716654721012,0.8389750419517942,0.8348021744861343,0.8321939261949695,0.8385570374128676,0.8385300516970111,0.8363853848026318,0.8330182121166558,0.8328358825107083,0.8338046556821258,0.833590020655262,0.833598377602935,0.8336578821017399,0.8363218688179588,0.8280547102421677,0.8275476164959606,0.829419034573519,0.8294388416942029,0.8296841797015899,0.8349035662437027,0.8321694856850093,0.8325220542376153,0.8330721637990205,0.8395391625050209,0.8428089159619704,0.8322154529222686,0.8271802706196003,0.8275092547976685,0.8321762747217788,0.8358684399529211,0.8370686263606605,0.8386280700249403,0.8396060300273739,0.8401011064334947,0.8395651903446973,0.8314229887228342,0.8291202932699875,0.8284664037902002,0.8308285457545408,0.8224047831071124,0.8186933250964101,0.8214569203179168,0.8215478219276185,0.8235331940773374,0.8201841071463639,0.8192677562463024,0.8195945555097894,0.8192674606159798,0.8159035797136318,0.8151708140659214,0.8154334828148159,0.814870204251277,0.8063369600244472,0.8087787214559111,0.8233822873853146,0.8278577600408478,0.8230045091359298,0.8210171418615916,0.8241638287515128,0.8287648270902879,0.8318714774563578,0.8273818436250747
282,0.017817933899592707,0.09548597283483345,0.25292290896685765,0.41454660532867005,0.5854108252810503,0.6891759443116533,0.74923658101627,0.7774969987896293,0.790022378369792,0.7984642065483311,0.7991814324718424,0.7992331330709479,0.802742624568089,0.8015995916187958,0.8004237131969469,0.7991240177422305,0.8057980865752893,0.80935530119705,0.8080573724764445,0.8038369989068481,0.8025417500831327,0.8014921900056505,0.7956339685894278,0.7971397139434937,0.7989908738272326,0.8083942421671807,0.8085500452891772,0.8126239985490149,0.8172307874435768,0.81334072367827,0.8140806332573866,0.8147098178302581,0.8098711858225649,0.8120847871465144,0.8114457508175761,0.8153922066876237,0.809529582276915,0.8092990912834442,0.8130741106205847,0.8140371465794155,0.8144490317236179,0.813756399818253,0.8110962691502952,0.8100971468305913,0.8116245756387221,0.8093027893429788,0.8181166516413295,0.8160384565507617,0.8148995779628782,0.81908707462765,0.8207132870839072,0.8181641364692479,0.8234127563270144,0.818101361203807,0.818602710717141,0.815886267665481,0.814730961579151,0.8161373081229456,0.8126661651393987,0.8156155510792565,0.8161528043354508,0.814529514678396,0.8139088850571512,0.8155735370683401,0.8158011370634911,0.8197401332579394,0.8199335752591425,0.8204313083289476,0.8184330654042897,0.81885464398145,0.8225870442542099,0.8228203751380674,0.8223038858836945,0.8194179828280397,0.8201688060445549,0.8159473779496841,0.8160143461301561,0.8202886732178679,0.8163012218811297,0.8149624747199508,0.8152792405856347,0.8139103552582597,0.8142543394367928,0.8174251186284519,0.8185664897444762,0.8200840497020623,0.8186342066399368,0.8186594133090526,0.8198578174017235,0.8215030449047965,0.8257482600370417,0.8251487705528074,0.8235999492921985,0.8229549608255173,0.8212961015063476,0.8190768639623565,0.8167391030868145,0.815395143041414,0.8117548744215384,0.8096015525726014
283,0.017744570886864847,0.07870172205964454,0.179246862712066,0.29752988212394205,0.3587300586081026,0.4052148032632902,0.4455561754487465,0.4756205214738474,0.49486873381534435,0.5103092551269418,0.5164269970660552,0.5172378999178747,0.5099465440983321,0.5067073992018354,0.5147078589073153,0.5216529889937652,0.5314538135156093,0.535563403417065,0.5427783417762422,0.5395888204943468,0.544883581845747,0.5550096943473474,0.5737884326437874,0.5772021277619004,0.5713331715172654,0.5725386607750053,0.5749973016087309,0.5750136103195653,0.5735772956549812,0.5845767553783365,0.5883316178562992,0.5913556691848814,0.5953299963746567,0.5937820261063282,0.5921446685356676,0.5904187092085185,0.5986230477914006,0.6035783774299632,0.598908225896056,0.597081106125451,0.5925369699253524,0.591500473932108,0.5893068278864453,0.5980142958527729,0.5939915262382212,0.5959273152744015,0.5889593542448454,0.5958720663331293,0.5954490016869791,0.5971683254283713,0.6052462824215671,0.6101375271964636,0.6053732722493762,0.6120382543169606,0.6120523028713581,0.6127575631683251,0.6173530351102559,0.6201982384745878,0.6221506772227378,0.6239112937274713,0.6188407117569141,0.6292734468757142,0.6293842818780366,0.6245899530101138,0.6066361116239058,0.6007483790594308,0.6011580749335087,0.603966302692277,0.6109112229367473,0.6184580125519594,0.623137730325851,0.6244517519941731,0.623158464048893,0.6189016681110002,0.6130860671655554,0.6128585797044271,0.6149906882136069,0.6131868955728154,0.6201907396862363,0.6215179966340169,0.6177625119981213,0.6171324170308513,0.6174464202499342,0.6182713899024614,0.6265385127057751,0.6322186256878052,0.6378499799842798,0.6383457707044189,0.6391887558823242,0.6414051051578036,0.6417586535302594,0.6430103735617577,0.6415072544761732,0.6391817402358352,0.6351351880644307,0.6375575247598149,0.6348119970721194,0.6279204295727119,0.6305694436532547,0.6274428097278639
284,0.016131717094456974,0.09557004205441041,0.19871372984960903,0.2753162683832965,0.3036979051322398,0.33518543686502084,0.3526237358877642,0.3564418526607711,0.3713709603320619,0.3576396611534197,0.3504331739961015,0.3655111164581295,0.374715579687241,0.3888352256904913,0.3912660204460446,0.4054613234175328,0.4099949946307268,0.4074177864140026,0.4022071270967046,0.4097164264044805,0.4076189152629336,0.4080225167689354,0.4056576697875079,0.39389222838412513,0.3870768641016088,0.3877338485919248,0.4002148017770073,0.39959970383184007,0.42101817682574627,0.4350226118252143,0.4346227728095956,0.44860076517613,0.42561621804831207,0.41342681273700516,0.4116080593485658,0.42809760550189757,0.42477035391778883,0.411325533939074,0.4171892510127492,0.41759587870791515,0.41161547006680016,0.41964413768246284,0.4192850817077335,0.42812805568006906,0.4252886650529766,0.40997253842720466,0.4123386169519438,0.4045231390589013,0.4053994861504946,0.4183432328014394,0.413143156369365,0.42420258975851277,0.42655541903153504,0.4292964441514971,0.4133450624490241,0.4172320923865638,0.4191893055419695,0.4260023231604228,0.4411964559872512,0.44569535492672374,0.4412252116891132,0.4417615339121208,0.4282638314048117,0.4230330101626635,0.418043989029076,0.40767989711220737,0.40154542820045136,0.4124949347071781,0.4105117326537996,0.41630357692561576,0.426653564397011,0.4452470128154161,0.4363760095266392,0.44422853031882575,0.448582204412617,0.4395164876578731,0.4546194506900642,0.45761983184639216,0.46628060531849,0.46787616446188496,0.4769574293465382,0.4759835416391151,0.4855100302718822,0.4728682798835813,0.48039790080005773,0.4805336115188321,0.4822418736743719,0.48389375559973424,0.4855629793615679,0.48858468632056584,0.48463139185405096,0.48829294624761393,0.48760052171591395,0.4653756343530764,0.46888894149476007,0.473643328613366,0.46811052281964843,0.4781618783494658,0.4734654720900281,0.4732571932913572
285,0.023289650869876156,0.10507578033919987,0.2629645341266865,0.41720083300921623,0.5199910629682822,0.6101589150502836,0.6551315505085538,0.6833567868091311,0.7064222588892503,0.7235202324474456,0.7296396629264522,0.7380482372290403,0.734345921557933,0.7367264813807359,0.7447950708420207,0.7440398569474524,0.7502050596048931,0.752497200021803,0.7507033224153173,0.7550598223630368,0.7611540013293221,0.7598804520503895,0.751124168653445,0.761648748505881,0.7673040372438623,0.7665745849857021,0.7698289620301897,0.7689463540453029,0.7767396580096093,0.7778709569036109,0.7768850645924823,0.7679485616578121,0.7687387605137238,0.7687993638499974,0.769778573793652,0.7699414547278807,0.7725194525528177,0.7749100246312243,0.7812588646583296,0.7752970475395251,0.7789685388246395,0.7721672146273721,0.7705621928568942,0.7720029062174002,0.7785433802011892,0.7784381090833336,0.7749593199517529,0.786481982564454,0.78318082339743,0.7941397402130584,0.800363291625005,0.7989439035018359,0.7999757361390537,0.7908765331945663,0.7947839156149366,0.8003273982991476,0.7991717196671553,0.7999876916062629,0.793548096590953,0.788161049360342,0.7883486690175936,0.7842998915482017,0.7908226136554205,0.7840535475520525,0.784264135226947,0.7812272823104799,0.7846262147526981,0.7875382071644808,0.7911078370490617,0.7919311630453614,0.7931745601713098,0.7979774634704837,0.7909486107235848,0.7849677611121306,0.7872331347582453,0.785391587233914,0.7845925318034109,0.7793673666081193,0.7819562569163557,0.7883590765057831,0.7884939816671113,0.7813109108050987,0.7850172178476394,0.7843520051705696,0.7792950874982787,0.7830240723739954,0.7810910430614253,0.783043480234136,0.7867447586428505,0.7850214815976108,0.7829984877983326,0.7865760393238164,0.7874697355612298,0.7870844825652923,0.7865919217596545,0.7903397686467651,0.7905666053834439,0.7795281472307907,0.7769939016666371,0.7745337657908649
286,0.011708872575268335,0.10796871991623005,0.2566377908850427,0.41808385041416535,0.5812146780996539,0.6797267368222626,0.7582222948098902,0.7900808520049409,0.7994356339419972,0.8104400466291475,0.8180856278165937,0.8222602014754834,0.8288524053941185,0.8355400366830986,0.8367177491397105,0.835663133516439,0.8374657730524616,0.8410274596080936,0.8441406184864833,0.8485511430444916,0.8526587371779807,0.85367422734645,0.8537780488300322,0.851672282227397,0.849581479638141,0.8504495658320635,0.8515182946725391,0.8503789127460477,0.8474173621959838,0.8457046886773929,0.8496742829452707,0.8502638545467033,0.8558864384850661,0.8557755762302967,0.8599679372042527,0.8656282426012233,0.8676948707081554,0.8664332415684732,0.8663655196244691,0.8688894749551246,0.8675287705973213,0.8613683352435673,0.8584420861501931,0.8589403712568626,0.8623164538461581,0.8600628992300533,0.8583091965748793,0.8650485244123713,0.8646300107575391,0.869137265767534,0.8662404299705655,0.86351233140192,0.8618489599235896,0.864797498908046,0.8675613832921779,0.8654488962931499,0.8668686454902668,0.8652697189910029,0.868560680984318,0.8657406222986397,0.8641512639828832,0.8630009645990953,0.8620381825108655,0.8620757396038777,0.8622675018075561,0.8643510689324327,0.8632060217453115,0.8565382709070231,0.8582856128519757,0.8604111616660842,0.8584821137285285,0.8576049397846625,0.8569022301015794,0.8610978300780323,0.8610110327928423,0.8670624520807351,0.8690460916160397,0.872325033658434,0.8650787451832527,0.8584010714388048,0.8650693798186636,0.8635956754055983,0.8649356559788363,0.8634746071584215,0.8630379305498708,0.8629234313590938,0.8635797724175983,0.8640200416750683,0.8622960052214331,0.8631181826485772,0.8610729170761185,0.8609867678799005,0.8593025463974526,0.8646080671814764,0.8629283178214864,0.863818392030614,0.8628915085143423,0.8645573972505894,0.8630826296397949,0.8606501553742325
287,0.021303873195545373,0.09024117176747053,0.23435477105255992,0.3879841513782542,0.47516538007180215,0.5398998740139752,0.5949238605878048,0.6079448672570531,0.634647094623172,0.6491857872556756,0.653463520614729,0.6610018444170741,0.6571105855818128,0.6525004566820476,0.6654630201685202,0.6681009071551968,0.6728305552344368,0.6713616820204074,0.6768049703059481,0.6847079338642792,0.6842195880474011,0.6929264625335187,0.6888615324490255,0.6880236634881493,0.6888677347504384,0.6835262072920275,0.681399200422142,0.6855009106328727,0.6826557106851102,0.6846511192315192,0.6887564638773449,0.6867547523376285,0.6832288519891112,0.6845542619481836,0.6874790280828468,0.6902870843584092,0.6930664571161587,0.6978488507674446,0.6917421327154964,0.690780271796683,0.6912081990730523,0.692674538487808,0.6945040256824819,0.6944804244960691,0.696558214432245,0.6996110138130238,0.6994729913112164,0.6958861730795518,0.6950374581550873,0.6935782070289599,0.685396257753584,0.6863780266574645,0.6842857167382802,0.688871960340955,0.686968440314038,0.6901964219352333,0.6927366361470253,0.7055348857439135,0.7065136024327344,0.7042976841911309,0.7063399285763806,0.7111203024670424,0.7106638842707045,0.7128785097718527,0.714832929736979,0.7240018545674816,0.7168418233024387,0.721124398516138,0.7253121010364855,0.7198690720850546,0.7167757090408244,0.716604202913773,0.7237003908443665,0.7175689121468861,0.7175624991158287,0.718783210822296,0.7170382518334684,0.7156616465427034,0.7151845840009383,0.7129060872435573,0.7102948665915296,0.7034251111424862,0.6991788510456474,0.6964128042872296,0.707471847630174,0.7070437960515251,0.7064423666502906,0.7019715557098521,0.702241988712023,0.7043050089759878,0.7101929463220762,0.7029033866857145,0.7036517494713985,0.7024438670517377,0.7112966510465365,0.7078116624125189,0.7070810904398206,0.7055966463123032,0.6995156415373494,0.7103631404365018
288,0.011949838977497547,0.056214546459313716,0.15631231127391776,0.2964129553316947,0.44266723069986547,0.531944534394662,0.5875109981392078,0.6203716839679109,0.6606729100893344,0.6825849940704392,0.7035765966645884,0.732134839095718,0.7427587750989959,0.7413995712750306,0.7448070061312613,0.7560121280042228,0.7683557593414025,0.773047333474434,0.7724679095081186,0.7791718351293995,0.7860269295906035,0.7851388412144396,0.7924140460607285,0.7925553230721049,0.7892589349577888,0.7943944782077204,0.7718466943834467,0.7803740546591245,0.7855204482605265,0.7937461377416811,0.7892165288985938,0.7848314615584522,0.7936531916208296,0.7915756186955959,0.7901197812704036,0.7859932070150601,0.7891071116791731,0.7958733628102518,0.7977217911072411,0.8003052238438463,0.7948175069742792,0.7923032963486735,0.7916974151886865,0.7946341493394659,0.7881779578891573,0.790566147298297,0.7780636125920026,0.7781456977145319,0.7824063907915344,0.7821819686725605,0.7785797214929397,0.7808677979080361,0.7802120981994698,0.7827544617513291,0.7827926772569492,0.7876494923830597,0.7962324769617694,0.7987734985276501,0.7991302314260795,0.8042008596153655,0.805672289785237,0.8057628532604898,0.7986451325019618,0.7975431738979496,0.7927357335034376,0.7874437689525889,0.78848561726313,0.7825284914542991,0.7856208039176589,0.7824705165684201,0.7855991785035106,0.7893143322047129,0.7935010780154506,0.7922539577810171,0.7941023502321418,0.7937235514714235,0.7925508150917828,0.7987568159576038,0.8001950853073454,0.8038765756230485,0.8068571296711806,0.8089487247581375,0.8097717962172898,0.8119326076921269,0.8106236497988631,0.806038809964252,0.8027444106572375,0.8025917675273575,0.8003055137686198,0.7959519423388971,0.7985866676679172,0.798432949357483,0.7990299447751653,0.7968091980759973,0.7943492073636061,0.7939915984657401,0.7987915654334692,0.7985891801080831,0.7983612533236315,0.7988152592844228
289,0.017845332143623466,0.09406428930551604,0.21600747011072718,0.39208331664098245,0.5419281895673549,0.6381418607467486,0.6965596761073897,0.7196633269826984,0.7384705673660967,0.7478547359045545,0.7482265618210973,0.7518825006040926,0.7576296621976856,0.7619202997222534,0.7606664680020809,0.7673988489753084,0.7782874997212659,0.7862278941189398,0.7899585434267525,0.7924232261326344,0.7964026621106671,0.7983735613799606,0.8034181321544815,0.8063169131590052,0.8034609376712993,0.8036187987288653,0.8084203097903584,0.803812009109088,0.8014726874170396,0.8022759622447413,0.7996332909184644,0.7996162296961082,0.8011083629614933,0.7980709293820949,0.7989880865435949,0.8011087304348229,0.8038239642927962,0.8075287568534073,0.8109064352947195,0.8118435264800286,0.8136949934408407,0.8140402565763398,0.8180657620410443,0.8160612058304,0.8129893521061007,0.810325765575286,0.8114306808874993,0.8141468694788901,0.8054785026731129,0.8029945707682457,0.800398479647888,0.8048742857126822,0.8008622369768778,0.8028189374782034,0.8038672719982634,0.8035675762290408,0.8047017926922123,0.8125116417124173,0.8125234086629096,0.8049153807220185,0.7984425160935942,0.7972678669199467,0.7998340163640485,0.8057543381062939,0.8103551239768559,0.8115732603390111,0.8126006342753723,0.8103896708751749,0.8147578221377989,0.8136751432754116,0.8078491553454148,0.8094790140897697,0.8092307620912712,0.8107031605944015,0.8219971169208762,0.8294230521783034,0.8243457342661908,0.8252029804050219,0.824880779208071,0.8250598349159601,0.8232148003721254,0.8229206932909507,0.8259395767811368,0.8210142146805013,0.8284306416998822,0.8274232762293825,0.8223682459734946,0.8200186773431458,0.8172882316715396,0.8145702607465506,0.8189652746128807,0.81432054435994,0.8125518987123995,0.8083176994731366,0.8143759039820664,0.8133437219890512,0.8169669526644886,0.8173996273013807,0.8144753318791296,0.8123135802073571
290,0.0069781992900260145,0.06351621250082178,0.1452728637549205,0.29958311704243523,0.45586048136747387,0.5465622466762433,0.6155817058965013,0.6683066895974349,0.7128440862187111,0.7275163786714098,0.7284756295545216,0.7409022006536286,0.761680700271216,0.7677395964353573,0.781089103954251,0.7890186561027056,0.7897924944351661,0.7892463311201682,0.7901512511761,0.7885175598774982,0.792130442285603,0.7934015359054156,0.7933146541447532,0.7859296258328017,0.7862143581446727,0.7875662602213679,0.7833138381082299,0.7913143093736724,0.7948540107836642,0.7995779119026575,0.8047551762330929,0.805774628596743,0.8068831508925917,0.8093537516805992,0.8125637638045431,0.8176253315449807,0.8206220152659018,0.8203480892923721,0.8228435371531995,0.8180881599769022,0.8187122968745814,0.8196696748068544,0.8185845590376162,0.8107515655840628,0.8028599457973119,0.7954487656602376,0.7930136598448957,0.7969685861285928,0.8007279701155183,0.8065262195084254,0.8074377640124949,0.8116473372111597,0.8123438159122872,0.8149606534219846,0.8142544792225241,0.8133855941227389,0.8098568080298034,0.8039183929356747,0.7984886973741857,0.7964756781641422,0.7977738359083232,0.796145915762186,0.7959864240800129,0.7950720709368491,0.7971524076732799,0.7936164646723544,0.797169348333377,0.7976969934922511,0.7995999746965292,0.7967057509130548,0.79638624149583,0.7959045462342083,0.8028671558120408,0.8080606137892593,0.8158046393879148,0.8131915653999244,0.8158861376300213,0.8138279024511766,0.8112934821043951,0.8064246703087455,0.8116184657652654,0.8144498541484912,0.8137710819524265,0.8103649905559642,0.8110222725537044,0.8089637140123653,0.8051265020586403,0.8049011219702186,0.8097848656688721,0.8122754297989775,0.8109830264336482,0.8142828047134762,0.8127191620801727,0.8135970824428206,0.8139826729433173,0.8130386297195923,0.8145996086723367,0.8148393608695267,0.8140341525713067,0.8167430671721633
291,0.021675731320509452,0.08900151439245924,0.23878677420310454,0.4536775459944869,0.5917697412735626,0.6856452339600441,0.7403995018847089,0.7677169023927886,0.7731314369811662,0.7745534926511303,0.7652152868382646,0.7713913343828256,0.78859818538572,0.7824485922464339,0.7881882945880037,0.7917625125852138,0.7979496704095367,0.7957884136566312,0.7979129898383722,0.7969258304369256,0.7890418961777688,0.7897086366459369,0.7858220290268738,0.8009653360221098,0.8098775809832918,0.8217439898611425,0.8228056859606597,0.8304481862425868,0.8312434265349811,0.8182247181322936,0.8171879331787792,0.8145152955819703,0.813853418722899,0.8115216884980592,0.8097881422406655,0.8123153678533422,0.8221664772742748,0.8319707818264719,0.8318978527644123,0.8347063639678192,0.835504857286909,0.8384350908217306,0.8439988319878883,0.8468881304260581,0.8394961086691292,0.8409720762149526,0.8346983600030193,0.8349359850125101,0.8376219406315849,0.8375833434935607,0.8298715030537072,0.8336067677498467,0.8334041331679355,0.8331554063546324,0.8307213552506398,0.8286599744657598,0.832564479761741,0.8308575793917237,0.819351147267043,0.8197162687026156,0.8150426831264284,0.8164500735469287,0.8221382948197532,0.8275855546519384,0.8282472757748905,0.8242038421727083,0.818210965118199,0.8191075258273948,0.8225420010587564,0.8264771428533009,0.8224756049599807,0.8252600672909824,0.8276785286269042,0.832390049645971,0.8319650802183659,0.8302507191529414,0.8318364506857607,0.831659635370409,0.8294213426920665,0.830623744930208,0.8297018421499263,0.8272949920053392,0.823679157274414,0.8187494456545136,0.8233230262424889,0.8236046815526048,0.8216432574226541,0.8249847202442175,0.8242518379166474,0.8277087238240688,0.820622187301424,0.8235711749722593,0.8245381411888297,0.8235570810046863,0.8166425557982435,0.810934714252421,0.8156702371494952,0.8223542586474383,0.8243929551525678,0.8248032535359683
292,0.00888771809525666,0.05849435155311222,0.17324659374059642,0.3003841125600657,0.4720987070546353,0.5661594682469104,0.6219149647224365,0.6596086460610967,0.6704582753701199,0.6871022142915892,0.685457351037129,0.679299923041543,0.6821594336169903,0.6705730681404668,0.6676466873657239,0.6670910964296385,0.6586376552314047,0.6691338513584949,0.6704223221219753,0.6705754683662555,0.67108382792733,0.6731242748915777,0.6754767668732815,0.669494072733703,0.6641360000156422,0.6709642520027918,0.6695977783656782,0.6720697392389531,0.6715193683462379,0.6760043005335858,0.6787720297461712,0.6831741789493061,0.6897522366728114,0.6837551206893231,0.681581479154154,0.6855527809390138,0.6979970190528261,0.6925721669095222,0.6973740940189914,0.7028154131732828,0.7075514281688158,0.6973751229964513,0.6924692127437289,0.6965089266973472,0.6997064412496986,0.6992605126046612,0.7057030542702369,0.7062952704455181,0.7099883694625181,0.7114440835257494,0.7054532367029925,0.7165665963673956,0.7078445957296529,0.7186436695745104,0.7179105991263416,0.7196387367515051,0.726266739796251,0.7208371666555228,0.724621198973417,0.7338422466145376,0.7378617244005555,0.7383859411427465,0.7243805756257395,0.7187741595301782,0.7267368929383791,0.7287879509235142,0.7265901683953827,0.717636568412459,0.7188757431577046,0.7178011172476461,0.7141697417350801,0.7126691337981517,0.7219925414073309,0.7240921767443936,0.7280790045484408,0.7271437424433145,0.7321593059435777,0.7370747745351238,0.7380160397097487,0.7398128563364648,0.7442583012606176,0.7444479491400874,0.742665678667832,0.7444466843496298,0.7409856933945993,0.7414597657136255,0.7430009652401105,0.7432023205664916,0.74264321093681,0.7368454326628299,0.7458566747933948,0.7515746087993119,0.738917703707865,0.7257462958061011,0.7261175409387917,0.734528577183025,0.7321192293214237,0.734811397163063,0.7342215050869156,0.7299869158332752
293,0.01225701797253198,0.05526295295243767,0.1583034558580204,0.2921278423516199,0.40585432614195815,0.49632629133931666,0.5865639696642071,0.6147968272649681,0.6256683998980265,0.6425632539016813,0.6502048190493707,0.6626363899448381,0.6761967600350839,0.6744637311095987,0.6770561490801267,0.6829647792382271,0.6877194165323753,0.6794402887237814,0.6853524726418678,0.6900600209035815,0.6881808879526526,0.6864449124694879,0.6842449357206662,0.6947581482726177,0.7026099630011673,0.7020139167315871,0.7025563952739771,0.7021741077016518,0.7097377925290219,0.694831471075727,0.6967592754135227,0.7019238404032027,0.7006460535516164,0.7035873520719232,0.7024236712106063,0.7009990846155547,0.6977653744760869,0.6903507953427728,0.6869017520855533,0.6892588988365321,0.6938765084933552,0.6930162405885681,0.6968065328052246,0.6953283752498121,0.6994026245926858,0.6983175926869464,0.7057712107575139,0.7042077313860574,0.7031422299534501,0.7099099712693732,0.709459085292096,0.7059407017971934,0.7038852638796195,0.7033499585721844,0.7084111381410965,0.7111865096082058,0.7160299194314335,0.7127522437857684,0.7140413604207587,0.7128747211447215,0.710404030071356,0.7048144435360999,0.70589193271045,0.711370872194767,0.7108069852083995,0.7117954410645337,0.7075775923976896,0.6957887855458634,0.6941535482145724,0.6927646986746353,0.707858568972225,0.7086073056091755,0.7083747166479807,0.701193313031386,0.7016362260000542,0.6976776072527829,0.7016304625857198,0.7004102498906682,0.7055936248236584,0.7123276406128661,0.7088768362189886,0.70522620022783,0.7077050925908286,0.7070388582598548,0.6996084844709933,0.6949522230686574,0.6884068984910345,0.6884410922844008,0.6940142671705664,0.69762185060142,0.6982695938929058,0.7029996549912717,0.706278764645193,0.6992186779920379,0.7030068058206703,0.7082379008123851,0.7053647929141927,0.7072713046616887,0.7123072882152037,0.7173091670631492
294,0.00922983933281098,0.06950163055183554,0.1631092948375002,0.28595553196686757,0.37712026312751135,0.43007572322851323,0.48173730776047713,0.5073071629043615,0.540259506054583,0.5658933969888669,0.5901209692389546,0.5963387437976713,0.5921944338211838,0.5934099900488727,0.5889377729373438,0.5866335973655411,0.5851592106144812,0.578903321030442,0.5823129814943634,0.5779557858616307,0.5834351415086472,0.5822075089132298,0.5898685224008002,0.5920493312413079,0.6021670865289438,0.6021199969361131,0.6089314397506382,0.6038511387413587,0.6013350712665416,0.5881559573252029,0.5835356004345812,0.5875153746244048,0.5827989222520894,0.5887658524574022,0.5921381192691908,0.5873293543978304,0.5911943270972281,0.5985730564731674,0.6103678907160444,0.6148696426898471,0.6187088462042086,0.6201573408982161,0.6229250178954703,0.619091512251625,0.6184062001483607,0.5934543327680977,0.5816715985954587,0.5709733947305282,0.5652490674867408,0.5595839645124112,0.5651552296443003,0.5598096043392066,0.583572245938831,0.587518866548871,0.5768573934862549,0.5835308656836721,0.5840364644793534,0.5780586560405524,0.5816252653734788,0.5752775699009193,0.5742916952808724,0.5732086693809052,0.5762369744915636,0.5912695833848465,0.592117328028008,0.5957086265694482,0.5911149959515662,0.5903062919145778,0.5951972232366696,0.5960624754224841,0.5884319560249206,0.5790710401884813,0.5745108664356509,0.5699657501463696,0.5737890026694976,0.5767654010901084,0.5811090903653459,0.5854064039007215,0.5792547233920101,0.57474805287801,0.5727624096023659,0.5712391492279838,0.5693197667201566,0.5782843983537155,0.5794773877310436,0.5869370519507715,0.583745516939432,0.5891645283466463,0.5941940985044398,0.5897989611058118,0.5905049388708359,0.5904581507534034,0.5904091846057145,0.5882469230214904,0.5876367232717975,0.5910239078443881,0.5835332844304736,0.5791991903776832,0.592377254778369,0.5875080616631922
295,0.01637719277604375,0.09287784417309763,0.2334756796584241,0.4363841765966698,0.6064648048501159,0.7134245631723661,0.7893105935748594,0.8216285115307532,0.840230529789125,0.8452757723525457,0.8424845390351673,0.8490464642340423,0.848661138893735,0.8469187598839053,0.8512098198733098,0.8557638716279118,0.8632744764029627,0.8594685995795217,0.8569952329168402,0.8519004004531147,0.8470087033821642,0.8431208889866842,0.8396731265264067,0.8390447492014452,0.8431634540755512,0.8454157093548856,0.849218600118816,0.8597090476096382,0.8615620223078908,0.8627902177621921,0.8662109602472222,0.8614086349833089,0.8618221848866437,0.8599277719503702,0.8579698246820172,0.8571995488438532,0.8539754139776717,0.853128722507965,0.8555317166585666,0.8568583518001133,0.8660498386649413,0.871967457709091,0.8726928830409862,0.8701587570842179,0.8682254884886695,0.8696534774323904,0.8686366059060602,0.8669141927206317,0.85919324968826,0.8574621168654001,0.8576708549190962,0.8547928223248107,0.8591015847060226,0.8575947896489534,0.855632734749083,0.8564566011969252,0.8484210246133089,0.8442282417097751,0.8476813203809421,0.8443812758968942,0.8467252464966503,0.8497311908034291,0.8491975060725409,0.8431312637984497,0.843058430688703,0.8416605122969422,0.8416580674582377,0.8396372826678778,0.8338170285929877,0.8402862655251809,0.8412150062745583,0.8423372386811374,0.8491353177232209,0.8472999456085823,0.8461074504739678,0.8490224953705652,0.8506749777447444,0.849896185245014,0.8504187677125543,0.8511724673152966,0.8504834727226666,0.85915450097095,0.8603240031685653,0.8592943523124703,0.8585901632667469,0.859615838741109,0.8604679947502547,0.8553916772915864,0.8558072059458892,0.8526644745200135,0.8467252165030505,0.8406319251085965,0.8373974225998309,0.8361889556462566,0.840817340609324,0.8409239948725414,0.8404853378012781,0.8447519181530169,0.8431371692845572,0.8444774002448914
296,0.012245519594155372,0.083147896390983,0.23547741668230038,0.43768122788423397,0.587460812733879,0.6757231345818059,0.7343962578422419,0.7520502206143489,0.7817628971634132,0.8052768555500992,0.8009508867968639,0.7982805937264752,0.8078671855577718,0.8170194746338916,0.8301505120400521,0.8424932424196947,0.8461487564509206,0.849533206150571,0.8474186791637007,0.846559047416618,0.8522573092072931,0.8504021556633711,0.850925880136609,0.8511872650375946,0.8579541801362341,0.8581935646959289,0.8558843157757182,0.8538757931158081,0.8630869937430815,0.8671946757345487,0.8648890487416173,0.8736362888159849,0.8738573041424439,0.8736675510066945,0.869658438614228,0.8587647958171541,0.8567858921085323,0.8633154201673188,0.8614536319249229,0.8613850092473243,0.8642809825525345,0.8660000443398171,0.8694152670109514,0.8757026811193833,0.8746159742770783,0.8728916359381925,0.8726656318916655,0.8713440623086683,0.8759558892077907,0.8768002286300522,0.8791722169590642,0.877708857160045,0.8779269899032777,0.8821330302546889,0.8863338720692614,0.8852978050135374,0.8880353284667508,0.888572260577608,0.8893023614630999,0.8865895493742445,0.8886607969906372,0.8884382897108293,0.891897408992459,0.8912284610003626,0.8936553758021195,0.8930629158215619,0.8904551137594839,0.891588315110769,0.8913568814676475,0.8880962934927026,0.8873209536130997,0.8849245265017032,0.8835144819174058,0.8818742401864186,0.8832305841629,0.8833500179830377,0.8881531919281599,0.888757782064101,0.8891301562307083,0.8884164274131294,0.8874440355500459,0.8897720988203571,0.8935486827988106,0.894983158269464,0.8933414860775288,0.8919843687676244,0.8875764118273062,0.8872609553865193,0.8801032782051315,0.8828938753229622,0.8826027255809902,0.8832120266046896,0.8840158556590784,0.8842452351294048,0.8813442424456948,0.8785708231353223,0.8763972272061321,0.8724627145833443,0.8704732641475371,0.8681489714105914
297,0.022521438131285872,0.12581933479761992,0.2444389254567901,0.3759878144891804,0.4817607238003581,0.5508904845039709,0.6018087031296507,0.6312081085800147,0.6443265200135765,0.6708088590708688,0.6748809593025845,0.6758105369939413,0.6703553850462397,0.6820927765722429,0.687321806851896,0.6941353732836315,0.6905209245239395,0.6866825244913837,0.6871355235388309,0.6862795997634685,0.6948425933888709,0.6905980429164145,0.6984825435754622,0.7133032486550378,0.7232925452603122,0.719677154621206,0.7227096645086608,0.7172056402034741,0.7163428269104776,0.7159911516722112,0.7149626644444453,0.7156275153264592,0.7170259616124842,0.720186761548788,0.7240568035798673,0.7236845851701054,0.7156417592082255,0.7192789973906722,0.7201048681890836,0.7243819699487076,0.7326544073471406,0.7427277227251672,0.7393364847352792,0.7416977263269766,0.7457878590661191,0.7463188905343909,0.7426055254136845,0.7274297380604047,0.7308164403536381,0.7279835595731363,0.7427623930068341,0.7439003300917338,0.7456432772679055,0.7518868729952023,0.7494026535879327,0.7528502861392934,0.7546527808054938,0.7552711311267143,0.7570881258393953,0.7584968139028061,0.7580624298131524,0.7582451226971285,0.7564337153172082,0.7601598431175731,0.7561965914022163,0.7648602084821208,0.7656689836506413,0.7633098434386657,0.7626187709333015,0.7607629039102332,0.7568344683364555,0.7548096026036097,0.7644723233848673,0.7688497745479929,0.7691051944629069,0.7703352831659275,0.7672171851139165,0.7704858708698022,0.7706827013192966,0.7726757804416645,0.7762520084280398,0.7777879563572992,0.7662108444807629,0.7662364680252657,0.7684797432094796,0.7719240552425655,0.7744636752500043,0.7716508771833235,0.7677650391812162,0.763013087511779,0.7602589509782058,0.7641031636815019,0.7645361393562864,0.7558834506669065,0.761173452418341,0.7642413244536174,0.7632276704431702,0.7612298475761871,0.7700276022519742,0.7693914983432965
298,0.02168711208131203,0.07856720907923269,0.18131328322273504,0.3042411999273374,0.4049650650575216,0.44965347711753595,0.4947314400774737,0.5296764636310928,0.5474938385548809,0.5405345613889544,0.5463251616712688,0.5606582994435254,0.5699538795229023,0.5744539322450027,0.5807697943142517,0.5756938278882499,0.5835317337733774,0.5898216251767634,0.5943802036182001,0.5979368296188292,0.6033176913485164,0.5923207642228447,0.589713372917726,0.5878652835841224,0.6020940901548865,0.6002580414125109,0.5963102425079508,0.5918890317442006,0.5874452911165502,0.5762113842421809,0.5765383236240662,0.5746308374887272,0.5675985327714542,0.5629443140516655,0.561341283246773,0.5637965140557588,0.5653358071702577,0.5723119235876569,0.5783384967826304,0.5765460931202419,0.5892155029171662,0.5936340402982494,0.6096100586536753,0.6173529026646097,0.6160850575667779,0.6020378165358001,0.606868238464672,0.5978010283910423,0.6035540625124542,0.6094885349286355,0.6107340208425543,0.6068462326381835,0.6165868762247124,0.625105842943695,0.622804409662162,0.6220804592072605,0.6305785618272178,0.6363126035508484,0.6371948045827361,0.6397140226112596,0.6353485469565822,0.6430624211890416,0.6365595726328784,0.6405003769901227,0.6352293022699195,0.6385929873225203,0.6279938717570405,0.6175890980333625,0.6130213018960795,0.6062983756275977,0.6016173666616939,0.5964015095396789,0.5898142583672682,0.5841748612364609,0.5805104781844393,0.5915351925129069,0.5989371503437487,0.6029189952412766,0.6013644689947566,0.5999516543574159,0.6006745273893418,0.6159294673736656,0.6326142246799192,0.6335897212848925,0.6184550196483385,0.6139539472291491,0.6058253706528572,0.6021851288809813,0.5974336861717526,0.5896372644765708,0.5854384756288608,0.6080019740085296,0.6112290261013029,0.6102205750205687,0.6189728313982615,0.6267400276487827,0.6105407221880369,0.5940346769551342,0.5981279144652115,0.6026888731544368
299,0.01289788177827863,0.04133400672008456,0.12943628911082164,0.3009445643861514,0.4948588800402053,0.606236160949415,0.6558772963241476,0.684755388207201,0.7152180014541597,0.7241305058956388,0.7253687607981165,0.7258515239753056,0.7334583418793288,0.7353150872219137,0.7395122355827658,0.7379812860562336,0.739945197512302,0.73530666284366,0.7335789435640824,0.7326363986203449,0.73413802798505,0.7358230612701253,0.7392181231015853,0.7397019957158943,0.7376403940166854,0.7442070900672156,0.7517914478913584,0.7551955205033276,0.7582840880233617,0.7542203041421388,0.7579349395320258,0.7572791722263905,0.7597567908001672,0.7674419540671136,0.7678796193899697,0.7660927343583324,0.7657968924499743,0.7715231075299377,0.7727973020909176,0.7745918301812453,0.7764161708976599,0.7806777000459282,0.7845790503866698,0.786188164295636,0.7867710382791246,0.7909382182707725,0.7858640535289774,0.7868993057533511,0.7887192426634431,0.794446785017957,0.7947703342161919,0.7971726917447058,0.7962183777622743,0.791667297159023,0.7911914237697735,0.7874188062183995,0.7907242031211004,0.7947062711854023,0.7941770450196401,0.7913952160804346,0.7946554337861764,0.7921275107054044,0.7856517679731144,0.7886503030736955,0.7867222060178861,0.784888770573745,0.7847853231227074,0.7839510699376957,0.7882917277061638,0.7821449637988755,0.7834107054552648,0.7820015791407241,0.7828289936685452,0.779977134980904,0.7880647699418963,0.7872724802136105,0.789348914379287,0.7871443721932798,0.7860217774731795,0.7843377114459419,0.7816378023937065,0.7809568015851999,0.7842441380255663,0.7836839032525954,0.7880768900192764,0.788573169118261,0.7903265797430449,0.7943535360562838,0.7948180527367237,0.7899091829789385,0.7894670187889428,0.7898466018770334,0.78738823111008,0.7883604376612824,0.7915459569075157,0.7960243326441172,0.7904791931103128,0.7888775633640851,0.7939671339613732,0.7826277996506694
