id,polarization_0,polarization_1,polarization_2,polarization_3,polarization_4,polarization_5,polarization_6,polarization_7,polarization_8,polarization_9,polarization_10,polarization_11,polarization_12,polarization_13,polarization_14,polarization_15,polarization_16,polarization_17,polarization_18,polarization_19,polarization_20,polarization_21,polarization_22,polarization_23,polarization_24,polarization_25,polarization_26,polarization_27,polarization_28,polarization_29,polarization_30,polarization_31,polarization_32,polarization_33,polarization_34,polarization_35,polarization_36,polarization_37,polarization_38,polarization_39,polarization_40,polarization_41,polarization_42,polarization_43,polarization_44,polarization_45,polarization_46,polarization_47,polarization_48,polarization_49,polarization_50,polarization_51,polarization_52,polarization_53,polarization_54,polarization_55,polarization_56,polarization_57,polarization_58,polarization_59,polarization_60,polarization_61,polarization_62,polarization_63,polarization_64,polarization_65,polarization_66,polarization_67,polarization_68,polarization_69,polarization_70,polarization_71,polarization_72,polarization_73,polarization_74,polarization_75,polarization_76,polarization_77,polarization_78,polarization_79,polarization_80,polarization_81,polarization_82,polarization_83,polarization_84,polarization_85,polarization_86,polarization_87,polarization_88,polarization_89,polarization_90,polarization_91,polarization_92,polarization_93,polarization_94,polarization_95,polarization_96,polarization_97,polarization_98,polarization_99
0,0.0029909755597182647,0.11447297629860129,0.20637474597339864,0.3289706518731856,0.3665629201053611,0.3856196618116565,0.4174239301880264,0.44081973462609625,0.46060085556183517,0.4768261767562089,0.46542578917494287,0.45683712311797053,0.4700764835167099,0.4521663348833325,0.4544742499578455,0.4388317316031313,0.42792429582557595,0.4243957727751838,0.4130625050691119,0.40724684468766936,0.39998872503826405,0.40850649180202814,0.4175156491941625,0.41104020674937153,0.42265401435006006,0.4277306658691448,0.4216226845036367,0.42830845943703894,0.4138696440563719,0.41797314031836436,0.41758961158024827,0.4284590965439579,0.4337194480543453,0.43779679113977826,0.43514411573433465,0.4385846997412646,0.4415340087183273,0.43166562403517306,0.42991060114010515,0.4259390857577745,0.42476049710694236,0.43775533469663325,0.44209481965319497,0.4425433245635266,0.44405294187859384,0.44811479913366925,0.4441378927721686,0.4405038994256717,0.43905869947962795,0.4231664844771225,0.41753826141112077,0.422976514425211,0.4245119170620829,0.4178123621093078,0.4135364009241995,0.4153206585373268,0.41178991507243035,0.40553426339699705,0.4157848737588384,0.4094496614964083,0.42120686927558915,0.4277044257736284,0.4235901614738763,0.43550711165819544,0.4345763925896252,0.4364044075078835,0.44024625113195237,0.4439459478941599,0.4385134035451626,0.4321496436444571,0.43344982191297604,0.4278010971594845,0.40921871786489816,0.40460754000616084,0.4039428094716523,0.4005471558180351,0.4013393719816879,0.4056602017567046,0.40551434709472645,0.3924550315684948,0.4011560245876929,0.41038357212633775,0.4132887094526073,0.4179077092728849,0.41369618204823594,0.3995013417768298,0.388416123848082,0.3976274538706938,0.4072330252615625,0.40775346496304166,0.41046953508347295,0.39872347495994714,0.39739676356189074,0.42019131667307713,0.4209518472497605,0.4299739939834401,0.43060029033733405,0.43434500119722425,0.43694402269719484,0.4404949073350782
1,-0.011526602375361857,0.008761891801773109,0.036464744084324055,0.06830630745589276,0.10332400794459227,0.16285515374122736,0.15758682469713597,0.1669544709236622,0.16269739388345528,0.15122193589276664,0.14610158667806872,0.15617928137393935,0.174962633231222,0.1664840976701654,0.1542252177913929,0.1736390683009203,0.15697540820018402,0.141044161089202,0.15187909499978575,0.15692842670185192,0.1492528918629432,0.16581556427807148,0.1484814736476898,0.17881418703192825,0.19705167660398856,0.1930170541832171,0.18629135106754652,0.19169355667205884,0.19648562779868456,0.2187794948822479,0.22386581542000455,0.22901986508104202,0.205703401056856,0.20660849101831638,0.20792713864731902,0.21074106739713538,0.21775748322787586,0.2211034238445289,0.21379577900261051,0.2271395352252769,0.2319028465130163,0.2283681271605718,0.22772975339463467,0.2026607053779983,0.1964997188383546,0.2004711928088504,0.190393241264335,0.18024844519608807,0.1798344369357668,0.1868064468572674,0.1976935304808342,0.17207631485156152,0.18412556687150608,0.1762567099082239,0.1741109244039109,0.183279817046852,0.18445883923285641,0.19245555227826416,0.20135663565982592,0.19981249352403382,0.2124938092412443,0.18579082665432012,0.19514838885199365,0.20189009506770605,0.19436307904016092,0.19597308295468083,0.21352541882087653,0.2068121431318474,0.2152546940277823,0.21226301872408335,0.21020742884394303,0.21622905052919017,0.21113201591253636,0.22362171959493993,0.22787535300015793,0.23224326841620513,0.21362455464827218,0.20113056501431414,0.19966190725127478,0.19123918143447913,0.19980394948455765,0.216973189183144,0.21334755229304966,0.2105446810921858,0.21501482500094415,0.22371341612244958,0.22696637246454002,0.2414842477357574,0.23036545572823108,0.24643479018624376,0.22527800118631583,0.23430740807415493,0.23960024040926456,0.2337286253983226,0.2296662630909512,0.2325896487195401,0.2214389223170407,0.21603230685922903,0.21861934221688276,0.23336727617558126
2,-0.0029473491886718973,0.016142399137946243,0.07355693779880558,0.1330185993554571,0.1952799559439461,0.2133295958217024,0.22096739828190018,0.21631104325639483,0.23935867218990772,0.24041967608886394,0.23915024914971966,0.22446852906016773,0.2299124210985572,0.2246361716818974,0.23663668342694189,0.234395447138817,0.23177469313660334,0.22596207522345346,0.23381967717275162,0.24453522589946808,0.23665466835246962,0.23147810498560134,0.22013916619822702,0.20699902395979503,0.21132495289188433,0.20328465246040064,0.22068587526853328,0.2115437691797792,0.23583345403754294,0.2247194485465945,0.21746064198128903,0.21246858072222996,0.2158385687662368,0.22602085489330037,0.2242642410645436,0.2162031987095507,0.22281394437193058,0.21426020129128992,0.2027908281768263,0.205021052510031,0.2003966956617758,0.1991195252625971,0.19126803301082596,0.18388774859357532,0.163150222699845,0.15019919261720902,0.1455719466554217,0.14617253075041084,0.14564796633481333,0.14963570983806052,0.15759080082440124,0.16553599577043723,0.1645160793419705,0.15636069023476276,0.15020945359853793,0.15547076866748363,0.15383961660186649,0.1408404614605159,0.12943874508025913,0.14113967837057087,0.145503329438135,0.14378953306081615,0.1442020797888807,0.12847822472810713,0.13550397643382184,0.13990106695151153,0.14722776865226933,0.1512744277773705,0.1382928348075877,0.13155179137289388,0.13314504292155685,0.13877445172886718,0.13010381479877872,0.120707064425162,0.1210029143407904,0.12349039276909309,0.13261936603302588,0.12670987950664492,0.12899462594286756,0.1299471018126016,0.12015671539540669,0.13484560166061557,0.11772530465495962,0.12375390517418318,0.11761615625307914,0.11628471865096507,0.10710794008054889,0.09908421603139965,0.12545940528045257,0.11754414882675505,0.12763067169530454,0.12930329092865234,0.1346978306276066,0.13019178553084557,0.131942727175981,0.12906725330823465,0.1403628150928079,0.13934366363029427,0.13526380899219173,0.1354990116417769
3,0.0010773771919602832,0.08036358619348181,0.16901782050618108,0.21804135115487264,0.18770010079165447,0.1439516070817929,0.0885500544140913,0.09556552242560466,0.08210247264142494,0.09364365032225452,0.08837133119511671,0.09528114553350628,0.08732797278090125,0.08178622891121817,0.07828404312970053,0.058191480181564274,0.05204730814903579,0.02658852956519024,0.010677383651060357,0.003930397874062073,-0.003310541983923435,-0.010424625387263457,-0.006817320578489557,-0.007124928480301693,0.004381546709920608,0.011092026383470153,0.0030457497320315247,0.0062220448583757745,0.002212795654758652,-0.009718633843338396,-0.018354612637461395,-0.018397277545218697,-0.009998761363966057,0.008875096558748,0.016447516370651335,0.0029852513632788414,0.018691933246142257,0.011099440305142793,0.021503329989526178,0.008892027861043105,0.005512836608298074,0.0018200715684359157,0.002642466086481978,0.010231349147761373,-0.0014981940502861299,-0.007884766031498867,-3.0244500988590425E-4,-0.0018585025399092123,-0.024007094365775986,-0.030002899508916284,-0.02335069096700047,-0.021735633903826185,-0.031503780178090954,-0.030730048306624545,-0.04870385139272931,-0.03894013227680587,-0.04631695540817165,-0.05107521535117155,-0.053313034231476805,-0.044822103034203004,-0.029521377480684587,-0.035453080568873474,-0.0622600597052551,-0.056353492383285964,-0.04493341427960588,-0.05967706958414033,-0.04042580918267849,-0.030734568721667754,-0.043641155888498734,-0.04108540263495711,-0.035396204425821455,-0.015860537959624842,-0.00909709832157298,-0.007684557915726158,-0.007085122561478684,-0.008686050466373193,-0.018042949470255823,-0.0102391945573296,-0.019465440076588954,-0.017516429613301358,-0.007497536404324362,-0.0034938998298351164,-0.003010023385654731,0.0017532223117717766,-0.0070729047597181205,2.847441292323835E-4,8.558019673453063E-4,-0.008952121990649908,-0.011344232149623339,-0.01576167771349467,-0.012259305567388148,-0.014069838735517669,-0.0055776747009612946,0.007485004886494761,0.004485508913665595,-2.4607395647245343E-5,-0.0033995710661716303,0.002838622770323651,0.006487021413213398,3.9388845942877807E-4
4,1.4067852224577577E-4,0.033295712013785596,0.034125277388651495,0.038203383982096446,0.029140805097660292,0.028720154965878323,0.02284033125129208,-0.0039789659681188335,-0.003580899426788291,0.0023602319188307623,0.007485761489789473,0.011698855445479082,0.012289217844302196,0.023011909141585293,0.01331542076333846,0.003152039885736804,0.01784524428666397,0.006949703307141271,0.013910439734831389,0.017752207422651326,0.015493035236212357,0.025267320097961166,0.03427381776857172,0.04189220860010805,0.03203220918377627,0.04282219958825607,0.04589344989677926,0.03542001618091378,0.025081320987918588,0.015786965355662094,0.023037575477163216,0.02245345639118018,0.021196409799022507,0.015472775211356642,0.027635336646692092,0.024579722307607476,0.019035918340634318,0.03520121859239137,0.03240860222647071,0.03571848238001747,0.02858207766419805,0.022868322944502965,0.013254437669592905,0.02736536632892682,0.03358417662705354,0.05072915486648463,0.04844260490843162,0.045860937022353505,0.056448688742995363,0.07322857399448292,0.07833278309404149,0.06596410097138616,0.05295916191618104,0.051296654772379345,0.04759556971330199,0.05332786087279727,0.049361317138221165,0.07520888203880484,0.07086098874384465,0.04838667887866925,0.04832952009145245,0.04746047962846218,0.05192923126883628,0.058254974282587656,0.052672720010401505,0.04637044485743103,0.047994975907982275,0.047511137604589554,0.052488757508332574,0.056522760284880694,0.04862663264501891,0.050846944218504865,0.05267652411465289,0.04763244856855717,0.05406217406397165,0.05068311399480332,0.0409697034335957,0.05048621289261691,0.035869008983755286,0.031681437890433914,0.027558649736152296,0.020940049338753174,0.01729505662667883,0.028045569568814134,0.01864520155087129,0.020240847544860618,0.007815638902096151,0.026868014180966817,0.016998046791953065,0.01787996941618291,0.020944785319608118,0.023266570510509333,0.03535509442060487,0.03193267495652075,0.04085258917282426,0.040670474331662286,0.028884250155189587,0.01633495721015561,0.025132329061614986,0.04090003805610567
5,0.00904547613609969,0.021953190554122468,0.03760029673170644,0.07858695602979551,0.08526185935720405,0.08616227637778548,0.1382429396413447,0.11391854969389315,0.09590930178718787,0.07958780117686176,0.06538635564472975,0.08315316012842984,0.08020963346137609,0.07842431516331692,0.06855229919317457,0.061010008089935834,0.06133265923306705,0.06739911555164144,0.07068769649951669,0.06830276663364789,0.06973525495454612,0.05881916990853674,0.05069893561438092,0.05266132825670029,0.053183661632660695,0.07431108418266855,0.08195907915915608,0.05229717709099003,0.050152410103766094,0.06236056681252467,0.07506688890096934,0.09167919732737324,0.10176109671417663,0.09729567895133366,0.09515939817348135,0.08366623221117696,0.09533043836718519,0.08193375430951626,0.08046231768262857,0.0723308907272651,0.07014376709382951,0.0707765577751351,0.07391612821598272,0.07238837027842178,0.07958589150807324,0.08883928697065681,0.10143512369967546,0.09654062103608117,0.09691375757092154,0.09197878218566136,0.09992867660068755,0.10341287135981818,0.09948556666773052,0.09545926761705424,0.09346082305004279,0.10584595826066807,0.10087292063059641,0.08138910854885176,0.0789183963994336,0.07502059986977629,0.065055557545774,0.06124833459253682,0.06445372358561503,0.057242780711506,0.03937698486701971,0.033385622516166724,0.030074687685329456,0.03532661192844833,0.03987025849255881,0.04767227654897475,0.05083981002881622,0.054775303618952303,0.05436422767953172,0.05310552512316231,0.056879729206138076,0.0642133973342474,0.06291457318317677,0.06471770729604337,0.0553843208937673,0.0470440160375244,0.047007401859181064,0.04839239373638025,0.04967894445042388,0.04711585328801033,0.04347303341204633,0.050782436577405506,0.042529586684999836,0.04482557095080848,0.041355876069206016,0.057997090502025894,0.06151746343652291,0.0650382906304268,0.07308171386691494,0.07152433981342057,0.07119156477600287,0.08711325441713644,0.07476372984988185,0.07767825425695012,0.07788943096967563,0.07963812571035107
6,0.0047776751869956936,0.030364699793497686,0.07747501723494551,0.1185095774416305,0.16458311658365027,0.17912655633238306,0.19592364213752478,0.22946412197682975,0.22507722044953105,0.23398740173137214,0.24277658549137865,0.23947804349229615,0.24337859254354963,0.23151109280382326,0.22939573794980914,0.2463635900396385,0.24571254449237695,0.25665003659799185,0.255103019480515,0.27110992711349097,0.26095047938985216,0.2578179011804206,0.2576487209573213,0.25182827596932067,0.24428034566284113,0.24881058390760555,0.2591151381438891,0.2706127769418893,0.25399276618579425,0.2432404119226443,0.24163141674300012,0.2504884385276463,0.2599385132898213,0.253807108609279,0.2545533597926375,0.25358831620168576,0.2581483086048581,0.283078963107573,0.28507779746480544,0.28219914809147517,0.2957731205275438,0.2998137848265563,0.2990558113183611,0.286339513857835,0.28129034835923417,0.2720038935828784,0.271058332213474,0.26425267989247614,0.26416347462045847,0.2575798316286274,0.252265834910637,0.25384593775658565,0.25544359058470556,0.24510690921868336,0.24635408396156577,0.25139352948629257,0.24089730256053898,0.2444479328867812,0.24938768613759044,0.25870894050108345,0.2683164336499742,0.257259882916815,0.2604290866911626,0.26899745797446445,0.26987308184188713,0.2671454559575673,0.27450899700977854,0.2908887798401573,0.28525714977549865,0.2868713858888909,0.2970828668494468,0.2939507579626664,0.2962784742514508,0.28827905761567446,0.28580222540122874,0.2808292560672933,0.28340361944170994,0.2669068016880327,0.26819193173516065,0.2717296377764231,0.2703030127319227,0.2782378574814215,0.2760341375085217,0.2754244618233805,0.27506174319752796,0.27841556325204037,0.2823403307289969,0.2867049072843115,0.27297588559169567,0.2716407330719362,0.26923688566490145,0.27198049918828604,0.2565424206094625,0.27399167381595807,0.24961847761489395,0.22580146990067004,0.23170626997466265,0.21876021129439213,0.22432645567300294,0.22246560926222805
7,-0.01139395978875139,-0.01139395978875139,-0.01171566213132012,-0.011908667613415448,-0.011733111771354852,-0.011733111771354852,-0.011733111771354852,-0.009517584769373482,-0.009493250332619014,-0.010368229934138678,-0.009491751338639965,-0.008802775944614375,-0.006092929166681645,-0.005642566570768196,-0.00370364771201312,-0.00370364771201312,-0.0039469837516123525,-0.0029715707299511284,-0.00309015665299086,-0.001183460799201868,0.0,0.0,0.0,0.0,0.0,0.0,0.0,0.0,0.0,0.0,0.0,0.0,0.0,0.0,0.0,0.0,0.0,0.0,0.0,0.0,0.0,0.0,0.0,0.0,0.0,0.0,0.0,0.0,0.0,0.0,0.0,0.0,0.0,0.0,0.0,0.0,0.0,0.0,0.0,0.0,0.0,0.0,0.0,0.0,0.0,0.0,0.0,0.0,0.0,0.0,0.0,0.0,0.0,0.0,0.0,0.0,0.0,0.0,0.0,0.0,0.0,0.0,0.0,0.0,0.0,0.0,0.0,0.0,0.0,0.0,0.0,0.0,0.0,0.0,0.0,0.0,0.0,0.0,0.0,0.0
8,-0.0020048845077593174,0.03261391328532698,0.08174818824258083,0.16859413871786813,0.24334099067535483,0.274471855738974,0.2866743023212572,0.2975868793443965,0.29876777543840166,0.3147987639741929,0.32137414649726154,0.31409997111167576,0.32715200038314834,0.31685379560971183,0.32296810267532755,0.31956091742997167,0.32045788249606494,0.31989500455137043,0.32681007245998317,0.33275431921474324,0.32914839849569716,0.3272456116507685,0.3401662992676188,0.33821763232949836,0.3467016286018233,0.3412723610797272,0.3433453496603387,0.3365876200290646,0.33769229374118176,0.34752607510520256,0.34706337924339936,0.3639647560717584,0.3651941955361206,0.36648510901932513,0.36627115610613786,0.37637765307367466,0.3721113928575413,0.37310422653568814,0.36221136465447856,0.35331333538451176,0.35756828414090785,0.3547497986414282,0.35326329369661763,0.36462277514114416,0.3800827846424913,0.3823469613281837,0.383909581439626,0.3724804664287287,0.3609155511004999,0.3587684560040052,0.36357525219897197,0.36771915519207815,0.35960495061934156,0.3621689831554671,0.37663468257012445,0.36837426462670964,0.36620003782860366,0.3724478880868059,0.3674930992598417,0.3534242039954757,0.34638254318396156,0.34919753215247157,0.35481303317539636,0.3519960161447447,0.35903211753109493,0.359418054493684,0.3638492745346008,0.3621063292866327,0.3626361035583481,0.369582794846445,0.3729923956592141,0.3745086048454891,0.3769375518969775,0.37979100501666074,0.38548994062897074,0.37426542174438215,0.366892444803574,0.34569579952093477,0.35170036227510093,0.3580057059047548,0.36518958029514775,0.37292508407850106,0.37778535174591626,0.3878718680865816,0.3724104433778838,0.37191078110875053,0.38080897145358866,0.3740706476536371,0.3810555514204633,0.37793987212718916,0.377650648849942,0.37683372359036854,0.36530404039422976,0.37167040450005595,0.3756907109144912,0.37137969181106273,0.36832395382634386,0.37508100209696366,0.37936857551709857,0.3904885396698781
9,-0.010147898064447481,-0.007883324307847616,8.533573920729725E-4,-0.0033143997303319876,0.0010576491931966825,0.02826625336918487,0.06276997553510169,0.09007473593867653,0.1155952056004922,0.16182536709588377,0.15721204580700834,0.14785178116541503,0.16646367254593705,0.16085459337146024,0.17485804626757886,0.1771250540927734,0.17559799373251875,0.18113509876513897,0.18676056837496205,0.1931594029179147,0.18624718078054564,0.1903277856593022,0.20631251920707913,0.21896388461506602,0.23082248765068653,0.23762567900796192,0.22538648191323102,0.22048656149360185,0.21409774431863104,0.20491342898568005,0.19833062101287285,0.1983226227307555,0.18351997386454533,0.19134675770889853,0.18870441103208,0.1899875686256621,0.2100727763621449,0.20446055147369557,0.2203178641517209,0.2058670494484274,0.2160674173007581,0.20467544581422556,0.22210580411202965,0.22726868082815257,0.214965184510827,0.20741494336745525,0.21599375274082766,0.22295945534738543,0.24018231006012963,0.2404575902207182,0.2292022248673985,0.22151301273781926,0.21867534942258873,0.22913677277497044,0.23332491218098161,0.22541291662224133,0.22374308548107952,0.23314813190466782,0.24206998388133957,0.24486615593884836,0.2601308130282994,0.2509340556895106,0.25752421619857113,0.2575674655074531,0.2545807586487958,0.25615637644143235,0.2551213813927927,0.24926270923232896,0.2649461543329709,0.26413073285635347,0.26408591768434864,0.26154400697585356,0.25958462907526525,0.2629093195051182,0.26563193564832516,0.274061806113177,0.26912578896231976,0.2671675459519552,0.2693475256196311,0.2512055654329719,0.26300585423042316,0.2728258261302098,0.2746848940682941,0.26589853679844255,0.27579184238389837,0.2775091094851384,0.28518583342996867,0.30431282076242866,0.3127074150517401,0.31059252195510245,0.3062554614058907,0.29358324680632525,0.2764550896502903,0.28268317534985865,0.28663440459180034,0.2857519785892887,0.2885364533235469,0.29459916828761634,0.3031048764974607,0.30560152834610893
10,-0.001191500331415174,0.029635070595101926,0.04719176072443006,0.13819886004663093,0.217245893208342,0.26790215688320884,0.3314339476630781,0.34453574446055313,0.34866900050857397,0.34777243821167336,0.365294738162137,0.3773182202956314,0.39035383264283274,0.3956000476483583,0.3924018692982961,0.3962478933677487,0.39785960205217796,0.40040299769495197,0.4072971878026477,0.397672409334545,0.3969427719291272,0.39678669429487223,0.40261584703153586,0.4060101211795132,0.40640590189196824,0.3977475633856097,0.38553426036181093,0.37358520479367646,0.3700018943087723,0.3670673687050958,0.3797116273984375,0.3811533868675099,0.389881172341139,0.3925045005640767,0.3799327389033531,0.4004831756790351,0.4106689285729572,0.4159298453530279,0.418965463829946,0.42177437527349965,0.4217015725787473,0.4275411989276192,0.41418529041518737,0.42016387783391373,0.41242910428360624,0.4184406755689993,0.41048796968027046,0.3984615253039845,0.3930748787103519,0.3909495445804425,0.4031701652343348,0.3906355213818777,0.39133068091771606,0.3858569144365724,0.3948254169982179,0.3907798329425575,0.3927803986756137,0.38143958015362983,0.3782014716521027,0.3772129806813651,0.38126212880778404,0.3898264899647473,0.3808357962971526,0.3791233059202551,0.36281330688266544,0.3480510646798806,0.3514286999187826,0.3543482124008882,0.35068921899228245,0.35686091177181867,0.3484928263310406,0.3476020206685003,0.34133301580788633,0.34151774962142434,0.34320754102802176,0.3429995347846087,0.34499120940888817,0.338989320397474,0.3439857702814686,0.3529069652728781,0.3394518891127298,0.3212898627140295,0.32233852893961074,0.32623208557089867,0.3273800321203774,0.3364047533788053,0.3370110656356405,0.34619174944680187,0.3451068560783376,0.35515975526331117,0.3628819870810966,0.36116065236648176,0.3763857084945248,0.3720281907523074,0.35542298851803467,0.3491507123935254,0.34804292080575217,0.3304141750613251,0.324607286781236,0.33690968139898964
11,-0.0013664879411411951,0.03598837785331566,0.08594002552518548,0.1360922000419188,0.13995925199904521,0.15572038235975755,0.12418174056544298,0.1001770183375147,0.07088920945381644,0.06773993336634361,0.06788511035903082,0.06478624198522104,0.05368950256953445,0.02428602529351205,0.019955415325734013,0.018949083792830765,0.016664318727563687,0.014386491470899439,0.010482493272932731,0.013631454984683824,0.012487639347913335,0.026921006497842487,0.01761232610433913,0.010852500260528936,0.02052086152576971,0.015128668988019392,0.018845778769893674,0.013513320580487782,0.007138731709983697,0.004740758484810686,-0.002789934835070677,-0.01134303850265002,-0.018900726134471833,-0.02926601033369631,-0.04238854147766766,-0.04010471725270536,-0.03547987400465644,-0.0357946788101982,-0.024602833139776677,-0.013408305879639388,-0.007178180907231246,-2.8694991000041025E-4,0.0014073612741494358,0.006141316174433673,-0.017445505273682077,-0.015207427030592122,-0.03818155313868102,-0.04892232800620262,-0.05204235127106923,-0.05903146408825241,-0.06554007522164249,-0.06439169542461323,-0.07291659803060467,-0.07830281271538904,-0.10180923832307559,-0.09525190073461824,-0.09497720157118106,-0.09580830656166077,-0.09912029274989695,-0.10542252078029335,-0.10614058138330877,-0.09820133127876303,-0.09709243048960291,-0.07813161014142164,-0.07727032480961585,-0.06932836707396448,-0.05833833799522258,-0.06636086750698275,-0.05296286375504602,-0.055535487620785896,-0.04329477054050589,-0.03910730704662102,-0.05773719692038424,-0.05954437495202531,-0.06780372889782851,-0.07485800681395202,-0.07574600497325248,-0.0703861895675989,-0.06608060303716769,-0.074476008832874,-0.07456529843849967,-0.06701228701928398,-0.05233675223761819,-0.06385248252006752,-0.05408217198887786,-0.06587805503933661,-0.061618880560598485,-0.06223520163742985,-0.06454719030440721,-0.06013877871365463,-0.06782567045010604,-0.0677786817856355,-0.061189852048521495,-0.05881489376654084,-0.06674149780179896,-0.06640811031201048,-0.06184497900324879,-0.053701959030007795,-0.05451602116066885,-0.048915999086808847
12,-0.003822061532256707,0.01905989258578207,0.02522634219364318,0.06381418819707835,0.09784962492005493,0.10893196801217464,0.13624777819832912,0.1464050701000294,0.15005428681425528,0.1338571755378344,0.1261968131495386,0.12482210874496041,0.11363480311622104,0.10398092813611796,0.10666408096929057,0.08178333170747033,0.07197161054809179,0.06213627599915008,0.05808400933412253,0.056626605458998676,0.05099403019093744,0.051271004397901214,0.05154333115898442,0.0577241708021079,0.07493001959920034,0.06940585766461356,0.06104862691393665,0.06234379501197866,0.07148788814610747,0.08077947881978974,0.07898799136261359,0.08873602058871022,0.09077530275669271,0.09025259664794881,0.08449436171881926,0.07412081171027658,0.07182007445990983,0.06252177194821597,0.049790870574524936,0.051818697824342896,0.05362169941158526,0.05066269654080705,0.05529986667040521,0.04254255499570216,0.04603094412562469,0.060332139912612624,0.07584562554745615,0.07661883898312433,0.07087831795446625,0.07810142155709682,0.07485075361150921,0.0871704054420551,0.08345812750016272,0.07571927633408343,0.0689562948905302,0.077523336801384,0.07035785597642227,0.07914335758582328,0.08153139485126953,0.08331344811561364,0.08608747275614169,0.07990035935300717,0.062004007053937805,0.06961787433000265,0.08464335622700388,0.08894072458193371,0.0952768366400681,0.10295483324183326,0.09094098492296278,0.09703271137498967,0.0945701128240246,0.08416246298979121,0.09468887051331482,0.09194765228515475,0.09433258551166021,0.08851682106942854,0.08780245120350459,0.09491071659975113,0.08749729277301758,0.07547616403285523,0.06305398688927294,0.06138450051192895,0.049354766504956106,0.045813821267419404,0.05204255833149156,0.0633538359960832,0.05889877634024481,0.053517748681338705,0.05628732889039121,0.06247706085091053,0.05613737580846716,0.05867426260650052,0.0672993954146753,0.07630816132552634,0.06967502115700377,0.08155658223726907,0.0855501141298663,0.08687551198332308,0.0735570539471092,0.07845218668000473
13,0.014131116042558772,0.0822605202328176,0.1728380722939994,0.24591478530210878,0.3022847110530633,0.3088318440287243,0.31641827908459874,0.3132599224026912,0.31823958071410935,0.31941407714900033,0.3175258870729642,0.2965033907868673,0.3083981454614428,0.29754527005628306,0.2885684120064762,0.29415833274472036,0.2868074914472671,0.2847326006057298,0.2827677118419618,0.28670219691436427,0.2877602219070641,0.29499987190312915,0.288258873697759,0.30039367243980375,0.3121408826673629,0.30034196511124306,0.3107158425899426,0.29784645697742246,0.3015101456403279,0.3022143764383338,0.2923151677709162,0.2917961987431539,0.30330168020774156,0.2953578356436059,0.29502642395533213,0.2804475359248917,0.29440712264792424,0.2967254530012242,0.27774577719301824,0.28193323832890926,0.2726279170066174,0.266794757305591,0.2589688857973461,0.2645035850191504,0.271887157833554,0.290409792884589,0.2741890853556094,0.272342512760847,0.267072813749678,0.2611900169379243,0.24943144022452704,0.2599350027457047,0.25672284102328224,0.25531757750547807,0.25970926599467553,0.2661407924253764,0.26479337531077773,0.2837485669290998,0.288437740004569,0.2875120831735945,0.29202077073728755,0.2925690423106602,0.28512821333195615,0.28849746429752215,0.2801749949082752,0.2855289057734583,0.2772808511914329,0.2892031100092947,0.2883544325912087,0.2855241208988584,0.28180431826964386,0.2872720840704251,0.2900660616753025,0.2974736018646075,0.28255605613447926,0.291135030114406,0.29481853240056916,0.29512485142334505,0.2820078913112187,0.27628275510828526,0.2793493590267912,0.276922890444026,0.288193048508615,0.28737771990986455,0.28037999087793286,0.28079373675914476,0.27272125333590447,0.2703847391748218,0.2689718780842991,0.27420833403373934,0.2704776789181626,0.2654357847221051,0.2532451156388123,0.2697751783502075,0.26796526333085363,0.25856650882451154,0.2514448489096875,0.24757083880513028,0.259806301696963,0.25761190154585084
14,-0.006678244164174654,0.03229976251083268,0.06438364935907902,0.10905904602321974,0.12728061273313454,0.12035941559698063,0.1139225913141826,0.07713574034451935,0.07643225798734207,0.07176337446123046,0.05689982649449593,0.05454788539945466,0.0470504537445764,0.055788967292838706,0.057507758217530805,0.07637251664259527,0.08578311254469327,0.07930513665632848,0.07576441467154597,0.08557381103187074,0.08812129199427707,0.09241594693526542,0.07516326848104762,0.07839164295238273,0.06851855442296749,0.06213045422876478,0.06432601533696747,0.047104350912680414,0.03841080782692701,0.053525170673114755,0.047160403565938556,0.03616842403429197,0.027951356993610826,0.034911183974646216,0.05524094795293754,0.050924774539980115,0.05631281086673103,0.08807329367136459,0.1007214307023067,0.11341298732295325,0.12001937129101226,0.11971358484150808,0.1274742963800072,0.12274590332847932,0.10490186396675685,0.11790749552888342,0.10876551153694207,0.12101177296041998,0.1327307959969648,0.11225016527427885,0.10507989036354162,0.09596476911800986,0.09470863292001262,0.08630655097003104,0.07928012783446226,0.08096476405595535,0.08874335733601983,0.0766297211333756,0.08817052799121854,0.0878876929718751,0.08426526187239845,0.09303882408740169,0.07954076153460554,0.09148323639784577,0.09430781566640195,0.10164673764082575,0.10255025974105263,0.10672329995757732,0.10247563195288048,0.08824865694253636,0.09382492854103008,0.0988487031551988,0.10753071907357228,0.109201129503906,0.1001268336123447,0.10274791755090183,0.11126858629697192,0.13007701333812974,0.13640791840655184,0.12936981851643328,0.11954367876886154,0.12417216544063737,0.11244975678956211,0.11896431826525648,0.11780902703868676,0.1141002244785666,0.09710884575850001,0.06864177023840366,0.057798524185347845,0.053193671781708834,0.0609888090657157,0.05300397045618585,0.06194963891559828,0.07044403941579046,0.05912153824256967,0.0613977820796052,0.0654664266230043,0.06979031353922217,0.059775804362931416,0.053071947040752715
15,-0.01640920839706157,0.012641360709015115,0.028579651400640217,0.02021962414715579,0.002360440556821413,0.008179315414949472,0.014376383249228481,0.008724221282088006,-0.00604389119149928,-0.02743176945470397,-0.04572437855146154,-0.043254321267932105,-0.035424918259278584,-0.05567240578808565,-0.0675241542931206,-0.07932065614817371,-0.07790732373830583,-0.10767597405568313,-0.12474239480405977,-0.1312764968310499,-0.09123373039698211,-0.09006884834715423,-0.10156295514784425,-0.11876659488764466,-0.12310140346101744,-0.11380665225854367,-0.09891522131769272,-0.1129242238049039,-0.11177013069104114,-0.10742076211611554,-0.10660227806108927,-0.10000377203247063,-0.07735907154937903,-0.09114162308465827,-0.08427301034425984,-0.09243769833233823,-0.09470986710027693,-0.08662680139361102,-0.09173562356369774,-0.10296118118632722,-0.12031984117958036,-0.1223832140793869,-0.12949809491772646,-0.12964992502522044,-0.1156082712623952,-0.12817041520378297,-0.1294810880445497,-0.13656384688828607,-0.148710732498048,-0.15252969450022155,-0.15607738889101405,-0.15629059030700182,-0.1555233174670028,-0.17372103690315374,-0.17229658127754835,-0.18008999250864233,-0.18560529230473663,-0.18052788843682965,-0.18861713937523025,-0.18630690715299944,-0.17640717517659163,-0.16580682101581756,-0.15089691597808028,-0.14807628485965796,-0.13740820571179813,-0.13586641088966467,-0.13565547099855668,-0.13098868763061508,-0.13956559385191677,-0.1440642998759335,-0.14711326506608663,-0.14599890503948731,-0.14825341716634866,-0.13921940474290603,-0.1543057442591939,-0.1702330174511292,-0.1767882854566813,-0.17668692446563983,-0.16685383515992683,-0.1517548317121879,-0.1493976564173553,-0.14785047643219967,-0.15442379225631742,-0.1776927160874214,-0.16021977059116524,-0.14522356405580092,-0.1573784035220112,-0.1612576064311757,-0.1573300779475347,-0.14992188792749228,-0.15709533852104232,-0.14235003319618153,-0.13806770362093398,-0.13040081812568707,-0.12260481679708235,-0.1291155057382489,-0.1487453385711869,-0.1550433987046326,-0.1530268471266349,-0.1547118319062009
16,0.004805848145727528,0.08919988328640374,0.2054308434313787,0.2794558808404355,0.3360878177812821,0.35292968683052367,0.32285438299524366,0.2901390149951918,0.29454008497417333,0.27250173505031294,0.27604632559622705,0.2674741180575408,0.2594294130028072,0.25794843848332755,0.2566413761142999,0.26749654629744063,0.2725988455441182,0.26641546159986873,0.2828275321244935,0.2708908707769877,0.272235671833371,0.2769768910027327,0.272836555283933,0.28187347202746527,0.29217483727211774,0.27563412217638045,0.2794546726055607,0.28790078169114025,0.28546558801386135,0.28376869039183655,0.2842377109558737,0.2923842341264213,0.2993097423111576,0.2968389006022545,0.28802853448471105,0.28205058339737116,0.26997651378725407,0.281840222400713,0.2868202668276736,0.2888260716412233,0.2870876025586936,0.29261165135233097,0.2924055797746784,0.2937684198323984,0.3067669666663906,0.3149602616423315,0.3057469218245,0.30855751325668523,0.3080865852357869,0.31618126268832714,0.3166805991551398,0.3171569386674259,0.322172347117798,0.32131430625256224,0.3191436461592722,0.31084077884769884,0.30933995957879257,0.3177212577335181,0.31384722876758603,0.31018593262810706,0.3094931428597441,0.2991719431644997,0.29158776744632986,0.29092957569686084,0.29804835309779887,0.299967805823409,0.29239221220101663,0.2994594128040708,0.3035583765622937,0.3061804004057827,0.3057430799331297,0.2995711024193867,0.30025506496749366,0.2887040835372042,0.29622708599881054,0.3043621814379264,0.29688153260413314,0.29492004433501956,0.31207887788176736,0.3153581724292158,0.31444774868593417,0.32069463783988617,0.3099247866565832,0.32083986349632526,0.3255690074150882,0.3270375610633215,0.3261524798739777,0.31975697906107514,0.3153538747451627,0.32247104588102493,0.30576065626753124,0.300590565575744,0.2957140689922334,0.3050591590934175,0.31233493107740684,0.30965334983447257,0.30688296563491707,0.302459377891761,0.3012793952576829,0.30766612451087044
17,-0.0019159092622407685,0.03343269981188696,0.04984124893561887,0.056509937822486755,0.08591745239844245,0.10417687517029707,0.0818885089661458,0.06565018590122089,0.06822888306293166,0.06873366185972174,0.05687531210573754,0.038371485819643426,0.028684359751412144,0.04417435931130703,0.043413052885317646,0.059352833172065765,0.05838862610985248,0.0505454600891921,0.03184907448259489,0.018755813754059835,0.023885098287366274,0.01793998652369292,0.02569651278977184,0.034277389493565756,0.04883921492295648,0.035270570035316265,0.04659556594384658,0.06405071108853454,0.06642362373253592,0.059029869846158725,0.07466607680796004,0.08671204334517547,0.08303438010845364,0.08022469751469298,0.08086585140154672,0.06434997769127833,0.0466106966415601,0.05092874927706901,0.043379204146653284,0.04283745477357599,0.0522452945598919,0.05118720058107163,0.0527038758049327,0.05670182736486378,0.07369016723541016,0.06363577097779294,0.05354573534882274,0.06430828692878852,0.052002353335171544,0.04593915060720066,0.03939541829318493,0.028334956881300166,0.03178111422259393,0.024367077210715724,0.03107085384090696,0.023144949632306743,0.04994633232458586,0.046940836821570714,0.042711557807473086,0.02817789866202606,0.023154546747538626,0.020283198388155364,0.021153296783132446,0.017040746430898944,0.012972676666054415,0.021312722710375747,0.03314320616092872,0.031848050663547005,0.027246174975101418,0.029197186387582164,0.037666127189888,0.032338693014692194,0.021350324098782812,0.02284437097063012,0.02515759466292684,0.023110365783916457,0.025491321248978963,0.02608761937588271,0.02596561237972883,0.04093441707227617,0.025299330939742425,0.021823714215520863,0.008220524110409298,0.0013087436620463793,0.0071411608909914,0.0210715507230244,0.017266267632699825,0.011190065803331794,0.005532618979887516,0.005381376876777874,-0.011953492953613514,-0.009912330967961746,-0.007662836971797424,-0.005256301951470676,0.005217219556971997,0.009512189642358731,0.002991293567546363,-3.116046658687699E-6,2.7389757259682233E-4,-0.0055877004437992605
18,0.006530338039959803,0.05850186096400558,0.11373250929471594,0.20439082670629616,0.19937228774105142,0.16227242874569445,0.15322419677169946,0.11771535806910435,0.13079400901030133,0.1396459667843838,0.13341118615160089,0.11575102520701773,0.0930562076519013,0.07516177511028978,0.05676719251825631,0.06347539277865154,0.05999321339278588,0.05437953110228643,0.04799907923545951,0.035763429969668976,0.03520940102713258,0.06664466200660808,0.058153970847504545,0.0425258305825885,0.03776242349741383,0.040312696184440826,0.04720419721058662,0.043651767177192505,0.026662142920975778,0.016707084760537772,0.017772256514736753,0.03263409822003434,0.03932390401035596,0.0336362899658449,0.02298505192791922,0.03912970323114451,0.03390934931998476,0.0268856167361153,0.013774528926070301,0.003575901700488951,0.001969534789337425,0.0037852973141480253,0.00360740131702633,0.011374746229538924,0.02231076865956713,0.006413637946201538,0.01273954454521871,0.017747014614448747,0.016939064973517964,0.011731678026025014,0.006416795785122419,-0.009445357162390932,-1.048970136039104E-4,-0.012051651353303,-0.02819608570623887,-0.0465263912794778,-0.052777603754457614,-0.04674814578985772,-0.049164712958515766,-0.03801076182203249,-0.04638984081421913,-0.051427122710490235,-0.051402719076082945,-0.05435561469733331,-0.04445533418325188,-0.040114026388739024,-0.026048962711495992,-0.03391010466111618,-0.04389081654499979,-0.046364755177782595,-0.053255799502797616,-0.07105314624998554,-0.07321912080909361,-0.08333889693697774,-0.08351078430984193,-0.08587490772720598,-0.07570998016397011,-0.08045858382637958,-0.06866012213767043,-0.06296514427607229,-0.06610103758364111,-0.08163094933831673,-0.08698414731317791,-0.07772738657660909,-0.08565179043566655,-0.07325350466934609,-0.06292801498636473,-0.06598653654448994,-0.0712614619810719,-0.07126759827072437,-0.07200566706751722,-0.058753197576769736,-0.04892207329263484,-0.04297740151031907,-0.04675007480352604,-0.04856018197394848,-0.05108696221504054,-0.05650471348724039,-0.06529213939842887,-0.04998393835607508
19,9.193842768389133E-4,0.09905762549194946,0.17792308750492378,0.23651471911006078,0.20773880493116234,0.21103238927568627,0.19272177136108198,0.18495894795382672,0.1795407527357523,0.17569245046268203,0.16258537380151597,0.12324493134626652,0.10740795579395243,0.09303670632254485,0.08548455465055654,0.08194975328414088,0.06939925444772628,0.06801591594990783,0.05725929796967148,0.03846618724460574,0.040794969985478435,0.052148146158056,0.03908019281149209,0.033845879697901024,0.035836403715837,0.04654365800841299,0.04489093466271539,0.03470771243412711,0.03754290404620571,0.028467976316838367,0.01895983115227691,0.038071592808841474,0.03258116904369718,0.04537756513877064,0.06038067185651391,0.06293953139651526,0.05372255224152386,0.05095180981901692,0.049864647387914046,0.03975102620480896,0.0580997328677238,0.05017188770899653,0.05581444709487223,0.053348458643276135,0.0548030704822922,0.05786822570771937,0.06719519340361049,0.08274571396445446,0.07041689028135488,0.06749234521969112,0.061354735240527744,0.06274653441033064,0.06001420462876843,0.05941809607435092,0.06595673731065055,0.06759067112664582,0.06328927923345339,0.06332948268865551,0.04490391711234618,0.04163415063024038,0.04217056953396511,0.037460377983833455,0.03834625845318842,0.04201758901556489,0.03222191369318825,0.03443476229133145,0.02087614172413984,0.015732053126630077,0.006000522291892241,0.011311802053053573,0.0013909926814593032,0.012380140196966188,0.015156669846647106,0.019778500557950815,0.012774688655485235,0.0185542071331134,0.027453519964908028,0.03207185769914424,0.04841292573221326,0.051453683745974456,0.05008735507683944,0.06459388573126802,0.07900613645606228,0.07529664788031337,0.0730204918883564,0.08041754897033586,0.08288294339150738,0.07515562663916793,0.08228745299600329,0.07893861235328056,0.08543172323360508,0.085839595969089,0.08911461478600723,0.08574743536897433,0.08299209341115342,0.08634693949109351,0.08496292257360018,0.08273943525389413,0.08706938058807405,0.08717989878976957
20,0.00367681784291984,0.03790138718548357,0.05907226271552294,0.07751663820932576,0.1373918924852462,0.15099954856909117,0.13624011326136354,0.12455161040658515,0.12779217723015443,0.11560333234592289,0.11597185708385979,0.12601464848447239,0.12610835687273825,0.1378910786296256,0.142553613164187,0.15611131300356218,0.16947003117762796,0.17601486879503522,0.18012325698906456,0.17093565182905948,0.16383956810203784,0.15804326189859913,0.1625141772424627,0.1736499450772283,0.18092377889834627,0.16305859060859512,0.15550294455210545,0.14260915113216538,0.14406269466582247,0.13020018665358282,0.12966213828209475,0.12640564306000074,0.1105677682880606,0.12113667199934783,0.11402564661792519,0.11729729554985698,0.10413041834906339,0.1001897656388195,0.11724227845731665,0.12653959435613912,0.1366577212720737,0.1374965816326058,0.14888620749816497,0.14876699642536148,0.1452694399242479,0.17150874962707213,0.16046447393495683,0.15486072874314152,0.15001684052315167,0.14276138021287038,0.13253941619306986,0.13255837682728103,0.12917406400796197,0.15231075389586235,0.14882289364000512,0.15673155723938417,0.16760446716141042,0.17063060574350686,0.17065829428217136,0.1819272501843038,0.16790187439385118,0.15918787745655233,0.1462520474859095,0.14651332562259406,0.14241846033070582,0.12881820990781784,0.1409652108071242,0.14054282661192571,0.15159337430667771,0.15126794302151572,0.1527679330460424,0.15888244170715632,0.1448177389418049,0.13335475132397984,0.14752291396690229,0.14367530585745233,0.13904131931210092,0.12926855718891953,0.13396580548255024,0.13673733118457795,0.14465047028136999,0.14481146224160463,0.14337711514048412,0.13657466357986978,0.13383122930338603,0.13200920963719953,0.13723397103083051,0.14038087060577956,0.15158347613327694,0.1397830526846956,0.13180852775194574,0.13450820571959246,0.12793122388566433,0.11730081375152279,0.11486280723865755,0.10525461697420255,0.1026525765375184,0.10763302244837991,0.09105134328312901,0.09267788037301919
21,-0.014961386563214234,0.018420019036909988,0.02311457603624523,0.08558488366610835,0.048121433107737754,0.03183171441822361,0.03214640253649987,0.04856604781213008,0.060632181476769194,0.0599988665926416,0.052747436664185514,0.05485233000045949,0.053238687028801863,0.04077396828394224,0.060894573759591245,0.05429958049500297,0.06734589307678666,0.07945731361679079,0.07973717888482282,0.0658655230744493,0.06277020390625368,0.05494116497271424,0.05206339745984511,0.04321956536009068,0.041343415253851774,0.03277587034344465,0.021259746625991224,0.024354987545059704,0.017823576609685844,0.04892191016916663,0.03968745624501113,0.055989623779321,0.04630655033208865,0.0537615974780316,0.050632237071807945,0.05760604147748877,0.06241372352502219,0.0632406459870647,0.06026396473029878,0.05264158345965388,0.05569068035269058,0.05808833904056112,0.0627853387248569,0.07607444813440384,0.052993976710978934,0.02388654130431375,0.012672514687154655,0.01697236233726041,0.016712571969727908,0.015730702155737197,0.02867196216850646,0.04058540831036757,0.06239263066654051,0.06825576330442869,0.05521319274970831,0.048938113622416506,0.04835856254973273,0.04527339372886005,0.03887199729581198,0.04135211012858202,0.05001019094176536,0.05676267126322067,0.05650214199086223,0.06345283958375791,0.06306736175317461,0.0681810888041403,0.06458161872843131,0.06130062998041419,0.04763093919462981,0.05176547814858777,0.05704000559668479,0.05866777814767742,0.06857491497522587,0.08008991265923307,0.09019100493876327,0.08864609560525327,0.08355477909412891,0.09066650477038227,0.08779771137940162,0.08274366034099556,0.07444060861364359,0.07985834220570678,0.07011585819316153,0.06624402791289966,0.05846344341861798,0.06256986175316237,0.06667933201888374,0.07162550948186219,0.07674117620761674,0.08335138046010812,0.07550899061523818,0.08461992028797699,0.09462782678613872,0.094873880137636,0.08247642947731229,0.08667567139816214,0.08374531696807158,0.08280531667016996,0.081277412266406,0.0835660928880231
22,0.002076930038717396,0.07422461503152646,0.12535304847127862,0.18879882633446754,0.21204372245442918,0.17843840541896153,0.20796165689019958,0.22018869470488223,0.24093873363332974,0.24675353239686923,0.23354147121081784,0.2211952781008425,0.22410675468311994,0.22348862899644087,0.22206669199518628,0.23196251083266797,0.23385141408941418,0.24211668859268498,0.2175139111786233,0.19841749578881338,0.20954749902788902,0.19681896493272166,0.20218434602941593,0.1804235053387181,0.1830574642899509,0.1867245148855732,0.16485555320285353,0.1877358970354373,0.18906441837305554,0.20134982026685957,0.19148938249272918,0.2001384090299239,0.19875233655891836,0.1946670877842496,0.19188900549320637,0.2006779255748116,0.1907794507514195,0.18918841320834592,0.20297932241166364,0.1945518915046625,0.18602639307472096,0.19159028988027899,0.18622216665492686,0.18998063627852216,0.17677111928312597,0.17318884836850168,0.16926243836533775,0.17844518727871583,0.1615001822800055,0.1655213679918795,0.15459108298185245,0.17326662329209058,0.19739312913082888,0.18284878663790163,0.17728812652073234,0.18087887773799494,0.20061827439446195,0.20525193119296556,0.19776596258635695,0.19724985126702507,0.1918608823328275,0.19401980565009347,0.1936074472820554,0.19627966077973308,0.20229584303675574,0.1939765602656929,0.19872726830904405,0.18929490831539805,0.1964845910684204,0.18060104856732256,0.1883988659726045,0.19541279875793094,0.18501016089721997,0.1689817787199146,0.1777760847105435,0.17554457858978328,0.1677613724585936,0.17181305354687285,0.16790619775865107,0.1741961209046049,0.1702436302804091,0.17548647391268052,0.16826662169394235,0.15103223528985127,0.1358141456252989,0.13193709289368155,0.16411387667004365,0.17197701220025988,0.16105792034525734,0.1748022346109149,0.16479799158656816,0.16624595197698006,0.17252613219162619,0.17474302052072757,0.16799825530122603,0.15665431820137696,0.15682088119394352,0.15638432685965326,0.16022911255777278,0.16779722722266172
23,-0.009469477634596329,0.029365849890791062,0.06260577585299576,0.08469908318257559,0.050373683188265864,0.02469647471494493,-3.272575293464751E-4,-0.029935939746873676,-0.03763479500212746,-0.029373573868759592,-0.05393607177169752,-0.062385457747306645,-0.05652374791686788,-0.05100718542255242,-0.052638971192225874,-0.06525723101512013,-0.057799959264924754,-0.08056632642173601,-0.08099081841702237,-0.09876006613058616,-0.09988575469983284,-0.08754599511599283,-0.08033393238727524,-0.07904575085951074,-0.048307996919296645,-0.049553498850019626,-0.05735667584181077,-0.06001719338790076,-0.06215934478593322,-0.05066474466051041,-0.04489245930396048,-0.03610792110425532,-0.035553600732323165,-0.02901995592222909,-0.03512058910555297,-0.01531214052299596,-0.0021287996021456083,-0.03478411841570922,-0.04139289872817497,-0.04129787178426511,-0.028292056470119554,-0.044920665039419216,-0.04392222665462146,-0.026764867147806157,-0.022467984862000683,-0.018456591753996852,-0.030989831770708277,-0.045739168328170765,-0.05619625567680846,-0.043931496628616236,-0.03602797125129727,-0.03382768876161134,-0.044123503116414164,-0.034564065189494814,-0.027192490987125936,-0.024192945966583387,-0.020400394251529907,-0.021348363866852443,-0.0181339619225019,-0.014470727970785016,-0.017685498088620858,-0.008153489619455372,-0.01398214610850792,-0.011827657469664264,-0.007643886232875485,-0.008807181464785225,-0.02139507253933109,-0.025187279624592027,-0.021204985249778173,-0.02178840137989095,-0.022871009713170305,-0.03450319391726657,-0.03595993402097404,-0.027268766211754066,-0.025076281339059137,-0.033013514766516254,-0.03493053375689307,-0.009722818320471534,0.010580325140861395,0.0024997130175753255,0.014530647751403336,0.016700190293459486,-2.213005241362856E-4,0.0035321599791014917,0.00468092781822149,0.007442433359511418,0.008627227509122136,0.024272324819487948,0.04545304033752186,0.046631159254561315,0.05705973750852162,0.059398720300343516,0.06936654965453229,0.054371559595586254,0.05647838957167587,0.058511329491631715,0.06458039366195449,0.0594681818372369,0.0553287667533755,0.04956141873986461
24,-0.007933699389832594,0.008083127432670157,0.03804670602215756,0.057358622722043145,0.11683153091076047,0.18881237220996688,0.1960205629222111,0.19714843200021936,0.18355177198568368,0.18834560872560008,0.19133051974950988,0.2005750234436295,0.18627031695720697,0.18721752964714156,0.19125771539563727,0.20302557067920407,0.21416387265974482,0.19435121895829385,0.1890424993362329,0.17660563144139907,0.16077877351149347,0.1460361512467606,0.15599762204073278,0.15516996479810577,0.14724588300169564,0.1478080399474082,0.1114053148616955,0.10409352578054473,0.09295708255918084,0.08263128113633199,0.07979724708728689,0.0697609023444175,0.0827861110221883,0.08388377471644874,0.07752699864596624,0.07723086611043245,0.08140454184767977,0.08977979808251657,0.09341605087481879,0.10939565187527883,0.11828497113710364,0.12276012815941302,0.12816808665603857,0.12548615346755546,0.12278863300667159,0.1206208326094168,0.13315586845434157,0.12308320473457973,0.13718692920990802,0.13917280988051775,0.14579154023441318,0.15078293418642874,0.1264805320951391,0.12049990172536423,0.11640714074112452,0.11564301128117772,0.11456785991678232,0.11548315919325573,0.1178099078956243,0.10599192587503634,0.10417656733095118,0.10571377909333723,0.11475301181478877,0.12055963510906159,0.1265033533191855,0.12888869532830405,0.11254492282887113,0.11191809978230818,0.13284198947309395,0.1424255414035183,0.16285450132349694,0.16697443988794944,0.15131264192092597,0.1446853550903627,0.13955796486752384,0.13807455148999426,0.13626414187308053,0.1340547298576615,0.12865453454435546,0.12718156303171807,0.12607822628072296,0.12239517978456763,0.12438631075790861,0.13831369633049262,0.1436324053618682,0.15169743166725952,0.14815270604733233,0.14760541224140675,0.14517003693402486,0.15196627729011825,0.1462543409394854,0.14750128738120968,0.13549316851891466,0.13560249171252176,0.14486606333038282,0.13917939817483205,0.1385033254334037,0.12925369956577942,0.1337538015595736,0.14203133929543355
25,0.004798391833852435,0.0046374731231582375,-0.006195769550684642,4.351511434869951E-4,0.032847402759705525,0.07172696141718889,0.11635539804416303,0.10767839462083688,0.12974057894429283,0.12240054864521337,0.11282959598133352,0.13778355186378763,0.12410602482485569,0.13534756761174044,0.1493514079167261,0.1429172650245028,0.14643359056008415,0.14957020414936825,0.16014501605664866,0.15790461179275342,0.15953801678946708,0.1548542675606121,0.12873548487480202,0.14178810185837581,0.1318839205423637,0.13368186807187515,0.12589013676258223,0.11958425510993406,0.12541823957442266,0.11368445851745786,0.10798692794187219,0.10923743850845309,0.10191223734765488,0.10859483137245864,0.12033441949399522,0.11406316629821121,0.11844325173682436,0.11668954813841198,0.10261585178368607,0.10652895011975155,0.1011305415060433,0.11054761335573517,0.11100539075901728,0.11108375081918002,0.12510147088517937,0.10277610293523741,0.12744284127553296,0.13593546946437102,0.12839432426763644,0.11654549655595116,0.11628429032921912,0.10121130437315021,0.10313776072252193,0.09067247243679942,0.08310625152941316,0.08751607595812672,0.09409972742012415,0.09307626624495033,0.0887259928361714,0.08643792126185663,0.08529976509278794,0.09924431690614352,0.09240510152227416,0.08039428295389243,0.08889011723017438,0.09669122696182378,0.09855872015719612,0.08576974095490153,0.07668168168553127,0.09615623831779065,0.10245932161082771,0.10988866911332552,0.1068855535118132,0.0983565255653727,0.09959539477417374,0.1042914930954773,0.11533429111848444,0.10339797159423872,0.11969734244549438,0.1324258047414172,0.13505256507974328,0.13063537522289306,0.14340277424716338,0.15199872543253357,0.15234887555872204,0.15680247732257058,0.15596740154996463,0.15955950292466453,0.1577011624037646,0.16431942429885582,0.16160459636521357,0.15097461522349337,0.1601423126223046,0.15897012226130508,0.16377650946058658,0.15885913409656852,0.17297413092912112,0.19048727592558654,0.18257600339584867,0.18765455302235742
26,-0.00632216660087273,0.04928568646924531,0.0925917334084188,0.1466975533550125,0.15214246106540602,0.16264627240591853,0.17761579207361408,0.16284277896160979,0.16401531556023558,0.1678873534056986,0.15325122083468665,0.12849562755065475,0.11645904918805339,0.10943921085303861,0.10247349218160834,0.0807780197333134,0.07802586147819716,0.06633085086969036,0.0684295546279187,0.07068572976220862,0.05123789306738616,0.05378460223002431,0.06989087526868289,0.0668248915630858,0.06735016178353821,0.046790752832289194,0.034062144985963376,0.05287483811638321,0.056656834647856306,0.07170906058471214,0.0748217557153143,0.06979494933310491,0.060022283968052675,0.03735089787826119,0.0314188281141407,0.045902522802461834,0.03923850541144148,0.0221786734159269,0.018435802925381092,0.021307363364570377,0.02952187187074104,0.037941121791520684,0.04251925065727215,0.043087894891460296,0.053043936694097,0.043555726898257915,0.043943995274788865,0.0625470611416749,0.05823064369316605,0.05410278047431939,0.07851294975819523,0.0921342088899717,0.08634287618653153,0.07899100192664701,0.06412400181999706,0.07370805305216663,0.08684249697797902,0.07814066631622567,0.07799646743776922,0.08000380415603882,0.08125228654942603,0.0982063400238638,0.09125461861911134,0.08522031813575501,0.0763193083967608,0.08295118710142195,0.07792248701804723,0.09447057589116696,0.09555497041363113,0.09506441554826224,0.09118628310763364,0.10831888823430956,0.10719735937420069,0.11790163297319442,0.08889385623569852,0.07005387767506302,0.06768536144243943,0.060109702518501396,0.059589635778122985,0.05028333244897732,0.0634161264720827,0.06044933670408982,0.06199145202548431,0.06137561422896437,0.059667757620894254,0.0533852379778397,0.051604532745198925,0.062053000466941836,0.06718066001605863,0.06797147183759557,0.06047034217344826,0.06264366681604869,0.04763653191750432,0.06352110258082583,0.05449264463040026,0.05145188365224519,0.056937447892789594,0.048206005133653675,0.04796433264518701,0.053364974897050485
27,-1.0805808787128211E-4,0.03443685279573477,0.05818769576669082,0.1139604865947878,0.1620600120508046,0.17666168225038498,0.19602829702509225,0.17960088350296366,0.1877332949363984,0.20218157799618194,0.19691554159641364,0.19629339659103945,0.1907341150560688,0.20975054807981772,0.21131424089371875,0.1977485591798541,0.20877590641691893,0.21636871121384002,0.2308812743479484,0.22612349024143857,0.21920568804067972,0.21508206711747557,0.22471834588520212,0.23446761301405877,0.2274904799665459,0.2242737042638491,0.22856221584932704,0.23185203264215917,0.228265389262964,0.22685974630367503,0.23137623956478223,0.23443281168802607,0.22673877605589246,0.23677724039279055,0.2388043011055309,0.23932484183128783,0.22463892931730392,0.21894419183124092,0.21001061809861643,0.20164191922257438,0.20548535334045714,0.20635095085695984,0.21722577898949574,0.21558624418383104,0.228099766963828,0.24358787162880563,0.24633312626102222,0.23782854252810742,0.23359721094167618,0.23304384373108206,0.23856416247078743,0.2293507456743806,0.23154114174098378,0.2401073692281729,0.23669014774676864,0.22032786114285827,0.22006521842578305,0.216828179695391,0.2285479046967218,0.23432649573174158,0.23171407595714336,0.24898427816766092,0.2493869351728016,0.2519341424211967,0.2621689294153423,0.27348184862358493,0.2750288094406154,0.2841116438400099,0.2528456476885951,0.2503653956175015,0.26521510407668275,0.2533234139275708,0.27200252955549614,0.26485872027672513,0.26073767395732533,0.26526846701360546,0.26257993971699506,0.26365726049473,0.25348031417470673,0.2576465289768626,0.2711903122727452,0.2649362122967201,0.2655711945940449,0.24011972676746368,0.2495624607093681,0.2567129252529395,0.2736220723320334,0.29345230227840013,0.29547893629822203,0.2841211772964039,0.29334475447061986,0.2832939674206776,0.28373689825122206,0.2722061857671666,0.2742614949454179,0.28428589357417683,0.2975382959185175,0.2929993168677975,0.29411517506391394,0.29922133757716796
28,0.0011802733069036849,0.012445892640645235,0.03207741022069966,0.06850512377135153,0.10504580359291195,0.09304759855115424,0.12136399822416637,0.1575931192175159,0.1776158159238663,0.17160274777465837,0.18147031795708288,0.1916683871914229,0.19212446699754168,0.18970410232895085,0.19598754577333646,0.1989200647423152,0.1967482604173713,0.1850330177846838,0.1810919595501164,0.19033079576709722,0.18552488104379772,0.21208096443735464,0.2166645055706825,0.2285962513990698,0.23452952234709998,0.2404519561416366,0.23988571307750964,0.21793119945474057,0.24099862365712338,0.2382205149474943,0.2437623968713409,0.23320274569821794,0.23218614820336214,0.23264052217636366,0.2461795160316185,0.24501907905785802,0.2301225942833282,0.23171400277486892,0.2353121191993295,0.21853112191843713,0.21931400288069194,0.21759763676742083,0.21203317090433846,0.22653681509761678,0.21252931111720463,0.21934055064462274,0.2122003322172907,0.22508449163315947,0.21334682140200262,0.2112793341850189,0.20493303501386195,0.19155826628915168,0.19369714266650795,0.22026843621661876,0.21103919405539892,0.19852384115876393,0.19720392163575787,0.19637634055338105,0.18464077715878127,0.19715969543715123,0.19044840572638186,0.19904591015967468,0.1861838414589214,0.18129424612813796,0.1675660067229757,0.15443415719571363,0.15162406534976886,0.13664077902057048,0.13254889540977266,0.14295651785297384,0.13587670736530066,0.12780532204449455,0.13626005218372086,0.14924858801478766,0.14052336779454824,0.15035688972860503,0.1506986031484442,0.15495114166025944,0.17174978321936457,0.1609526758224219,0.1584168169623247,0.15750783278900035,0.16071757438385845,0.15918825966526795,0.1566020683274219,0.15811994500424562,0.15568021404134713,0.14360924040375528,0.1298510919052165,0.1249924212987717,0.13470613417765892,0.13809902445532637,0.12468766257804362,0.12161073208286392,0.13573461944973136,0.13346805012318824,0.14608771256636008,0.15129864833725884,0.15611072584231006,0.1497098629583666
29,0.0031267870021303656,0.03168306203873216,0.08867418420375588,0.15040922683299215,0.22588709985868916,0.2727011101008173,0.2969722237090675,0.3401696559065846,0.3490806463381222,0.3671797700726384,0.3824675417329429,0.3844931478185945,0.3856794679439529,0.3792778870626022,0.38089565045652857,0.3791104123130193,0.38413710565670706,0.38716011976934633,0.3890786531782493,0.3877678893477335,0.3926798995067597,0.3942450699518869,0.3902246853566354,0.411731307669012,0.44164668678475066,0.44908435042630174,0.4475588199908641,0.44244401101046954,0.43120776515912895,0.43325687122349493,0.4462466248073859,0.4430144962393171,0.44283211482696283,0.42312258948993,0.4264704024185885,0.43974727406794656,0.43077204130422153,0.440375274331289,0.433805587695266,0.44187269771627863,0.4546765105891669,0.4542880479191118,0.4422178649660525,0.441179359542923,0.44029033933268624,0.4482220576753594,0.44228268731697684,0.44307158529684953,0.45800705458047974,0.455188684379931,0.443060290140657,0.4388956363922466,0.4409798879581021,0.4415879416975646,0.44079167493245514,0.44248588733566924,0.4303665028543897,0.434189845469804,0.42949770415772126,0.42486359532457224,0.4288129820035411,0.4342329518323415,0.44368517671596125,0.4319241188032518,0.4121009862290929,0.40316124294475114,0.4039416227188234,0.39768948903548434,0.3812459359361007,0.3787222776479372,0.3833200742480943,0.3773980597499439,0.3752187222619585,0.37432517244782226,0.38605307361313806,0.3847438137961592,0.3824940463824869,0.38060104327066674,0.38227550245324793,0.3782068715295979,0.39019069133927786,0.4059216354353346,0.40832148391132,0.40796706822255563,0.4202240405473473,0.428906988950012,0.4179993509604478,0.41894507868582737,0.4129859462038737,0.4089385751630043,0.4040002817731368,0.4091064216318651,0.4023236651908118,0.4016007692152608,0.3901545446423965,0.39151184922849525,0.4025207838404075,0.39923045202299734,0.4055576309660563,0.4031006967026514
30,-0.006364639447108803,0.0340503175373281,0.0503071479075878,0.12903154803503913,0.16092584454264686,0.12851418041780086,0.13341857722142814,0.12201552899711227,0.11962674802093799,0.11918758204959821,0.10994809269452237,0.10734693957655059,0.10891238864518027,0.0933890285570792,0.09970088584954645,0.08441342716404254,0.07735474530570244,0.09462536247024023,0.09830453437323047,0.0913658258220219,0.08588832542161068,0.09351330117472893,0.0782567011775452,0.07714793438549818,0.06864242306177307,0.04217783768171875,0.051104361423507896,0.05119644454650822,0.07129478855636649,0.061616645632441305,0.08374398401137981,0.08570460481384602,0.08929757761094144,0.09073163867540027,0.09200036819513485,0.10309157911186696,0.11243607166113374,0.11053034672001254,0.11258381198455904,0.10299542631881785,0.0899622284072997,0.10449920002388664,0.09726604745539733,0.10604828504135291,0.10050226665731561,0.10889491172965114,0.10891865484315912,0.1046877901402819,0.1001234571462041,0.10763682473541059,0.11699085238684905,0.12020039592558432,0.10831269950731186,0.11011297626865968,0.11608134942336297,0.11366908267266625,0.11697974371367993,0.12249913481722458,0.12745042469914705,0.1253888680826407,0.12399257443362979,0.11844518862585807,0.10146996318879237,0.09337129172913239,0.10377699386715811,0.11012252375045724,0.1220512757331012,0.12021926962194901,0.12171124283770363,0.1089795951229807,0.10126771187042696,0.10522395705691717,0.11120190097231869,0.10822207189034072,0.1054467300764666,0.11253509592685379,0.1116918412771016,0.11644082671603691,0.10697091759448106,0.09841355159433907,0.0926800720128602,0.08910907967627942,0.08699556247469645,0.08311872807989,0.0778906802161067,0.08292304110022503,0.08781203902831505,0.09285183198029542,0.0965988173311409,0.09322699860649321,0.09595976506824462,0.10279746711012093,0.10710749603051385,0.09558230485540223,0.09940242812773388,0.1047176767763108,0.10118043192416712,0.09560368704657543,0.09250744762924354,0.09285391675706346
31,0.009356697985113143,0.06960883227495614,0.0934622253086684,0.12294612247111635,0.09780259503801922,0.06739849204779548,0.06591391528403036,0.04489535969697145,0.016679753369308686,0.0041055420448205095,0.010815879830712988,-0.0013797548823831485,-0.0035114828524092003,-0.011573031980784916,-0.01187533400423645,-0.012920393234113203,-0.012957086810702678,-0.020068935303359355,-0.017326820354509623,-0.008022361412417515,-0.008103568331713622,-0.010315267609878278,-0.018569337929044336,-0.007021090383915326,0.0054383279872575185,-0.01119467075380988,-0.002716095667539843,-0.021420276256289016,-0.010138682255739702,-0.020094080596353484,-0.04507686462495343,-0.0467130660564079,-0.04646383811261818,-0.03444669403508613,-0.03435533798326958,-0.026169374103742503,-0.018590227489854262,-0.02296161119847464,-0.026080418884567278,-0.033866373045897485,-0.039512411487751,-0.04787322866019559,-0.05822938129243365,-0.05297608187870301,-0.04694239702626472,-0.04568251776423675,-0.05587063660641825,-0.04360936458787415,-0.03960786196050791,-0.05354014854567074,-0.059387240260511176,-0.07096287034187126,-0.05838107827926533,-0.051951696617720734,-0.04688014267427921,-0.047332396492245715,-0.06254164215921791,-0.075120810609475,-0.06934790299011696,-0.06708864461025635,-0.06478015597778203,-0.08934170186623996,-0.09012689368176403,-0.09273445476769966,-0.09501683553583272,-0.09729069581377837,-0.09688166280625744,-0.09757898987340029,-0.10993293481079101,-0.11346462776007848,-0.10906452713358608,-0.11675459014097493,-0.11861737898057413,-0.11452467113652104,-0.11129208611881972,-0.12269449389046308,-0.11782820499956147,-0.114663437332022,-0.11468555561258763,-0.125400714763808,-0.11635595770551906,-0.1167474651084683,-0.09570317470235964,-0.08240748211318329,-0.08348026750698585,-0.07812754963137843,-0.07396634845632095,-0.07563843738974865,-0.09795762671403124,-0.09316045564334097,-0.09315499316278517,-0.07520033448856095,-0.07357364466418959,-0.07486443023106866,-0.06289529827964765,-0.05381280537503342,-0.054302311453567675,-0.06994378790904363,-0.08976642981114578,-0.10462775761887341
32,-0.0015833377477615688,0.0719288662671941,0.139486401309813,0.22832536894774397,0.2859580163638069,0.3072838842292006,0.31057180229809056,0.3168658022600393,0.3088918643951511,0.29483127958740574,0.2947843784689766,0.28552473101298603,0.28127677098823134,0.2892359873200139,0.3073878993994782,0.3020749341617034,0.30139425004810555,0.3061551612614556,0.3156777356882171,0.3090648006460435,0.3066733447994685,0.31719430581394653,0.3124782115298382,0.3284149175625675,0.32662486904786314,0.33047908402183374,0.33498142101861966,0.33954084607804697,0.3393772030248359,0.3447109237692844,0.35268892809224567,0.33431913190891277,0.337411936180291,0.32205666987919834,0.3176582617180648,0.31677992841780894,0.32256488607803674,0.31890934919736585,0.3274032145787577,0.32157606582397846,0.33009873471016166,0.3230731994777958,0.3218903917111412,0.34329392021417326,0.3470350668721297,0.3418394653152694,0.33421825777000214,0.3299677607196944,0.32298295156085205,0.31070066461694235,0.3005384921079033,0.2985995086185915,0.29545009710883724,0.2997785317051646,0.3042764783147269,0.31407903035127044,0.329106312863958,0.31295285833252545,0.31558628175525166,0.3057428383569845,0.30576417430122665,0.29886505748026115,0.2935119033928657,0.30451310628215966,0.2999250075782506,0.28987787030127693,0.2947802408468839,0.3014742695434005,0.30199147374294005,0.29341267835723905,0.2943012502530247,0.3049288627496144,0.3044974719294124,0.3072149978707143,0.30776051057582055,0.3178668572097793,0.33590769864048853,0.33578019246424895,0.33581623668314636,0.34934719216577165,0.3480886025660571,0.34402931128002806,0.341926781890692,0.35173623588050484,0.33918036273742197,0.34088780399846874,0.3491916027433198,0.3395084912755447,0.3436526232183463,0.3393831966217922,0.3421497065980038,0.34827014623134894,0.3455861705569797,0.34223454173575407,0.3426577402863306,0.3400456169942415,0.3398637802093594,0.3433493458408883,0.3389347984491227,0.33379367576695723
33,-0.005317628092444322,0.02092903518344076,0.07728175274129707,0.14743399996268206,0.21064837925822527,0.2267144478046788,0.25465899598389447,0.307829491081048,0.3421696695562442,0.3546067002178576,0.34778226866529044,0.3413182098584145,0.3286529353482655,0.32277408844474725,0.32755976370848183,0.3231961958475347,0.3423335428514427,0.3357454228956429,0.33716299204470224,0.34474999628694525,0.3461483390839489,0.35126232779118427,0.35726245381128663,0.3494508385306879,0.3340263240656804,0.3345812425232219,0.3431380876400136,0.34165215716473685,0.34683265624495396,0.3479871064269717,0.3459847381949372,0.34912338853692604,0.35672939690948957,0.35462652925649996,0.3414487571871239,0.3414952801575237,0.3325943353868592,0.3261217050871952,0.32927753259229287,0.3309028626316893,0.3250608251193991,0.32684808095196594,0.3251295528393938,0.3311094270478883,0.32422508606203543,0.31482305806554856,0.30264701120541615,0.3020089701563818,0.31312602406505236,0.3092554638978806,0.31493651306878057,0.31645340099595,0.31996568481199117,0.32949158585603044,0.3310769600433895,0.3225653024231147,0.32908872449520077,0.33694322767217083,0.328044864468441,0.3125655534733023,0.29944195246580896,0.30044060127939803,0.32150808662021757,0.3215885885892924,0.3214586029884226,0.31470896441692603,0.3297202378079398,0.32713121864362676,0.32914535296017505,0.3280425485395764,0.3253698634574874,0.3255680001517659,0.3213554359673499,0.3140194237517283,0.31298385292959624,0.2957613062477703,0.2846542008192863,0.2826191718131031,0.2949556287187607,0.2859712586849953,0.2834886773692661,0.28578539308648643,0.28019453481822476,0.27319111055372053,0.27427933117464404,0.2787435172027956,0.289591315070904,0.2965517788660629,0.31404251897449426,0.30657571039477755,0.3030275474393037,0.3033572129788791,0.312836861160654,0.31724880171303393,0.31500434477188993,0.31034698214360323,0.30547965593702564,0.31319861698171875,0.3071604974982171,0.3220342987961995
34,0.001147996734341634,0.046252642165059275,0.10676511638521005,0.13340748182258677,0.16951084743458358,0.18613345310437907,0.19978863767067867,0.2013505191979184,0.2120959299006136,0.2120213160938126,0.21433226785597387,0.21664920553767086,0.23215345904526125,0.22975964982919184,0.23353392550208357,0.22911364301748174,0.2248372440877483,0.22479804494669994,0.244308715804941,0.2629093704225555,0.27027715480552283,0.2652542271892975,0.2668611577417549,0.26078802326926254,0.262256482679012,0.27589387503627155,0.27848928430960584,0.29050627722917655,0.28972795989887173,0.2993874297914193,0.29775888555494445,0.2988931873796219,0.2912140302547159,0.2905118637119844,0.2893496361559189,0.2726764377920128,0.27506919643159305,0.2777151371938607,0.28674033469522625,0.27980745776733573,0.27155127044418753,0.2748725412651679,0.2515610544152061,0.24896278575395464,0.2514133648823576,0.2375939063224922,0.24819904135199267,0.24264274630687,0.2371726546990876,0.23447103062516228,0.23710287096831092,0.24842955936046832,0.24309713898342622,0.2452271902265474,0.25070711692813247,0.26633949457353606,0.26392269833073967,0.2673154070161762,0.2869558978522275,0.283489224029371,0.28976541168240455,0.30238505200882854,0.2938841899627062,0.2880924099163702,0.29372218216450086,0.28580891426286736,0.2865228222397588,0.29172300831632986,0.26339048301237367,0.2597572849913263,0.25352364842251285,0.25624728364207006,0.2583584974156629,0.262932478427868,0.260076331864881,0.2703470313723584,0.2758504323145797,0.27412820463726645,0.2805345086824986,0.2796183545040602,0.2825595559863709,0.27531784244266,0.27577448333074733,0.2699341076719183,0.26753017048821304,0.2789100968000003,0.28690869288396087,0.28182043790245837,0.2858003766848532,0.28501170154451233,0.28398656001212286,0.2912564647819224,0.2951090842021811,0.29395741700814815,0.2971359980789159,0.2942703466697467,0.2952833716630439,0.2879754411332803,0.2848628405651671,0.2873845599374154
35,-0.006978079151184575,0.021692917635700318,0.017162884784755503,0.08079758336790077,0.08446616867478457,0.10600962005445211,0.13139287175200934,0.13437816207875486,0.11735383340295032,0.10987365381017317,0.1152044249444128,0.11793587416395537,0.1013337683011311,0.09670653384344785,0.08735522116855114,0.08658894007440836,0.089629991565915,0.07507397656021417,0.09619860555681362,0.09945029230733461,0.1057633030276282,0.10914253539602084,0.10498089340615238,0.11072129575361987,0.12496141831333779,0.13165797253274172,0.1290864096700006,0.14404327464246824,0.15963439656835068,0.18902165886384206,0.1991453591292319,0.20184514316223598,0.2055805727642733,0.2131871302042142,0.20356915152344193,0.19990529294637682,0.19933412976009188,0.20918504011674102,0.21508233693887846,0.20409821262398584,0.19906760537210907,0.17680955126127007,0.17877060693435037,0.17572178707351743,0.17334256861790082,0.18293332255280753,0.18430232895655677,0.17635749974793669,0.1635037341838429,0.17725303668545261,0.18450373094459682,0.18260821746663003,0.17787964809063567,0.16046084625109575,0.16239455646221848,0.18666629769353385,0.18637479576931018,0.17486590909732402,0.17579697523255725,0.17939332399996907,0.18385960036261967,0.18182043651108987,0.17499600106044366,0.18950555425836968,0.18846891516047537,0.20409265939984142,0.19929456151513644,0.1905616308806073,0.19596976832243787,0.18598901380118144,0.16119942489762348,0.15931575984233393,0.15292406867418445,0.15572838016337243,0.15903304483007047,0.176449590455476,0.18790204986678252,0.1910590736895786,0.18780409299597028,0.1930326774808732,0.19804440797391196,0.1903401607579146,0.17640867847758163,0.16436949840810924,0.15715641635721408,0.14523628156359827,0.15408004214544527,0.15247870405465824,0.16975409258368684,0.14737495577354215,0.1458880505527138,0.14945442229986333,0.13950608844279233,0.15345647986690605,0.1693470724711828,0.162648314414617,0.16957519009489355,0.17135343401339193,0.17863518295876613,0.17954310952694627
36,0.00511736369045607,0.007017844029968484,0.018048454934698616,0.05843068052897585,0.08983285318614835,0.12007353427109031,0.10623647217388232,0.11955734989466943,0.1672605089367611,0.17393341153798036,0.1943022629242834,0.1897095567216023,0.20583839471897294,0.1949809442991198,0.21992930766336932,0.2305898167754764,0.22297345767940693,0.23801173977264675,0.25651224457218386,0.23826369515791782,0.2294808939565702,0.23740702621018495,0.251336821106698,0.24793269875526064,0.25938605926875885,0.2359083772054231,0.22924931014972305,0.23344195040175017,0.21938893150257704,0.22182569513736322,0.21459423956475313,0.2226823038192671,0.2323912074542609,0.25389795104325247,0.2617139038412395,0.2699158312226725,0.2785843598924435,0.2892074326748935,0.3026951292238653,0.29427555479300255,0.2797343131823516,0.30071083032198237,0.29015955539105887,0.29018705727227334,0.2884153022572573,0.2929958558845245,0.27687527249261445,0.26005059199397074,0.25633771050251347,0.25357839154857675,0.24713131890813866,0.24578168337371417,0.2553914302484973,0.22433177773656138,0.22156180150504454,0.22939267957602882,0.2245110214618348,0.22962622671105185,0.23690003139449142,0.22882489836316014,0.23705820011307288,0.2260881769529857,0.24048878987445502,0.238742262848143,0.24494511451294873,0.22782035293190003,0.22463432187416443,0.23112278198826255,0.23770429896480533,0.25207168894287557,0.25401174542574845,0.26384221626856796,0.2637913207383205,0.26698735419379455,0.26745691264745675,0.2663019628926072,0.2554527283615267,0.24607603482826035,0.2593417046399952,0.25683219526447454,0.24372709016509822,0.2272362308102719,0.2270305945204953,0.23181677242376908,0.22054793482804905,0.2156240451995458,0.21850105720737045,0.22507487808561713,0.2343678256350309,0.23822188087763915,0.2444499317415837,0.23498920587577782,0.2260436042868974,0.22911338891411467,0.24211517928447301,0.24165108602960023,0.2357411083570088,0.238320563308078,0.24050347369614047,0.2412405235350295
37,0.013224172031831244,0.08154174920545047,0.10870315941841772,0.15546078532021707,0.1701431313484916,0.11857155071378818,0.08737042901608129,0.09964030105457657,0.09914161463235936,0.09972055052844737,0.09483399428009007,0.08231407177376386,0.0744724515657667,0.05335021314449309,0.03845639784661509,0.018175916751316832,0.016426106050799763,0.00922625058323731,0.009022436619698905,0.012528100883170494,6.789403764825841E-5,-0.0140429628270367,0.0013175378027234003,0.0037112674788190108,-0.008749218919861091,-0.002847533637745171,-0.009917877420315439,-0.015576378126286873,-0.029271209658268606,-0.05184252673710756,-0.06182520872311932,-0.05958537744319046,-0.08099926329668382,-0.0872697760392816,-0.08890054078912923,-0.08836085534770156,-0.08250861518051027,-0.07264940090199151,-0.07361453983651273,-0.06005137267254053,-0.07522724734431506,-0.058939408264389356,-0.06633138412080584,-0.07100156929089775,-0.08634192665119107,-0.08985569126594774,-0.10805658024103164,-0.10203433211378991,-0.1046958938209349,-0.09501597856734449,-0.09312593039686877,-0.10606241446509625,-0.09629329762814037,-0.09964867763547787,-0.09767640677546863,-0.0937301410873561,-0.09700036303359058,-0.08453453168759383,-0.09475223503541236,-0.09435555942242509,-0.10513403850095485,-0.10586664824684452,-0.12994944546778608,-0.13188780234402542,-0.11954283433959237,-0.12040183436438756,-0.11001202101647549,-0.11254641433265036,-0.10078364683508044,-0.11119718484684499,-0.10708805621522172,-0.11265401071390084,-0.1053480405261737,-0.10383862749038818,-0.10893176533003303,-0.1014189378469017,-0.0888356712779008,-0.08424184503540638,-0.0792728922759345,-0.07986636806431441,-0.08781580887865419,-0.09661600819751376,-0.09874659363964612,-0.11322028700501323,-0.1299580324604108,-0.13091982098965338,-0.1297233510158654,-0.12973598206814793,-0.13202100599423094,-0.144101338141358,-0.14961736833603356,-0.15120248752699011,-0.14231614113555413,-0.14658679792959436,-0.11949447906504837,-0.1321569636783302,-0.11779614040174703,-0.10440343569313969,-0.11228299464987292,-0.10278961698879556
38,-0.008004230471470551,-6.611482728391654E-5,0.021286256400882792,0.05029995058009527,0.06078072351996415,0.1276119949362206,0.1724128737281169,0.24245411758300187,0.2606298872126231,0.2731461058788655,0.3022785686933822,0.3068841115402611,0.31668300790634807,0.31950125048260136,0.3241524881335823,0.34084068223578595,0.3580624456786948,0.35665227365899616,0.3551061105365153,0.36599110503623017,0.3796590027380955,0.391111656446883,0.38962385282320516,0.3920902180722175,0.4055642681276181,0.4025787117798696,0.3974974314393798,0.39514950864192355,0.3893408238143137,0.37489646065309884,0.3600939881418544,0.36085554760230304,0.3629880574621638,0.3651674256305691,0.3821502138546293,0.3861222727314722,0.3950473011607278,0.395443857783516,0.3829025675641146,0.38934419970274114,0.39440962494071885,0.40020477658340037,0.38759405873642033,0.3795570351093764,0.37947500757939134,0.36151876564082863,0.35661784027600335,0.3560049777887372,0.3628071320021279,0.37107514154535165,0.37227396108897876,0.3869054325316932,0.3861008189254386,0.36913325394940394,0.3556320599451058,0.36047385109149743,0.35831937525125906,0.3467334861587437,0.3494872848395259,0.3759521523244379,0.3819762012164819,0.3934987280810402,0.3906709115799253,0.3983852621601497,0.40217872079226225,0.39524303418033147,0.39327345014447096,0.3990739208861765,0.40314739236017033,0.41014957057282153,0.4254529743340808,0.4051938213645671,0.3973617563345078,0.4030731663626814,0.4063880929149813,0.41264259015894017,0.4097212444287882,0.4018823176889321,0.3843026195560217,0.3755948746325258,0.3766623765037971,0.3703051196348882,0.3617756450718969,0.3486322943506138,0.3299638677593972,0.33935039420778657,0.34852976086055676,0.3491732940817495,0.33504965712714435,0.34113614808945136,0.3490666049919648,0.3615431949947847,0.35793697807883845,0.3616146728799242,0.35954634882178754,0.37074761092138103,0.3771306952643825,0.37075196732511856,0.3712937335906205,0.3645220462788903
39,-0.002880450610704394,0.021503884225223847,0.045387163847490225,0.09103589963796044,0.1131654555891277,0.1495816607810076,0.15265505377253444,0.16807585723659357,0.1665612220578271,0.16598296334980442,0.1561686603926969,0.14911636665882977,0.1524071993205203,0.130612069316441,0.1141889273249575,0.12439616172367604,0.107185106937919,0.10950989234483165,0.10060534735373466,0.12003113929269327,0.12018894189460987,0.14909941920330963,0.15042524373873112,0.14875629083945596,0.14680722740718055,0.16389661112756468,0.15669346962040098,0.15606181508703418,0.17707963413290714,0.18371862886873638,0.17686767753323016,0.18009791098561198,0.16881464144091354,0.13522714342185943,0.14561538530950852,0.15114065704109525,0.1519071796536069,0.15676751559463065,0.16216981622914356,0.15424114280970413,0.15114681122147042,0.14669508698097158,0.1445036252724955,0.15123194163989917,0.15712753502797877,0.15727077428505293,0.1562375065695519,0.16490632949513345,0.16144778069844992,0.14154742606764686,0.15086382602007686,0.1508527325496184,0.14882130965790816,0.14320610632696515,0.14487567644506094,0.1588127226503491,0.16277872071660127,0.15454453014155495,0.16942754572024352,0.16493389726553764,0.1750879426869264,0.1770615371062986,0.18048105843461154,0.1833405642479847,0.17127816002488155,0.16619713727713337,0.15560196689449476,0.15259356551024386,0.1520653130957319,0.15129644082457916,0.15057098229452118,0.16539314075175046,0.17920922073172996,0.17901966825080276,0.16517053976483764,0.16356882025252603,0.15777670429385524,0.13871211620752635,0.1449853826628439,0.14050393996639887,0.13748111528727575,0.13700891382671318,0.14349023125851873,0.14648014105004142,0.14795220498007283,0.14632092867465282,0.1536269564328766,0.15644378172330572,0.1503451760112677,0.15401372736037092,0.15255422690322265,0.15783834509672817,0.15867544868067354,0.15507029888105467,0.1569214452587474,0.15551339274354026,0.15039818442394215,0.16628571488025973,0.16938419708199817,0.17875705111227358
40,8.413426814282842E-4,0.02356387069516508,0.08427320188368376,0.1224745697361942,0.15183054288021475,0.15722096328964552,0.1568900749072822,0.1590120258484011,0.17783285398145487,0.19822821072274177,0.19174243708307143,0.1916072369735681,0.1895879583176316,0.1781252747408957,0.170471876803133,0.16657065529979506,0.16019079208122247,0.15886925804400528,0.1567325989360062,0.1676848055428831,0.16996301975287206,0.1608730903784497,0.1458109099147254,0.1581417211251744,0.15296854505018848,0.1527443766540005,0.1567611164677019,0.146231302960413,0.1564607472558062,0.1584197581022684,0.16769207181821116,0.15732580869125595,0.1522520287058234,0.1458069958022197,0.15548188894372503,0.1647230279906131,0.1676919788253999,0.171407943327394,0.17582254878686496,0.17932562568959298,0.19391138342357098,0.2050473019308174,0.22011273897210049,0.2096055732636129,0.20626609142626706,0.17967255658767992,0.15769492009240327,0.14927584021667598,0.15127695410767736,0.1555536200473431,0.1618547252283045,0.15446648077813835,0.15970188861073667,0.15512547430634796,0.15381177015015923,0.13661067591753287,0.14546891581043966,0.15422892865550633,0.16127343043809572,0.1680510614802853,0.17437850586287154,0.18017323450120667,0.19165122734396814,0.1855694201597753,0.1839057992366701,0.17625155757592906,0.17260758838290113,0.16832657997681363,0.17456448331475521,0.18403762287556077,0.17829638507291218,0.17879828892579672,0.18414900046828098,0.17696452693457224,0.18920086414226658,0.19822762161861035,0.1983114090734079,0.1900335741057843,0.17750411783326928,0.172663743574088,0.16675823451390304,0.16891137959310726,0.1814216781528904,0.1851225316184666,0.18997427248201293,0.20589439548722535,0.2068996293975306,0.2117613589809343,0.20439037949488728,0.21595118873795915,0.2087158501794037,0.21118445112227643,0.21939918468220274,0.20845054671725602,0.21016305173027283,0.19979767984098765,0.19788746484920985,0.2086261793068579,0.21403036997406555,0.21924676267199758
41,0.013678292131169157,0.05071142172463374,0.12922822129412892,0.24225373072890583,0.28600432465612957,0.2944589167676995,0.31851477889372487,0.3164964137186189,0.30336646990621313,0.2882281433066026,0.2883012695401402,0.2708263128022547,0.2756859337667589,0.2620276840170155,0.2563257483004928,0.26025579990583525,0.27609782572289554,0.27827959810392855,0.2710379470958807,0.265296255777716,0.27303462048222377,0.2765759059043089,0.276875356019457,0.27990387051969623,0.2570611040434173,0.24871403182867727,0.24235624750213702,0.24426398510914488,0.2514205119408786,0.2527930941863157,0.2529865164610754,0.27172433321716993,0.2667452381669368,0.27964293056016887,0.2950236402279871,0.2941033613317646,0.2964113142132218,0.2834905199660621,0.2676927967971119,0.26964661908874943,0.26319955627703284,0.27892507595919414,0.28588454706515526,0.297544339425544,0.31005788253296696,0.3246855985837251,0.32441763732772827,0.3281626592439947,0.32086502175433507,0.3061249712916817,0.29675308841334513,0.29112997689906356,0.3160621243570966,0.3160719773274557,0.3196436334734962,0.32932922633941636,0.31375169019992566,0.3084877648084642,0.29914032759427167,0.2943654269321668,0.30623606679298265,0.30780821335151265,0.30603651811317,0.29730453784033467,0.30637882165762026,0.3063764082854178,0.30283108866105096,0.29551160407019944,0.3059734942279913,0.2988461812469202,0.30024249979637313,0.29216836548730596,0.2918580429911366,0.31232897677587546,0.30332783343677155,0.2985792623013756,0.2813734007390619,0.2872971950001555,0.28737407550426464,0.2871820995851974,0.2897989110338193,0.27343534168654793,0.26693263025605846,0.26990372085990255,0.2707495631561316,0.27630039937434153,0.2657957587277363,0.2669050117097678,0.2727707326735837,0.26864843823003026,0.2647319344291248,0.2732929088452953,0.26636941328121677,0.27875410195690253,0.2926526314458032,0.29099886886743676,0.2890757202288444,0.2909051790583592,0.29904932043644555,0.29637857344780866
42,0.005379983441654245,0.03223713250770876,0.07778763366273819,0.15386442376070467,0.2228916246064849,0.2289785040249861,0.22401185094930998,0.2376894198358119,0.2250962385788457,0.22845491209364482,0.21883587478036165,0.2085125366558595,0.18862793268818848,0.18695528030758965,0.19454263454434206,0.19562550104690776,0.20689238563701362,0.19295826668960786,0.1915781698639821,0.18957345371345558,0.19029086502378859,0.20302837488687636,0.20342296368346122,0.19755644325095034,0.17500438048235406,0.1650460407327746,0.17287026637258296,0.1610130187438428,0.16166819870699148,0.15939452640499796,0.15890581756194666,0.15057427226793288,0.15082780569476567,0.16489786883108576,0.1790070610576838,0.18202281364373604,0.19961808680675378,0.20793241922523592,0.2142474317912014,0.2190739363074827,0.20633240209940865,0.1849382388873001,0.18700678433820916,0.18474750502618797,0.18845368601319337,0.18350288712117102,0.1958134472028559,0.20288918259262545,0.19576297721595268,0.19412159100469725,0.19805952209631456,0.18340438147023522,0.20034023103778723,0.20754876187808272,0.2012213429928145,0.20317176381153845,0.1965946858067248,0.19815373698057617,0.18693456843216996,0.1676144211023211,0.16360220870247222,0.14917456327083703,0.15786204302713142,0.17061792686386654,0.16219445876642413,0.15908244057207763,0.1645367756608656,0.15868785775200347,0.15730896051702264,0.1791479941237884,0.16443936315700455,0.1663474754328545,0.18208090508389474,0.18369835186436131,0.1800768645720812,0.17132473385744248,0.17454225490265796,0.17728756605842824,0.18391794581632234,0.1735268142758494,0.17201922179998363,0.176408713583344,0.16001054699535275,0.15364322490153376,0.15265367265856997,0.1656128498278276,0.17076537407217884,0.17302259836710904,0.1689253860336793,0.15861487325350704,0.16632736723865393,0.1753992633748079,0.1577381856474572,0.15325369536670425,0.13429309752839666,0.1357917701284018,0.14361657138108236,0.15800924799978439,0.15592494039254898,0.1485738077248423
43,0.013592302770756381,0.08374660238455842,0.1397517188992236,0.16951744191540466,0.17342017229679324,0.1706793677113663,0.16756754471772697,0.17967141867274072,0.17181101612747635,0.15273925031181654,0.16307178568144087,0.17012902060877816,0.1521797213736811,0.14861440030800652,0.1503120050652541,0.13617189363212595,0.1238382023333195,0.13136030093422024,0.13872857291410606,0.13510062502687817,0.14069760654275462,0.14918167587650363,0.13864573702194907,0.15434043337455006,0.1688075125352884,0.1758559019139022,0.16424209115615887,0.15170831573089497,0.1302606395460575,0.1291662526736207,0.12603020411875857,0.13431119595673857,0.14520137797410448,0.14084721906171435,0.14041464477811477,0.10610991228541752,0.11049376973573716,0.12132778734204623,0.1375691548524616,0.15904678976461506,0.17737340307509922,0.1916943226565831,0.17945516471485148,0.18176972834329466,0.16618767339943577,0.16880350514326412,0.15772543659853164,0.15765740534405143,0.1568340274344919,0.1579791620948648,0.16502773339519516,0.15673139590037508,0.16396980448827703,0.1602332182827496,0.1675758940085949,0.17236258553670233,0.16932971493408328,0.1753563706081952,0.1808324244293193,0.16712273072628023,0.15326082272850902,0.14884017728538396,0.14542918927796453,0.151313102637942,0.14949936267866312,0.13689537683084382,0.1392271794131825,0.1471711559208573,0.14716269261378717,0.14421242002670578,0.12584802658752692,0.1130974529681636,0.13986755529119357,0.13256994244378273,0.11429275149244805,0.11051363281090618,0.1229291427787799,0.1201260194209735,0.12559939790739538,0.10623647531491306,0.11677497848948436,0.11449918071639707,0.1177238359448996,0.12676147759613737,0.13148787740542875,0.1334413135534931,0.1150119876043304,0.10193961185351189,0.09784832025213457,0.1078261024327805,0.10500118426723484,0.11127270886720052,0.10451918148773225,0.10679993289797571,0.10515946455661876,0.11654445872135508,0.11246888638913648,0.10724753949895421,0.11398096611666769,0.11662513551527391
44,0.0020869436468699187,0.03710704276257458,0.14300044847467988,0.176685265858059,0.17416962597592495,0.18375648750561294,0.173585438865517,0.17240236562513503,0.18970616687472944,0.18649150090954564,0.1483329803459682,0.12692874954943068,0.13386150010566605,0.13512389033828878,0.12933745680085768,0.1409039301402336,0.1450667153236763,0.1408665347798764,0.14446116914117882,0.16019851155628195,0.17017137315948833,0.17491650672549283,0.1700203378229945,0.16586980271112903,0.15892767214046763,0.16401871743485494,0.17315801846793388,0.16824281012250675,0.1643117505709799,0.16855310367676915,0.17501908580915007,0.17485494243391425,0.16948427120126797,0.16815389784283716,0.15550543906115222,0.16617665771467166,0.16385657144869265,0.16029581905886583,0.159433558016091,0.16371055823124844,0.15739006173514095,0.14258637197945265,0.1311309224186357,0.14464380803989502,0.14836155906300091,0.14388969582666522,0.13732841269500776,0.13702916851911762,0.13406318225043895,0.13584462336050337,0.1422819401091658,0.16006595856486222,0.17427105530492323,0.17520924566121607,0.1747372343959426,0.17925211758929524,0.18966785532374136,0.19918597422318554,0.1878294720601504,0.1848625617300835,0.19158650016840684,0.18889289140171261,0.17798969897530156,0.17666866217601057,0.1742491706505432,0.16669194016136882,0.16393908274251992,0.15879937849809597,0.18339281231310114,0.20107570447966755,0.19957550180557426,0.1977460701597851,0.19010702242187993,0.18645799806945484,0.1840489350443492,0.18965004029307578,0.18671212376733323,0.18737533481770335,0.19118869603668995,0.19462188288545693,0.18801058929215578,0.1854929010025783,0.18769914196259227,0.18393554039822438,0.18218282285617915,0.18326388278628886,0.1875740333854398,0.19869272525514145,0.19976436530002809,0.19783793781789505,0.17534104231738096,0.17749524416166446,0.1677006454161971,0.16814387553178098,0.17564546354342617,0.17213819998921806,0.16785754096592784,0.16065672763167474,0.1722113472865654,0.17904807176311613
45,-0.0024480960312967303,0.02733989895780274,0.03652842451432938,0.059602644083402545,0.1041134266203298,0.18511928900596014,0.1863301541434513,0.193079641372971,0.21379088670776625,0.2284583554036262,0.19452314825864708,0.16976866000859658,0.14907719372295725,0.13438464277479273,0.12357352914770406,0.1298849286208125,0.1388779771417277,0.141433277383194,0.11558997101257856,0.1152375838462279,0.12414560793933208,0.1340836968828266,0.13332479714436646,0.14041385001697423,0.13255577748817002,0.12118041419864176,0.1065169793153964,0.10423601711537418,0.0969630217012004,0.11632139110179987,0.1183941155496122,0.11841857414054793,0.10044961986739306,0.12217937479702497,0.11772602755933104,0.11653634839874721,0.10875685119660687,0.11554956645125702,0.11217375261709638,0.10959347750181152,0.10089666106759194,0.09515414457062507,0.11710683788915531,0.13034787684246846,0.12136018915744996,0.11724040434978734,0.13072066501795562,0.124749668997312,0.13931967874840973,0.14316597441075984,0.14554987685510304,0.1447810355450147,0.12101734068092583,0.113294819278129,0.09893118335447534,0.10477090364653804,0.12055060210226426,0.12756506217618496,0.11275903566364102,0.11394997291422819,0.10475123143205259,0.10505233623587491,0.09105001255060909,0.08504602026626387,0.09303310331086469,0.08098478697124671,0.0794928028570891,0.08862901583006895,0.09401739168064452,0.11030842893546554,0.11040918290364385,0.11731878217111165,0.10452320757161658,0.11123392923494675,0.1196311862379936,0.13735241553297606,0.14718637525057873,0.14503906725283913,0.15334840210084327,0.1496468711520496,0.14752580355550338,0.15524889270983863,0.16099840509144842,0.1697302011290608,0.16581635736786893,0.17054535079368385,0.1738362337748136,0.17696786257133007,0.17095832675043654,0.16514103854650397,0.17018127151753615,0.16477907874781286,0.15889797963610522,0.16404725674598958,0.17924011102025594,0.19871774786614246,0.2066594001089451,0.19717697612903495,0.1909524357260471,0.18496278567172175
46,-0.0030604939870033324,0.0230471572658375,0.05344908197201888,0.11282127720444425,0.12434801727727464,0.12106032395945823,0.09878792946753262,0.09877674640750564,0.10740396270345232,0.10216281568613164,0.12298527143343792,0.10784853933766998,0.10716637218643726,0.09860341709405106,0.10342891322369242,0.11256600347464368,0.13526483350610963,0.13907002967154217,0.12299392297998021,0.1261868819559024,0.1481940337418193,0.1281691416434828,0.12051129267898712,0.12966368157941044,0.10346270773396758,0.07848371996894626,0.096909289441331,0.09285640615307691,0.09168904229421701,0.09107777978109242,0.10578548591892713,0.10661830060141281,0.12232975491572397,0.11169177676703487,0.1011108748655914,0.09176558425140433,0.09297722108546949,0.10597258938483604,0.10730211984416496,0.09465279114211712,0.09308048662425397,0.0733427433988739,0.06763160167661257,0.06891706393661998,0.06783988463228986,0.084395959075674,0.08835874325578934,0.08581647757813879,0.06927829505458778,0.07547237201727788,0.08340032847445603,0.09243123659994998,0.06928440218954346,0.06037888406150202,0.06909878907832039,0.08400467208843525,0.07589742768941062,0.06505630906662606,0.0679100327017787,0.08156923915254045,0.07888096347066449,0.06600923572118002,0.07289687865353246,0.06901097691113271,0.05799513283922241,0.0655833703549387,0.07920940467622865,0.07848166118013888,0.08295453849756872,0.08057100398553187,0.07285186107493749,0.06131949247372809,0.051775606583972136,0.038143536323232786,0.0375987368864383,0.025186400933452237,0.047112579021733006,0.032835703462313195,0.019009053393079275,0.021390044446264654,0.02305156194801017,0.02780349927455009,0.02043001440726492,0.012714944998959143,0.031131019755653265,0.01202576677149517,0.0164646895207243,0.0161603361522264,0.012260651019328722,0.0030647196433828644,0.0060211361384112545,0.02614091809512439,0.03931999553403709,0.06208012269621582,0.0567296527463576,0.04965975746140851,0.046997538336695975,0.04904262956090646,0.04629648002669619,0.035950357314583806
47,-0.0047440870743827804,0.02818663858880001,0.05574434547360291,0.10599291123031515,0.13644883898986235,0.1410609424245789,0.15292444498752955,0.12430174771922159,0.12806977912038225,0.13548834534936685,0.10982346056100281,0.11824823006181029,0.1141054823320601,0.12581213786914802,0.0856492390959168,0.10036694304515677,0.09510700982849739,0.09116488188725205,0.09695599676791355,0.07304128506870254,0.05627268294394228,0.045964810053964314,0.056922003950641384,0.06466457753820457,0.07364392083292118,0.08625469952659139,0.06266682270034632,0.06628924072280863,0.07336435102822658,0.0794197324096927,0.08859910499028607,0.09660690372398012,0.08345486577472837,0.07839531647713732,0.0757874272889582,0.0807479690799181,0.07121542228361695,0.06347716195417734,0.05359274120086357,0.05042220858199936,0.05496322264833333,0.03348099490269322,0.02973110760839649,0.03170561134922079,0.03195497355981363,0.029616759209151123,0.018424796706761542,0.01692704353922402,0.01253120813473815,-0.006438811315244733,-0.0029522553229526637,-0.007486497394080322,0.01317656442500696,0.004917315142118531,0.007736789427687887,0.01314476040037011,0.013569454334434225,0.01840586397873803,0.017784788164939974,0.0101580810169225,0.009857117178774431,0.008899736180416382,0.01904040167926427,0.016270351814045892,0.013035381357082477,0.028528287350820487,0.0371505231681088,0.03665286932355122,0.023676333645501674,0.020356369215172712,0.02396051100741478,0.038456314613715764,0.023595155381844396,0.007921764228968373,0.0012328905532071133,-0.002733713413965299,-0.00910710420431357,-0.006004593207662084,-0.003967356111526968,-0.010299052697055066,-0.017013647646066873,-0.028112251439766086,-0.026983919587549088,-0.02957068971200794,-0.02044559870521983,-0.008397915270550803,-0.010159238710600942,-0.006421042812694043,-0.008321455683794676,-0.0028761360076761276,-0.003179785951017368,-0.0050140624102119604,-0.01351606009394721,-0.01190576743128655,-0.023351377845233334,-0.02218241369306876,-0.023802477403160435,-0.023011784323788337,-0.029439043060628486,-0.02926850888960776
48,-0.01807467234847137,0.010154168042889506,0.03551904931293984,0.05377380486837184,0.10926970172560826,0.1651753796952298,0.19639054693663557,0.24514726886502403,0.24205450665243486,0.24625154467935462,0.2643075068838657,0.2691804822440722,0.2826118031293295,0.28243288668510963,0.2853653512574808,0.289182021826349,0.29464676642946797,0.2792118901216552,0.284111954112124,0.2828618287476652,0.2742655992802067,0.27024599518821224,0.2561819896447297,0.24869847013465063,0.23316221817299457,0.2433968305325563,0.2406195952183077,0.25378147806353357,0.2515936077153238,0.25726960300842266,0.2554328252731714,0.26355937914704036,0.2795355545830354,0.26439558713255135,0.27023982674450603,0.2661756009781938,0.2609278104309154,0.27899121382413944,0.277638519097152,0.2737424220476946,0.28705045722358863,0.283172941025801,0.28493428065414594,0.28296657314563384,0.27740074143848903,0.27126053042846204,0.2778158334102048,0.2825755681141739,0.2898211395946504,0.3051790100753902,0.2954022696782015,0.3144070337088289,0.30623306064195627,0.3062124044400571,0.3050841719674003,0.3137630479172023,0.31005386275593494,0.3144610194967495,0.32469146303099783,0.3190013368731015,0.30191223799451916,0.30946843464837714,0.31141392450971844,0.29773582460975123,0.3014434453294823,0.2975293260109494,0.2974521445682699,0.29483671968864916,0.2882567998378675,0.29741103393090673,0.28943719550887304,0.29154061241188794,0.2828262774795362,0.28826392376386967,0.3058505621722118,0.3126871504407335,0.31027335527142536,0.315032419046312,0.3216786296152103,0.31628539365378133,0.314103299951522,0.3135197479888971,0.3167765804559749,0.3118865723336195,0.29025740377692744,0.27896524404547657,0.28603853642930593,0.2941452764871828,0.2978102967358692,0.29190502457771556,0.2916636765867011,0.27280554441807014,0.2833134100022314,0.2917553258887594,0.29088934407320804,0.31074196326030146,0.3133203549529242,0.31378806072490173,0.32002091245759073,0.3326914477076163
49,-0.0027286357074413708,0.03481604036869433,0.051273785329652,0.07003369436358964,0.0770387881912741,0.12489341336991312,0.15727638811397818,0.18167023018667905,0.19022029799419551,0.1984313308279457,0.22062808158650069,0.23216996356224023,0.2338430589995544,0.23234914399720968,0.22753413223143615,0.20862989658051287,0.1974023857767722,0.2152852982503534,0.20207767995246573,0.2254545071087219,0.22767717597438478,0.2206937575742348,0.2121070436335366,0.22940758235449762,0.2411632735209579,0.24089134236132673,0.2664255239284925,0.26398746779798216,0.25638587486814607,0.2664740784223859,0.29273784979335793,0.2875550626700787,0.28505307315956246,0.2934056206910904,0.2950981305144259,0.3040650887268985,0.29124436337865706,0.27391138742558735,0.2658133310221176,0.2842401607621392,0.2951832238537245,0.2843472298518446,0.27847135878039186,0.2677061870216555,0.26073772394323436,0.26403456911098055,0.27213353112231564,0.28918115760764296,0.2785169651824474,0.2719042989353683,0.26817980287596116,0.2749074773803468,0.2800738577790215,0.27669650660947637,0.27263796648359273,0.2906970675763929,0.29471458605533185,0.2999443210028213,0.3054148626287281,0.31764977610367356,0.32468611176595075,0.3372777330327169,0.32778877830131414,0.33593976252650715,0.33327204064185667,0.3225440577695047,0.3185057173747507,0.3165973570954854,0.3167009310823321,0.31498621278538425,0.3102085071665307,0.3126656670701901,0.322267446954317,0.32243103770282855,0.332700322814809,0.33265218204173,0.33479092267174937,0.33824087691851823,0.3500911241901579,0.34338614040298615,0.3387254683963359,0.3507985058737706,0.3310757904147559,0.33933793836398524,0.3266245138025169,0.33408191046845964,0.32311189110763094,0.30910102261712025,0.3098798739600614,0.30805867923561703,0.31898824797509767,0.3205697802918445,0.3013240252139109,0.2999358009192567,0.29974798851131224,0.2978599974274757,0.2888600815924358,0.2998516982255677,0.2995207460135201,0.31679612716445793
50,0.006595755741365534,0.07454081307579724,0.17072117106722617,0.25298052951860206,0.2662946065175566,0.2877132178398769,0.26136130098713584,0.25661348057909505,0.2536295607852628,0.2628770476417004,0.24517618618986645,0.24216369393761702,0.24591475879733996,0.24069270231386328,0.24596936458619909,0.24710246312169495,0.2461941776763738,0.2408505700041578,0.24245796531509103,0.23988848962272755,0.22883019326230536,0.21705023999573508,0.21209663378404447,0.2310386216279303,0.23636742606864128,0.25082058165896653,0.25375898045886075,0.2579252144898297,0.26640293032580364,0.2686548159149225,0.2682301485059052,0.2662821898987977,0.25572432076173457,0.2395705373518769,0.23773336769631664,0.25250933071808956,0.2497324211811171,0.2585443672682366,0.26872397043986695,0.253006229006696,0.2661794913954272,0.24800006085400667,0.247592628805967,0.24083317213825345,0.23068000685239676,0.23732315337305926,0.245895618834892,0.25133002887892053,0.24651456591822465,0.26440507986569917,0.25758484829844286,0.241898394271246,0.24489384934719602,0.2465047875000356,0.24426076170346722,0.23795790514818196,0.24670628006373918,0.24553131465790684,0.23293703965266044,0.24044892403152537,0.24411727136598457,0.2428391141038932,0.2440430798690822,0.257178413231139,0.250862786044056,0.26169315386244,0.2535268047298845,0.2381856792551199,0.23469549212918359,0.23221144790679368,0.24141547299622612,0.24464779485460736,0.23777552859856982,0.23817324572980472,0.2407897657627868,0.23670420448151744,0.24026917136811365,0.23611368048671022,0.23492225343221698,0.2288194408965589,0.22347026245866877,0.21578168088250657,0.22822987432880598,0.23074646826926798,0.22192236563556678,0.22007478053948215,0.22014472871949672,0.22503496626737982,0.2158619284570864,0.21942164122950789,0.2175810886462043,0.22344678107087915,0.2232327292160178,0.23299850496768493,0.24126994411729147,0.24120797669936653,0.2452524938427595,0.24083587048905591,0.2441225206139116,0.2473863012342796
51,0.0027147428193342203,0.04974311334744052,0.12221988032220439,0.14438765148979033,0.15949058798975663,0.14678522778957998,0.10656962033738196,0.06624869068917538,0.04000634294578024,0.045629578177828936,0.038385101797687046,0.02414268153733502,0.010061709862155335,0.020889994867111426,0.017793389722083983,0.02978899010808137,0.030007110737109887,0.02997769750665443,0.02693963495362726,0.04388047220938806,0.0716740969550861,0.05271449667362967,0.0752307442858152,0.06434933599066262,0.06379367674242165,0.06680067669871381,0.07551469465651078,0.07886522636619064,0.07031087688414558,0.0841199353247855,0.08285322942523822,0.08606107462672549,0.07748706949209824,0.07289731675474406,0.06996416464829586,0.0679521380531484,0.052923382317860757,0.04213339955924585,0.03924034650985171,0.03731198965402534,0.0256886145894003,0.01686142088105477,0.017254868653024866,0.006648715371066709,0.011124216093327073,0.019655496567118475,0.02218345820109299,0.0365880552350087,0.04390248354931141,0.032105788815238505,0.03235106515768299,0.04067282674887247,0.055350385349938414,0.04608393662307604,0.060851177536989313,0.08315500377870184,0.08771223158322916,0.0776447831239609,0.07948401895254502,0.0815776317858077,0.08682823031133392,0.07302351619146823,0.08107078709028592,0.0916723539504371,0.08187877755406672,0.07290715914735552,0.07409599789354875,0.05738422642460748,0.05499585160274876,0.04604189790768724,0.05482344826353109,0.058197370044692213,0.049656236317715804,0.06217362974592189,0.05739874772755295,0.04284367832446666,0.025062325226036252,0.033312501532895125,0.03216746248517564,0.04118894241169694,0.03716514338295364,0.046137986869626675,0.04649285416966433,0.04422374085244218,0.027516266609688887,0.02703916910805508,0.02643839076892475,0.035969025921115276,0.0399328608624802,0.03435795204807071,0.029665371728198445,0.025772085541313786,0.02272737952335859,0.018264216269960908,0.02567071431863109,0.028890105687684794,0.023606107921297834,0.028967023827292913,0.031773008260050875,0.03095031431191152
52,0.003943569594835063,0.03701326902524208,0.06346604866029582,0.08887542523991311,0.09179191354576859,0.07613376803302539,0.033090623998026425,0.028449402687520296,0.02334603301778864,0.0075257142978188305,-0.005277865013922975,-0.014071510030888712,-0.010725939760908383,-0.025602268950129528,-0.04181392171151851,-0.04676798466547614,-0.05119866902671824,-0.04575094667085326,-0.037750663423485466,-0.04777707021741101,-0.04354758909157086,-0.0515702964927033,-0.06947673626485995,-0.06395180484441478,-0.06056394948255182,-0.05932144452271058,-0.060091443767898774,-0.07045500596074752,-0.08872971087859424,-0.1055730249036835,-0.13120559572044643,-0.14616628283233965,-0.1479913379161729,-0.14778437828740304,-0.13807375368346472,-0.12726170273607054,-0.12410247072511524,-0.12300813038002538,-0.12883562282979574,-0.1217750128800686,-0.1183726883474579,-0.11567575989161197,-0.11515933322680233,-0.11003514604966633,-0.10685381558680698,-0.09476657230276771,-0.09461828866952389,-0.10202963303993658,-0.10543287232496347,-0.09464789202790466,-0.09594948105897542,-0.09474589231654809,-0.09998324271047843,-0.09746277473395278,-0.09372906610002181,-0.10099512772883411,-0.11339422530225673,-0.12418104147030454,-0.12439413257394509,-0.1178917347831157,-0.11964585453672169,-0.12084819375184758,-0.12311034383698363,-0.13145658612769634,-0.12518070145470803,-0.11589013338066684,-0.11246034612133052,-0.11364647404922146,-0.1057224177900573,-0.11101015772906735,-0.11062184461259424,-0.10449566870007512,-0.09711569615980573,-0.08572191808923721,-0.10743380253454793,-0.11191927210983199,-0.10852727758858187,-0.11269127131007359,-0.10144152352124987,-0.10431814215963127,-0.07687735878688443,-0.07496800406932977,-0.0792411340552895,-0.08555396235531532,-0.09620466870517173,-0.08834774468412748,-0.08403799521079199,-0.09309627834938626,-0.10033541001597453,-0.09208865798149772,-0.10959567251107603,-0.10399243052218407,-0.09399546743092652,-0.07776789288088665,-0.0852647896789632,-0.09236184683090258,-0.10265517234475928,-0.08956121961637387,-0.10197829889536351,-0.1116703378897523
53,0.0024533132987234296,0.015676895410541354,0.02760520126960253,0.05844699941381748,0.12978062649410965,0.1788736920677403,0.23612872893747397,0.27899426318238146,0.2886356022049389,0.2856495080782702,0.2888768175090324,0.2959238735143662,0.30451482577658906,0.29351138259011333,0.2988261263182447,0.30940204294036155,0.304856984891646,0.30283603134275083,0.312511360139714,0.3285948715174666,0.3322045771531975,0.3352680832233404,0.327031778539947,0.3299896481144766,0.35401167268286704,0.34584967502631037,0.3373848608096796,0.3262092708435684,0.328088108059629,0.31304453244698827,0.2973906135444088,0.30267534405867336,0.28319078086904215,0.2890389928588436,0.2905534424216257,0.3022575864604545,0.2989450617984201,0.30515622871013287,0.30190393845955465,0.2975256831071585,0.30033124339632034,0.2952743010514315,0.3136070077146693,0.3216541445472392,0.3444191275098658,0.3472420147123871,0.3539915592241303,0.35790994433071893,0.36018491848252404,0.36254492703041996,0.3711540201628834,0.3667639789257921,0.37378295241382165,0.3798674486337121,0.3780317039414971,0.36510237403987544,0.36211254582082725,0.3536074855452959,0.3484134566792555,0.3362778316695222,0.3289628955293297,0.32507277037162885,0.33907733447161315,0.3397889146912723,0.31987611066116417,0.33006160446658683,0.3334866554972112,0.33842217167201,0.3353768422920211,0.331780256559181,0.3215507438407262,0.3202507737033525,0.3115851500164455,0.30247129653113813,0.3049410717584495,0.32890021214017556,0.33205339136951906,0.33479119374899674,0.33069776123151273,0.34007619502792963,0.3407646411669005,0.3270990012852252,0.323434606716779,0.31045065291225277,0.31130842800931185,0.30085802258971384,0.29699208528660287,0.29850190247275404,0.30354437910901594,0.30380050590359325,0.3124648672409581,0.31505438250088735,0.318777972611208,0.30754241222981,0.32674111971399855,0.3114021882118227,0.3143241359531563,0.32320053744020943,0.31222698290319073,0.3054468207053265
54,-4.596301547242049E-4,0.027499495116819178,0.03598348492867212,0.09330447222350614,0.09585811731209043,0.10197964118832496,0.1342054965102928,0.1496611695308258,0.14375468917361148,0.1740813177006137,0.17450738205899619,0.17167119185350954,0.16238401336123384,0.15384367508377028,0.13655526072082258,0.14086483997212962,0.14403088350355409,0.1460551843563849,0.15044953669254682,0.15500731717923127,0.15921178626750596,0.14800778971655812,0.14870373826594277,0.13980807190651132,0.1278919042377514,0.11658724375436717,0.13498886314735847,0.14683646749976662,0.1345860703522082,0.13906703925163666,0.15118097245060677,0.16862270802900703,0.18182287483219156,0.17151840404366045,0.16129176379683657,0.15711780909851036,0.15595052576915228,0.15205051547994902,0.15198172202502816,0.1584613111629694,0.1613255162869937,0.15746150921568516,0.1558442466745798,0.15209319425415177,0.17385079423838914,0.17814924444601768,0.1817765690244437,0.18517129177207423,0.18695867972286956,0.19042058059035089,0.19694702562646524,0.20101510644278683,0.2044686989785864,0.19998563577853276,0.19423829787246824,0.18118854950239213,0.1749637145561057,0.1774553038053629,0.16932030093437844,0.16144261567150608,0.15495434383611756,0.1560253784101712,0.15746804363142647,0.14893374930995232,0.164735118664588,0.1627810762204736,0.17033108279136766,0.17283180222192018,0.16584481278047247,0.16252956086278084,0.1627855619965224,0.17721109265832852,0.18765893186870508,0.1930774971120212,0.1832881324441157,0.1809159523711762,0.17510699650006814,0.18035882011746387,0.1915884732992205,0.19190596299073306,0.19271931365181594,0.18979542858063497,0.18417061784461566,0.18151878979874816,0.16165777551164814,0.1676963643948525,0.16029777670324966,0.15169522067561714,0.15445473028222906,0.1384260615836157,0.13684035264027378,0.13285046725344737,0.1404760550895117,0.14345579657276325,0.13496707508363853,0.1399030004055044,0.1373203323566578,0.1437741335809607,0.14831703682810032,0.15605679009540105
55,0.011366724242439204,0.02872959960646469,0.0780165098270182,0.14000282895801158,0.16609058022035536,0.15967528533992287,0.19939424523391255,0.22168649119030753,0.2217236574215046,0.21145506676076284,0.22569123259353505,0.21471098083188064,0.20356014313803342,0.20622058145644295,0.1874733330349579,0.18262622069104556,0.18165675461424713,0.18706358823953576,0.1981688362707601,0.20677704247078552,0.18525758725611743,0.19170225566548896,0.18845414424939655,0.1949097928289116,0.1686985213495506,0.16748446422505345,0.15256281341713232,0.15035302253130295,0.16042553342007929,0.1774496026948155,0.18689691578854337,0.19145415734118804,0.18915901033243174,0.18578390085603527,0.17995113464481796,0.19647154403064238,0.18873280108044654,0.17487966237776179,0.16479706457082874,0.15547387507255242,0.1570262520378184,0.17928127311007863,0.1931994052118784,0.1951439916949923,0.17996890619633327,0.18305701039555694,0.16825204448928333,0.16384268545895522,0.15876372945675293,0.14642721830747193,0.14820930593417336,0.1455482439478116,0.14993750069680573,0.15349624992297758,0.16713101710412853,0.17235151193877826,0.15901832668866192,0.16423298466373373,0.15768823007050245,0.15237368915313398,0.16092635616609507,0.16413514843648447,0.15904370137292867,0.1590633843470581,0.16743968647807944,0.15415997758276043,0.13395888610464043,0.12854437834288546,0.12687964628558002,0.12366170236106694,0.136848452467941,0.13002806078546386,0.13400372943758815,0.12308005619677831,0.1133421509759144,0.12581092027498397,0.12408120469826446,0.1279602515981261,0.13553740535397327,0.13388502900799706,0.13710705619472818,0.1566803880888452,0.155863869994871,0.15949071022132824,0.14365074558263985,0.13699329242376998,0.13629989060213316,0.13467941748133913,0.13683464205816162,0.14694378148176135,0.15871137847958902,0.14680134656141042,0.14408922114972633,0.1312674474783619,0.1346600417146816,0.1534630665351118,0.13616030643827948,0.13237126076435737,0.12616752957654,0.1282274000747315
56,-3.0037535384582067E-4,0.025438839070291354,0.06705643292435755,0.1289451373413106,0.16781728175517382,0.2464315898608814,0.2738804780326026,0.2984360452336419,0.30408890927016086,0.3349088266599027,0.35052851350761083,0.36941186228612566,0.36474590964689374,0.37640246371851643,0.3761431561422149,0.38762178333078773,0.3952918345261635,0.39607310569894566,0.3978698187751037,0.4030019216736085,0.40384755340351347,0.4113579236397923,0.41492914836700967,0.39852679414166964,0.39890715719839454,0.3886372086904497,0.40899177649285584,0.42977129597058344,0.43587501152499863,0.424505884030977,0.4237234666246569,0.43645275655277677,0.44710854421773555,0.4550149059130977,0.45485032850210483,0.450211805996972,0.4524286182946467,0.45322263432708276,0.4502120716239951,0.43755250961700226,0.4371837710918997,0.4192012185157031,0.4093442184978425,0.4133202748222382,0.41042518325477884,0.40114064054408005,0.3974408611802929,0.3955087020402646,0.39431436417637217,0.3982157896645645,0.4105851601800258,0.40607973060987695,0.3996274924175605,0.3969159965765823,0.3973974733923507,0.3927106241435375,0.39197448218626,0.39407846042278183,0.39770538538644545,0.3876216585670026,0.3868134543012187,0.3903819001669174,0.3952386858947697,0.38969219977930325,0.38976551380523206,0.3992238876832909,0.39006043103549254,0.3775109953795802,0.3674805032747773,0.36554805108949245,0.36631821982084906,0.3668111825731717,0.371844497352862,0.3799791882969638,0.39299728737032447,0.3974809827177459,0.39718031769959483,0.41180295340160655,0.41045415463823837,0.3899494581220248,0.39075025797075286,0.39524720373376687,0.39687348227308483,0.3894381916023955,0.38342850204825923,0.3887589760309244,0.3886498699889709,0.3968403959463793,0.39384914748485683,0.38171300566241173,0.3894959074573666,0.3808573904036956,0.39243167604434775,0.39069639982976734,0.39082240418820113,0.3942133897909575,0.40041457947895426,0.40250381179050376,0.4045429108700068,0.41013978081670754
57,0.00827327458122332,0.03461572401762489,0.07331405163310449,0.15567802060366193,0.2156838052248208,0.22528631487629977,0.25103373359454795,0.24217894493362654,0.21750307813237835,0.19419720256043999,0.18653617617789994,0.1767580357795913,0.16278350723258372,0.15277749348731434,0.1731922582428966,0.16571467948839505,0.16338654407022155,0.16046217130621723,0.16502649945674008,0.1756543802358893,0.17277206679850934,0.15986009475088442,0.18187234560665883,0.15625093813064656,0.16928927835816926,0.17301596545105194,0.1752341864210422,0.16743054285674702,0.14836343676905905,0.15313139473591625,0.14643560438298808,0.14647343042323122,0.15851030031152805,0.15395758524135292,0.1483545038748711,0.15044853727955768,0.15162665910806644,0.15711336440491985,0.1538364358737092,0.15988731138683435,0.17217367685639007,0.17403998939122836,0.15634369703775663,0.15309551372175878,0.15789953834362278,0.16147851405315322,0.1786499119781373,0.17563602900220232,0.16461349381689935,0.14625685906719255,0.14950452436219586,0.15115589707718863,0.14435467698913126,0.13793421649438314,0.1231081331520849,0.12407168489655625,0.12272563212124692,0.11519568577081454,0.10295770231753273,0.09849532279877012,0.09490939314282672,0.09068619471128718,0.09984598479339017,0.09967810590521871,0.0953783102645041,0.09173157000271683,0.09083274544239318,0.11657265056997275,0.10340838574525994,0.11479699516082136,0.10257142553824874,0.1027170873733459,0.08941644571266011,0.11942533244081653,0.11867586224622091,0.1153660482348859,0.10862891650541501,0.11510609314073578,0.11096907109173924,0.12065093441321334,0.12568204363350974,0.12492462524068262,0.1202379954748594,0.12537057803698054,0.11760025818539367,0.10471162282659746,0.09377420770254734,0.08342798398142401,0.08947459921860351,0.09554538470561233,0.08847485549844719,0.08882108175326218,0.08251322141449677,0.08940835007350198,0.09506622623792017,0.0864175099068855,0.08056436587332774,0.07934621866330638,0.08942339272419247,0.10002070559558023
58,0.007736721331414977,0.04037829103788712,0.09230813044709507,0.12269312921736392,0.13194874421995884,0.1147821187606519,0.13327666091752666,0.11337379803414191,0.11598564330951042,0.13520006325109793,0.14424915044374528,0.138760245431169,0.14782157180399425,0.1506826119417509,0.1456856350739987,0.1444977290816361,0.14033208702751593,0.14374028112600434,0.14118015259380456,0.12883357608863202,0.12433140597187943,0.11795558077552482,0.105304335066515,0.10180336759790447,0.0902106728277853,0.0859824333186703,0.07761988101114094,0.06541040096318868,0.07264281455414065,0.05486058572894601,0.04926937847697504,0.056515106161178864,0.04703855899818579,0.0568891909576497,0.047197452057994756,0.03386127587771665,0.04984476514530448,0.046417984503689766,0.03954407322984018,0.051269970570483984,0.051220503998759374,0.041289133179668126,0.06292356714719981,0.07755084960479056,0.0802150176419544,0.08080443749579162,0.08201378706311498,0.06626885192754638,0.05545753235652061,0.08109662458622063,0.09122571101445055,0.09413876047180164,0.09641595913084,0.07735844914856327,0.06826706014160396,0.08057717566567911,0.07682095098375087,0.06727340012856821,0.053137201735515206,0.03098943002877344,0.044738389318115496,0.040487738815269944,0.050737311407662265,0.054253200426209014,0.05939782808690728,0.06334402772207987,0.05996993331493457,0.06250519556291749,0.05719855959440194,0.07239211755586435,0.08588058742806665,0.10391123539001484,0.08384885096086517,0.07108979275981774,0.06716250574134519,0.05873253438174531,0.036703969934538165,0.05115284878874088,0.05957242533632907,0.0754343886190658,0.0721324689566035,0.08370567207377488,0.08667082800984566,0.08520011956344772,0.08499442712231291,0.09289276425285499,0.0953558146777519,0.08430876071720132,0.08350143953531401,0.07169771345049622,0.07336941779059979,0.08522210071952002,0.0898155662853756,0.09912270450978364,0.1030454332287609,0.10914371971385195,0.09229764418860746,0.08628504188498332,0.09184373507394973,0.08946696458245607
59,-0.005241651043316939,0.0288738644574712,0.06704075181674067,0.12362095339669088,0.12043022233366886,0.13056509516091797,0.10491311172915607,0.12555017419389927,0.13320870230631035,0.12813210296113575,0.1120522344720663,0.10463646155773959,0.09455586567077727,0.08353861943904815,0.07890266173822763,0.08140599739091066,0.09644373974106651,0.09448550175790926,0.11279156620938319,0.12154486583569135,0.13314903473638903,0.15419020155489785,0.17680417375446805,0.1570249563737288,0.1508832808896356,0.15369151816377058,0.17119482694172836,0.16118664208413225,0.159283601363687,0.1483930886116659,0.14384036461167604,0.15885613361336084,0.17024792207283043,0.19684260235373618,0.19125523841955044,0.20542695190001622,0.21611303943827334,0.20829819783546788,0.20855804978934966,0.20806614991238903,0.21412853892537703,0.20953655779778782,0.19247024605907406,0.18628431637164103,0.19894512560661862,0.2136080279578919,0.20911568896660648,0.1957498725247831,0.18937144864281755,0.19338151909611112,0.18857291551086608,0.18603419928563295,0.1764309062213283,0.1634560280305613,0.16761538322214659,0.17413464825576822,0.1728013930343477,0.1639933280710332,0.1678699772429798,0.16204546276322368,0.1541365730740026,0.15017451333780976,0.1401665455910045,0.1280724648138825,0.13510731032214318,0.14260971846005607,0.13994707447866728,0.14012688708968526,0.15004241571663574,0.14174015924947686,0.13444550869607638,0.1200656956826866,0.11324915726672179,0.10793042361109072,0.10178024783702078,0.08938220346838797,0.09228794679169193,0.09812375251381521,0.09360697172471984,0.08906521472687771,0.08803984572840548,0.09691432329883387,0.08382622387462883,0.08594247562224869,0.08396454812146988,0.08072550288603754,0.0909447109532684,0.10574311567425376,0.1053402854269694,0.08639491494348028,0.09593980213208882,0.09752101567112159,0.1079298498491069,0.11100118232695116,0.11287873842258828,0.12089065368659581,0.13497710771644397,0.12306748188942083,0.12942751191067398,0.13056988894663757
60,0.0021237752193516914,0.054585863096550016,0.13922170885476193,0.16497681018149923,0.2230774493783999,0.253398156064761,0.2546275337558496,0.2372014039656285,0.23040656359540243,0.20903343709669964,0.20221985994505912,0.1956213005417043,0.19186734144826215,0.19781407262855083,0.21382815088264928,0.20310351516903213,0.19699753538417877,0.1981614249904485,0.19509788899066458,0.20032536707127185,0.20048811759987142,0.19711468730391407,0.20378817290549836,0.18942157010953684,0.1996248991062082,0.21533906178860007,0.21889085786681,0.21104820262145707,0.19005729153360323,0.19314035525177545,0.18030094732593438,0.1728206340615974,0.1767201128211989,0.16585913523349027,0.15872917979238316,0.16505573893602055,0.15432927073042113,0.1396495155282091,0.1393848854828494,0.1316226230492743,0.12645489315483374,0.12065832799783852,0.1280373171254006,0.13495262061543167,0.13755286276224152,0.13494613317768164,0.13053549926028388,0.12351148212003947,0.1318365764045144,0.1312648594624284,0.13109542399311594,0.12026713367630229,0.11606969783199293,0.11162312163230177,0.11282382928897597,0.11184661457622078,0.12190718910354352,0.13263382454852413,0.12916327343117653,0.14033196954803434,0.14333439480709026,0.1418752847017619,0.14592346498009898,0.1292046601986515,0.12751401364455578,0.12467712640500613,0.1255793186224983,0.12273488885762564,0.1188578278482239,0.11892259411834027,0.11594141330104964,0.11089767913724989,0.10207193788014292,0.10706363550624096,0.10479465464284775,0.09277258095673421,0.08736305233087498,0.09334349136358852,0.0894333550469015,0.08430182836243587,0.08799813151540309,0.087463965785615,0.0908347009235999,0.09331048085648072,0.10330726670829517,0.09035822840780935,0.08607214402798677,0.09418186681103556,0.087269223281573,0.09330212865050541,0.10146754371188235,0.10389913072776652,0.09906021484873319,0.09490413496503873,0.10498746778177262,0.11433184058743871,0.11573849047404643,0.10420383944404113,0.11043635299633348,0.10077173827478565
61,0.0049491831406725285,0.07636707511212106,0.13082503116312644,0.20345849763275534,0.2502398050358535,0.2771275327018032,0.29888550590156404,0.2997818340061535,0.2990378898227046,0.27764857093511597,0.27886264265911814,0.2769169308491406,0.2792559896597039,0.28515605876675754,0.28241761697625917,0.27725921676575405,0.26595854138703934,0.26683102030471284,0.2522518287107982,0.2509907251680912,0.247253285160779,0.24105517129607448,0.24453566191673867,0.2568700494252625,0.25488490610351117,0.2512109063100414,0.23447354624301833,0.2311466551849996,0.22827460914796663,0.22884996821904247,0.2392082190551939,0.2282496479649842,0.20996714582907383,0.20280973507455194,0.1932702505188745,0.2064379019805437,0.21299055614272888,0.22802215330364567,0.23968339145442893,0.23323628543829872,0.22867993351875784,0.2299655506463541,0.2243234714760807,0.22465405810196803,0.23084362030544445,0.23182976449123488,0.2365865306299115,0.24671485138559976,0.2482446067993737,0.2528813910575663,0.2346608089152689,0.24229822146557378,0.24885531744315972,0.25011127473198913,0.24218337918677085,0.24575949971523248,0.25120552464856827,0.259912948216987,0.26522361486513646,0.26495030334793646,0.27035288723592454,0.27379466889889514,0.2690291370943781,0.24542345358983497,0.24541240164321254,0.2506048165384533,0.2458735068489871,0.24423055701385465,0.2504605274810629,0.2529535743330353,0.26119311648912363,0.27179041177016205,0.25670166809646155,0.2644494814036273,0.2730548461084716,0.2592042495456251,0.2496762857874901,0.24792823025435815,0.2482506487233488,0.24368262254716516,0.23672779425439341,0.2305259640154609,0.22049144541836035,0.2169897212573267,0.2234119803087774,0.2326319722325053,0.21888231810796846,0.2212030603569747,0.22348464080761526,0.2331418486073955,0.22398074490755143,0.2248588096167174,0.22783071542653346,0.22957198533409864,0.23807590445571905,0.2247649260189291,0.2331507992589194,0.23041270360701493,0.23160342360088876,0.23320845516912148
62,-0.00822017966335269,0.04802429893576027,0.14148075346649902,0.20345464540926986,0.25803712900442677,0.2865092237281441,0.27725425692390426,0.27709371633738533,0.27429190389060715,0.2800353533008045,0.27868884532981747,0.27305578831981436,0.27948222619693064,0.28045453350311933,0.27836190412352374,0.2921787949709064,0.27830696534534144,0.2648596872310199,0.24812726178737146,0.2324664374793269,0.235027380997883,0.21758612628514226,0.2089396529462134,0.20730529686092378,0.19971700881054935,0.2036423663790298,0.19958501630971218,0.194425555542386,0.20392930175852544,0.21622379572971295,0.23014959464853849,0.23306290280182781,0.23742481869722087,0.22261638334218922,0.2251399064143698,0.2335077044511487,0.22432059388223802,0.21908326413734922,0.21839342608930704,0.2209073532245277,0.21444194394466606,0.22263033350349445,0.2450740364162953,0.24381640780504912,0.24139873539021164,0.25292987998626315,0.2642062079658303,0.2569892361485384,0.25912066850529436,0.2531205535229431,0.2537640733210088,0.2582679275390913,0.25974500331591077,0.26032095851330983,0.27092908937724375,0.25837152724232054,0.23889088950646742,0.24249779859606385,0.2353620750613693,0.23483388871336155,0.24266179284634068,0.24405729524086858,0.23589615215078805,0.23548839100654667,0.23746933566543574,0.24567361368438637,0.247871053729964,0.2579559268354099,0.2604164559923619,0.2563370475907167,0.25445498092583213,0.2511274041804378,0.250739440006731,0.2354625324000975,0.23117726859254373,0.2275803638692186,0.23999433504235768,0.2374346635759667,0.24082498493022808,0.2374451373232623,0.23752918099455156,0.23659169427137516,0.22698333193960632,0.22936942192786616,0.23164568192110732,0.22615571029863196,0.22148044631755437,0.2316282458133789,0.2191825658173775,0.22232666701920784,0.2253081067990512,0.22386957814604622,0.22912008795551397,0.22040326478039268,0.2280004865936321,0.22154177410565926,0.2160516236702009,0.21711569843433196,0.20688877938016442,0.20030921372065547
63,-0.006086339877403631,-0.002304352146529637,-0.006459662509970272,-0.00975435990149149,-0.006798628402498983,0.00895762926177237,0.032480586345204274,0.06702540721224694,0.10499911292663283,0.10930568196054934,0.1072751147500308,0.050935566785827016,0.03870225859998974,0.02066509970556558,0.007314188062652246,0.005926452788852676,0.02022562213157578,8.846494938778398E-4,-8.570310458255404E-4,0.001976350543938007,-6.937819402175819E-5,-0.0019318983636975409,-0.011688261304170174,-0.013433823196284831,0.0019019121796777013,-0.0032347787323587104,-0.007916619546019247,-0.018891529386842874,-0.011523620822839156,0.0018318856897446161,0.01831529165649495,0.02607787752607205,0.01689300927931571,0.03149022055301655,0.018910653224831583,0.027522764361185278,0.017572080419305275,0.01458297552971039,0.02649095288896214,0.019495300979991085,0.0071197920508090625,0.01749900118043421,0.024835655402862936,0.02418006492001679,0.015732523663867466,0.02738357228599884,0.018306077103355235,0.021534178720068787,0.020119127937995352,0.02111774493404265,0.021734039162968673,0.025016249042596743,0.007656933274368849,0.004512704356508987,-0.012869105117663718,-0.00741360905839465,0.0032066602504513806,0.0029099318602841167,0.0028614164545054145,0.013718223936192618,0.012006354715488991,0.022651219623601428,0.03154189715591191,0.027000917683047177,0.02957604688209665,0.030982524864545103,0.02886955699262531,0.02654439132943054,0.02496858446269779,0.027079805472611813,0.019691717906401934,0.015311169068324065,0.01133454391243715,0.01043733701502355,0.0066705505299356396,0.018397505852485813,0.011598944231199348,0.018691702436036812,0.004285500955208915,0.007126555085874805,0.013699110063802575,0.006171115307099104,-8.131961912934662E-4,-0.0033599340893093166,0.013736933944677421,0.009096740029259254,0.01166666261749414,0.021188879899635076,0.024990367337047764,0.03173933995527939,0.03777547024034564,0.042420184381811304,0.04278741509920209,0.044396893514350166,0.04671372991945259,0.04981768900162587,0.062100633290948934,0.06382924889728255,0.052221987808010094,0.05736415576636003
64,0.004689321206240349,0.04558116555201758,0.12030725718178457,0.1852775930962502,0.28123585933950923,0.32510775152798466,0.3372258740094405,0.3317184791745234,0.33012727073834663,0.33835953200876845,0.36118988958585524,0.37383479399524433,0.3881083167429391,0.40062104800518106,0.41290119264008884,0.41471042278366005,0.41472395344061697,0.41609275306714893,0.41420950668528966,0.41216947275269483,0.42290108201434157,0.4263332932306056,0.4389973909924697,0.4262347599045854,0.41748379993346946,0.3945560628428567,0.4008696753796299,0.41133968822491523,0.4180683392226163,0.41110497085514575,0.4163002934857179,0.4214126663796439,0.42450969821526713,0.4142910505644695,0.3984286920917274,0.41114294763508125,0.41420607172665236,0.41571165693236495,0.4132448450215064,0.40518475834742185,0.4172666290459314,0.41424170101489294,0.417786036315865,0.42625929568789084,0.4264366037428029,0.4208846971311342,0.4108740577119348,0.41062964447082045,0.40613062249456255,0.39947610853277093,0.40272356592456715,0.3999079792543862,0.40123951022863447,0.3989137987988754,0.3904881862335585,0.39480807797520057,0.39808050608021334,0.3855314577830945,0.37806651609721437,0.37691662891637,0.3774307497595779,0.3765255570730794,0.38318697290858006,0.3799191131239382,0.3812560848254079,0.3916139482144899,0.39411143306368374,0.39415896142215046,0.4024747586395585,0.3984371483364012,0.40168760987958907,0.40347866389513143,0.4090605694348327,0.4085171139435374,0.41429411041556885,0.40739968787165765,0.40331017712916667,0.41073782216564036,0.41032663680322295,0.41566177152666994,0.410858247277758,0.41716691878601125,0.4133870733372334,0.40898812933908085,0.4064087809014126,0.398934038138993,0.3935152576872779,0.3907289568061057,0.3930203790869106,0.39202980790262587,0.3981980326707756,0.3947562189424614,0.40436682958783365,0.39788673347638176,0.40172362966097835,0.4069513535615002,0.4032683846276607,0.4027778517389583,0.4026527763888422,0.39937152205053406
65,-0.0030567862803906275,0.03366141367029751,0.09001063705416305,0.1541074521561657,0.22078551274679686,0.2439106301781134,0.29474414444695596,0.3054991439794787,0.2990294775216449,0.2953154356356086,0.29668829543125763,0.276978130485554,0.25303831628526013,0.2571751598380246,0.25573476887216023,0.2715107273617934,0.27235185135200607,0.2726640498772143,0.27231349823920586,0.2817559399784349,0.292818275306759,0.29132214062767214,0.29611156822449475,0.29662004327640695,0.29680838496470013,0.2880448877854311,0.28634164054697153,0.2802052990816269,0.2750579491516165,0.25049820612562385,0.24484513665800137,0.2447587759509293,0.24070631265168538,0.22838043634715188,0.2357344041740871,0.23229199955927665,0.24411378967789552,0.254546180539701,0.2418759271468081,0.22505613946551736,0.2165745915368601,0.21312094859474504,0.21538461207231718,0.22563049304357033,0.2511727697975127,0.2572123216785165,0.2586980934220278,0.26814050204865736,0.26360963483881034,0.26017614160646446,0.24969522478092965,0.2392932457931681,0.2376277664342667,0.2542492680416266,0.25324362101046366,0.23007585514574785,0.25600207648896767,0.28050803173341293,0.2887569345425959,0.27593922033699303,0.2737863471519859,0.2784113261643954,0.2814719144999229,0.2948089234645079,0.2901142796543555,0.29176901301293723,0.2943119742315021,0.2895856478077322,0.28987948811901026,0.28745444829378186,0.27195285713261563,0.2779311920915279,0.28085423979262836,0.286158399174106,0.28194553123084765,0.281218137228969,0.29653961418603464,0.3062067721728278,0.30860319754418525,0.30226674741943016,0.3083993248918778,0.3129980043232347,0.31318521779743685,0.3083959126996283,0.3100282175240883,0.3147359933351607,0.31522146217021374,0.2999979425463513,0.2858858680762577,0.2794179558319413,0.27253758322612665,0.2754813233143945,0.28306902713445864,0.2676650848388594,0.2605269425443394,0.2820044228203183,0.2857333518613679,0.2900607685410608,0.2921689347012779,0.292976110359462
66,0.007583435610670949,0.056196594479627826,0.13011195986552362,0.2540296050132087,0.2951043240656692,0.3255201421358088,0.3650795275114298,0.3700505711999025,0.38346608661711146,0.3773321144706328,0.3744480053008893,0.3713069576990138,0.3674509679328476,0.368311316478661,0.3711011419938751,0.3654245723376996,0.35395674833647095,0.3480425073058542,0.35118919684657557,0.3642928724509845,0.36495747554587077,0.3742037045498127,0.385377540025179,0.38714608371677506,0.3824174192490335,0.37721851609102847,0.37009893472506383,0.3702291288763652,0.3765964142826339,0.36038630876533445,0.3498208942523806,0.35906415275907205,0.35668097896124656,0.35403270177749624,0.34914888858333093,0.34742140772407365,0.34316414803545015,0.34913631219096375,0.3434589690175388,0.33554494497964926,0.33900071616019717,0.3460110959524501,0.3491471094866683,0.35680668690837136,0.3603632598767614,0.3626416064985841,0.3564675848072831,0.34427508449334565,0.35676205225562313,0.3606040745091124,0.35855910483144626,0.3651513833284706,0.3603339816781647,0.3689503859489618,0.35830374319842584,0.3602205108843882,0.36840971041948534,0.37677856671789933,0.39063432962892075,0.3851560970094263,0.38097319987563855,0.3864829782794486,0.3848053517695938,0.3813979887025215,0.3867559051788209,0.3864015255573582,0.38543152787101626,0.3840230167653313,0.3855698055662817,0.3887124345150753,0.3952570164654071,0.39814547452773497,0.400347708862641,0.3852165122226503,0.36710364430618847,0.35672252686294237,0.3496148977096155,0.35307633582776704,0.3471998613878761,0.3521251896404694,0.3526882095281562,0.3557425877862106,0.3582445681454878,0.3701588359450714,0.37524992249823,0.37468437838560276,0.3656046888630387,0.3730420471527273,0.3746442716006407,0.3811236645404279,0.3859842748209207,0.38030491605892636,0.3764361791285446,0.3832658176002022,0.38713954621078117,0.38937487713768976,0.38513261463738163,0.382764356330385,0.3714133535080076,0.38597128198158775
67,0.004417153335123395,0.028452024106428494,0.03911350717659929,0.06799804635629786,0.08705391431659691,0.1284958603689343,0.13268938003657746,0.14584935644162084,0.15871743471187202,0.16483242980908572,0.15753365746381115,0.16017927861628414,0.1442902336911696,0.1546536711932857,0.16152506287612606,0.1628524942605581,0.17467089267722802,0.16174363557519345,0.1668691212829711,0.15434909414768622,0.15444927540973066,0.14652855852919536,0.14279518608153188,0.1555575817292432,0.14914141505824652,0.1435101620600544,0.15435396817100655,0.1518057280042281,0.1600331246103547,0.15781857191577559,0.14997645261908393,0.16303977495459354,0.15020345361156817,0.14848846832786536,0.1440070694420724,0.15776693599749544,0.16834095328153917,0.17971180180167537,0.17971163669713097,0.16829432659315702,0.1633146229713599,0.16664849801568582,0.1626639860899312,0.16005191128784538,0.1348359931809649,0.12868897909647486,0.13763324586712344,0.13873825161788783,0.14005194565230614,0.1499048299380756,0.14697148045505568,0.1580669970545014,0.14987619243365813,0.1632363847833675,0.16480023860898987,0.15770078853311723,0.14940678020692252,0.1371458400663801,0.13685135064901974,0.1385126777865527,0.1364791083508095,0.13697963303311667,0.1469487923797516,0.14204076786590342,0.14615227819284654,0.13458459835454448,0.13288276823108258,0.12834608385723134,0.12343814892658896,0.12765197860726707,0.12858563965842787,0.12619209375298926,0.13485874633353315,0.12663886424141121,0.12400563463011384,0.1294004554943388,0.14320034243821078,0.13695042961940196,0.14612968361939846,0.14909784931951645,0.1586074748784641,0.17677803100238554,0.1706173337238134,0.18014301679760397,0.16943647455079067,0.17124142931309919,0.17377321112244068,0.16521144377714583,0.17273330327242126,0.17714419903778725,0.1691363284391329,0.15191383440694292,0.15487801300145237,0.14527687260527083,0.14804563714372582,0.152720734571133,0.14177986419728048,0.14229906865002342,0.14362961690380405,0.14770344660415888
68,-0.0026552894920227844,0.030743490327441406,0.07685436126920912,0.14372314053176327,0.22423391208612206,0.28414015677892684,0.33365764832313793,0.33079510559240544,0.34712062474604083,0.34805432901209626,0.3427114695509816,0.35237074969039667,0.3659715301115282,0.3829518010964927,0.37981240722089565,0.382678669810953,0.3984522066388412,0.40912456184190177,0.40657177731284144,0.4002574854345998,0.3973277001794257,0.3886914770918359,0.38398556032801784,0.385643432546055,0.3948460990261611,0.39419351868060376,0.3993585521866078,0.3956998822100251,0.4031400474287628,0.3948865552754939,0.39680085827474765,0.396785162881191,0.40488228615264676,0.40954090866500775,0.42525524288290256,0.4312256142767691,0.42256130140929504,0.42725255944890683,0.4283838243220803,0.43556765422976257,0.43787206318726957,0.4298907701999966,0.41570144850134044,0.43082057085878417,0.4391902350923754,0.4410192701369565,0.4253903982710211,0.43679710283542056,0.44602882355385587,0.43051480257833935,0.4235561973920513,0.42074196481754284,0.43934646708643604,0.44223840399507,0.4323604379352255,0.43480033714599153,0.4370922451216538,0.4322533268542934,0.4319396030644326,0.42740322089511357,0.43273071413675995,0.42475101031316626,0.4310805079478294,0.43027250690966423,0.421688410690859,0.4201079834797904,0.4206510434815777,0.4232754770358095,0.42586145707362455,0.4225891186010033,0.424334075614595,0.420960624833843,0.41411480033606607,0.41786270350864824,0.41820577493920086,0.41065379327550033,0.4110439483011177,0.40463600973156943,0.4048707529705468,0.4048146914758315,0.4094362344614655,0.4109493367986184,0.4104079108734737,0.40329130803345214,0.40475796110096746,0.40473226015457414,0.39530346438318725,0.39464605991963125,0.4018067134770138,0.4040246871511856,0.39390848276663637,0.37755782715640046,0.3777027483803592,0.3844583039654992,0.383449782871689,0.37965519085680627,0.384874231716945,0.37960310850792484,0.37910502933181367,0.38553183120364104
69,0.00801706565080434,0.07350323668410864,0.16869102646543743,0.26386978084614515,0.27818628081727625,0.3061169349132755,0.31284092196655433,0.3044875096887864,0.28439453251981744,0.29689897333635307,0.30604510586381833,0.3024263496466707,0.3056541654320723,0.3149562491856862,0.32857184243667653,0.3219111643317192,0.3074633368868048,0.2821898813584166,0.2736785046661974,0.2739555492254264,0.2780321262361971,0.28166164637151625,0.27228418205165167,0.2694035920172635,0.28011299250589333,0.2757048725774401,0.2704036497557555,0.25894809252870304,0.26670957654117283,0.2684811894187943,0.2766577414728065,0.26497680219178993,0.26296340659969425,0.24315287695902266,0.2480742997586073,0.2493817749197511,0.24511164635764293,0.2514853352953972,0.24928758455006578,0.24253853796982852,0.22888260355447318,0.2404144435955013,0.2523289499984365,0.25316838242242246,0.25854208836220666,0.26139906694926873,0.2597310438023693,0.24841749477109784,0.24822752900445924,0.2508988725616803,0.24550727924953064,0.2527889788557037,0.2689564639489632,0.26837741742013743,0.27473764019271885,0.27343388257547036,0.27744763619629365,0.2690210477322211,0.2716406864130915,0.26369759660330594,0.25663234738524604,0.25441383751002067,0.2509810433456648,0.25024014200922695,0.2478112363047913,0.25555091029187915,0.2635975670435564,0.2560974222129154,0.25777615036178514,0.268804800769973,0.28193682625162214,0.27910682390778596,0.2822909926991015,0.273495916307971,0.2736944022415768,0.26295526688742593,0.26012108682248275,0.2645016666735948,0.27953901941129233,0.27317380544227454,0.2626123318339031,0.2548152681728642,0.25846376713864816,0.27772130765108044,0.2735498638942037,0.26319855730426384,0.261351073047196,0.25296484037319894,0.2386145770430609,0.22862524387430377,0.24644063056998092,0.2390181137686482,0.23165250213956867,0.23538897894965577,0.22638465196808397,0.2367470314139346,0.23112161991307198,0.24094383990226464,0.24806513927469429,0.24262454552865984
70,-0.0019330939303144148,0.03471110240620931,0.05665602228006703,0.11883349890994938,0.11107759669614031,0.15356353382161608,0.15466039209959204,0.15180820395293973,0.14512226801241865,0.15956421192880188,0.15930541333850956,0.149143406764926,0.14691251879962353,0.15107806904843754,0.1643525650024085,0.14600220992428323,0.13898818363477924,0.12871575381789366,0.11634523393456404,0.09243642944147132,0.07751202888800675,0.08639269627253182,0.09118864357991903,0.10878666758521419,0.10366127927868174,0.10000104015699775,0.10939606355028422,0.1186952318911855,0.12022492867073634,0.11130086540524686,0.10546394044889947,0.10673427384130708,0.10820027234480842,0.10868146081115365,0.11114395617427,0.08888561417792638,0.0773955247783686,0.07646377021019973,0.07184737403559247,0.05999677962312112,0.054573675783139784,0.05282789233104718,0.05097372555359587,0.028725978992035262,0.05190719991710312,0.05566509326981556,0.06049308485444266,0.05808649570792279,0.05676244802892998,0.04712801391966439,0.039609264154651026,0.03665789756998598,0.027858252084827867,0.024915856513900145,0.04655455335247799,0.062396561097011825,0.06886073725654325,0.07457623691765064,0.09500869954401209,0.09880157413127781,0.09794173694876517,0.08674612953144457,0.09251502031232701,0.09307859897119221,0.08788169215895784,0.09762996290790707,0.0975331539860875,0.08162876600175867,0.08893120283556298,0.0816801250731982,0.08017956764560813,0.07181536670618115,0.06482063630547849,0.04932227503252924,0.04305920259256494,0.04270247388104851,0.04312532976918142,0.043673359788383534,0.04187463570435981,0.0529939456467233,0.05090565247247451,0.07539446760051546,0.06383830024390368,0.05071678458740064,0.0505320423917135,0.06757775748566623,0.06427097615653948,0.05844044771859187,0.06363324668620586,0.06116756935190459,0.06219858818838854,0.057169218561561076,0.05388934971311772,0.049864369431722684,0.05684582475304103,0.05189126170242809,0.053339386463948715,0.05082507431409953,0.046042086263769565,0.04045685778210418
71,0.005945153004194756,0.02743841071254188,0.08365183445911446,0.12161084498340888,0.1935147003958701,0.23960931149854825,0.2451053864196883,0.23572541663553845,0.2554065927186917,0.25265135514974757,0.24473728327864935,0.24764237184864538,0.24652751115088845,0.2366264202567122,0.22352668651435004,0.20909097154728457,0.18738020798133642,0.19762590459406518,0.194788023784892,0.19009878756045392,0.18939411855141877,0.2084579462162143,0.21990821690143164,0.21306911112093985,0.19581859313748992,0.19114684895328143,0.1911708483880561,0.1913098114477746,0.20524135949711791,0.20883304158584143,0.22345417135822068,0.2177030320826091,0.21375725730810635,0.21156212812933883,0.20837672746090294,0.21064529345119645,0.1859966469546005,0.17623862611425983,0.13481113230894537,0.1530349978365005,0.1389043179091763,0.1363167705632919,0.13110015904188982,0.1210513470905008,0.12220574357214892,0.11924017515932529,0.1411604102970261,0.1453513264350501,0.13610555292095194,0.1368740776500541,0.13526755291648962,0.1289014060007717,0.12927584105867396,0.12543041209159728,0.11713994360793226,0.11517312941138078,0.1276328182277013,0.13100917555402217,0.12250760816301122,0.12069975644269429,0.12089196783520664,0.12933317360978624,0.12276760789294378,0.10772783597770051,0.11531556676950147,0.12584521877401278,0.12141913933563166,0.13860700748948823,0.14822520880792756,0.15792614865004725,0.15809339944875933,0.1569877311591283,0.16243902272540328,0.17164808352314292,0.16229754305761804,0.1578749301511478,0.15907351978036957,0.14606094533686753,0.136487128908701,0.1394625719470107,0.13872671287055968,0.13172885899678882,0.13602602076057185,0.155984719980356,0.15437545510701,0.14257593353345588,0.1364242965493519,0.1334501404012809,0.12734773526974077,0.14004855426638624,0.14094484372207616,0.14312242074853912,0.1430125976810183,0.1449236000255472,0.1256682873342295,0.12251502171910177,0.11297886088244276,0.1168704052098525,0.12794133787027595,0.1309189974542064
72,-0.006101251670105236,0.0260596850919433,0.08753921569483954,0.1537633520624644,0.20564678539145767,0.2510889296303424,0.3010785732680869,0.33930303236600357,0.37098005503262094,0.4103236098595034,0.4135710534196345,0.4228442139650363,0.4399253381854748,0.46194431616552234,0.46349067780330505,0.471638638719961,0.46946430116680604,0.4734327750021077,0.4543642641555007,0.4459401595639192,0.4432098843883162,0.4456218438079284,0.4437217139054833,0.44177447779197965,0.446882695747233,0.44851236553668733,0.44289890388518904,0.4474194906766806,0.4514217899617117,0.4342043258554271,0.4392177136155887,0.43134834062346045,0.43775565836101826,0.45556716437527295,0.45448472883503604,0.45706224210389657,0.4516529638115403,0.45318253405808234,0.4519257124948078,0.45294982137694634,0.4400792275381887,0.43172693784974236,0.424632214664483,0.43380697004923063,0.4276376771553606,0.4298597628815149,0.4420650846441788,0.4490298757669302,0.45761855988081257,0.45200020663627016,0.47044523485380707,0.4708025741522553,0.47481932439053076,0.4774540266363362,0.47420383279128836,0.46604439302127426,0.4560461381350963,0.46199014309572717,0.4652677169343942,0.4738177106017588,0.4762241329699605,0.4732380780504711,0.47686629627789645,0.47889965461990236,0.4805236797578085,0.4668544000666839,0.4667948932396843,0.46172566464651177,0.4502254772264056,0.4524122381908932,0.4534655017275648,0.4518150712655128,0.45826201736321304,0.4574937358578293,0.44836777610785405,0.4421753783279068,0.43147159367628285,0.4249465078572199,0.429860400348233,0.4343548887219275,0.4287118265765635,0.4324396629113278,0.43242472447929886,0.43866687008830546,0.4431637567432612,0.4367807247475655,0.4434004468120524,0.444300220945512,0.43886792260875945,0.43992442259293496,0.43496587025099037,0.4348428656187121,0.4372244135256091,0.4295816006781506,0.4225487449717805,0.4278976349615323,0.43374145879398107,0.4317188118231996,0.43360387167930425,0.43031197338179294
73,-0.015149616391851055,0.003014673800163023,0.003191070603999857,0.02082972665198647,0.02844860514451348,0.035155938790651,0.06994233996467543,0.09143513010669597,0.09751566213792405,0.09160718874527189,0.0875960343339874,0.07486812446053762,0.06751040742798792,0.06794866135215566,0.07183682905922964,0.05796596671467093,0.06083752316935971,0.0737884388680113,0.06523194659707655,0.05161024743175317,0.047224348269569554,0.06352852586206706,0.05314958814628324,0.06290508065313528,0.06765165082055904,0.08111094637212758,0.08761998547392669,0.08487555066645756,0.07618769492697916,0.08923929553026215,0.09145301653173134,0.07754592001889195,0.07178100603192492,0.0598104682133907,0.08163315608950555,0.07071032877946765,0.06365631336045992,0.05751826626503527,0.03391721108586441,0.025875588266449506,0.05898715481870734,0.06220517619758495,0.08064896885736422,0.08907010034610767,0.08198165191073901,0.08736775713905898,0.09292445890008759,0.0852736512044071,0.07870861589044194,0.0699901633028726,0.05334484218998161,0.06985745342480118,0.07615053045113318,0.07633563206733444,0.08352758291035599,0.0867249789164391,0.07474273277210121,0.06850999312826217,0.07582059693774329,0.07808744828352336,0.08460907105581209,0.09666452372011547,0.08770901920467278,0.09196239080788994,0.09401491736998333,0.09001735616077744,0.07505307396365091,0.0782652724439051,0.06234533410850594,0.05707939638359925,0.06672239527348976,0.0726154152713859,0.09172636462717362,0.09034048319089123,0.09981099326687955,0.10185287254514432,0.09186059309943,0.09767549728318915,0.11096086911520008,0.10964969305267347,0.11059036478314337,0.11874849222941679,0.10543123219799665,0.10592446139820082,0.10609990195442912,0.09410921547922164,0.0980380664770774,0.10640635040502229,0.09929331387476076,0.09925350307009895,0.10737425378126614,0.10462173252482812,0.11349866526641168,0.121987501140637,0.11917152231817224,0.10958250591865515,0.09947140070976498,0.10146847822980376,0.1032370350954604,0.12631135284135528
74,0.006527310461641408,0.06830585645197802,0.09899423485919691,0.17214827320188697,0.21184493835544174,0.24827652375666326,0.25255205016873655,0.23594043695241212,0.23854994057474535,0.2378741158926131,0.25153161908397775,0.22475189517328875,0.21835851366882542,0.2199469790253982,0.2119741777178388,0.20700255514717716,0.1979944223562426,0.1957376211419297,0.19637779816590992,0.19578491212598884,0.19408781712587025,0.19606687773686274,0.18706933841546142,0.18023824388025406,0.1826144570823445,0.18127371478397358,0.19309973073582795,0.17997236399498995,0.18296891297448561,0.1919025949021119,0.18108354312852737,0.18380888022680428,0.19315020591392326,0.1991595280369589,0.18916582731047668,0.1900728913350154,0.18163824478356574,0.16662889160761332,0.16300444679256998,0.1570261273254825,0.18580870132473792,0.19493043624996173,0.1859724773740784,0.19833750489036306,0.1896894007593729,0.20623952159692596,0.19338182497684941,0.20244401207136978,0.18924779716777224,0.18564044391712442,0.18559127652267676,0.17311074109903846,0.1642802125378789,0.15827775770289979,0.14972379316219056,0.14246556992324183,0.1407530822940795,0.16235300691275095,0.15696710611914036,0.16532954660173627,0.1660462497415074,0.1650424085710096,0.16876810830003194,0.16525192764743799,0.15175361618483765,0.1402557386030506,0.1481865605122087,0.14011522291248893,0.1387217633118394,0.1448442330834304,0.1372343478062777,0.1316707723624343,0.12561290230127453,0.10969498072686233,0.10722631124862969,0.12905424305482233,0.11654403428913636,0.12470362263675126,0.13454662833252712,0.13558200488065936,0.1341271526090783,0.13902260942712233,0.12667625645536962,0.1150369266309808,0.12131944959897563,0.13092567093201135,0.11990705003395279,0.12994596287356333,0.14344386717765903,0.133831391904661,0.13129369463297821,0.14639073254698298,0.15875741072089572,0.14249130438610946,0.14704223481712142,0.14846678455885046,0.147479672799208,0.15637214202013924,0.15447792719802206,0.15987317431417095
75,-0.0181869566832483,-0.014344254836928062,-0.017085130211140723,-0.019415624173087672,-0.013478614734256121,0.003319466821578459,0.01282418406018626,0.05865162109344055,0.08630418790382302,0.09096096223486823,0.10598878703161169,0.11504939940685906,0.08267936865562142,0.07887385679179328,0.0857500017400493,0.08799365632704341,0.08865109166024865,0.07890343200610421,0.07224550239057007,0.08335443098318727,0.08243057828755307,0.08160582626402382,0.07699583965104323,0.07835592249606466,0.07226578629453531,0.06433662817398184,0.05756950415167369,0.04838128944520096,0.05534859192987145,0.05880581945093728,0.0623052118651711,0.04610119055499224,0.03733923870032816,0.029953584669028897,0.045087734556650896,0.06263919895154206,0.045227226427780015,0.04822705144166501,0.06699018980304121,0.054983359620436545,0.03902272688172304,0.033940888627813776,0.030338882535237116,0.046174328813540146,0.023652805182957332,0.016141876691441105,0.026482209415605872,0.015909030692212656,0.011901408155388888,0.013099813489937034,0.01573138069863181,0.025361609773722323,0.021319869634794233,0.02083491717592972,0.03573696484623264,0.031782791049345144,0.03193753652664912,0.031007133685634236,0.025460100236425004,0.004676226489174238,0.0268669348597758,0.03262235115109157,0.04130408858077615,0.045680289096924696,0.038930246005574445,0.03482143369649439,0.04755690570655448,0.05130409054083747,0.032002546486712344,0.019417307218682674,0.030623180423292574,0.04726595432059924,0.04549624703316512,0.03464863111895328,0.04444013669007276,0.04639884022447196,0.02323092923889858,0.01409163525128101,0.04335789221049085,0.03957216552016862,0.04672302527117897,0.048712904387446555,0.05383530850796471,0.06449023628744772,0.06487937081178802,0.06528181470744811,0.06892339897959407,0.04285740120424918,0.06113925311219335,0.0554372225235123,0.041067291067635694,0.041965433000042546,0.040996869650177736,0.024803151924214163,0.023774047045864437,0.013064575038554866,0.005072356480844853,-0.006593763917233364,-0.012729519219078354,-0.0019578449044900205
76,-0.005906612449976172,0.03782137073689673,0.0979070749231502,0.15338636574773784,0.1708079282827111,0.18283622944227232,0.22126021766148454,0.20672537922260634,0.18117746786966965,0.16755082921762643,0.15788400593737145,0.15866169162153673,0.15914008130866672,0.16448111778394364,0.18101863702149745,0.18963797453911765,0.2048132127246352,0.2072847311256542,0.20000187107469355,0.19151926071491576,0.18837649058781022,0.17204981718873696,0.17235827783145563,0.16247782925361434,0.15651083252715503,0.16550750569823158,0.17824111125899664,0.19687869673312683,0.19254302517149374,0.19030023191455278,0.19141230418876312,0.18101895880491584,0.18757868516086276,0.19521225863267483,0.20097945531090486,0.18985521522353946,0.19638144620883682,0.19137803394810804,0.18138543873309435,0.1826150556254992,0.17680973772702757,0.1946605380535157,0.20369756201794886,0.19568296813133984,0.19236232423330488,0.19877132961807611,0.19595105978481717,0.20093838840918418,0.20095161343052984,0.1828764929765057,0.17833910644145867,0.16763882386805418,0.1649929346769553,0.1521769358340975,0.14923794705681195,0.15007726639345337,0.1476842565751482,0.1538690617380926,0.16537281557494563,0.15931363379328944,0.1568255079754623,0.1484080274713637,0.15112879388385408,0.14634712227676056,0.14666860944532428,0.16094967747907904,0.15688543593183935,0.14707066252430098,0.13344953249090716,0.14091358439645224,0.1418362520083209,0.14902104416937945,0.14917259168355315,0.13692759750839534,0.15515788395858207,0.160486650625258,0.15764111867126532,0.17253009342418704,0.16394015710703422,0.16743792540099622,0.16630933493961575,0.15778775719338312,0.14347511039007246,0.13018472751906837,0.13644409982026112,0.14241430901146265,0.15620882542427492,0.15270425485099162,0.15729489008746272,0.16405922948107993,0.1648021329193421,0.15586732028217637,0.16216565907824512,0.18029403653817272,0.1796449511346561,0.180809811969585,0.17164971615003755,0.17255050717894269,0.1672849015507212,0.17052987578074869
77,0.011084746037046149,0.07159661886964452,0.17207514131848212,0.22886943652764863,0.26678208927948666,0.31097323858481796,0.29928253698103086,0.31694443211510104,0.32707027223659935,0.3151876089337873,0.3276166842828017,0.32885284420946403,0.3347299200191751,0.3251983686596218,0.3215484341481729,0.3174201893894763,0.31293742447418765,0.3049067086188022,0.32094691635052647,0.32771288065269444,0.3268557657280926,0.3354048399874454,0.33277926602649816,0.3380335351165414,0.32685442422960087,0.3293467677847219,0.3317329165281668,0.3381091112721666,0.33542046526656405,0.33379461272129923,0.3367845484901488,0.3445421135194026,0.3450480695674472,0.3482801361692163,0.3533776889690347,0.35001130897851196,0.34380817842994355,0.34736149967744057,0.3451331170233871,0.35326897955243003,0.3638409754413744,0.3614738476796211,0.3761384474903408,0.3838544709901273,0.3840019161900077,0.3813405214322214,0.37375101481876927,0.37338805365838923,0.3770544202636588,0.3848439715388754,0.3826041813239391,0.3818682255322524,0.3859391410229512,0.38687403189495256,0.38544294291521325,0.37946149788011596,0.3697666936117507,0.3530490613645331,0.3422229185203055,0.34133062144305704,0.34347270195349394,0.33954599398258223,0.33142461712441096,0.32217374307206015,0.32100179324872036,0.32423333067288995,0.31900994246553016,0.3242975974496627,0.31879989798758646,0.32064715172677033,0.31990041464218744,0.3149696116448296,0.3158447000540725,0.32661711992963194,0.3224750106595182,0.31667214369147006,0.3051420194927143,0.3124367515104051,0.31351667253363397,0.31047893891102113,0.3108936321029297,0.3043964166662446,0.31110089037301103,0.3088427553311082,0.3079542722259859,0.3138945195726038,0.3118969065096032,0.32142230997581045,0.33117850580793506,0.3235720040300555,0.3196764174514302,0.30989711404843306,0.3206840259433207,0.33442824028060086,0.33537122333950137,0.34078364279843515,0.3305386106595345,0.3196961774141671,0.31235270163009626,0.3198931305091854
78,-0.0029077135997337255,0.016914746763748035,0.05003391888130925,0.09249891463619905,0.12820251353809975,0.1485907045461246,0.12477986924075353,0.12157520428326338,0.14909093226469108,0.12004990477608907,0.11094223676515663,0.10864698557355772,0.10019006376709821,0.08506176235948892,0.08274266114389726,0.0662772077300925,0.0721046648391025,0.07020567971956747,0.06576672559717114,0.04731867941033387,0.04743255375795052,0.04224320335157465,0.03939332842833075,0.026531248848574874,0.045065962387934366,0.03514316986818775,0.026423499826106697,0.042520420720260486,0.0462612735670456,0.04950485661833297,0.046509308788449555,0.034796452612090266,0.031113711928610312,0.002668906710648352,-0.012237106524828411,-0.01288875626651505,-0.020189831449021676,-0.005939865002129809,3.136773759328004E-4,-0.0030205417746696273,-3.043391589498803E-4,0.009370711227065587,0.011314542911191933,0.007302693468013913,0.008505019625713777,-0.002855283501682654,-0.0020021031565751924,-0.013690548698054417,-0.020178308026869783,-0.025909232013210062,-0.04375207007002316,-0.049748233003655454,-0.033497683111114125,-0.03261202552575342,-0.025865920131439898,-0.010603916743799268,-0.0030913039378151095,-0.0018586534288679358,0.006727516967646159,0.0017514427298675303,0.012343819599709992,0.023685227507019332,0.020752644998141653,0.007188548992425907,0.005102946622622242,0.014000124777982676,0.01601119360421767,0.010120317470997252,0.015603688756455247,0.028776230811008142,0.03570203087437609,0.028247697033455657,0.016327187892789162,0.032756589014163104,0.03292070649882889,0.0373369292152001,0.016011399023239548,7.317280848479579E-4,-0.00879269499503407,-0.0030766805037976065,0.020667059139773198,0.02821238648714824,0.03464408556912462,0.03841930136981332,0.04817441111390579,0.04440994820323908,0.04898964612512877,0.04284525333501788,0.031711337515258814,0.04340219962846556,0.06065527787357738,0.050297402450096534,0.042299367315638964,0.03613375942866639,0.02645828517990673,0.024448534838396062,0.03081568043995941,0.02155395629908568,0.01515239547717974,0.02083014591576775
79,0.01834734839104024,0.0382088150922354,0.08287495197947768,0.14456710627541716,0.14210069272566583,0.13084370433300438,0.14616667313189496,0.12891543678359135,0.10906932576562343,0.06099389853346221,0.05704471644535765,0.05543744821121908,0.0682693554254638,0.05574141403241049,0.028265760476021088,0.011214859028827457,-0.006389311845665501,-0.028668030550019846,-0.030983167588040938,-0.037247799002830755,-0.023186622724020226,0.01437319007940318,0.032076913982121466,0.02734504407709168,0.0411056027502771,0.018320916386321624,0.018587420592830136,0.034408676742629145,0.04562655902399761,0.023366783816285715,0.031629959041334046,0.02548271455635668,0.03637328664050102,0.042701757583779365,0.028148121456742493,0.02493221718086737,0.03541415244059369,0.04055327758234372,0.03748518000122935,0.03750086665033909,0.038675620714185545,0.02263699303071788,0.018906785190026268,-0.001739845274351879,-0.017558997885885788,-0.01928437919248564,-0.011361921608404747,-0.009618794492994354,-0.0016443001109393573,-0.010704228789993376,-0.012752671727838519,-0.04785914668955831,-0.0526642494725078,-0.05063996333601513,-0.05948772761536926,-0.07286709045442395,-0.07045936093917274,-0.07722389630840958,-0.06239387542362173,-0.06694409903149451,-0.0739319531643644,-0.06738944158175932,-0.046461699924566495,-0.05622160659594783,-0.060798716748481814,-0.05381820631316631,-0.05115998500483955,-0.025387150917370524,-0.021727080155141597,-0.025957331351692044,-0.02345338159617865,-0.017123651782016608,-0.0298282316719825,-0.047434072231550245,-0.04655812658752974,-0.052640566614858074,-0.06627818228929448,-0.06821736409493345,-0.06251967437827237,-0.05841904001470113,-0.049811076476278755,-0.0506837533357971,-0.03292630832343966,-0.04286853807116112,-0.038060379662413234,-0.02272247004083965,-0.022184102782046813,-0.032568649812157416,-0.016607571321791893,-0.023803883678086616,-0.02583990711159321,-0.039075952961922476,-0.03958305817919068,-0.03966041313130948,-0.04420510950209602,-0.0404909120745171,-0.03690890178195164,-0.026485908879801744,-0.022860050544898633,-0.032908252821490014
80,-0.008824931077533758,0.010454838561758798,0.06910095015359045,0.09654773658333367,0.10235138660121244,0.11375860312596503,0.0971962791164615,0.0879539467782635,0.08392264599564409,0.06146997556427102,0.03783125846572328,0.05950637745318386,0.06138028230518538,0.056551256275927365,0.054662270551263346,0.027169582812521152,0.015244759283380774,0.020316246905339678,0.020078618800785465,0.02469361920077914,0.027305511373150917,0.0422300600453633,0.0484607762771964,0.05199392925862696,0.05849519496420691,0.05171893262988862,0.05275365515792854,0.06369744312305191,0.05930368330216078,0.08119352002555806,0.10210479910845065,0.09812745976408958,0.11194044303813194,0.10451974104482083,0.11170311375437729,0.1046759560591404,0.09549104414849302,0.10114913943499543,0.10115774721909725,0.09146984635710233,0.10753137596282601,0.10961110825245804,0.11374063013737787,0.1125563344822692,0.10233954807015008,0.10327304839562737,0.10415210873491608,0.09311343160505409,0.09187387258721227,0.09015260802046125,0.07361045887682359,0.062326520428241855,0.055906608216900064,0.043279789368343334,0.048611213130689813,0.04363758014009999,0.03872063231262937,0.042865012543654046,0.04058938006983632,0.051930985438838465,0.02993466747338651,0.03307503747237457,0.044199998404812965,0.044074677963388466,0.03686302149125335,0.04147760606388591,0.039050017662347954,0.05605993414165451,0.04203371816949017,0.038706375567571866,0.041787332226029365,0.04835501220706015,0.06472478684617687,0.06969173162520181,0.08309002654382663,0.09021528322281988,0.0812145743043734,0.07506954174087639,0.06610834229190901,0.07572260743211172,0.0727795345452946,0.07081356933359674,0.0867300570045283,0.07931239003945126,0.08384086490851345,0.08790795667688954,0.08148749265041162,0.0753195453335614,0.07010754489328742,0.07138405352792772,0.05603122663852345,0.05836695321687743,0.0675108004945296,0.06562540812151493,0.058483123783224025,0.059741810535639546,0.06531441971761055,0.05168885291198182,0.041049432099793906,0.031212134352716272
81,0.0036314602860078016,0.05311905655315499,0.10711207062005856,0.16437962153682342,0.2021203093255549,0.2395002036875851,0.281617978279867,0.30884588243576067,0.32526477153394956,0.3444354706650587,0.3475096876442199,0.35095855067866727,0.36478010445032616,0.37026010201223153,0.37476220168105884,0.36342188102770057,0.37056319354912887,0.38282107309276703,0.3781718655903647,0.38467603877642853,0.37872621040771715,0.38148641962786656,0.38595472339605613,0.37784134165937444,0.3705525229690899,0.35002612970419,0.3480716689120281,0.35634181169471923,0.3678226127192079,0.37432338890804817,0.38348093055444216,0.3904844295144864,0.38806269678053573,0.38314424096655986,0.37022556636673065,0.37063019971005223,0.3791796241103239,0.37842216014768726,0.3770308541155634,0.3628591306589243,0.37391909449532995,0.3652735321806839,0.3703173100560916,0.36228475273780575,0.35794909804892683,0.3583417397049331,0.35561162767796334,0.36825313430505885,0.3554880097373706,0.3565408128217944,0.3546098508410331,0.351477694120171,0.3469451515844225,0.34750805638453774,0.31866573604940346,0.32367650331953035,0.31843818506386895,0.3073061504310453,0.3195168687888106,0.3277206037187133,0.3326420235084499,0.3267593543893528,0.31787676080072796,0.3322520492092664,0.3253243443391374,0.3294229619460299,0.3368619868671161,0.3422351406524308,0.3343396443919293,0.33426434923407505,0.3433833508110271,0.34671595270680194,0.346250122743756,0.34712341817827325,0.34403467386581726,0.3449554558837502,0.3493041686155566,0.36162988259612794,0.35209063457369605,0.3461048684117591,0.341136237044404,0.32970881674256447,0.3431695185697967,0.3748841690171883,0.37287194906649235,0.37296798766775263,0.35576373643869985,0.35621328770422095,0.3531649597399384,0.34787598725817,0.3601984440489664,0.370016250941595,0.3597678098848901,0.3571527043594748,0.3502575465742377,0.3530935141232919,0.3428687550256803,0.3434958250356624,0.35507529238131946,0.3533204838841707
82,-0.005134625987371724,0.04784298176889373,0.07011153119249705,0.12335605868414712,0.1411852303006543,0.11637468292190029,0.12326824570875271,0.15376625673547495,0.1587425335369207,0.17582642834596307,0.1598104711821563,0.16655203958847906,0.17792455999755535,0.17595497162369497,0.16970186357123243,0.20701857909235424,0.20907721249004596,0.23531665120018283,0.22014674018633737,0.21426550234851857,0.2149097845282702,0.22100508395456767,0.22180695229147204,0.23483380182996474,0.2559250797616258,0.25508181652164164,0.24932229492205363,0.24164683251817962,0.24723819515898524,0.2340790247809585,0.25265625939953895,0.24914732269418796,0.25580387237636,0.24560977011509816,0.2573402776688212,0.249977962292519,0.25051420938532976,0.22899410758928573,0.22795016834181517,0.23202112018231397,0.2270004104113788,0.23873150882256666,0.23443456786537545,0.21769675718636614,0.20408667886045237,0.2105822255582115,0.1986424703568768,0.20702917550509298,0.21723685352261043,0.20658571183262464,0.20888678344214962,0.21601201259446895,0.2262980753160275,0.22258577449091047,0.22163376076030597,0.22911111461359535,0.23589551504215472,0.23370007992092648,0.23089562432236757,0.23003622904714643,0.21706143017226626,0.20870813221641246,0.22348802079978244,0.21510226724738946,0.21956828701659073,0.21125567652795435,0.21693800234232646,0.22384035215911424,0.21243181927730287,0.21602496141365354,0.21520189824740876,0.2193112139816362,0.229098813839171,0.23105240691375106,0.22499615824127672,0.22281680647013327,0.23536352430467955,0.24756706772179196,0.24656610841559687,0.23923692653463705,0.2401890932614104,0.23792640495316378,0.2548573195495056,0.2586025876718758,0.25941030333601633,0.2434212592136494,0.24446774126557994,0.2380512520829727,0.24511309832261194,0.2588180522036283,0.259642299467014,0.22707041126684951,0.2241393690703557,0.22562520734564934,0.21410416912153063,0.21149928244468122,0.2025624659904965,0.20912011992181573,0.2248267977125169,0.2254158676119632
83,0.004544897562389975,0.009802061281319307,0.008623315626592304,0.005544595514023423,0.029044501228679596,0.07942255267909303,0.1283914889272123,0.19387611059333787,0.23243408282184166,0.2464694997917658,0.26651821509702683,0.2771358419200582,0.28656838064142515,0.29656499530462666,0.2909803369985392,0.2982762812468111,0.312422751265399,0.30051014813406357,0.2828536411841514,0.2954231376801124,0.28979436629939814,0.29802363105114216,0.30095475439020414,0.30745475480989337,0.28832238111734104,0.3058602280892588,0.3105790410507763,0.30854708950929305,0.3100534071049109,0.3176370635445595,0.3183168239837737,0.3149882341494797,0.3034003517252705,0.29725941579016874,0.28721150995789846,0.2933031317106599,0.3062412344213852,0.3140095464304153,0.31333938259172595,0.3198991607447935,0.3117690923375226,0.306391658174477,0.30729536372236427,0.31368497956709646,0.3003739414242846,0.304368375346295,0.29794866658454827,0.29566654113735785,0.28862203348463217,0.28741904318320793,0.2912314506068417,0.2894199111022033,0.29153844586063127,0.29151317622273,0.2907628039036992,0.2821395358515108,0.2912920996351602,0.27665659402092907,0.2685589050672539,0.28425510182342256,0.2775637545497478,0.2807698087232411,0.28316865042494943,0.2957607585091415,0.30079859096637185,0.29839069330476514,0.3051250054690473,0.29260387943419064,0.2883555280176251,0.2897288221476283,0.2933743619895895,0.2957698429038789,0.28873019663995714,0.2919361033195327,0.2951498673875822,0.3008013573913804,0.29807834436819525,0.294327652179013,0.297871088130739,0.292337115105212,0.28789542421619646,0.2852561115630864,0.2886756917668929,0.2930212199063295,0.29364553470950355,0.2976599836376223,0.2863663997686521,0.3013776597704194,0.2962881493532212,0.3011081875910161,0.29655723343576684,0.2873572743535111,0.28859405161700347,0.28727405289684593,0.29611086033676953,0.29050460678897577,0.29002501003487796,0.30240100943330733,0.2941305433468948,0.2827256020029438
84,-0.002960330077706917,0.04274237933402163,0.09184697037183209,0.1696358221597391,0.187721253707792,0.1983777460899077,0.16309345305769538,0.1258451913849857,0.12860371615488222,0.11941711077152893,0.09654083926256661,0.10025247982425187,0.08655810462802611,0.07107054591391883,0.05574205106658088,0.060531132511063256,0.06879849450177856,0.08307798234250746,0.07271993233603571,0.07437556119520532,0.07414874882564602,0.07558326633346424,0.06467115302865778,0.05713420248415812,0.06305551121347383,0.05078382868409356,0.04873447625881549,0.039683096995174034,0.04480328723967441,0.0609424233057205,0.05806936052556412,0.06705609492905666,0.06984531291316114,0.0698433039047027,0.07961095838591223,0.08430041298449602,0.08514617085114531,0.0935260541238071,0.09368541575911477,0.09853965333830506,0.10295297343549781,0.09791952310690254,0.07751561575578117,0.08292063455764097,0.09133491675993233,0.09208125232109053,0.09259271448894232,0.10094797770750935,0.10841837009249716,0.11871755385852122,0.12174423223329942,0.12719828641898726,0.1276336921843072,0.11338233082101587,0.09182955793197829,0.0794982658977181,0.08099345609662008,0.08238636994260716,0.0757208139942164,0.07557563535615089,0.07731084797917637,0.07017639576154093,0.0748809725406659,0.07026365344004815,0.07834710474556447,0.08430793862776552,0.08720639346788044,0.09839818520242254,0.09802819634613037,0.09608992697024778,0.0882463376390247,0.0866156419675384,0.07995134743309187,0.07311604833282166,0.07204984965282998,0.07987203077366342,0.07055794180901868,0.05691506608602955,0.05613921228331312,0.06058932815349131,0.05734390702040971,0.051228300684718106,0.04786023079979139,0.050795255104270395,0.05567383227271525,0.062378686478178506,0.046275743189807664,0.04767794860439694,0.04817582001279404,0.035234791923287274,0.04517819309462956,0.050138901258190344,0.04590543419776623,0.049621231272691683,0.050860291598204974,0.05042716974873247,0.03979603668354439,0.030732176811273756,0.018920409402768287,0.011834258034967191
85,-0.0037455372566972257,-2.174274087112353E-4,3.775389772775135E-4,0.014418059990994207,0.022949493671419026,0.03101821485071307,0.0388998812611135,0.027576456573974107,0.04343950363972373,0.02954736343862012,0.04509094274624168,0.05199204514137353,0.07251627952507564,0.06502121363483634,0.05745267739712598,0.0597139066090024,0.059876992492996425,0.05456441009640709,0.05871020139316586,0.05451916023828643,0.05524932984096295,0.0664625716596848,0.06972835251038048,0.05979373650805782,0.05741325708580004,0.06464722923586082,0.07129943008355115,0.058833569986437496,0.05439387612113996,0.06251040375508135,0.05327288486898239,0.05878346336607014,0.06902842383038038,0.07075484933233227,0.06231736846812121,0.04326882849853133,0.04520451828827008,0.03294945052949344,0.03983325689151463,0.03314363514176974,0.024109465118488157,0.021119219324263437,0.022681677288943394,0.03865263123858748,0.028888856809956787,0.03198060372507674,0.031740892786363814,0.03845735941656753,0.03291945723145004,0.0358873494000818,0.04902396934123665,0.053474751114975246,0.05707171392445077,0.05057640415678135,0.05748807907244157,0.03840650171464486,0.030980541641370856,0.0319749510589342,0.029363453337719437,0.04109331334193344,0.03412887100843021,0.027323502995177402,0.02578865202978961,0.008595194313051547,0.005209458292514008,0.00953371390814394,0.00877207606766119,0.0173179309931818,0.006553372834892808,0.011674089071791394,-0.0030992519899446136,-0.006957248552292941,-0.0057611126285498715,0.011111311688615932,0.0016174814126865156,0.01647327590809713,0.02903636884216762,0.032024021806957785,0.02845064718062901,0.028819884784959466,0.03191934766528686,0.034460865179922806,0.03878620022167585,0.05051754276831095,0.0547735148432377,0.05669532946013417,0.05513363023189987,0.0699666466608078,0.07091125579821655,0.06928005479843295,0.07539776445420726,0.0756534643824975,0.08673738656087523,0.07759911697073375,0.059413085029293,0.07234926894477259,0.0618057043406331,0.06021222546187595,0.05193256208312472,0.052801546839706386
86,-8.179813967895728E-4,0.026597873870634604,0.09404989645431083,0.2110821983367689,0.27849911543054384,0.3503884660630323,0.3566964496116726,0.34928740560118043,0.36393757623883927,0.3689573915422959,0.3856146719988855,0.38105437909472484,0.36928386502263694,0.36160980960422096,0.36560657187982715,0.36100242903505964,0.3736862337770072,0.3777495696043275,0.3799935105417625,0.38074639803169297,0.3842395138331093,0.3855400452100973,0.3867567436018751,0.40871752001750716,0.41806307698846096,0.41091842023977476,0.41229626707684974,0.4115652930824615,0.4077245702593825,0.4129269355551466,0.4089256376887919,0.4058788265025933,0.401482193036001,0.39731037894689664,0.39618933123531197,0.4044592538349084,0.3914257863961195,0.39727395240352265,0.3928348150037628,0.3959402992130387,0.3969377034977124,0.39172166479761644,0.38203422501031253,0.3803423611859962,0.3824056419575193,0.39553044566523154,0.39469997673937407,0.4039155825664247,0.4194863913324252,0.40158978484753155,0.393549166438402,0.3913558306397482,0.3801947804946058,0.3821606502634172,0.37662085878540574,0.3876824018906446,0.38409474841764757,0.39308069486419944,0.39488583496718954,0.4175532842924309,0.4117811124453371,0.4177307930326613,0.41365927876423547,0.4205312049871485,0.41817304125521787,0.4278014980160831,0.43566922820558207,0.43449579425884255,0.422590889974276,0.4094075843097072,0.409997336342428,0.4227061881665285,0.40880018660431966,0.40390918771090817,0.379539660754171,0.37846648143338135,0.37266118250919456,0.3738950368383783,0.3803942026624913,0.37767750298346286,0.372949610669624,0.37885322999486937,0.36382143028670205,0.35217063335195553,0.37489271810836244,0.3810609981165997,0.37681018756006496,0.37655509778526236,0.37652050919446084,0.3704559940642188,0.36950959326471294,0.3681647374504237,0.3622678406722351,0.36307890171465246,0.3637258092408673,0.368818631240818,0.3622755894631572,0.36532305132049586,0.3714090042800517,0.36877324156425695
87,-0.0010230395344914128,0.01875851511697541,0.04094714412383172,0.10071862518941874,0.18054813131609396,0.23294919626599334,0.2704293115770721,0.3097197154043802,0.33066460423216426,0.3139749888054845,0.3184846619800348,0.31428143694589855,0.2988230793878752,0.29793888502276933,0.2975831059706772,0.31370704207645056,0.31177149572428353,0.3155196811814381,0.3246907198594058,0.31572200778493,0.3266637743306627,0.3323873741861904,0.33201795179117505,0.33060437784841157,0.31933087668621857,0.32694299045992914,0.31906597257296754,0.3402108081269789,0.3518418780966819,0.35397874520026734,0.3539714888603919,0.3611264864065001,0.37066061814064755,0.3828871820599124,0.3814335630709823,0.3882913909473242,0.3916493084995749,0.4097106847198815,0.4138739740960765,0.399487994864553,0.3987239698475394,0.40612187755137386,0.404732336706157,0.4063652903323017,0.40353324078623065,0.41641202661361554,0.4102163698256077,0.4051821767937873,0.3954263100554429,0.4120927630491619,0.39454619407967845,0.39972464913586103,0.3949566039846883,0.392159825394575,0.3895924135552532,0.38870744806919644,0.37843865281786393,0.39296824002624825,0.40124594189598894,0.40445048226721,0.3928548366099753,0.38121475809801963,0.3820498398486356,0.36924971597982037,0.3583971528279526,0.3751064068207697,0.39951714645911707,0.4049332175700158,0.38449866752274814,0.3908733069922004,0.4007852489743009,0.39314366947714896,0.4060748707888685,0.4146908482200826,0.4203592499177112,0.4072440704598473,0.39144272464154944,0.38822491883171345,0.3703490045718917,0.379640864664046,0.36984884637984317,0.36872339712707863,0.38263556390869674,0.365735703821964,0.35931657161102015,0.36495611933868743,0.354640730734685,0.3657594432871585,0.3427831415566874,0.3421214966492675,0.3269613841229939,0.3272096998590953,0.34308925091341086,0.3483983214004571,0.34511035765824244,0.34518148948894334,0.34481023724628895,0.35151619271414886,0.37355021778231623,0.3642816781903452
88,-0.009088127967799094,0.02837975192081796,0.0651785671656921,0.11511472984646608,0.13367137443350377,0.16447893539020064,0.16853081696691494,0.13663540687960268,0.12164713821396353,0.0971269611305293,0.08750091687019725,0.08569278100491347,0.06141193357922904,0.03460444387542492,0.03362397587475001,0.03426631348288793,4.1546917025574116E-4,-0.02633114380085666,-0.015542691579763195,-0.026685874084304548,-0.031585492433119804,-0.029927548763344535,-0.028076775174961335,-0.02450985351559917,4.068343698432865E-4,0.005253337704164699,-1.4098848447382828E-4,-0.01338387476561679,-0.025110696264780342,-0.020889029081167108,-0.010238551389990535,-0.0023500645491889628,0.0022889043479024074,0.009139454971779752,-0.0011848654606121745,-0.007060529832783224,-0.006283135604509826,-0.005127180361893466,0.013032380161376578,0.027068916539321038,0.021721850149937678,0.016099086243834056,0.015983361215253067,0.004508554715157311,-6.00548383940526E-4,0.011798705034405256,0.011101731672929797,0.0230923755739052,0.022771932775888425,0.013969634939923349,0.011509879320190692,0.017131418932766696,0.01039366480887275,-0.01653908606699994,-0.015503573492186737,-0.016522247420251896,-0.010362848123328416,-0.017801736854673265,-0.025516885961543098,-0.02530831146505725,-0.028707907554815084,-0.028198908204741926,-0.018017561033202404,-0.022780388677362748,-0.01532023210912103,-0.0076684280749839615,-0.02051385958763106,8.742137581828797E-4,-0.002330139180914235,0.031508192036740844,0.03183840088970689,0.026964033695775057,0.030857023959993478,0.028534368429908225,0.026034417760508584,0.019034230640695145,0.017882872478777838,0.0048256782194872365,0.002155810680969007,-9.502286618590046E-5,-0.005060550320720954,-0.010681912918320123,3.010471462700173E-5,-0.012115970654547302,-0.015476158077789131,-0.0034567123057123116,-0.010696430838011506,-0.01488453748111066,-0.014480185682189015,-0.01671284311679734,-0.005355131733424818,-0.008668669274999562,-0.00972425149832676,0.01599502558091012,0.029478700278404837,0.037699203569829524,0.04378967776177534,0.03321359177821214,0.03688388877198713,0.020152024520505383
89,0.00479704792285723,0.03304312514500463,0.11921519559665215,0.1746085586849597,0.23724189687392866,0.2998169083530266,0.3263024841333732,0.3366388551375551,0.3338184008488356,0.3308271089860665,0.3292273595545287,0.3333900534188114,0.3433934476181967,0.35830743252929254,0.36324865555677055,0.371948875064125,0.37589867927832665,0.3757417374060925,0.37299892873924734,0.37842775538550205,0.3781168681837095,0.37592213168988065,0.359162985040268,0.3430336200012725,0.36487157045127316,0.35998126200366815,0.3578439788852807,0.3556745838916211,0.3470474992647937,0.33891983022088334,0.3413287392170886,0.32767000095952686,0.32705129046443615,0.3437477529761256,0.3480762613624512,0.36005869930402395,0.35909654229705135,0.3525827412666424,0.34953193692219287,0.35450820601116106,0.35687666930141604,0.35013255551088796,0.3569087468485291,0.34658690553439864,0.35882111817659745,0.3638717524144994,0.3601098025895953,0.3563435880797976,0.3488264558582453,0.3416206967526142,0.34311454513683637,0.3292320276555475,0.32930791154988326,0.3222573662160487,0.31636435573936256,0.3083453015773533,0.31338381966098017,0.31717445357121415,0.3231751755355795,0.2911814771306571,0.30635772131580497,0.30579730566118246,0.3103478856020548,0.3210568561496139,0.317064336065413,0.3279860707263977,0.3268849352244908,0.3237214213871374,0.3318836026455136,0.34909396955636346,0.3396489642915258,0.3352696443536653,0.34433415744495677,0.35019006592016955,0.3291204086551467,0.31819625125862105,0.3048826396595414,0.29435948334820794,0.2942875375330301,0.3084944668031191,0.31182483722908266,0.32730871301228676,0.3249934131123333,0.32487778719308374,0.31878195673673043,0.3220168829829621,0.32691353599552764,0.3306607046758925,0.32528009112205786,0.3367602915034936,0.33757397015524504,0.3364023820460285,0.3419622797246042,0.33871008709215567,0.33350071632236156,0.3405594369648102,0.3551566925178043,0.3538746703138931,0.3540398338994259,0.35020568184141426
90,-0.008771005327820346,0.02582981879743367,0.12433897803101526,0.21064778977778434,0.26783168361333637,0.28898090528892273,0.3012566522197541,0.28672157122102837,0.2920790763347797,0.2791297274955769,0.2904497938547762,0.3040243543369373,0.2992544181288725,0.3102302662153073,0.28799427233752617,0.2876121952481636,0.29543205049707205,0.301103576881943,0.3043965734908243,0.30291852225365923,0.29692817335504723,0.3021952347400706,0.3043251034687857,0.304354367291388,0.3057640359832768,0.302815143996342,0.2977341227153792,0.30320608298491813,0.3019121345653249,0.2981907406969933,0.28747351578036473,0.2888248706213365,0.28189012056326923,0.29578268581182343,0.28707487747077026,0.28375396050047164,0.2796990746831928,0.2742122787330192,0.2872532286966127,0.2954307013121322,0.28450420899722373,0.28794773562844705,0.2933630502877047,0.28053284836973996,0.28635611795679095,0.2838438346337957,0.27930564510047146,0.2800308880387406,0.279326449266868,0.2812465991486162,0.28289814350234005,0.281349836483491,0.27569293671991757,0.27532662764850463,0.269758790916228,0.25164161451605305,0.2667896336888385,0.276611552133961,0.27446355983905507,0.26617127377056327,0.26543601052715,0.2530652962657788,0.25562963606690786,0.2658414730954185,0.2612654686903165,0.2602670127015769,0.2650374260146341,0.2684951473921411,0.2747209155258527,0.2789918643336909,0.2757236177884137,0.2831012720765569,0.2799306628265625,0.27832730684888346,0.26311850191221803,0.2555740685679985,0.2507063725700433,0.25023234768820063,0.2572670775422121,0.24084052010011117,0.2339348979064714,0.23105011228837555,0.23188562662762877,0.23303729266530634,0.24287841793568352,0.237107777805343,0.2362475461986568,0.23519143734744266,0.24132143470680031,0.24669071756055597,0.2505821326117345,0.2454258648351233,0.2440168272111639,0.24001305645293602,0.23523207655799652,0.24417646532017043,0.22976431776195558,0.23885678798064666,0.22599596554941326,0.22289607203684011
91,-0.005721140002917034,0.0058013953996984835,0.028759613708181347,0.0637456268345124,0.1324786121802047,0.19016366030814827,0.2523795341619161,0.28657887906597845,0.29195813994534414,0.2730253244487291,0.27087598058072265,0.2775612191701732,0.27208518296252204,0.29130099949480903,0.3039908437127785,0.31595909917128967,0.32139502782355606,0.3325046065292139,0.3238282770080169,0.3090971389776667,0.31669915809744564,0.31902939129946417,0.3401789517717602,0.32823760317623313,0.32111539520245475,0.3168569321769535,0.3263945822667646,0.3336221374230402,0.31209820609969224,0.32005486919686194,0.3290406991845717,0.3011767227481216,0.3065875011050537,0.3016772148852582,0.3091594450998661,0.34683860489861607,0.3412227599425723,0.33468685078864263,0.33713829710338494,0.34483129537178864,0.33733993670319223,0.3363224255196387,0.35618433287421136,0.34467587512120557,0.34530735725809303,0.34355437916967885,0.34106077970617155,0.35605927026747713,0.35342690898368195,0.358582240084059,0.3632816389523173,0.35250909109620077,0.33442656433150864,0.33378127481357145,0.33076557095414283,0.33517251797688913,0.32376247795637647,0.3266049524913741,0.3391731191839601,0.33964062902648434,0.34406107188939805,0.3374600093901476,0.33124720943334496,0.3239141999024976,0.320100975476431,0.3177905645461372,0.3286307568181094,0.33544082712665646,0.33552245482808674,0.3343698754064113,0.33903405427206484,0.31885327507734773,0.327634316026672,0.3391608109107149,0.3445526522390275,0.35246117039285246,0.3426690168096645,0.3370868924782375,0.3343505377987757,0.3294198527135817,0.33106842178191387,0.34598782255762195,0.33025863433756614,0.33791206189979855,0.3386796274746271,0.33328418650132546,0.34276506918557886,0.3650499923910533,0.3745988411474228,0.361914958592779,0.35087827196691335,0.3567787111941858,0.35996450952055414,0.3423465994522279,0.3431958654717123,0.3350221515680809,0.3346592232372237,0.3385172280158184,0.335870826539373,0.3397102577830848
92,0.002192734652861472,0.05914163485197326,0.13210149128585147,0.19766760927740837,0.1706676970957683,0.15613393332097783,0.1336833122816474,0.1384128725251207,0.11625853567453409,0.0926718313988417,0.073702289086532,0.06150836432028592,0.07590402239142334,0.08143482286819667,0.08392848966069284,0.06872396577524786,0.05563343701528801,0.04299328524863191,0.03451497309349682,0.02774542210052776,0.040908563679399365,0.04290541632996306,0.03453235268441366,0.03541826210213013,0.026977256384614807,0.02381449960239509,0.016555300171789467,0.031576013569368205,0.03777750660378151,0.04502277838233419,0.042250661468790106,0.03630859516867119,0.0465467589003854,0.04436805466773063,0.020363182784977396,0.011654629062480729,0.00832213160286852,0.002570464553315503,0.0012653831483453546,0.008668182098680395,0.0027011191498833337,0.006770475055257479,0.00945541111820129,0.009751034072053267,0.010963146783219866,0.018747049770894163,0.017988536619067057,0.01838166762096602,0.02762172237216286,0.03203878563257701,0.03376312456963037,0.03145775540771904,0.029486048661247963,0.028893058850342213,0.042136751078593146,0.05297604084579964,0.058272768319346906,0.0535054883267032,0.04111088397864937,0.04497226391365852,0.04703259166609081,0.04581439109074359,0.04557790869001728,0.04172190038460065,0.04085665691053884,0.0360664830757411,0.04835333766453787,0.05531929883883393,0.047974177883678026,0.03969495249055294,0.039107775471358866,0.041074235992203514,0.03254984705855694,0.02888440571830748,0.019438992484982584,0.022686482694253954,0.022838449831785526,0.021964253843267036,0.02300448492353857,0.02814721875157522,0.02810873690162474,0.024424209177180203,0.022815952238354906,0.024576659176638677,0.02868836398528937,0.01749117244932761,0.01809669313607374,0.014331297449602327,0.010862113066532144,0.00832477133489943,0.00479490653238265,0.013186927866756525,0.00396784518875025,0.012912728558521427,0.012505829097835763,0.021005728877585422,0.01632570183763569,0.016525228784692654,0.014469175113855006,0.0064190266369500695
93,0.0024939623196146123,0.06577638725716892,0.1814219278076892,0.2974858392911258,0.4086697668051534,0.4591928647081386,0.4980331885586436,0.5139281587690927,0.5295819513829434,0.5234380317662949,0.5296610304784561,0.5382656908210675,0.5409651919520556,0.5562696790071096,0.5564429810666611,0.552538579090667,0.5459964203717493,0.5426482907597862,0.5460479181109105,0.53938748409387,0.5361857647962218,0.533298664490268,0.5302101321338561,0.5340225449653978,0.5465680405115206,0.5461796595396955,0.5565567793443936,0.5481871807435621,0.5493132813091273,0.5453884461251073,0.5471686970533476,0.536522781970858,0.5369585300605562,0.5421392635849047,0.534988981854659,0.5372442262897973,0.5354254022931572,0.542653457606755,0.5443135548002321,0.5482174728640625,0.5499508859702289,0.5380010092020912,0.5428546968828821,0.5468427396286216,0.5539710228209248,0.5488951763023695,0.5462901536866354,0.5437010578494887,0.5564395140464969,0.5500980958030158,0.5565584152388654,0.5482180463457648,0.5563751494058582,0.5649357462058968,0.5526602851819511,0.5523465496513338,0.5512443575944878,0.553253306976411,0.5435857093964066,0.5399158414673636,0.541558946255084,0.5359406547964835,0.5340187159806541,0.528408315137215,0.5224909335663301,0.5271228474385734,0.5175210140232787,0.5126984079691447,0.5133749048884092,0.5175140808829093,0.5319383763391122,0.5258493432328967,0.5328385950746474,0.531570326541549,0.5277793442998826,0.5111016141259267,0.5144855885804772,0.5194708646671881,0.5104187259617405,0.5066320604725312,0.5208027714255717,0.5121691661421337,0.5202428324392313,0.5264024007701562,0.5327812040981424,0.5270540265742023,0.5142411506803825,0.5070518615632534,0.50108934249473,0.5038321015183941,0.5028143446313768,0.4961755939700547,0.4878692101834568,0.47522371769361454,0.47288758130285863,0.4778022147027358,0.48450779964438107,0.4899099933623405,0.4977378398545401,0.5025064369739592
94,-0.005206777332432394,0.021949695822027205,0.02638896256121793,0.06286351542873893,0.09150228470099955,0.15180308455756933,0.15578733424506466,0.1375633123645894,0.14603608439998347,0.11291968910625645,0.0900638692169416,0.07836080153672739,0.07705455812842198,0.09192001793174642,0.09435797584950753,0.10731139948008238,0.12998182332353145,0.13479691990291676,0.13175743844799698,0.13483113775075617,0.13879449321630724,0.1365647748643397,0.13293084977554978,0.13774262628375333,0.13707122063459873,0.13093627085082338,0.11572719612706259,0.11006253288077417,0.11103332376531407,0.09392874543832458,0.08245228794148074,0.08172982982731275,0.11171540647474622,0.12393972425758572,0.13614754483130168,0.1308117168613648,0.1282568820741888,0.1376038785127279,0.13595158095185192,0.13564013888613935,0.13857105018084634,0.13545031682283026,0.13120906342173055,0.12162568326885227,0.11788099589277871,0.1213993054926588,0.11089546680630002,0.10806142423900766,0.10563064256625852,0.11642838436755953,0.12651673692444906,0.12213239268127024,0.13467414636449423,0.1312213080137767,0.14661177595844815,0.14394968167906147,0.1537880965499594,0.15189908637799765,0.14751399143105304,0.15362227187470723,0.14322618050284708,0.1406628985406757,0.13583336494034476,0.13816364794156397,0.13637913147081096,0.13514360448322113,0.12036448385715709,0.11308245174636283,0.12135257816428023,0.1166202760342511,0.10801400721970607,0.10158411446498583,0.10533214139727624,0.10433345017134524,0.10832673059148719,0.11659203878716032,0.1244801450443624,0.12299605407363243,0.1102957793221417,0.1084099652642208,0.11156934559028818,0.10778777825302796,0.10014958736049837,0.08212568627122196,0.09938798802975897,0.1081440601118202,0.10116459791053406,0.09290307260112148,0.09720271249438533,0.10647606020621199,0.11354151302897984,0.12609571935476072,0.11775208802114452,0.12672215546174148,0.12329009859297713,0.12136417668574133,0.12346688070370321,0.1099659403767814,0.10962735079508872,0.11683728392067488
95,0.006164712267399623,0.05875599167032714,0.12271184928016947,0.2018397557005967,0.24266520798737304,0.29000616457271944,0.3045013031284825,0.3316315751717195,0.32794979309932104,0.32915814184461967,0.3244307134570578,0.3288221008707376,0.330409212916964,0.33427073295950677,0.32302762695706044,0.3212696209891821,0.32605890897461537,0.3297680031126663,0.3223179135714494,0.318042214673624,0.32967943905722946,0.3116610036433287,0.29820601752632314,0.2863852464211545,0.2640750852134685,0.26242249615296304,0.2627483942353189,0.24369716099860164,0.2484154676466356,0.25328062985951677,0.2644017852026812,0.2415988129268489,0.2440956043911139,0.2487508211808065,0.2429625769921562,0.23550359308833954,0.24529399332619284,0.25383896583651305,0.2576576357401627,0.2658300074224256,0.25187955325228734,0.25203448848148186,0.23203496893112238,0.24331055865820098,0.2591778267476792,0.2523445373380644,0.24993037164600163,0.2597553577547758,0.27033264892036957,0.26503440741855433,0.2690527837503225,0.2535436562868363,0.26142915892520546,0.27676738033471776,0.2724879514255407,0.26639323836199547,0.2583970785520216,0.2526153098532518,0.2534286138925297,0.26487186806345175,0.2664008981540716,0.28158608545234814,0.2847033542466073,0.28381727803449924,0.2801956294413664,0.27372739279913677,0.283297591594183,0.2814047133821272,0.27347428848274147,0.28681809659671875,0.2713358199210107,0.27629676851231044,0.28317450875194156,0.29792151463617006,0.2889608709239141,0.2887910481562266,0.2845036307458623,0.2657754827910042,0.2706010340975168,0.2726322416828748,0.2631955100492566,0.24553763890175379,0.26343137128494637,0.2546233537129716,0.2573523516721779,0.2545365271564773,0.2616892770308834,0.2577759916906238,0.2569702654178955,0.2554512730673808,0.2574770456493395,0.24825646866720696,0.2510853990062139,0.25035359445129274,0.26763385787665644,0.2620483638167068,0.26111115750556163,0.2638188531934673,0.25731535190389604,0.2647789469191941
96,-0.004927075747988172,0.026508098633132235,0.07549725751823683,0.13139519428751725,0.1527065026221152,0.160719568407727,0.18701096270350537,0.18269439095246917,0.16881784169700892,0.15608164152718682,0.15473798221469054,0.16108679370755766,0.15281554940514933,0.1494777064826314,0.14152147540589669,0.14339477400825942,0.14651107878959377,0.15591188965594915,0.15069958921668852,0.13735650993582812,0.13981676383906708,0.14264004831605775,0.1371521538186772,0.15061027330818397,0.16907673859415928,0.17404551511619307,0.1783682333668433,0.17727005107474939,0.16865872377134095,0.1794762047126968,0.17963151738815228,0.18562135116228526,0.1966059502495701,0.19045180435570505,0.17957540949821119,0.18391315047942292,0.1916087814631197,0.20246557127924295,0.20536645494637376,0.1992443841476956,0.18666486560986775,0.19644243070375694,0.18723790117001463,0.192085184484352,0.21026475596657726,0.19865770501589006,0.22051228801043543,0.21929229837008826,0.2101106735396355,0.21187814088552667,0.22941718731860156,0.2365400825760921,0.2288504726767843,0.22196683944241338,0.21161729969631488,0.22082761906226187,0.21433430588290198,0.21225914830076967,0.22605836195563928,0.22004824827939815,0.22646941503220483,0.2147599767512861,0.21683205324551416,0.21990865344444288,0.21559574196484416,0.22005338883672262,0.2117296235198569,0.22064108851305206,0.20656020638693814,0.20610945541762157,0.19526562115257942,0.17882933445315843,0.18822555399973,0.19712615934989636,0.20505773734258578,0.20270142208173714,0.2044053563126489,0.20785884554217265,0.2008334555979493,0.19604162641807144,0.20445492312164873,0.18572905924925456,0.19124074180744494,0.188450317442601,0.20363550232075794,0.21410604571317754,0.21796071689672264,0.20473192355545045,0.20393051235979975,0.2095307883669432,0.2145410713900059,0.2213600881251317,0.22018336629091714,0.22100418307193592,0.22259260585013127,0.2269403346313242,0.22357602991095774,0.2193051089233523,0.21638845166292253,0.20059394405930397
97,-5.392843485019796E-4,0.009246025155059345,0.043201246137947805,0.03197158221372569,0.05620259155177686,0.06870477316958384,0.06156775457817153,0.07469487730338153,0.08435559289498532,0.09291323097376575,0.07633873527387522,0.07922641251156778,0.09306239972525084,0.0747663107555469,0.07223009094808802,0.054994386789371914,0.05663979777613158,0.05577977554739592,0.06107000486938561,0.05303511277653162,0.053442502226384005,0.05613321660814283,0.04525359451907043,0.05257143513909861,0.0676358033246458,0.06079988763888626,0.06023040259790441,0.06697739539756677,0.05554285593618838,0.07081108189889102,0.06704287395828247,0.051906990262568946,0.04219358631118191,0.03408724112778456,0.04214126283565947,0.025942888147575664,0.007187389341044582,0.021530566702006242,0.020173164500522662,0.026182994392403788,0.03040587079648688,0.022980013588746653,0.040564928852716634,0.02847683556765282,0.03218786952433481,0.022814460763311353,0.01778029013323686,0.006616625053376597,0.014526761744325373,0.024898836488839525,0.02227124668698655,0.02200695656883966,0.0271790249377317,0.023497492330862225,0.03293382379471148,0.034746057578976745,0.057895605699120896,0.054348273963161296,0.05266204697850836,0.06281400459871195,0.06399771560210493,0.07039197378331342,0.08112012749043446,0.07274417489200831,0.06141279339458381,0.07323105490559931,0.07619406284204527,0.07833196054179074,0.08798106056612992,0.09155758858293074,0.0944549460715189,0.0969036809183044,0.08651250186923953,0.08736989779089085,0.09330241484240474,0.08001714234264291,0.06999139675786864,0.060892291725258715,0.05808437459362463,0.06690688935601125,0.058669955522252744,0.06729852881504511,0.06924153256719869,0.0700220684676806,0.06722113951227798,0.07735750173356333,0.07574844844858508,0.07292338206546198,0.0694488901819213,0.0713369133252118,0.06444216279984526,0.06534345045815189,0.060083537597858776,0.06869750178713488,0.07289339884744271,0.07294318487323345,0.07408473291999268,0.08229117772684928,0.08565202710583693,0.08345591195488897
98,0.00885148373143312,0.05203970596193753,0.14083862413375367,0.21225283287339,0.2884505186487263,0.29934275146126665,0.2733092692830998,0.2618828984090981,0.2639560782529248,0.25325564293783676,0.25124879225206426,0.2454564286840584,0.22934746076284498,0.21627391901373297,0.2042649743356879,0.2008516380615142,0.19343788696118536,0.20270317535589755,0.1995321886093024,0.18481848007067328,0.18632747911337533,0.18860055250216604,0.18459426910632787,0.19322101217126186,0.1941025181427928,0.20171084655598193,0.20060883059216666,0.19806897324967437,0.18242680635614913,0.1808329290979929,0.19347643079940213,0.19102320190362027,0.18371897393928485,0.18192149399328306,0.19402169073777265,0.1899958592121046,0.19124037185342416,0.18324781975503363,0.17619502606294415,0.17993581661471814,0.1932705275962783,0.19088327064401497,0.1897601048903695,0.18986940530366708,0.18767712586519608,0.1836443669376857,0.19122406970617534,0.18983407385316783,0.178280832715172,0.1716043028568654,0.15993044389640582,0.15060474175007005,0.14180329261091812,0.1504694336960843,0.14147447595297125,0.1335023984194135,0.1489246048599509,0.14468293495870796,0.14601882788595633,0.15909189276695718,0.1577030394000875,0.15308487223917466,0.1463896453967842,0.1457713856858562,0.14055242657239778,0.1460936268099584,0.15355953322003935,0.17043877885935593,0.1768796572212883,0.16897664010052624,0.1609540895318604,0.1638116570802181,0.18392636613974303,0.18086436601666,0.17216559585168492,0.1711237325270761,0.17442422397865204,0.1788608045958509,0.1730893671960078,0.17317666477738086,0.1730376792392278,0.17253614066871692,0.16946724777552086,0.1696518479616688,0.1660376406733485,0.1545987474080707,0.14679960999540698,0.1466670499844715,0.14857003305137723,0.14010022790068535,0.13472705594458328,0.13955106704647707,0.13860160843817948,0.1409511218443785,0.1414935712826922,0.1404871377348579,0.13806201336885673,0.14097978759986565,0.1463580875723576,0.14232357681580665
99,0.012302936852758285,0.03501874071310452,0.08587209515107076,0.14447802589191627,0.18242411657508473,0.19898527622636672,0.21786122626749743,0.22486656161929308,0.20815154909645922,0.19778399398909138,0.2042839756363534,0.20528646435196687,0.19076289485834105,0.19207747687793778,0.19466341387415945,0.1637279378460374,0.1534809517114332,0.16145390662391182,0.1648125469052321,0.16675811215058217,0.17409496990650253,0.17016754146407181,0.15326063725479142,0.15446361150214055,0.15389578410627944,0.1544421832741677,0.1552437937920157,0.14863010892612066,0.1390967098501967,0.12897080833282085,0.12066332934117739,0.11099640532507392,0.12289832168816023,0.1422325686977758,0.1275232049184897,0.13375028152423377,0.13104808917444669,0.12851095884691371,0.12167666179536982,0.11033874754501043,0.09940694190532647,0.09414635390788793,0.09345086887633708,0.11458591365117528,0.11898756807819028,0.13237609862425997,0.140620341947784,0.13669686598327344,0.13238078590234628,0.13070550131347022,0.11291965375976167,0.12682426618188958,0.11673131964992452,0.09185452034454672,0.08004268332209356,0.08172488172036994,0.08518384591521679,0.08875454367110004,0.07594663948869068,0.08022830150584043,0.06548514528375315,0.06561454640284675,0.059389895366780375,0.07268865301684334,0.08170068070354665,0.10137593213854118,0.10075258001361607,0.1110440201795618,0.10677972371126541,0.10579126771115373,0.10670826699989552,0.10216897037731158,0.10433540967225864,0.08537175298873573,0.0793253906823011,0.0966958548456902,0.0973139358592699,0.0834963705190174,0.07783099576052342,0.0872075799211152,0.10870570929259062,0.12965235945798598,0.13543862130795176,0.14058891664614692,0.1420588108820795,0.14920424546229114,0.15187181543823283,0.1545448745063706,0.12383153738221277,0.1280921701260755,0.12796774497353616,0.12299704554672046,0.11908886905620239,0.11577263722327437,0.10584539657509305,0.11342980319037181,0.10273744480955599,0.11050472501270597,0.11402892959612738,0.11084959406009309
100,0.004805016817223901,0.04892801745619959,0.13074125990462052,0.21978285818113316,0.2920761565487978,0.3130780895636335,0.30776005553988967,0.3215143467315859,0.32574472710267827,0.32352380887220133,0.34175054461898996,0.35998948782323675,0.34808744920139995,0.3442261888507959,0.3449759113226939,0.3459319162988324,0.34555243207417013,0.3310363225055465,0.33626724975113204,0.34554944412011623,0.3543497656081943,0.3536641797700281,0.3478493386891448,0.3459584974694747,0.3600258527816757,0.3587430296361479,0.35994521564912363,0.36611028612518653,0.37364965190528593,0.37237865716098584,0.345173394463388,0.355077664041244,0.3599657159522772,0.3545400174897136,0.34779001342753546,0.3337949221108306,0.3379136796978526,0.3521916277050488,0.3478614068604655,0.3409059383086063,0.3360122815565071,0.31973792905925924,0.3247862775125087,0.33141239885891105,0.32546054682175113,0.3203480113730404,0.3293406682451146,0.3263457717764047,0.33945046125953837,0.33333533756904743,0.34412995890383774,0.33619485569688173,0.3533086590923585,0.372343549441165,0.3773405418174066,0.37335935429143224,0.3664323277757223,0.3688002190465194,0.36404172989030203,0.37128731296110656,0.3671780946078742,0.3762947699374152,0.3723572664804633,0.3646991075564933,0.36480179360095294,0.3633795051483968,0.373732939882279,0.3792483948959536,0.3782720550442547,0.37374419419791693,0.3713897959256491,0.36042692473724275,0.3657663676552204,0.35146317484103134,0.3577842965864827,0.3638697780746021,0.3671695760758658,0.36561136846002945,0.36869720040073234,0.36444046519469514,0.35836115216394304,0.3605409835728826,0.3581096380004064,0.3542476089674439,0.3442895956898026,0.3291905552254124,0.33314583615765786,0.322793137481936,0.3186698622314382,0.32937974460976216,0.3212932162006442,0.31970824034184164,0.3185331921954595,0.3172965686903099,0.3310689349673472,0.330213975986695,0.32325464440794044,0.3182456815703809,0.3182755643705953,0.3145465492440563
101,-0.001354460146733778,0.04263617173314879,0.11283349803412678,0.19604185279113218,0.1701031473384905,0.17344572384306056,0.15831319622704842,0.11703173644262278,0.131854179553298,0.12753023698507018,0.14024093096471113,0.1254016513962064,0.13732085331387414,0.14860343568991938,0.14173379680184248,0.1424173866446177,0.13329722498108507,0.13121546929643968,0.1201842206047348,0.10710391410347488,0.10776311096498528,0.12335641114240765,0.11089997429009323,0.10062780082529077,0.08906973207884235,0.0789794593094181,0.06780979105477566,0.07021147842082077,0.05777842967897137,0.04870802492557524,0.05594990416650075,0.0513261819414206,0.03992640274272126,0.047057654591008725,0.05230099361886951,0.0534762482083329,0.05166522285239733,0.04634440249728724,0.04516780773899653,0.0440450794766464,0.03657145353872165,0.03523432799495075,0.03283915684874374,0.04672691525083089,0.04858558208217791,0.06402309515586262,0.05285134222349252,0.057195515415796115,0.044948128145570164,0.0465775491347485,0.04328808875225711,0.02892045934220343,0.03456954012010969,0.024330834668332482,0.014574640228857183,0.012094287343328786,0.008217989675323134,0.01776099588116231,0.0143251069204711,0.018672073692473715,0.016956406605434973,0.013623551231842444,0.025388851090479708,0.0327431605116033,0.04028965963995984,0.04951359046628411,0.05152775720225538,0.05108267880956314,0.060810216264065756,0.056219350507313214,0.05031355976703899,0.044454961782351,0.04554393548033103,0.053937313015983986,0.06450962392829729,0.060516142758784267,0.07204538868743096,0.07137299508884042,0.058656168235046435,0.07370232816139881,0.08562020172340974,0.08405669051923219,0.07512863522245472,0.055638314339666595,0.05792064877010371,0.052041293162794065,0.0581182603866853,0.06144716872120571,0.06312206721273318,0.06648176501767022,0.07136192724513118,0.06691849457807858,0.07948556281463509,0.08868181907694898,0.08378617440873162,0.07410017580267696,0.07702758912787977,0.09539630340510956,0.08451877575114555,0.06504819820482788
102,-0.004198282509423796,0.033633455107628135,0.0796305068499776,0.11965516932910987,0.1715833756757262,0.19214798072510114,0.23932421027413436,0.2541421187875529,0.2786562763392866,0.28932336731426594,0.3069228100764202,0.3104874545631523,0.3217808348366967,0.32176093210650486,0.32997343449449695,0.3364864495893531,0.3279281167034662,0.3312026101565213,0.3217871524110513,0.3244539784737123,0.35732984460654327,0.3713667097372935,0.3870440372109622,0.39538961146647317,0.4066061407459024,0.3953379185165249,0.4042790447576094,0.40864115217565966,0.39858431716467263,0.3941309621421506,0.3823228144867716,0.39902264424250733,0.39447062586393017,0.39465543499486366,0.3947252297533002,0.3807589690716948,0.37948021075573557,0.38251624077825275,0.3706904803401762,0.3738817816219298,0.367598645792255,0.3737321951509353,0.37072894857289646,0.3758473458155378,0.37365218247944276,0.37931708814596654,0.37381645626254917,0.37202032505999283,0.3679469808818795,0.3698172835252954,0.36054427070906336,0.3684589438909272,0.3699399595942036,0.3623598223844102,0.36424302129980063,0.3698283955710016,0.37507745348430244,0.3896682984479705,0.39008526765212825,0.40068166818107664,0.4017263435253487,0.390436339419505,0.3922888129376078,0.3950626820652892,0.37875450812229544,0.37770733305825943,0.3751667538435017,0.3862499946236312,0.38755532572730317,0.3800143184044844,0.377092222213102,0.3687645695292764,0.3765654829126157,0.37422977272133745,0.37563652790452556,0.37357692257927944,0.3790396351952486,0.37541735781862523,0.3765620273809093,0.37863066765252396,0.3818448259506549,0.37863686046013706,0.3790733743360761,0.3766414440747332,0.37837002042820034,0.3850151987332084,0.38699225421095745,0.3901267573577092,0.3812703220446793,0.3902397731799247,0.3890708105978094,0.3892220045142433,0.40041962438818074,0.39952186828607333,0.3935638180969457,0.3845699190284556,0.3901215634086257,0.3918584465786421,0.40155214282880314,0.39228355537300447
103,8.151774040138253E-4,0.010797371472420991,0.017525231001109528,0.09079797300555902,0.16512528607738058,0.21675853102800827,0.16929119756644975,0.17938428284727959,0.16981444458261116,0.16341606111822962,0.1415786471472924,0.14648309794468847,0.15103837833633624,0.14998130218388706,0.16447166783252104,0.15770378146795014,0.15724960068940003,0.15451684059375054,0.15538955592557188,0.15737931371520755,0.1678587387456009,0.1641125425202733,0.144897648677705,0.1383580444076152,0.12856185461265796,0.11436590109318327,0.12837686220705957,0.12153675775655208,0.13022532298165188,0.12034780272075123,0.1261660560241922,0.11191378884693347,0.09411412834968567,0.09160478840204497,0.07576439445606228,0.08837819179284649,0.09585631605590335,0.09833766717182772,0.0846885678703373,0.09026847171286377,0.09650396523838708,0.10764375084297256,0.09843060898558996,0.10031255385588206,0.1152708075789017,0.11238845164144168,0.1201907193313719,0.12272434051362527,0.12619672531958978,0.1292845943293527,0.13708138035952339,0.13639652381356696,0.1452197204678818,0.1472744316074957,0.1410128153857076,0.14477953631135201,0.13182900414744986,0.1235032726953534,0.12779273320564138,0.12717764741376464,0.11274656148414523,0.11407798415031742,0.11208043556995875,0.10784989543454722,0.12303801185251412,0.11938024886682663,0.1275753857093146,0.11861492708620672,0.10832697465987055,0.1043779831389025,0.10482812973025318,0.10274671097012135,0.10600919220616811,0.09975284815341867,0.09899856270092817,0.09492309305315239,0.10044456314242392,0.10240815000780287,0.10417842286186253,0.11213086308325876,0.10366675459368119,0.10348917109064361,0.09219718972737173,0.09563029738441463,0.09958259266588149,0.09923999493410252,0.09458031819565034,0.07986551058596209,0.08672737299646784,0.08898274226526048,0.1039664744316507,0.09881082602544028,0.10553552055515762,0.10398651294020937,0.09831892539547323,0.09829017394331498,0.08771935348867455,0.09419245776021866,0.09689803971896101,0.09235772900426632
104,-0.011438410179765794,0.014948916751362394,0.03184055578033057,0.06528852471222456,0.07258664919758682,0.07801725762856151,0.06526921158849654,0.058711648937951305,0.033528587239912484,-0.007779873935318065,-0.019991490533351034,-0.035840830845587306,-0.0444959753755747,-0.03256569776566037,-0.03111151587345105,-0.050960603459922066,-0.06405885519285931,-0.07503794651882909,-0.08097947606033302,-0.08001392762730122,-0.09642828659047385,-0.11025483957817997,-0.11133117632394308,-0.1176306481851347,-0.11666395771233949,-0.11844776768583928,-0.11789667939083075,-0.1166869432867711,-0.11456903627246941,-0.11006342815065302,-0.09225256747353888,-0.08114197333204609,-0.0684673081187267,-0.07070467922566329,-0.04887511670399518,-0.042238567003471665,-0.06062719333060852,-0.07008017961513635,-0.06526521442321075,-0.07007445343898323,-0.07958443256449896,-0.0834930334290578,-0.08925875475271734,-0.09065827655222598,-0.09752086641146579,-0.09879113191592567,-0.09248247017715844,-0.1061308828248025,-0.09975389555710072,-0.08813407112197727,-0.08618284276554183,-0.08333452112812305,-0.08398378863521411,-0.0870126087435087,-0.07677272776104249,-0.06829053440595556,-0.07105010507392469,-0.07332140594999187,-0.07805362243105436,-0.08856627948809216,-0.08751276524726892,-0.08036680946127377,-0.08392476567599375,-0.08300814113591903,-0.0819579554949258,-0.0800770984602905,-0.10411396279780949,-0.10387791483493741,-0.08625487588916277,-0.0682138930687754,-0.06052856537785347,-0.035547346556934645,-0.04741887420556796,-0.05640299317939397,-0.05614097746833141,-0.060883940013988565,-0.06290281629357766,-0.06103159456358866,-0.05673003908365432,-0.05287507248461423,-0.05045406770123196,-0.05043483466110582,-0.04439026950753372,-0.04727971213982192,-0.03412011095004494,-0.026359617003374063,-0.025161924664241123,-0.020848042714061328,-0.023228224667989857,-0.033182626487327366,-0.03082681757112721,-0.03511820244830506,-0.035064423469515535,-0.0420186275074204,-0.05301075419002996,-0.04317045043110051,-0.0397618713416885,-0.04404115852477806,-0.04215826571554958,-0.044540980391315814
105,-0.006182121613839887,0.010690171033237956,0.019377424093676265,0.019140013929134437,0.015066207214132168,0.020849248743939643,0.05616827939678238,0.06420804384935548,0.08028147719535847,0.051366907005637126,0.03944633918438015,0.029584585588177045,0.02653056695140356,0.023556612061787573,0.027929087631109576,0.021473671283705146,0.029892000582431175,0.01406652783203153,0.020587436846235426,0.017094015223971894,0.016755965391803355,0.043117279153539155,0.053126753403972576,0.06386285906861035,0.05444957097280336,0.057189205093407726,0.06716732449513164,0.054035275334254916,0.059620479618495745,0.052763987409412086,0.04795961427733632,0.05014644051467124,0.05990810275146091,0.06532800754092108,0.07105295947313373,0.05906713363283159,0.06279881094725666,0.068902022685698,0.08460363560804562,0.07350723807650437,0.06694322641891244,0.0579690426495182,0.06183516937197573,0.06327978331879272,0.07704704721593866,0.07033238160679049,0.08880723444530528,0.08657881294005042,0.08507650774656578,0.09871385088607566,0.11207331838969342,0.12207575059233289,0.131057043617346,0.11700735579617215,0.1032711966620806,0.09644104986080844,0.08858167675168271,0.08334337913337762,0.07332868206528448,0.08291709356631878,0.08459343784394431,0.08170670108231684,0.06530270791201427,0.07294777213401915,0.07783340066160832,0.09093404174454617,0.0874651150375571,0.08596371363882514,0.10175044182619669,0.08341807048404735,0.07444564212658085,0.09709208682077886,0.1094247332273724,0.10805621766045544,0.12004856973305822,0.13075059197778208,0.12178107377979189,0.12405573804759135,0.12633822736199865,0.13552221582964158,0.14207335632651857,0.1340377595515908,0.12473120951032263,0.12135605681996503,0.11606817186069264,0.09651846966124365,0.08160424424934247,0.07651937965852386,0.06747040458692194,0.06162809687999542,0.06618555307910506,0.059566582027676056,0.04581525136841853,0.05602328874560638,0.0568681084248564,0.0452192006120475,0.05529436229525852,0.05787359649244774,0.05731840129662383,0.057618264194232036
106,0.0025970699399715824,0.022392770546836888,0.031143426782509538,0.09487612008273143,0.11823351092682667,0.12994235993140965,0.11255083238391181,0.10611903327323516,0.09016777667459484,0.06438122461266746,0.06264307378316718,0.06287784643343133,0.0789998720559466,0.0720723686989402,0.07108236754583577,0.08413644460439704,0.07863052363521023,0.07986162596590446,0.08337337225198319,0.07042523676979784,0.051922251794194275,0.05602648485917387,0.059645748478563715,0.060783301756047875,0.07686189363902698,0.07659879693276243,0.06350130228881967,0.06860116954738193,0.0762863497265513,0.0723671827847583,0.08595130216275321,0.08244436864585518,0.0818569919418906,0.07454334070996949,0.06656308963865482,0.05560332281512815,0.045388330366279366,0.05056112543483035,0.07018596067733028,0.07535191460840814,0.060862461711860105,0.05162236270701654,0.05110373691848208,0.0509992898621666,0.06130214597187951,0.0630400209192282,0.06980969463434086,0.08255369634072666,0.08128848859130247,0.08968737610154363,0.08635946108783968,0.10092109439840267,0.09722528366705317,0.0931221279996287,0.08808737489232929,0.08196340021538769,0.08211080678046262,0.08927835967039885,0.08284823664681491,0.08218711207630389,0.07136815351594664,0.059031618661284604,0.05714464105070369,0.07218719532708202,0.08500771667729673,0.09229550574718653,0.0920756476225778,0.08826783668631004,0.09266347253316613,0.08857839588063604,0.10218832727931232,0.08165985751072535,0.08544122285798533,0.06197792940349053,0.05800677731540373,0.062259141261281264,0.06309763596884681,0.065652786310335,0.08548575003678041,0.07881712108678665,0.10655198183434067,0.11575826369094397,0.11274308661095939,0.11754384306140235,0.10739229128935407,0.1020700111843178,0.10212934570541421,0.10918265073770654,0.09862376516418603,0.09838250445848383,0.08729683008647009,0.07545590159903176,0.06702900914291267,0.0770542127543777,0.07540275660473202,0.08468478888462988,0.09075488124796012,0.09340846563282211,0.08024335999047404,0.07553590270277548
107,0.008790011100043465,0.039601405531279534,0.1281582046261585,0.20195272187732652,0.2833912856921909,0.2810144787998992,0.2898306612588889,0.3330343014655193,0.3517937585536634,0.3684171200524758,0.388405596887449,0.3961232494053759,0.41614244848606124,0.4063656617008343,0.4092458698180166,0.41387555307475116,0.41742276277814205,0.4073019489819371,0.40066398631239053,0.40330802232696905,0.405405820421623,0.4072544966826249,0.4161517475952399,0.41386104933801315,0.41985611603225975,0.4298789388811185,0.4325232723805331,0.41900340613528686,0.4360964801327583,0.4262350230195516,0.42913273824286846,0.4332442535083444,0.4393562595963251,0.4345725481991336,0.4565801951199562,0.46070438582315903,0.45116511126342984,0.4523254766612805,0.4577169227366709,0.4512276211109375,0.4529288743015149,0.46110520876573524,0.44502285394795343,0.4421400828723532,0.43700850075129083,0.4417216151523917,0.449768098827151,0.4405993010647897,0.43834358966296544,0.4352107289965746,0.4402611378143016,0.42802904640483197,0.4288833707287181,0.4291123791164373,0.4310277235244916,0.4236961827810511,0.4222603364453962,0.4260980403260794,0.42192146268535746,0.43601210236804533,0.43838780928419313,0.4361616369019537,0.43971099882457737,0.44054002169052514,0.44194525698725856,0.4336249598339459,0.44508813297848854,0.4533513914687722,0.44144615911434326,0.42921127874732534,0.43031786334797373,0.4257161033381596,0.41371215012017937,0.42443361559739384,0.4302677403171227,0.43537405581933897,0.4380520247074977,0.4370055982056303,0.4269914284398911,0.41107821449071097,0.417797771129678,0.4203420942869094,0.42555075818787075,0.4330597976252808,0.43896411162252513,0.4415527290933945,0.4435265435532362,0.4425547340445222,0.44683739900883224,0.4330391084094983,0.43204074247259455,0.43690997599431625,0.4344880134284383,0.442437347348202,0.44785938102745526,0.4520215633794772,0.4488076258846822,0.44942124866341254,0.4501297869967052,0.443227184984843
108,0.0023776884117131937,0.03683189973441312,0.08939650947351761,0.1089469207217667,0.08502257526183782,0.10368264850782342,0.08556095177751623,0.07368456276902817,0.09029512287175878,0.08647307127676405,0.104676764789613,0.12209527356873767,0.134322108500814,0.1336844059807404,0.14671580534433626,0.13404261218547137,0.10597562829007746,0.07513741474300818,0.08689221176685759,0.0933322402870884,0.09010233159958837,0.07316106747678505,0.07150701460412218,0.06830826171179072,0.07174212456435354,0.06875808376077314,0.0731959219867809,0.07372762849306827,0.0826902502007618,0.08370695591698137,0.1005615057385359,0.10449374918411956,0.11199001706023441,0.10780515090369773,0.09513098857282244,0.09978146668903971,0.1013249797197442,0.09789721313445428,0.10493600147189212,0.09606785478640222,0.09613000057848409,0.10112897478438491,0.10543339562253137,0.11986130486952808,0.12145855673003345,0.112423058422896,0.11527706393639976,0.11159275584739298,0.11082501747979974,0.12076513049699768,0.11619685776618717,0.11939172802659248,0.12209247408451691,0.12977440587741904,0.12593418541929416,0.13363421750418664,0.12900265454060794,0.12178447636018845,0.11596245077442259,0.12715234315482044,0.12162615871703295,0.13006049845623222,0.12142879444879812,0.13239521345272626,0.1340032964493701,0.14183161537890485,0.14697093581576792,0.13503433267533704,0.13134903533343664,0.15071109359632273,0.14733005201193605,0.13341599408431573,0.1383389653757385,0.13854259735615615,0.15146795047706044,0.15110792763924058,0.145563530990643,0.1359843486085589,0.14429672677198574,0.13640252227720867,0.1499654279403002,0.1463373439761709,0.14196733658114438,0.142338110632425,0.15208383425705624,0.15101624504615432,0.14838945012497484,0.14529604707076518,0.14570615383037017,0.14904147645819993,0.15718163347788675,0.14547255247045068,0.14378708058269066,0.15429835428009547,0.1627641923602767,0.16799187624989798,0.15980714004595856,0.15353279692548566,0.1643935495628014,0.16500615023427173
109,-0.008841641863291871,0.018931489037126346,0.026594621082610945,0.09224017098907213,0.14812825607601268,0.2403737392714618,0.28044509328129696,0.30475441969669836,0.3233497163802233,0.36936095460458757,0.37589721936453024,0.396410783288071,0.38706254395157047,0.3835679940772735,0.3737752679975986,0.3794544049846787,0.38217479191388853,0.3839245043708584,0.38950354310886076,0.394291848922073,0.3932307727043956,0.39498468431007344,0.3988002494623122,0.38977563152623496,0.3888305078121801,0.3849569866384719,0.37398477451693707,0.38638567099571824,0.3863911290150184,0.3908189511871382,0.37575787403927735,0.38013347365155153,0.37317538830859837,0.37623765682347016,0.3808682697604293,0.38867515063835456,0.37936413314730805,0.38419796100848486,0.3766262783673275,0.38502653097216294,0.3784435485617756,0.3696326366796015,0.37508422178032597,0.38122174216137433,0.38986778108452214,0.3917028965945669,0.3975807337578099,0.39879539201734027,0.3891544668945473,0.38699011053767135,0.39578019539651743,0.40334112817037915,0.40244194753770934,0.40159004486000155,0.40259226554334016,0.39442732802899577,0.38905531612659133,0.40106664701964023,0.3877958171102596,0.37736742340040264,0.3820889177117571,0.3857645217833543,0.4073523103504961,0.4001171575061819,0.40410361571942033,0.40804797349205607,0.40421453020719716,0.40535303937897077,0.3961298607569562,0.386303314184265,0.3835966365261532,0.3923160589512251,0.39402466121774915,0.4028702869246591,0.40984638068260304,0.4064444207346796,0.4115760500756386,0.4041141993579304,0.405583103263621,0.39981530820352573,0.3954755454654315,0.3945642212165143,0.386744963338205,0.39087395104787326,0.41537017088528494,0.4267361850008563,0.43286802131420204,0.4400948336551196,0.4428069765041539,0.4489993515471307,0.44219915054452597,0.43759103334608307,0.42418572938575805,0.427752834896105,0.42817774468954256,0.4293680180346243,0.4335916854052224,0.44554270869211904,0.437620935458983,0.44877714477711395
110,-0.016342004528060713,-0.02050105480381349,-0.0018543571783263507,0.01585480847833783,0.031629309906447675,0.06329787255175791,0.10353609861512031,0.12269982645525813,0.13783024341114114,0.14307592339590708,0.1499392045148399,0.16037143041928922,0.15453131163594183,0.17870413666559906,0.19721883860858644,0.20596592861795038,0.20668235629063553,0.21904570607646323,0.21645795925408645,0.22694755794572039,0.22657977081767328,0.235056221298066,0.22445732325598228,0.22541246842307097,0.23291593927961077,0.23668680023920988,0.231717066261037,0.22359162861466866,0.2245984474524451,0.21048158475966405,0.23713529275588463,0.2429399266155173,0.25827669098331446,0.25807316640976374,0.23608162788180187,0.23645787742432423,0.23721339463621446,0.2478525960531969,0.259301828256586,0.2749075048282438,0.27433005963698837,0.27181902341947156,0.26988586936225156,0.2756783005540964,0.25744579186978733,0.26736597190292416,0.2556635344346461,0.2642822096996778,0.2664438708705382,0.2652507318300067,0.2699824022134288,0.2718668894673569,0.2684807418447009,0.2699729508440836,0.27157307786947815,0.26302074904571826,0.24624044076514642,0.24215272402611138,0.23184931100094322,0.23043754719480433,0.23195011098000967,0.23202723751817683,0.2226871921406107,0.22668736408991477,0.22705960088543428,0.24711394951155238,0.26385270567107016,0.26396655924215007,0.2756024669454266,0.28444428340079253,0.2923993467846776,0.28733852364514834,0.2854528583750391,0.2788599319868974,0.272212008642776,0.2584190924747266,0.26443462287547265,0.26789337799725627,0.2668696721957014,0.2586663477523411,0.2648398887434732,0.27245810553477084,0.27352645155594985,0.2799799770092628,0.27927241294910693,0.28289290009553403,0.2802638179151601,0.27527343894049233,0.26643307051451587,0.25797144768183494,0.2618952827611231,0.2600494684563144,0.2553828281937566,0.2528671776898579,0.2467560990481299,0.2440945377314459,0.2443106065684367,0.2582808207909208,0.25922007088723814,0.25905055832993007
111,0.003415755783510925,0.06370070897515707,0.1519700773599012,0.21127564180778025,0.2814207583478929,0.32023997942914584,0.3273226770630022,0.32654527502462893,0.31502659064729416,0.30126612830191174,0.29703628374000174,0.298624418333339,0.29458642861072426,0.30001059664927676,0.2926878855403237,0.28718918663066767,0.2775153462598846,0.2849992387438218,0.2741939362020254,0.25090014595948745,0.2593810123226351,0.26134540376106175,0.25246705535479946,0.2474437176038962,0.26004549136212546,0.2525561495999434,0.2565251465575295,0.25619739174013906,0.25431632043923114,0.2580259751379376,0.2616294217533077,0.25349313415378794,0.25225765589610755,0.25041626439632647,0.259586870908897,0.2602900989668971,0.2699032388360916,0.2685589241372798,0.267406361049193,0.28094272918739244,0.2704102539686075,0.26634146237347206,0.2616591460632729,0.23497170446371934,0.25432382645519414,0.24298234505706331,0.2511221393108356,0.2531519240249477,0.23800699550570717,0.23295631013520654,0.23869315468989608,0.23850510750440193,0.24513691027676635,0.25412231777417604,0.26383299075717237,0.2626857422756156,0.2619646790032855,0.24595154740018227,0.24141101829935888,0.23845568196431746,0.25183623793826426,0.252375437389279,0.2480670413133046,0.24032052797533626,0.2373348456687773,0.2436041878900738,0.237794522979809,0.2376835089004944,0.23772524093228053,0.22727823385082105,0.22178167780411204,0.22558719771777333,0.22825969374832136,0.22814030158401294,0.23942846021036207,0.25124627997416676,0.25566489941597026,0.24735450830476574,0.2373066030677279,0.24006815623284475,0.2398311821051985,0.24065962735668628,0.24508177728743327,0.2327638690124552,0.22516645046419903,0.22675499870773103,0.23729306218166268,0.2433391371201386,0.24184047915631937,0.23944628103954918,0.23359490869515384,0.23857381625224192,0.2315561590383681,0.24536461968303713,0.254976559958934,0.2564108186692331,0.25536252533512505,0.25875269150051466,0.25640780607813973,0.2570142348722908
112,0.0031294770049197632,0.06845949899866617,0.1343175281634605,0.1927186155324464,0.273419610972231,0.28366138628530324,0.32209542821241915,0.34243744136755344,0.33823588271652916,0.3326580090208921,0.3309737805350023,0.33175668282562887,0.3265022201239182,0.32889618172198687,0.3465983495925981,0.3552783160279436,0.3611017055376146,0.34815783039150694,0.33265342076897864,0.33020630947853385,0.3413106908807677,0.3284972367117075,0.32658127880962307,0.3309841529441295,0.32795554922724235,0.3288376464930355,0.3332636545577995,0.3210540991003938,0.32597977757760205,0.33853380424262064,0.33356669342372547,0.3342898983094969,0.33447179211391803,0.3354571264373284,0.3468830512309523,0.35821078830117964,0.3552007135138494,0.3504694800853103,0.3531128281151783,0.3556285676115207,0.35585950410932427,0.35513957823899306,0.34020216105104345,0.32229889807193984,0.30698620386148634,0.32767122623126066,0.32972325410423364,0.322103923974045,0.3262799080064043,0.3332338281002262,0.3244004015575963,0.32829082165210866,0.33257547504586177,0.3341844354618055,0.3452381863960372,0.3508390682268708,0.35369705605644647,0.3434151753313745,0.34772758690267785,0.3649956834870833,0.374938301722224,0.3859628251879502,0.38194953790834046,0.3866923225997134,0.38286039683540324,0.37213428383852515,0.3594894399691257,0.355991499566847,0.3498857019853161,0.34584922037747423,0.33672998615903293,0.3291468239863305,0.33126493277478775,0.3506755506794065,0.35099286449230116,0.353967387924786,0.3471434870914123,0.35909992801245666,0.36033350233632283,0.36986491274706035,0.36789921325057223,0.3729946631206485,0.3793388354244872,0.38268335549526433,0.37791028959329376,0.36968357676327457,0.3595260045733214,0.3624465377088783,0.37238499761170574,0.36930624716931215,0.37890783568520237,0.37060395244021016,0.3769949055875378,0.3890546137709611,0.3901178666169538,0.38262646887629354,0.3837993919242919,0.3881559932737643,0.3841352145565138,0.3733609857883801
113,0.00966820581101489,0.06327585982062013,0.11088318740292792,0.15031972034145386,0.23486860513604502,0.2748823787345423,0.3041201149894562,0.33072494315487516,0.32500014144630557,0.346466578643691,0.35027150939718543,0.3695703570728553,0.3601865720343007,0.36394843433150115,0.3571592091246148,0.3684747870302905,0.36698602644740985,0.359355543910337,0.3608798025052977,0.36544098092277827,0.3620903691715354,0.3531916765091852,0.3579974759859514,0.34315106524161954,0.3445758779401899,0.360238540133224,0.3524714350801938,0.34684412070959403,0.34502352668878744,0.3611341776366344,0.36736957864941333,0.35360078322323263,0.35394720401392765,0.3513418070323145,0.3396267244453836,0.34797444400764244,0.3415097201709568,0.3468057824360049,0.34864724911341355,0.3601046326937686,0.36687249465495425,0.38558913835242387,0.3931373680871028,0.38299918274469313,0.385833316748856,0.3833776563079842,0.38367155881710713,0.39741447042500044,0.39743177377935834,0.40665788870786623,0.4073474393496117,0.40456996488411745,0.40526734108099605,0.39558101668438544,0.40331374189810537,0.41070832590293427,0.4051447181010466,0.41594487683836795,0.4083041421872195,0.3900661482018133,0.39286696582803043,0.4035565227480038,0.40713176456682815,0.40229957220180634,0.3921884759474228,0.39497593763684824,0.40310781629342446,0.40743032601281093,0.3993118142384931,0.39525241225589064,0.39567967595481507,0.3958460924275169,0.3906753876079874,0.3777216971419085,0.3677266514719662,0.3722799203600573,0.3667297914554725,0.3652559880127481,0.36283985524553,0.3563789528023475,0.35672623033295997,0.3461716772536165,0.35119418517949164,0.3410511205714042,0.346152703671009,0.3434919659285247,0.3349867883500188,0.3529742111395604,0.35625814844932024,0.3551471657196278,0.3540369850223,0.3561527680525516,0.35479167470641215,0.35189251547553435,0.3394143467989798,0.33933832108167705,0.3312844642830371,0.32191411217779,0.3188845174591558,0.32790536259921055
114,0.008133545666101118,0.08973541923861024,0.1839257506280708,0.18737268088194617,0.19697755362806973,0.20063926603358667,0.19115876751553806,0.16055731555911273,0.15611241469843684,0.16282698868819892,0.164953180858375,0.15185273326447052,0.15242973951892336,0.14762743636073836,0.14351209569290416,0.14409343695584576,0.15133420349742552,0.16026077322518684,0.16339098059166068,0.17131956984772562,0.17368767535689017,0.16968110755337418,0.1543088997150266,0.15386262194209557,0.15834091444452567,0.16941741241137756,0.17182582685592276,0.18585303146920676,0.21763795835962157,0.20123942475608253,0.17718383779943184,0.18052150558488858,0.1895531994149135,0.1787076603546814,0.17462522582562962,0.17446663097317724,0.18522541071775536,0.16238415877727164,0.15701492291863767,0.1574628415163989,0.1441488666610418,0.13324888780081257,0.12035647907895601,0.12675790197751907,0.1350616242448614,0.14422138493762862,0.15702330219611846,0.15604910504515065,0.1509730534984656,0.15154474396620438,0.15374012577100712,0.14718266102084748,0.15086845658782613,0.13759271463576225,0.11348952209234722,0.12255185028233516,0.11079915359319469,0.10977660483671502,0.10979562717744425,0.10129992604991214,0.10675487324218694,0.10422999352967115,0.1268002647853918,0.13505603848002318,0.14884585706480574,0.15111236647578596,0.15028793166651783,0.14883032381763517,0.15959371555518317,0.16418205041355305,0.16966759996799685,0.1759021939507374,0.15581349789470625,0.16750823674581813,0.16867582030446182,0.16977298063794488,0.1776582891710048,0.16586633342187312,0.15902208254324643,0.164643868676568,0.16519811239164764,0.1538450337193856,0.16801948885388854,0.15037979023954573,0.1562613693083633,0.14121268504640483,0.11149692837440288,0.10399960340189127,0.11784169125243761,0.12756774039684546,0.12566110771391453,0.1217681610305256,0.12528094964020062,0.11640846619122788,0.12490277734998134,0.12024916620123868,0.1273096228156913,0.12001619963869875,0.11004093647341671,0.1043536755199467
115,0.00425427721039903,0.07582666820286853,0.16920321406850178,0.23179431718802054,0.28947276867478977,0.31366366197613543,0.3187596953800891,0.32259990317193926,0.3160021994764521,0.31442219701756685,0.30534182433179924,0.2920337225000046,0.2968394899323465,0.2826289046056657,0.2647175426342073,0.2620301963682789,0.26599916320478323,0.2631547633736821,0.26082172467161135,0.2574487510033425,0.2716705601401277,0.26735455384514717,0.25604586660729434,0.25689202249275184,0.2574836669742987,0.2522385614583189,0.2460831450102125,0.24834291754332483,0.24578377673756016,0.25431645581648665,0.2684637700857263,0.25928801688926145,0.2479827439787526,0.24900339785727016,0.24325345562620604,0.2472602964362028,0.23667423951124944,0.24445377664044143,0.2452417315941103,0.2550073050911314,0.24617993659310425,0.24395641262556836,0.24773102957122264,0.2521444204915173,0.2495609006055712,0.25803941281076825,0.2621199466658521,0.26492106646582064,0.2750459096669813,0.27447415802744757,0.26981695702163544,0.2715448601585523,0.26427417289955335,0.27876542642993823,0.2805249433119703,0.28752440979657473,0.2965929897128453,0.30470674020366406,0.2961935734746584,0.3037021646183407,0.29742588143611903,0.29054894923116087,0.2897331393525821,0.28558354269305364,0.2825265376607837,0.2900144687878148,0.2875900594630632,0.2834534449967974,0.28956976734190165,0.28647728428739927,0.28472217442876635,0.2838021300288515,0.3006519273081032,0.2926055802745968,0.28826963074749257,0.27668755669465983,0.28008180966198304,0.2840993321202502,0.28257233078695587,0.2770599402147405,0.27638203384365123,0.27953442531268985,0.2800842573253671,0.287273298026122,0.2878860649968754,0.28501275381085267,0.28440759692217404,0.2914043917108329,0.2867559696977156,0.2832976316745555,0.2787708857783234,0.28407729922121383,0.28879978435997733,0.28855032906642714,0.2884629374479413,0.2888981165122614,0.29321573060919415,0.2872228397258322,0.27230857391640767,0.27948106611453816
116,-0.002004568699774489,0.00931071091500735,0.046281819296571686,0.10762172658591902,0.18259117625082852,0.18554374114905817,0.21609715670396631,0.2028052099192333,0.18368851013220314,0.1910506388906328,0.18432166235481945,0.19646088186469524,0.20463708482473006,0.1965360133703828,0.19503347792459846,0.18890362807718034,0.1742644339626357,0.16548066158280453,0.15706848844820528,0.15079054858355595,0.14677247324143167,0.14962248931434863,0.16270327506067325,0.16358771169962172,0.16260069085373063,0.15949602476650093,0.14983881384488013,0.12934792355479183,0.13418688472171653,0.1183481699042078,0.11701299228849303,0.12380204244528416,0.12204453372863723,0.13666807726050995,0.13114947128312096,0.14139155885206525,0.1296444394238764,0.1434317930398822,0.14298866572919355,0.14752732347217126,0.1509064438595758,0.16042349394971223,0.16972107582854043,0.1737667247864597,0.17616613101291148,0.1902964322658644,0.1896731456810701,0.18509842692183928,0.17739026120848483,0.1682338594998768,0.17286053535092566,0.1872666286972426,0.18898663511906325,0.1829690769449192,0.16923930739070706,0.17298853034579514,0.1751282796784306,0.17706814309698055,0.17948277019283135,0.16922254954975377,0.16986077587233783,0.1682810256684232,0.17175528717006455,0.17401634854617523,0.17113126788053676,0.15334593994115078,0.15054051016902814,0.16038514813422167,0.15721857648648305,0.1721238244950479,0.1693802363172923,0.17341616651850514,0.1700446983704272,0.17494434272918732,0.17007146149385743,0.1797728976437,0.17214962099378603,0.17430547831458415,0.1575330393658603,0.14857365202584807,0.1461493840329704,0.13774505249824523,0.13447526284355832,0.1380886585401694,0.1384851716400943,0.15256449212482331,0.1598595021585406,0.15755228804279153,0.15602708900140036,0.15688680937036698,0.1547625623968772,0.15945758732561338,0.16345304237817015,0.16879500712868697,0.17130004828645284,0.1585076815552319,0.17918053633406708,0.19116246854247548,0.1984005702295142,0.19885896233986503
117,-0.002427295198860825,0.04834436450586513,0.0711197439857155,0.08925377058446957,0.12725638673965367,0.18460139500979145,0.17515024243782013,0.1754429600932629,0.15000179828481128,0.12831713544714454,0.12416264365549301,0.11785971809246679,0.12231839935500628,0.10989868496257786,0.11627334972123121,0.1331011471314638,0.1254180479768907,0.1313857954497208,0.13392368252829798,0.1219563389246825,0.10061229649741327,0.09221088114196377,0.09208041260453849,0.11543151457557782,0.09725466233783787,0.09038693682983448,0.08942155616282045,0.09949902170953091,0.09871919570876761,0.09259541447901523,0.08027391067699403,0.07562965276686201,0.08195734967094863,0.07604992975497114,0.07164710323992395,0.07163935846586376,0.06517166370195851,0.07856373320032302,0.07033447252152647,0.08329646299926212,0.0807147032815439,0.07147816060022456,0.07410121993845852,0.08527265363399411,0.09013707690139128,0.09471665831209214,0.1002487840704571,0.0929354118748953,0.08323779934754444,0.08048868085053446,0.05559869166288088,0.04410461268081198,0.05555114563626866,0.07249955425085719,0.07307888849997082,0.08279006432076869,0.07623689315912131,0.07464601173780136,0.09248882420878848,0.08763603872021805,0.07563113972340303,0.06949172961967351,0.06221596185364397,0.045501889429164576,0.05337336978215129,0.03015456818554391,0.036795555421831466,0.03692114302664828,0.04038531057757197,0.052215514984410724,0.046071468374515236,0.032721612935180125,0.0301335362916577,0.033284402029564,0.040118590447812956,0.0235112540891554,0.006334063793399905,0.008245495424030613,0.011666625491004239,0.014581559897429515,0.015542067051827858,0.03147162469243888,0.03160346070067216,0.047816859446435454,0.042090148792946175,0.030927125044449104,0.02613539596949622,0.030389128874198316,0.022675679622816226,0.024896470722096536,0.02808712249824642,0.03892665942284185,0.054814451613861816,0.04951070990176067,0.04315626712846389,0.03446665014836641,0.04095934228623977,0.03559733099748837,0.04336240660169078,0.03676782106333502
118,-4.670138726124137E-4,0.03835757207930687,0.05217257427928613,0.07646712009788832,0.11679728661615303,0.15686034512389,0.17360219455717427,0.1666989724501587,0.17154204834820955,0.1876812358654758,0.19520653385873793,0.19373150122600627,0.2143409684978783,0.21183957183873509,0.21146276354830906,0.20595560350957473,0.21123381167584107,0.21201425681256592,0.23245369633973673,0.22838648901571584,0.2335138657933481,0.2416298241317973,0.2515861852310166,0.24607667254708143,0.2578014453645203,0.26099670492159255,0.25371512241114663,0.26283791864220274,0.26219405194177536,0.24299213897226482,0.22385545763122194,0.22875098986299122,0.21883500463908662,0.23908501003023322,0.2448442464790561,0.2421676046634275,0.23957715476896568,0.2176187881213935,0.21505865523753115,0.21846320960418736,0.22531877299021771,0.2342188859344027,0.22547518417119172,0.22783943882752677,0.23420910572637396,0.22337092190448637,0.2276655803080637,0.22776764098425853,0.2312064005066345,0.230950298694611,0.2362112167329692,0.23435996706152462,0.22102270052738604,0.21446353681670502,0.20456766466668458,0.19186971338729972,0.18985822512033237,0.1881842782738192,0.20620439645237962,0.20520888493327288,0.1997706383646037,0.18795373855881484,0.18983733245554085,0.19717787720739569,0.20998106785003934,0.2163910362540171,0.21442615335144247,0.2044526356454085,0.20484262245209792,0.21645861739063832,0.22739918408747034,0.22726470021634843,0.22876724846206767,0.22271857979192794,0.2197830004786882,0.21367069133310113,0.20783597514619095,0.2081852463442347,0.20797080461453185,0.20369153037150467,0.2071893076138666,0.21491836362608085,0.2113335152306134,0.20316241239204857,0.1936595188669927,0.1909275701077107,0.18179653616328245,0.18312279242151677,0.18380083938454142,0.1763768555478324,0.1833373637192354,0.198208451482013,0.18107055371393646,0.17932318080146273,0.17478778981668797,0.16989284940165256,0.16575385249046667,0.17745022370704416,0.18963731732441588,0.18864931972897347
119,0.006813602948680976,0.11058768044798778,0.13153586849226934,0.12095858797452864,0.10368923773226765,0.08213841609594283,0.08227171707751686,0.09722231934935338,0.10240186309578755,0.09147812628599614,0.06219637342647626,0.07625055026831609,0.06489788289558926,0.06158870752871741,0.052720926787450446,0.047495222511435446,0.04667407337583434,0.021605871547886967,0.01959958300036119,0.026383308380977254,0.052387756530421596,0.06951160700946049,0.0593172170073459,0.03918325649218924,0.024083049721415076,0.03142584431824679,0.01807387497560847,0.007328038293522949,0.01018627913174129,0.019506887445017454,0.009785624829984178,0.019455772619933275,0.02565026347702321,0.01746695105313929,0.03200946508372492,0.02988237042637148,0.034015865942833234,0.03822551301626775,0.049174461425799294,0.04011310967017325,0.032240883899958384,0.03340372480435269,0.040439551372621334,0.02837641138588132,0.0221099928940104,0.01686086137288599,0.020460582489228073,0.03939966619294119,0.03967751480571971,0.029324418042084535,0.02188082652290508,0.020122904459654006,0.025164608921420535,0.022144180795083145,0.018195829732562254,0.005638786599466219,3.461254568478289E-4,-0.00420946667291793,0.001898799785325852,0.009778660969942071,0.02249909537661641,0.0224579774555967,0.019793069792164927,0.024927126409178754,0.01495672434805384,0.0014800533622336349,-0.006641484558775537,-0.007079232884856459,-0.005349279609954759,-0.011355620211752857,-0.008647376190253818,-0.011955401155498258,-0.02718945438095948,-0.027282632705378472,-0.0266777281915774,-0.04039055227696403,-0.04937970707229718,-0.047896966446753265,-0.04328798599845861,-0.03624459635541822,-0.03736815429028749,-0.03762196224509856,-0.03082104284012829,-0.026034445727062944,-0.037323196608568504,-0.03365100050501707,-0.031581840461396726,-0.03847053030587117,-0.03437709559199054,-0.035275901365831606,-0.025972920374613247,-0.03439923742458524,-0.03407743500212634,-0.028744391972999574,-0.02585639136196452,-0.01699664407743854,-0.018051690560778325,-0.009125463889458731,-0.011085167663112974,-0.008969773420955354
120,0.0067261805163404565,0.008327461599069677,0.03746968498590252,0.059478771813498185,0.07892155586028081,0.11527278728588293,0.1067191896030147,0.13160627778075473,0.1233917960233022,0.12074185766603732,0.11220279392556336,0.11525297468977826,0.1228301267616214,0.13483081573925879,0.14034212940353996,0.13514447610774524,0.12448240355770043,0.12299627320834709,0.12796631726352653,0.13632822880142592,0.15517982438515132,0.14161229984202134,0.13946705405942178,0.13002419281474162,0.14355039840836636,0.14119507885119853,0.1334599369166868,0.12789211846808143,0.11223959542383855,0.12458991709551713,0.13536146458905718,0.13716495780607404,0.11284574670675614,0.10533988091826933,0.12646118885754487,0.13908370901980482,0.129397576633688,0.13383965691221092,0.12450718402237132,0.14054577819838598,0.1476433929886889,0.13943872734160212,0.13450112071549,0.1418074443142693,0.14976485892503702,0.1665537091036637,0.16350518179121046,0.17371819623729404,0.19276499227521143,0.19264734898561017,0.20608361665839603,0.20415401593998325,0.19807484444282847,0.1941204177660712,0.19618818023260304,0.1861055794362221,0.18009038750813622,0.1800445264699314,0.18410882656773908,0.18861933341253453,0.2085084918664847,0.21110136589183984,0.21518223400066155,0.210449693250955,0.20292809209180482,0.20752942240901323,0.21293419833421115,0.21653990847549687,0.2091154047842717,0.22296943508572475,0.22458402690113904,0.219386833390456,0.20273269252342946,0.18849990928622146,0.18899267473372772,0.19401438280991953,0.19647376732066124,0.20276100196956978,0.21066896862866444,0.20182761003243266,0.21813307750349673,0.2222591323704626,0.21060468623320344,0.21450143376364317,0.21267814429751344,0.2051137494369573,0.19845700795807467,0.19126391498560302,0.19187889247258302,0.18975671371461963,0.18072574129773986,0.1823567267516135,0.17601694248519714,0.17807107002799255,0.19714978004919498,0.211669384696071,0.19460607833626398,0.1940016881358645,0.18163443817146402,0.1814903680688448
121,0.003636749140645551,0.013928641412856853,0.020749377710527005,0.03635182916725606,0.039877348894581124,0.07420315310107385,0.10649492175071355,0.111604035833285,0.11421137010732332,0.12389859054861593,0.11433827678799915,0.09111698188401311,0.06966341499869405,0.06637567717038147,0.06456833502816174,0.058663163384280466,0.05970929142995703,0.039398493699514245,0.03814220039300059,0.031251585542519555,0.023499629102867247,0.009958381163881987,0.005571634425778483,0.008510752476630364,0.009145194885051097,-0.006309294803294201,0.006237823142745435,0.014678656091371844,0.019392922864906233,0.027866285434811986,0.04672953843162912,0.06545762204337541,0.05401513240916197,0.052326857361497794,0.048868499729588705,0.04874085158001165,0.03947560934736367,0.044499775513555086,0.03299764278027395,0.03475207481033616,0.026553890853366475,0.023337893206460576,0.007276711386803232,-0.009586459060177832,-0.011432136387473544,-0.023690685548853292,-0.03650217925166416,-0.02255520856911524,-0.007706444066868304,-0.010583296816941761,-0.011225650352743019,0.00816843705716719,0.02093678078758215,0.010454094318345217,0.015381634347899553,0.015744824898617445,0.016013915945530165,0.03370623445168972,0.04191635690962717,0.058865944901760864,0.0732251149494825,0.06679716742781885,0.06613687850690017,0.07318863998153287,0.06583740840064108,0.0502360433242894,0.054352668637855685,0.05112827311480807,0.05295143257861776,0.060548716254605124,0.06165292109054756,0.06155222858259667,0.05419513712466757,0.04985052182183778,0.04019513351879594,0.04474462390313109,0.048615054658307795,0.04546067117978104,0.04151906399077807,0.0572600138767491,0.0757343742847843,0.08225763852039851,0.09086413651554706,0.09542444760443242,0.08522689040363834,0.07163110596819255,0.07213317620635196,0.0764063648064301,0.08048069783821887,0.09022695863916014,0.10505376772153298,0.10583961461683797,0.11072547833962193,0.12483805903341973,0.11586047712195857,0.1067556143442677,0.08097132232742384,0.07737229449537134,0.07536331129185482,0.07436232522831596
122,-0.004220399603287746,0.028352630074767387,0.09015456387436334,0.14281065242919908,0.18315073930237774,0.19674813630233726,0.20713825027188087,0.2318149124743002,0.24887633983283908,0.2578797194193498,0.2534855532983491,0.24588179265623342,0.23734983664885267,0.23054644833484864,0.23590567466469067,0.24142825504425552,0.24527949567612936,0.23312856415348474,0.21271498501169772,0.21176175982153814,0.22438387903213985,0.23095183906971542,0.22532671137056565,0.22222458922923885,0.22711047763022663,0.24561549808627547,0.24543749350258806,0.2446014452001169,0.25570729488454785,0.24702214827250896,0.2460979424191212,0.2558374643234394,0.2594403403169324,0.26077967329393303,0.2525374097390609,0.23770675533913735,0.23783580055239115,0.23432089872171524,0.23989894039766863,0.21964919152175727,0.2202791866275333,0.22510061562215494,0.21562258754881738,0.21566803666113166,0.21520706241006063,0.2118504230809796,0.20581932041508874,0.21138067617582254,0.20842727594286523,0.21962342907703059,0.22727466292774248,0.2377479891940484,0.2377352998256822,0.23262567876028245,0.23159903972699275,0.21335989200566807,0.21879733423822378,0.2010888088032642,0.21607637429985588,0.21030215845593292,0.20885427107001966,0.1913010639781523,0.2004134322812029,0.19461401303970224,0.1998847767625123,0.20764111570898108,0.21355269137938537,0.20314917548008263,0.19324685268502365,0.1829140880909494,0.17966411500033586,0.1841053640851293,0.19032176793944092,0.18263795820409368,0.17824651514261888,0.1692450476014896,0.17542494961000646,0.18091676522290318,0.18856962659869797,0.1859321758954962,0.2035539223939079,0.19072048106965817,0.1852592700096637,0.211263474553329,0.19461826225169707,0.20154022866434215,0.19076906263458543,0.19368635752361565,0.1888127596137549,0.18762187538758,0.1863228070515299,0.19862378786127763,0.20086178882725927,0.20742343144174924,0.2062912664724417,0.20011891560857864,0.19732853776090475,0.19414675808273535,0.19427431783222743,0.17354005599671646
123,0.013505542033488784,0.07021501018867535,0.10088866502863643,0.15291149542244395,0.19496357528356176,0.2600321476158298,0.26449960617192025,0.2867291418897594,0.2740307482364686,0.2759120850229626,0.29159832721405027,0.3143152971606915,0.30635574153121664,0.3140582165321341,0.3189785364030932,0.3401436170615835,0.3398926776459521,0.34705467852183036,0.33982548990876216,0.32868823286688953,0.3304510889716751,0.3307917144891064,0.3237554032152917,0.3319485284385746,0.3230775639932873,0.3083673174760814,0.31162349149761315,0.30649009676668726,0.30397997676878225,0.31391843154511323,0.3195775225681359,0.3139877223672392,0.3140584620929127,0.30793078086528325,0.30806729242026437,0.3418901883197665,0.3301382761478074,0.33162787669523275,0.332208236333248,0.34402637527203367,0.3533674094170102,0.34789935257745747,0.3372206131430545,0.32301522429409985,0.3272621548408133,0.3270562282707003,0.31852678353315456,0.32556646331005984,0.3183835256277636,0.308409538260399,0.3121753895724243,0.29577852457490617,0.30242017823794176,0.29131501408086335,0.30066032519129604,0.3068227974495688,0.30659571471938185,0.30543292076336315,0.29913898641029396,0.30664672902899376,0.3097342004354082,0.3072369700020683,0.32332237165030653,0.3288608603608092,0.3393784929109557,0.3395724555453736,0.33436187407247836,0.33884961940447744,0.33929587592774163,0.341123432865235,0.33688662712354145,0.33334557466314807,0.33156695473679365,0.3297274852852589,0.3297369881900189,0.33071049617233716,0.3406168073079563,0.34791242658889465,0.3489747728477062,0.3502446798856256,0.35603250914357787,0.36031040313614027,0.3619634057563419,0.3715634259327381,0.38505546404218555,0.3798966705473068,0.375480447520716,0.370364368965308,0.3737189727683905,0.3697317023645145,0.3678875396335382,0.36645734880839087,0.3662559580746559,0.37267958958507164,0.38464875634887513,0.3890215336286793,0.39501704420272254,0.39011496827377806,0.4009281071708605,0.4068109652146898
124,0.004837824520896146,0.03335649540651883,0.11396326538481288,0.16120910825156934,0.23163564398287978,0.26482665042669834,0.276153531267425,0.24578748926142782,0.23393794565986223,0.23214496300472892,0.23371354962694965,0.2296673405415738,0.23112487286551825,0.22822677145517267,0.23222022212898938,0.2332808256075697,0.23133738085890598,0.21878497386109672,0.2112009352249911,0.20173225998396233,0.20021877790588366,0.1870613801088367,0.19834949104424546,0.1980063918706929,0.1925628799172557,0.18548453230049555,0.2004752152835145,0.19705760772639966,0.18529027082673882,0.18847862454984893,0.18667691975054412,0.17917569243370135,0.1684423963595238,0.17432530537881238,0.17982106840936748,0.19755956523343723,0.19604194017616694,0.19615158441013647,0.2079977840486649,0.21141458182181064,0.21144234851674942,0.20904564191880884,0.20036217002744677,0.20649437789194347,0.20670873333679343,0.21047304202276026,0.21629964466112817,0.21161679405102615,0.20942456273153073,0.19915245929675163,0.19983123169066702,0.20196068800434777,0.1962629672836885,0.19503143601654194,0.19181163021107697,0.189466584940009,0.187618795021031,0.18525519212365057,0.18735491393554224,0.18821682964486555,0.190029106835967,0.18935789540485964,0.20198205290391683,0.20561584252832765,0.20411955842973806,0.18928063459064318,0.1782847709365033,0.18853316318330982,0.1899956214375214,0.18710966999914067,0.1914695234791406,0.1994419050349071,0.20096477852330755,0.19907058259257784,0.19767363725674614,0.19010782481954774,0.2000001262451841,0.20178872521628935,0.21529839716481436,0.2027771650763176,0.21084959994217958,0.2168431277566637,0.21575170715497807,0.22192996230970052,0.22148141548644174,0.219567376159011,0.21125236222047333,0.2129662451895701,0.21247600208684914,0.21810453973382907,0.21614461729351803,0.2177823650388151,0.22304467739209488,0.2241156583124773,0.23252677124377447,0.22857356072798432,0.22869742013220662,0.22116114234980525,0.22202942188306982,0.22896895616525056
125,0.002226164307729619,0.026773174358122556,0.06829723701555757,0.1388908900572512,0.25463690068505385,0.29171395469455746,0.3351942428437129,0.35176296075355395,0.367922994474552,0.36812583797723564,0.3650900864996608,0.36412702265672364,0.35661365030069453,0.3584020337098915,0.34014102443751876,0.3386638904766541,0.34793542544851236,0.3337516164564031,0.33351554423526425,0.3482075514752654,0.3606112696015764,0.36700225973352746,0.3741557378630885,0.36407360174741543,0.34838279773777836,0.33773794467917057,0.32660817229096273,0.343365468230362,0.34204648086286293,0.32168516783884393,0.32703300372779276,0.33137973029064,0.32914078593557294,0.334207657722708,0.32419853187193254,0.3330470556781938,0.33434029153236494,0.33224689131750224,0.32672104641496674,0.32851394177143783,0.32501041383927626,0.32698136937979005,0.32495106026408294,0.3285679155564334,0.33194282396338026,0.33478811092088345,0.33244290012362954,0.326950211720868,0.32678910030828257,0.334274186103216,0.3168276752746124,0.30596311084284944,0.3073294278608072,0.31438236737327635,0.3215606413979471,0.31094050873979207,0.3097367452253214,0.30699053231636103,0.3094639142163515,0.3066131481681178,0.30885249389460445,0.3127392521510083,0.32490473291038674,0.3217412033436575,0.31127168977417424,0.29888896640949936,0.2967695337230401,0.3067527760706797,0.3097913704630958,0.32375622466669485,0.3255324939827771,0.32337315353289625,0.32148399937159267,0.337730897651357,0.33452661214888124,0.34227144058763387,0.3395505938297292,0.350117508407904,0.35002731639453416,0.3425069613705751,0.352836668478844,0.3569883851757361,0.3547522614692623,0.34888397821820283,0.3512587220218506,0.3530668660529253,0.35648720971036196,0.3480473274746879,0.3320627189899855,0.32706911544263856,0.3254792827134365,0.3155822482000234,0.3130722870383828,0.324579907238939,0.3163995598484079,0.3221535045446604,0.31983066300521995,0.3165504550272249,0.3178914368152212,0.31549663510454234
126,-0.008173973449481158,0.01840826070702402,0.05131864517271723,0.12311991170517189,0.13105532544595408,0.15488261318331004,0.17347407648974067,0.17992393146209146,0.20684586695899992,0.21489589011341154,0.21871981094753828,0.22433811610921736,0.23782115373031423,0.24902668892414886,0.23927611857113995,0.2193885408285238,0.23059897432429477,0.22525564617297292,0.22680788630433754,0.20100250514629686,0.1902076885877518,0.19201472144559442,0.19448406470779855,0.19259935837211228,0.2068861148502643,0.20437716085411714,0.19686132440098392,0.188199453113719,0.19310587145704086,0.18168211009881138,0.18870076982089498,0.16829038261376714,0.1773112220272434,0.1707461565288443,0.1608895456777093,0.14549367044622877,0.15912562449086706,0.1588871093752734,0.1517096753390689,0.14539224667817924,0.15331304096205645,0.15877612146575493,0.17040480978101416,0.1652226597322938,0.14514785828251547,0.15273096274993408,0.1599660862563715,0.15744355301611626,0.16559949274357444,0.1508582229887208,0.1578359047502419,0.16322377614155484,0.1657419275425276,0.16471850988990655,0.16311376644785888,0.17034231755839502,0.17628682981224172,0.18103190961655571,0.18994937729189648,0.1859161825684349,0.18236675337384395,0.1909115811660788,0.19299497930395912,0.18953198895353388,0.19653601165503623,0.19992586224804515,0.19886019140249875,0.19992710157710605,0.20077032445918966,0.2166441009159159,0.2260538037615555,0.21432491763769035,0.2151775207100358,0.21318150630073462,0.21717059221585305,0.21105509833419167,0.20497614510217296,0.19813437168887207,0.21719088922136398,0.21099946609760012,0.20813900269055996,0.20581720805806758,0.20460010080726732,0.20718084149113047,0.20352466072384687,0.20046968229855072,0.2012367553032608,0.19803949102280402,0.19370804576203646,0.206511572665517,0.20714027797695247,0.20799155099853106,0.20076556729005174,0.20419774876354388,0.21076461094333004,0.21134326552824742,0.2101875641009494,0.2082945296915743,0.20407394893947078,0.20797352260768626
127,-0.0015895574093437053,0.0200670263959828,0.05023255280906192,0.10083739191071066,0.1695983146209605,0.23799876021501562,0.25212113067225744,0.28024628879314184,0.3230959417157296,0.33302975381996086,0.35238282598451515,0.3648616449075067,0.38384173021516416,0.40091753227025123,0.39422793117770893,0.3999829238381967,0.3796226728718273,0.37946544204179955,0.38034242264984786,0.39394076765324926,0.4037813740025,0.3911020995678766,0.39537742635736073,0.3885682835559411,0.3798928414027203,0.38702415319777134,0.38580439196648714,0.388159879529564,0.3827819801468848,0.359569298876923,0.33102749958126493,0.3383423382851619,0.33070384519703283,0.34480483876140156,0.3557131078177687,0.3459546932399331,0.34045692038801534,0.33831609002432217,0.35815066607248547,0.3440861216557757,0.34536470368255223,0.3400791862623316,0.3475351965752822,0.35866154670603523,0.3405333897420915,0.33476146141319907,0.32687058019274695,0.31481391861386854,0.3127986869163064,0.3000757269713649,0.2921474537593968,0.30779638427541944,0.30836779855624635,0.3042366327575433,0.31917742828952134,0.3221496693042485,0.3321369218076824,0.3243672813156831,0.31874502614297207,0.3243051313916747,0.32604716758438884,0.33199655585763005,0.3420775458666436,0.3372893864336339,0.3284393905792118,0.32768381011986875,0.33528003505407966,0.3362132721397581,0.34574016655304235,0.3374776159125003,0.3228458136939337,0.3212896969264923,0.32174669996271354,0.3183738314960491,0.31676528013427513,0.30913988817878385,0.3183127730191595,0.31226164287472313,0.3111991852513823,0.324865527322911,0.32333902841897627,0.3142832402009457,0.30935156744160897,0.30657898162407443,0.2881938695849371,0.275749710844982,0.27214357905257386,0.2811217947301104,0.3090561153454685,0.30507806154471817,0.31033515282556157,0.3161927496619431,0.3263511036326782,0.3449330527140653,0.35064794949814476,0.3597987119628913,0.3610246631947092,0.3661673271404258,0.36757192842239256,0.37560601371292823
128,-3.4490773777002474E-4,0.016631910295212615,0.054649668863777735,0.11378166256899896,0.18207888044081408,0.22456733202493495,0.24888930592402694,0.2800667727010499,0.2600765863609577,0.26042221954871153,0.25848256169980677,0.23605544670311981,0.240578810025754,0.24477292786372304,0.26517372608291084,0.2634686355101712,0.26080650924485405,0.26694968714530765,0.257124703080117,0.2541680696808599,0.2597615730931414,0.26140985796983646,0.2620545526844921,0.2710968417769849,0.2737322630202423,0.25095423136926653,0.24339440426738207,0.23913649721818156,0.22987729804598767,0.23264292360423977,0.24143537062664777,0.24070411420861654,0.23036440681341322,0.2413357101476541,0.2419480367070473,0.23487136617239163,0.24133062163550054,0.24276872353556375,0.24435719819389992,0.24884544957258917,0.26788317921590143,0.26821720845478086,0.26245937240466255,0.25434356966443,0.25591476203555474,0.2511831273363166,0.267369118027157,0.26829765205578826,0.27434082573444185,0.27447792072800314,0.25328142625082484,0.24735924012565763,0.2495248911037152,0.24801352295605053,0.2433232739389754,0.24402143314861602,0.25406170194872624,0.26169749800381725,0.2508589561418086,0.24800013428640394,0.24334652327115236,0.2482791482678727,0.2469403750265662,0.24437875763329375,0.23877255546830142,0.2304302027856256,0.2298796289307155,0.23159018187299027,0.22022178257510294,0.22370494921733822,0.22298866893854438,0.21668077417219628,0.21008944415976905,0.1937751027074123,0.1891625761419068,0.18236463803595268,0.18809604268325264,0.18252007984599078,0.18942699695034637,0.19261527027437872,0.19314469039748977,0.18407940924869406,0.19398890400943636,0.19400183992298003,0.18367646802830023,0.1934134879089225,0.19245997057292294,0.19364251811542718,0.20725811619154363,0.1938136906061959,0.20369880145338318,0.19982557362699566,0.1993621795498134,0.19874003519379607,0.20235034109209335,0.2127149494031444,0.2112778180670327,0.21510266285371785,0.2177679843050077,0.2148689057596748
129,-0.00584472818532131,0.010863817360862608,0.05438394342579444,0.13214204267962784,0.17601716969194733,0.19273440344131265,0.19443342086685755,0.14664454799590662,0.12794469501121988,0.12366585569033971,0.10716898669115382,0.06155563681528306,0.055694510377064986,0.05180305459671844,0.043770574656885976,0.05226915982677406,0.04878208350564684,0.05372087889277732,0.050709423398814506,0.037628396073150105,0.030570597041660093,0.028211863543311448,0.04757343679670626,0.051304098693052434,0.036952383079064455,0.012356254373589136,-0.002170697096897569,0.010771508645133964,0.020066305198519027,0.009983085452981846,0.0012703871516417298,-0.026674196935410083,-0.03906618369166888,-0.029120591778787258,-0.026130925826383034,-0.026742800282617215,-0.024069193462537344,-0.024564207073617103,-0.022465954810941834,-0.013861669699489204,-0.022874791928840364,-0.015667667408486737,-0.012306491540514023,-0.012257613878431923,-0.012593367917478261,0.0021555706121515346,0.0082304851807396,0.007660071312449561,0.01625021174608996,0.035495764388337125,0.025757905037704323,0.018509135050238282,0.014386827728730458,0.017533078471864364,0.011426620525680822,0.03161004396984049,0.029568357005296454,0.028329383228275034,0.018643632699049395,0.03245251970897865,0.023464453885552863,0.02453384811711611,0.019437885813628354,0.029456313781753347,0.028733128002775655,0.030499460975249644,0.040179203604436296,0.042208651175507185,0.049693153746049074,0.05507781078886529,0.05095850755673016,0.04500771459683319,0.03473062058495547,0.04144591921375442,0.03501235853123481,0.02732848588822651,0.02524607699602059,0.032583019882683285,0.035321022953293174,0.04555789738241454,0.046785117077172214,0.048100768683131186,0.04155795680038258,0.03502159667436978,0.02926425462182163,0.032726281704621954,0.040539912657292836,0.0499399677202278,0.04865244359797392,0.05048460893130124,0.04116595922669272,0.03776726488157869,0.0371529079544284,0.051253735443651166,0.052858191519611755,0.06455055218052681,0.06115443398009445,0.06016109433911808,0.05876153309469737,0.05535996936964769
130,0.008232441808089486,0.025122533599293326,0.032022570485646655,0.04258650259594989,0.05863357682680521,0.12517033664183755,0.1326442577944471,0.1416438411159878,0.15954615288473348,0.17196188163552598,0.15125819208786673,0.148131546092615,0.11822371762646824,0.12553649411723022,0.1129518847523591,0.09619363207590181,0.10424125576973163,0.10269303958670646,0.08276729461236211,0.08199899684795456,0.10508608228632996,0.1083384612429818,0.1023000106584939,0.09551738450596313,0.0752142801912036,0.06438198833470188,0.05882410920631556,0.0477563910868191,0.05612686142253818,0.054953337281356866,0.04641195011997843,0.04012697838592818,0.05913649417648542,0.057319604327169336,0.057649356945440065,0.06414268483443038,0.05785886617913187,0.05512725045108231,0.05638361018409859,0.05014458654715641,0.029876027091611697,0.036081040573425635,0.04541821521264413,0.04155610958898876,0.048991720155557514,0.06094871128049204,0.040305952991760076,0.05929730251872784,0.06439808428596872,0.055119706839888725,0.05627755006009956,0.06591802508341518,0.060617860342074115,0.07530937014390988,0.06635310771215334,0.06519791489170725,0.0602587175937152,0.06418549588739003,0.0616922418810483,0.0566285536729679,0.045702306805608,0.043978449459751656,0.039878756365237085,0.04056132608361431,0.056682592917814134,0.06153921300806869,0.06802709601417611,0.06897966700066659,0.06450604745203357,0.03648253595340479,0.03130320984902781,0.0108463633647202,0.021923043369969357,0.007012782758269626,0.008279634870880924,0.0091872336255108,0.00729556098421162,0.012710176828333001,0.004315422699734261,0.005142640552959916,0.0013083871902318316,0.007160513727106366,-0.007376186586321471,-5.488962709199905E-4,-0.0015268315009353997,0.011449169289082201,0.0163720787493135,0.02602338245885078,0.03390660631011712,0.035213883350621374,0.03251445934281286,0.04163986621950985,0.040317265710651015,0.0336202954052945,0.022018609100891172,0.03860439222890097,0.03758053555909706,0.03719302318208763,0.033471194232707925,0.03206893439554813
131,-0.001125723645418671,0.027853481230369456,0.0643764303602175,0.07729954723204888,0.10369219711780389,0.07758010306621517,0.0903563231940919,0.050184955103991014,0.057843378088816705,0.023406633045012844,0.030807866981769655,0.04192487847045473,0.04264275446856868,0.03524166265465546,0.042969778040079995,0.03474026286760062,0.01886791909998995,0.010299099892057953,0.02722718199490742,0.02508654480723998,0.015801103084527687,0.00472313840660306,0.015800633871082728,0.015807437690663145,0.020404323876744384,0.024640583113901535,0.01633084985583847,0.008018038856281962,0.02321724435034957,0.0259522641641714,0.03223696838220243,0.02279971250993221,0.014751137141945852,0.015642986583405863,0.0197170759388574,0.018450213359202022,0.011144538893792397,0.0030396776898058775,6.947097987406048E-4,-0.018303353173697193,-0.01789593417689584,-0.015943273470321703,-0.012963034970595777,-0.011250619919349236,-0.0036318083204985585,-0.019694007470822738,-0.04286074609606826,-0.024686691732358313,-0.033544649135147944,-0.01109203405141816,-0.01225210122267174,-0.006764189486999388,-0.0015239293438642407,0.022929014606186012,0.02104447753530925,0.024855529651005074,0.0067216033254583855,0.003863672462668244,0.013957134513554077,-5.319075089408698E-4,-0.009363697926610482,-0.00610852103422423,-0.0013708230994429393,-0.012306040772523246,-0.017938664886638134,-0.016390105178174845,-0.011227264674763007,-0.019726852406394033,-0.02219930334317062,-0.024242786842425264,-0.02593551751470803,-0.014409683761179255,-0.02966861335603662,-0.02455042152886595,-0.030580396909988122,-0.0427966014432584,-0.03899226246006259,-0.043320985259211006,-0.03971849159308251,-0.036454630366547475,-0.026990453595562815,-0.03161504970122244,-0.03965602096477654,-0.03882556886010466,-0.04323026344327612,-0.0485304014254897,-0.03666520904651822,-0.038966432886256744,-0.0340987330472102,-0.03060968619831865,-0.0341104041801858,-0.04325573787861965,-0.03867857615199491,-0.0460663436307535,-0.04647995730961743,-0.04546435932778455,-0.05845806600483154,-0.0617729860891223,-0.06258311130239438,-0.07286542945893468
132,0.0070174853436353515,0.09631580467678624,0.1512834192384563,0.20689102758455527,0.28423247765991944,0.31827610592674577,0.3257147483947358,0.32572949562502573,0.34954647574541303,0.35054956222687184,0.35295067884750664,0.364348248712167,0.3613915814829794,0.37527646908913725,0.38499331430745193,0.39313151213803366,0.3807279327030752,0.3844429447832733,0.3896071078911412,0.38845559024940557,0.3941714226169999,0.4032380805244607,0.39080056300207516,0.3900698191040229,0.3872571160193398,0.38245437921872183,0.3696054891117545,0.36514580197480595,0.3790071513608679,0.37265170203089754,0.3764489596362815,0.36944491033387145,0.3826732623360008,0.38790881385349285,0.36348643061338615,0.37662383522547066,0.38177964835859635,0.37537673295182344,0.3733786538801364,0.3675238258582841,0.37348135063266663,0.37930020559445843,0.385178273395633,0.389495735096058,0.3975502558239095,0.3922108133553682,0.3773341821021905,0.38840129464335044,0.4066565502199469,0.3889942827100722,0.3681460794222031,0.36732669421634284,0.3669196658695071,0.3627140266415816,0.3599243506292097,0.34563152538759345,0.3409452896394265,0.3571556402989406,0.3738012905995752,0.37909698090332816,0.3830013965287432,0.3816471013088853,0.38436472185454384,0.3859468621553802,0.3859795629040596,0.37674070141162014,0.38033105679937884,0.3742878392585665,0.369582412670733,0.3627863252889563,0.36900136559969965,0.36857589605356167,0.36067297731151593,0.37077103210626733,0.3682450955824896,0.3666908742630398,0.37107409780729894,0.3779580025472991,0.38166095681225487,0.385247948447192,0.3805914421523143,0.3785852352590497,0.37155311508139666,0.3610894845552074,0.3577049916939677,0.354758307215917,0.3669992919420345,0.37218598989348545,0.368526719256617,0.37024965587392855,0.36671731576137745,0.3554900079632467,0.36014819259187303,0.3552773095457183,0.3547227028483465,0.3552712112216985,0.35153232802953605,0.34112867525696394,0.3302223785798121,0.32911801872434615
133,0.004244508734837281,0.052805998937054156,0.13730131167960954,0.18308393801878858,0.1765431083840814,0.19334414179183304,0.19588018438829355,0.19128101221723046,0.20528725339070403,0.20010926891606418,0.17774325960098888,0.17587793125608195,0.18467068899283232,0.1768493547005263,0.17917168866371028,0.17689788043524785,0.18047509350726998,0.18759792147332355,0.1829387695127738,0.1577847363934327,0.14545087274000557,0.1327873683917242,0.13732153845321216,0.12896880543368028,0.12337434469708851,0.12241148596010712,0.1330996870062657,0.13665186968572057,0.13723437093061686,0.15577458741916902,0.1380504329188921,0.13413284692160551,0.12717955357628383,0.14368406413690196,0.13288172423852296,0.1150843036562625,0.1180818673185865,0.11563932581500254,0.11962905946498348,0.11188216194637411,0.11227531489736119,0.11120761917386883,0.10817111449426084,0.10001956285141571,0.09978430775785205,0.08799637927896947,0.09176912734575148,0.07916440290753028,0.08334471641222382,0.08057486736185529,0.08045148211570523,0.07247170583883507,0.06114709421791196,0.08244284672662436,0.06728790586279032,0.06869036386204087,0.06677894387838229,0.07543672558102094,0.08015124451128396,0.07931312343173796,0.08576856139210996,0.08573191855221367,0.07725424701131858,0.08904862688087903,0.09071279921352282,0.093020170306396,0.09260720400759981,0.09504698037714027,0.10128722585423777,0.11957142287783956,0.12161335012524102,0.11733910647912747,0.10416996556552893,0.11569419108177773,0.10415390037061469,0.12118583797187252,0.11697310995740579,0.11124071810518794,0.11463449922502585,0.10644351987209974,0.10560839158906075,0.1017472932765955,0.09786931356079555,0.09692455106314687,0.077765231603065,0.07237093995385398,0.06430141347976186,0.047096996570650494,0.04186124721385348,0.05041564471344109,0.05675618708123076,0.04768454586233254,0.058127321757578995,0.058820904624981664,0.06451199134855415,0.06578088650373554,0.06276829094092581,0.08004864076149584,0.07288270956788315,0.057035810969655605
134,0.005723100630306598,0.034771580980013386,0.1092725409151648,0.1931139482000802,0.241453867112989,0.2669471749372931,0.28205636419201313,0.29396203680302346,0.3098677558626907,0.3096389016912141,0.30285981322934696,0.2973720202781516,0.29018636837568945,0.2920772021987606,0.2931143512116736,0.2869380661838766,0.2852029109771739,0.2836548030186529,0.28710794370630205,0.2897436786410397,0.29096411256802374,0.29708645075069046,0.28895066045760837,0.28946605647540574,0.30087650046156855,0.2968828122118876,0.30073861180802164,0.3045592758215876,0.2873374790967282,0.28421565606619636,0.2883508545996499,0.3057946911782732,0.29942622944391056,0.2785144344599274,0.27347497074002924,0.2667077373632329,0.26627697536182,0.2561377643945958,0.2572302900865646,0.26641358201335813,0.26867676485898134,0.2770529798263445,0.277999301793446,0.276144219704295,0.2717710305821407,0.25874445890544406,0.26678218291369904,0.27472537682876347,0.27367529124887024,0.264429457669359,0.2940181054158676,0.314603841355714,0.3104680967560875,0.3055783860692804,0.29807141386436076,0.2924139768013872,0.27977232402221464,0.28000570729036767,0.2792508880987476,0.27094951332108064,0.27448451805820523,0.2864725231071928,0.297558938463229,0.309438555326115,0.3022894120231401,0.29360036733987166,0.2948638644022552,0.3028349064114465,0.3200775169082366,0.33612809266212373,0.34705250469294,0.3386904764766049,0.3409626277466565,0.3428541379415065,0.34047007260213663,0.3386207154514836,0.3362268650675385,0.3265364002418524,0.3348306909122716,0.33426265014973244,0.3403976999042125,0.3298407821987716,0.3220387336603099,0.31505843412362833,0.3022305244932535,0.29977998249877347,0.30033713207108614,0.30307720592671034,0.2952717265635306,0.2885150007928733,0.2908336491206725,0.29502280050157914,0.28761292662336047,0.28681626571411656,0.2832992864597481,0.2812066179595222,0.28274404444100837,0.2785289994709361,0.29840195164700417,0.3064494733002903
135,0.001267059294402664,0.0599691446534595,0.16869607769622647,0.23321077947282498,0.3139247628234103,0.3208068240292986,0.29642355040475526,0.2945487603049041,0.2885179094180483,0.312385951335164,0.32604551865074005,0.324069193075284,0.33537102192149787,0.35022848577245413,0.33791878265573644,0.324830375009217,0.3114442584714498,0.3086170613834509,0.31388633265582516,0.3292975077622248,0.32636986332346174,0.3228970756457198,0.32477257036224105,0.3161427730747971,0.30583642923690824,0.300407596462928,0.2874527914415433,0.28447088494467454,0.27605922658598736,0.27955249690507883,0.304311446532247,0.2960336069503367,0.317498592275311,0.3257518459367102,0.3198070021811251,0.30760629168204917,0.30291489223931584,0.2909947199457259,0.27482831015695697,0.2853153984982321,0.29224087839312124,0.2965059194305133,0.3237349401052145,0.3089225353979704,0.3163988735621677,0.3188951208955868,0.31231770007214005,0.3128919348614373,0.30539048751643266,0.3244888515325598,0.31421723689107905,0.2896784008275709,0.2852624776927797,0.2755018514721624,0.28100558873552506,0.2748822683336572,0.2675990946154867,0.2826392153928415,0.29157187587053995,0.2860347763531293,0.2861809300051249,0.28567879100993376,0.2779407382721929,0.2839406260590093,0.27650516972318956,0.2595683125061511,0.2645750587478556,0.2660620738588415,0.2691655969600506,0.24968584512835482,0.248537151949526,0.2554813187888937,0.25975597218161406,0.27730868236847767,0.28737255696295366,0.27541752275859627,0.2579871444961756,0.2589224031003652,0.2613850350501221,0.2696846544749329,0.2856966648716628,0.2828429901216034,0.2806730678425203,0.2784567982997224,0.28207207802800405,0.27844951556570247,0.2855502267395721,0.2740518448926956,0.28500170799938407,0.291987339099158,0.29433143315162597,0.29621119940355284,0.2838427875352558,0.27689029358693146,0.2705417483827774,0.2764826349987187,0.2764291419630905,0.2607221566608624,0.26781721818985854,0.25845874940811253
136,0.0011834472506185927,0.036388680513613804,0.03777473123794422,0.08616579247811933,0.08405538986056599,0.11263362257862544,0.14484140347443994,0.15229539895068214,0.15886402849984674,0.1621918615772655,0.1668704349772682,0.171360549768536,0.16721442328201072,0.1784666028939464,0.18498813965106073,0.19450005556676012,0.19657682485931802,0.1988267937612989,0.1933461314270034,0.18730914333238124,0.19005964045357995,0.19082256194416045,0.2135400696645085,0.22583553593604705,0.23603020472817715,0.24154160022061724,0.24258447883548453,0.2490627958310073,0.253810639574629,0.24043131485806352,0.24539505630377076,0.2471800554316138,0.2634411027348402,0.2696595328290002,0.27176355744322406,0.26535604895705206,0.2540918517294968,0.2396778672144559,0.23561763569902475,0.2245176286523363,0.23632907114674817,0.2206062997599868,0.2272970971062474,0.25054169710028346,0.2604839996198546,0.2598405843372065,0.26095376239986146,0.2562529569433892,0.23757736265964424,0.25102190138151753,0.25366624100331026,0.2563658416960734,0.2728461258669499,0.2823338945185253,0.2896521330621079,0.2722973164340738,0.267213685645658,0.2699761048252443,0.27364201151387646,0.28239362894010583,0.29237608341192073,0.28524717945620526,0.2867526505050837,0.26909750021269013,0.2531547881108571,0.25741235556879166,0.26476760143496875,0.2691080340827505,0.2576856520169286,0.24756513076925046,0.24812061150788367,0.2372122521384137,0.23945621619387175,0.2384772382326405,0.22670888425341226,0.22227908903205354,0.21695916836954368,0.21571115788587472,0.2044455859726623,0.22627086380202133,0.23144290398326411,0.22551491665142887,0.21950568294831174,0.2159588760253211,0.22130288469142045,0.22964787386273092,0.2302983050998816,0.23075568322162712,0.2262103978629342,0.22522718729291666,0.22100869071933946,0.23135289936398185,0.22051473212466555,0.20930432161399853,0.21619202171432353,0.23046539865789217,0.23483142130750964,0.2287243287884132,0.23697354465450599,0.23955884994258914
137,0.0012730817307553433,0.0318998168757947,0.05665691609380296,0.12348789318869137,0.11847753074325156,0.15418102161000183,0.1682601576598874,0.16710948777893286,0.13721985574820691,0.1388886940616831,0.13826286070759752,0.13972980090728998,0.15658846728870734,0.15044013730916828,0.16034182411320533,0.16505176412752567,0.1666466176959696,0.15766013252674407,0.16056513057507085,0.16844225507364285,0.15914340959742637,0.17062788687633165,0.1841512222218565,0.18570411755082833,0.1892982450831534,0.21138751667681377,0.20702352629643755,0.21843209818433604,0.2201214562127754,0.2188175594886544,0.2088112805116397,0.22392559732822395,0.23751848939259282,0.2347909874048729,0.24536418831366227,0.24287226915082974,0.24693926259938226,0.2516961116775609,0.25837324990909827,0.27117809020325406,0.263117123918958,0.2540875975577784,0.25477583753291044,0.25190874702692256,0.2412753017733561,0.25030980947281006,0.26071816899453987,0.25288357353247576,0.2685011904765395,0.2688334958506774,0.2670356707102963,0.2602743735888338,0.25767005523243275,0.2581870875808075,0.2692466901427167,0.26371997573459366,0.28835275317880377,0.2912618930477092,0.28462946273479717,0.26566316288967884,0.26202515409773325,0.26632875540351697,0.2556082969322234,0.23989367845471093,0.24902871313705474,0.24473443160777716,0.25138639846906885,0.24882424347340173,0.24907853141743444,0.2557977724235914,0.2501514276592926,0.2450041208901497,0.24974559843408925,0.24687736370934107,0.25162534602401637,0.2584455518852268,0.2626671987711704,0.26906775175522946,0.2816107171209758,0.280924258452532,0.27352621018528184,0.2853069312502495,0.2801239344535633,0.26630001711333506,0.263041986129195,0.2681958891224129,0.25352313862599457,0.24970145664160232,0.2593475422144461,0.26948233971872787,0.2713655844250233,0.26880888922615104,0.2700989205039178,0.2691683997450718,0.27206906379408236,0.2720291236258346,0.2636039487524441,0.26848990088154506,0.28017447322676864,0.28356114305169006
138,0.010209934897338697,0.0636268953386537,0.14607282692150633,0.24775901324282706,0.3512476534362904,0.38805412956535984,0.3810970265948525,0.3801542811310309,0.385171094978431,0.3846931077713097,0.39846069539847206,0.40107413161754324,0.37391465017594905,0.3652303773435822,0.35533429128859395,0.35665096439512084,0.3708677634083465,0.3683014077923258,0.3680318890586935,0.37365754486348784,0.37787875556835365,0.36787515516294683,0.3635001329496442,0.3637323784622579,0.352706869040258,0.33525849407325686,0.34120283111287464,0.3325209586720104,0.34643134523162444,0.3537788678179546,0.3626894841014691,0.35753350750996127,0.3677342534854172,0.37478276663453486,0.37157887059768413,0.3792905477275567,0.3913013007936154,0.388776900262666,0.3910521965440227,0.37680729292573223,0.3753824420598594,0.35925922349946626,0.3484947686960577,0.34887709376760434,0.3501113331970671,0.35363450754747733,0.33045380175789063,0.3288570293376673,0.3363233983237275,0.3318074317795917,0.32041350079331166,0.3172855087194103,0.3186904491697043,0.32128980910573696,0.32359852935984085,0.33097023750385257,0.3302083600842758,0.3239703394428474,0.3268586263441915,0.32844808847414514,0.33185978829553575,0.3365789393331346,0.34496892992024414,0.35581620072392434,0.3480881108078644,0.3583768745093066,0.3596187518930068,0.3600885728500602,0.366466863105495,0.36568162861525194,0.3623518036768509,0.35199176780931074,0.3412359390659171,0.35203595377086366,0.3548843410545382,0.3411874457145565,0.34367061221346,0.3479100483721721,0.3535838333043191,0.34153109746004967,0.34867681356809377,0.33894483276315646,0.326671959766803,0.32885347057651515,0.3342051167258254,0.3365501693684751,0.32572586186889796,0.32866214495878454,0.3186338398678065,0.3234673357185167,0.3471230023071649,0.34720148006124363,0.3478590246482485,0.34549609591095615,0.33710083130087026,0.3346026717175972,0.33520711622369065,0.3335699951495093,0.33390200057958663,0.3181795003580778
139,0.0017641677876041007,0.02678800496743122,0.050609724866395804,0.06638396113471176,0.06960798065079529,0.07405731071547379,0.055431563575386374,0.028987209814172084,0.02399385065527513,0.01680667501418431,0.023469749195151702,0.0028386302812341657,-0.003603026980309464,-0.012171508148482108,-0.030431878060677663,-0.0384558328460124,-0.04477160110883805,-0.04037403339789307,-0.03617562632365069,-0.05101905985863626,-0.05757881271781772,-0.027258867228660586,-0.023552829584389454,-0.0075261925969917175,-0.002825349928404203,-0.003290687319072019,-0.001425867485239946,-0.024024067799805357,-0.023407108023980036,-0.020425393230767423,-0.03219409401386888,-0.02477603324388504,-0.04888483859158362,-0.0421681060954103,-0.039398353066365306,-0.04204327868031696,-0.03835865832256013,-0.02130373507648238,-0.015583093753577257,-0.0010450698297301841,0.004173211674482229,-0.028257056799985993,-0.01959636761395775,-0.0024833038834692982,0.0115804544575238,0.010174817001674689,-2.4229004263986884E-4,-0.007251976472134798,0.0034493714815954923,0.005688637500351458,-0.0020797046623589476,-5.730207891880685E-4,-0.003514034706601989,0.0062367649352971285,0.002493180577722809,0.007871584362220756,-0.0031741684629317353,-0.019095179220129727,-0.02843789308576537,-0.0030683158473530357,-0.00496569406278801,-0.02876207932897785,-0.05057277927257269,-0.06411984794214158,-0.06707473237570029,-0.06800666500111903,-0.08046741980114383,-0.08198189057836835,-0.07810601596337899,-0.05452690548581193,-0.05259266881612605,-0.05216943451844492,-0.048275567803665924,-0.05360328863298181,-0.06093634348382465,-0.06129375804390197,-0.05567431201114821,-0.05242254378579267,-0.049184599259346144,-0.04930848912966804,-0.06157463895687995,-0.05584360033064053,-0.057365120843772155,-0.06186691188500371,-0.07469431026752807,-0.06920242225499265,-0.06977533567385662,-0.07675032573529174,-0.06594248562437878,-0.07404663963242059,-0.07038644287439974,-0.06026368821064665,-0.052444104044156094,-0.0612131577110649,-0.05881934580625149,-0.0542418030217298,-0.059348344765520096,-0.056882910444090315,-0.06345117174988348,-0.07106132109320834
140,-0.00398235160226655,0.024102084604842484,0.03600344940080899,0.06264038080146536,0.060114094442725335,0.06385281363112448,0.00445373732423327,-0.05690069949656777,-0.06310841150928229,-0.09282978434276369,-0.08164338401613444,-0.08842629805303602,-0.11844626797422682,-0.11735573404581905,-0.1477160484365877,-0.16046180705277135,-0.15664207105549802,-0.15500580500969913,-0.1539071809799428,-0.13950376422002436,-0.1237789592621611,-0.10535222865868389,-0.11012446293703564,-0.12242589244520008,-0.11916301676105218,-0.11561078526138654,-0.1087979678523544,-0.10054991899844797,-0.08890717299761414,-0.0789822976005365,-0.07063696505392864,-0.07901020756266876,-0.08706009134573767,-0.09423724449010033,-0.08251659823089827,-0.08504521166397984,-0.08792770671137039,-0.08056315103385144,-0.07405744227661111,-0.07080047128805822,-0.07854322171342702,-0.09681892486450955,-0.08407843089080931,-0.09398240908740073,-0.09307875261829895,-0.09491038867752576,-0.08590214998721281,-0.10596283229038138,-0.10894435175951132,-0.1191531544972119,-0.11354072704502195,-0.1002624052742589,-0.11068366299131528,-0.10881464884442646,-0.08697411206532936,-0.07448596880271457,-0.07193854684721566,-0.049318640365303895,-0.04766115720161443,-0.05846740297680468,-0.07629908662470034,-0.07570717688338446,-0.07869973493607459,-0.08378689684057175,-0.08840561654033735,-0.06569515990171233,-0.07797462600035665,-0.0786323499261241,-0.07884423283372774,-0.0590486003277266,-0.054989576491082,-0.05417734833607099,-0.06324548185316253,-0.04904043156235347,-0.03782324034247823,-0.035196893834497,-0.03650834373458079,-0.04251199796924327,-0.03283349635238936,-0.018157440927061067,-0.02370258480749121,-0.029231448519775577,-0.008889886365381967,-0.003941873395246174,-0.0012644482205946637,-0.002900609780398748,0.007911356715006458,-1.125434175716461E-4,0.015267659278480759,-0.0035330416617288885,0.002005158642142586,0.0016535427545736217,-0.0017928903933825914,0.009807908524552855,0.01775073102410336,-3.5362228457742895E-5,-0.0030615526041678875,-0.01681900805727767,-0.02140695005571531,-0.022835182336572123
141,-5.149408084143517E-4,0.029153352944782905,0.06548626702792787,0.08424845321212288,0.08448542751640636,0.05795785597267203,0.029107299661260525,-0.004830237382045858,-0.026274134716122576,-0.0640777579412544,-0.05691589225618601,-0.04607674581631975,-0.048592031338691,-0.057642189693933726,-0.05833645160784375,-0.05990946895972646,-0.05050344494810205,-0.053318052020264586,-0.041489539465580795,-0.04742167001317792,-0.044903053309207755,-0.05028432061196288,-0.06456824874435632,-0.06043724679655876,-0.0634607547114577,-0.06038935645753995,-0.05934423682040233,-0.05348540909792024,-0.04923663017128112,-0.04523234316187605,-0.04472434564810692,-0.03942735035452714,-0.05796539510034251,-0.04325938288291348,-0.05524806321961244,-0.050585656718873884,-0.04781599687594602,-0.04190462127200349,-0.05846316524968481,-0.04934758321120846,-0.05307854606221725,-0.07119371627627431,-0.06270231171347589,-0.08012397286003171,-0.07628822269548155,-0.07662015994256702,-0.0678566422949543,-0.07958602867734038,-0.09203642559206787,-0.10066786694390344,-0.11325435692491634,-0.1196742983209282,-0.12155249092232318,-0.13343880615328624,-0.13367577720083074,-0.13008347114659732,-0.12773767320484988,-0.1284459229627913,-0.14268883971454172,-0.13855337902266565,-0.13589272539994687,-0.13717132973433993,-0.14633541059426577,-0.1340475686098583,-0.13495288949459094,-0.1428711766799938,-0.1365731387633694,-0.13278401008330923,-0.13175150802072275,-0.1398740822309768,-0.1290588980785893,-0.1258139662741603,-0.1303041527160684,-0.12440376720138056,-0.11408648611866709,-0.11128223097531033,-0.12416665662097232,-0.1314991713507875,-0.14230372702748434,-0.15023085273066583,-0.1458290386806462,-0.15688247734145988,-0.15006964414501123,-0.14488819987663296,-0.15477471245002344,-0.1467357564757522,-0.15245659755963448,-0.1545217420927385,-0.1445956023692672,-0.1486464592333942,-0.13782170404643507,-0.13359733429884546,-0.1280961478513974,-0.13064603389848922,-0.12748169917696545,-0.11677191089355629,-0.13038069587272805,-0.12612645068034756,-0.14197453041569028,-0.14661575620841918
142,0.008930146235154514,0.07560605468290954,0.16252116689373616,0.25628968056206447,0.3425188204703335,0.35567096336976434,0.39333916122893614,0.395342721058753,0.4002560817146999,0.394815745761721,0.4102408202891614,0.4141246097950813,0.42683532349480713,0.4060045909236129,0.39660405367737306,0.39633794061989663,0.39841046665881263,0.4095711157578997,0.4050567785110327,0.39719399554726215,0.39706278915629634,0.40349270416948807,0.4170060168247922,0.4195100293417189,0.42129169077575634,0.43158223956857206,0.43293517872410187,0.43123467206001886,0.43856005738272985,0.4353655555084113,0.43385750177373855,0.43133826241509665,0.4285827049967434,0.41826547785375917,0.4202772892408115,0.42296529548461875,0.4231408853437351,0.41968547810909307,0.4236406022556337,0.43174488234103714,0.43533400085708956,0.4316597907567779,0.42480256854550935,0.42387584182264726,0.4337988981540329,0.42215606502067254,0.4308193421747641,0.4366370056417804,0.43826249016615326,0.4360957932644239,0.4371247572276679,0.43947598172958324,0.43893034139965115,0.43778412385630233,0.4369769299626569,0.4209936781640186,0.41695431175041536,0.4220612528405895,0.42678567251995747,0.4237384845185548,0.4242643894661381,0.4347987939631801,0.4425321534121098,0.43987324764318914,0.44145633054777483,0.4518862196759531,0.454424861235332,0.4542665965851424,0.44459921923157447,0.4360292729624242,0.4356841584315961,0.4370201370918001,0.4376650359920982,0.4396590620353832,0.4406349684231881,0.44178455249315013,0.4333908472955811,0.4332971599853442,0.4402060265094381,0.4568045146886369,0.45232502051092405,0.4528336322888728,0.459701937445137,0.46882822213268044,0.4622299561592651,0.45350286528408823,0.44830788509007197,0.45130857316848905,0.43810256511286316,0.44583445904685187,0.44632783717018604,0.4403761383627831,0.4358427820041961,0.44055404310597235,0.43322316726721033,0.429842733646674,0.4281921277865212,0.4306238282627149,0.4380671545897449,0.450356695386059
143,-0.002289567464079415,0.03511814191499397,0.06034696145752507,0.1411548431783714,0.19918890663211666,0.2440228599701835,0.2863721131267948,0.2897325342369701,0.2753116675533402,0.2682480147087151,0.27771498307947573,0.27249645136768064,0.2671995909076603,0.25761856627103513,0.2708898583417696,0.2747223209892194,0.2611079921508595,0.2585741382676643,0.2517139581729816,0.26815591759577356,0.2565277207285846,0.24539651830534812,0.2567301915269671,0.2599154517118731,0.2529900775101586,0.24242726797419892,0.24793886921499378,0.22195038753869428,0.20904557443625468,0.20940114092352843,0.21157784383969777,0.22701311847064268,0.23278763406728575,0.22079763868529434,0.20957383996491327,0.20837077665601655,0.20422863865050844,0.2137266875829516,0.22176572002305842,0.23677358703486434,0.24423806059986453,0.22839454590950953,0.22871749567285865,0.23067658041672393,0.22868218244383356,0.2488937091850514,0.2351343698026254,0.2432265139043572,0.25074713439701984,0.24818386556106944,0.2447685052929348,0.25373023977635145,0.2537946160154926,0.2407267108916313,0.23631510738783845,0.2576449079156284,0.253937079066688,0.24409743172823103,0.24987053238448342,0.2585196939445044,0.2472875034396463,0.25564674068045473,0.2542937197130699,0.26431749511609814,0.26151337249503254,0.2549913082262403,0.24985240093174177,0.25538078773561546,0.25630080257418586,0.25062718270441825,0.24939766781374054,0.2360320356242673,0.25866080148365667,0.25306264086847957,0.23748195896923321,0.24440381308859085,0.24240996498920997,0.23288603228741697,0.2316761128805794,0.2369246604300031,0.23457013544950783,0.235024431148458,0.23373699055269812,0.25949553911035206,0.24822276723446635,0.24390772504961802,0.24128512516757308,0.23817752050294488,0.23762671136997568,0.23410203547717945,0.23786437545429107,0.24779197916241955,0.22550139576209735,0.22906128029348027,0.2136096091464129,0.22628259986869284,0.21788327094849955,0.21255051433212338,0.19898470804772753,0.20784923614159648
144,-0.0070612015892995116,0.049952450829610376,0.05172824695144294,0.12543817000855279,0.13179238519602046,0.11325898614818249,0.11154927436203715,0.10852670670001524,0.10742356799145987,0.05785228695371438,0.019699191334206497,0.009227215764550416,-0.006186011950360195,-0.026890897708973148,-0.03053195578325996,-0.06464398730842054,-0.08367293304227667,-0.062311875158609524,-0.05075797369659018,-0.06061461354504815,-0.04902705134529236,-0.07835567202462758,-0.08158729020226248,-0.0818900763216549,-0.050368843184960294,-0.04979183751915161,-0.053281648188066945,-0.05195979339599005,-0.04531238421278671,-0.03861093844242566,-0.028500965229356662,-0.02249939260102659,-0.02600720915816378,-0.033877757621537226,-0.04070677646876945,-0.04168536151795859,-0.05682606506663369,-0.04870779041188398,-0.03802277960411094,-0.02709285548816307,-0.04047219857084527,-0.044000944298993885,-0.04569740405413318,-0.04552517024283957,-0.035756642012503274,-0.03460469755542653,-0.03669849045804627,-0.05021191224186464,-0.047312569165499856,-0.053694319253282365,-0.06208991623514704,-0.053516040504002514,-0.05178343267715674,-0.05602769281663224,-0.07228222188454879,-0.07632756762341665,-0.06512812518950391,-0.06018657877954411,-0.06362954614826855,-0.076153251492231,-0.0899162863959021,-0.08396449891944922,-0.07702749785747995,-0.07958273830728904,-0.08115180631659955,-0.07879937470956047,-0.09281761570921328,-0.0798001219805533,-0.07801807929927963,-0.08676560243261978,-0.10161944255695529,-0.0988358222942844,-0.09487736590018354,-0.08003961312151751,-0.07952976992089501,-0.07600185986198489,-0.07075607192137293,-0.06445244270293857,-0.07504589511848252,-0.08513516186057242,-0.09569086657400387,-0.09693036915691193,-0.09672869144963185,-0.09951440224994744,-0.10201263579876606,-0.09067395241518504,-0.08131625107178873,-0.08287457313751798,-0.09026373390258964,-0.08512821526901324,-0.08846881088669659,-0.09445439239549716,-0.08448003922417835,-0.10821133118333037,-0.10677417445746494,-0.11632216201993445,-0.12421538859632068,-0.12940120383861012,-0.12418436980628558,-0.11873838497047544
145,-0.005637157964605039,0.02891078009039273,0.06226703538620549,0.04865454602512036,0.10840999467239529,0.12400556895349232,0.14266848835322604,0.14187957119120204,0.13002494946968057,0.1366876856965825,0.1308790654211356,0.13704657770936612,0.11651322627591446,0.12756074194013872,0.14518339288119791,0.150286608872053,0.1662230084029116,0.17019103702691882,0.17949270901668232,0.18184800174206617,0.17887329005125607,0.17146187766822873,0.1822120057923026,0.15783259343095513,0.1610727830254023,0.15459774776226598,0.14911666843413593,0.15771210802779634,0.17168760744182593,0.17908354480350355,0.19360713982309058,0.1762025346655124,0.16100527051078298,0.1538427743231194,0.1601525246165394,0.1637084993858725,0.17294247091690418,0.15879563633897872,0.15306070518833761,0.13638036087398336,0.14230118790864477,0.14426877377780764,0.15356134722378717,0.14444141382528353,0.15054023563296934,0.13928829445362892,0.1419523795173138,0.12737446596860327,0.11263512389564147,0.1043586633573773,0.11470688848893801,0.10495213099569543,0.1141801454150701,0.10040328850405038,0.10466882536622751,0.1057297708164332,0.09905248193379179,0.10601865121452375,0.11891840240834528,0.12358845242832289,0.1298818938848696,0.13983218565091288,0.1523900248071151,0.1523443109791543,0.1590994698217767,0.14804317936928957,0.1637286567528008,0.17059348587808512,0.16307909219734446,0.17095080644885288,0.161316962026177,0.15891233366327978,0.14942721248108554,0.13217143833871942,0.12057359969450922,0.10206103972718633,0.10764439747523084,0.10813287576619421,0.10663137642986012,0.10136409744717025,0.11465622786638603,0.11185018923768648,0.12137488035811944,0.12798686649496516,0.12479458666176582,0.10453865975027986,0.1019119870815006,0.10464273869726418,0.10373285792062015,0.10191265704624296,0.11587886906909375,0.11939165004799922,0.10798780563796571,0.0956537240594803,0.09591864184633195,0.08895585384559493,0.08576624758019323,0.0677233348580396,0.06194108559864861,0.057460625010444535
146,1.554898551022302E-4,0.03193791752251717,0.05844308686687521,0.09235991674710554,0.1127760533431631,0.14978925251889214,0.1852603710584587,0.17534230182360377,0.17653725292368325,0.19129718726825143,0.1707259711204555,0.16731856796405262,0.15869474597056865,0.14201007656310613,0.14852853342428193,0.1335726348439645,0.13578137218442488,0.12380421908137096,0.11841341002676964,0.12418778002722351,0.12356541103015461,0.11770674436840263,0.13303631559501913,0.1375532169021821,0.12784508935903655,0.13816870782929455,0.13472025879902466,0.14327031804563342,0.12348272515946601,0.11978431153377883,0.12577188191212044,0.12102987667096363,0.14182752227953993,0.12284051084935516,0.13294085709405554,0.1274966745547421,0.14404764681322046,0.15346933013157524,0.15478105575451723,0.14109239423832715,0.14649030976785413,0.1502378066635627,0.14543530530019314,0.15923701596907988,0.1551195168413744,0.1475547082137468,0.14302267263308474,0.1311497628145763,0.12082054740978589,0.12483266536443743,0.12687522179191985,0.1231790564960797,0.13776571101137033,0.13752554818992477,0.12742045133666666,0.11990569706921533,0.13092143994805672,0.1386984507502157,0.14087703924194794,0.14154071573302285,0.14308242867865217,0.15283307424299944,0.14151655804757715,0.13451398245029084,0.13950750050524094,0.13691892803945646,0.1298713941283955,0.12028645429597588,0.12983712191564883,0.13484543092365775,0.13011040296457838,0.1252271555106321,0.115182247316692,0.10749569692082274,0.10085691779740673,0.10011491112259495,0.10512415915351277,0.1047420577935929,0.10629216563110523,0.09006353146240213,0.09511348168408375,0.08662393830300594,0.0804402386474593,0.08782472417883568,0.08960049565762614,0.08405391361414749,0.08564195698931025,0.08792566064609648,0.09183773781876886,0.08579973814217047,0.09138768489253897,0.08961537010754077,0.08399761675815803,0.07283660551841091,0.06712552369662211,0.07415794933990831,0.0770700608641601,0.07605450269150055,0.07710872761812305,0.08183301917359458
147,-0.010829720674835253,0.0183596854487451,0.04815332610125231,0.10165815865634852,0.14554150917810343,0.19053278731681852,0.20612463738394488,0.22120720663912188,0.2642010802139098,0.2727431087716811,0.28491130445759705,0.27965226182854425,0.27721055078768175,0.2886854219347343,0.28444017219955525,0.281340308571386,0.26871878010073225,0.2701256130691904,0.27502385129337087,0.27954668405851757,0.27328233510349476,0.2611369947436029,0.25025786744743067,0.2623490349850031,0.25001596772850343,0.26685687500630967,0.243809187367934,0.23076748711464481,0.22157021104121774,0.22446433290897425,0.22461144686564333,0.2217897191552595,0.22895932475417033,0.24209467948446753,0.24868449139145915,0.2501031296935874,0.24566854896886714,0.24496529955270163,0.2518805370867988,0.23382401978724143,0.2418850312435067,0.2309366593763308,0.23361566820494173,0.23527189276920893,0.2383495145557982,0.24935089686210835,0.2669544537079242,0.27209752610341553,0.26348920329802406,0.2691843241145336,0.2703834105073628,0.2677116819303333,0.27569571703951806,0.2771224218259042,0.2774039374070069,0.2709691367200704,0.2753200153946736,0.26699096518895993,0.26657485881485266,0.2689835407890586,0.2623298242933524,0.27844256463781664,0.28072367059668707,0.28400435907548943,0.2834970806992978,0.28015742870425975,0.2853374866586722,0.2846303246602497,0.28165938560387116,0.2846719763615189,0.2764343732769766,0.26747565418277325,0.2660191114102032,0.25951830993879993,0.2577378317735354,0.2617207232947296,0.26248323977383836,0.2754577263701013,0.27501310735345347,0.2816342113762238,0.28219927792376637,0.27744466260100326,0.2946953885547584,0.29573154206722213,0.29997420621649645,0.29947332342997374,0.29903678426548636,0.3011233736372706,0.2893396917834448,0.2764995384579539,0.2788567559171942,0.28267612186728963,0.2882890206210427,0.2977994343404427,0.29969919042498405,0.29070801951588426,0.2873258329378209,0.2813286262821052,0.29416927863903103,0.2811295784416507
148,0.0011788701012616352,0.03798528066354481,0.074955581713804,0.1151212646825431,0.1421315278976476,0.16538267631120734,0.17343782004021605,0.19857144834505294,0.1977631932973678,0.2168259833345157,0.22571913986226877,0.22698204888012868,0.23201420797076655,0.22750842714136302,0.22093230935746974,0.2445671629173879,0.2370102378208852,0.23313127022511324,0.2302405153415039,0.24221404660851867,0.2601540853301781,0.25619462164501816,0.2540566217992687,0.28145605087957004,0.28976238162996704,0.30804214411403774,0.3265440409675066,0.31135565732217885,0.3116374446084136,0.31309632405891535,0.3076132087824352,0.32017868826907064,0.3061935617560761,0.3251178592777733,0.3082529442997606,0.329937772630268,0.35194695099389284,0.3631046481171438,0.3685991929483009,0.3718402171252882,0.35823203316927854,0.36267802597663507,0.35352538313309995,0.3561175067605146,0.3683209707739774,0.3787490643890925,0.3525289761559644,0.35893382306314886,0.3745227282563586,0.3788187793834318,0.38349531751578114,0.3786939730991068,0.3810918553533355,0.38514178441615776,0.37817650952879256,0.36813981672735624,0.3751989708468678,0.366585996216286,0.35200075450628715,0.3600335787479655,0.3618100421111652,0.362131860142518,0.36488195812644114,0.3581150670701278,0.3514363175734282,0.37152164478638405,0.36282504990520154,0.3675698226028941,0.3679956085427996,0.36560543975913634,0.35654192649676325,0.3487416130724483,0.3398857805357715,0.33720490590521396,0.3271114911463121,0.3334024535784041,0.3326415882447876,0.34795043006827947,0.36659134544234206,0.36217489029125877,0.3619486878189657,0.3498765014294667,0.3576358453711195,0.3647193421705044,0.3714802812673527,0.3743878598215579,0.3724517994364239,0.3603079429866075,0.3569999996806783,0.3465368410000724,0.34648737071751873,0.34479100064489354,0.3480710184447394,0.3502506667155951,0.3539807298934061,0.3569905972995225,0.3559875965137649,0.35768749934393335,0.35594425606250285,0.3545448377918264
149,8.315269662773116E-4,0.06023122683225499,0.11641230093389003,0.20650449276663885,0.2930856923410981,0.3104323505612978,0.3647510449990767,0.38965895982547366,0.3984342629460151,0.4052652877594774,0.41235634055514225,0.41599908524590945,0.42091729776069037,0.42119532276679,0.4223836511278558,0.42936950416002495,0.4348395729654324,0.43019862094773104,0.43308960641057986,0.4182710636551258,0.4093289926589114,0.41588553310871235,0.4184205472903779,0.4319632151411545,0.4265366840306817,0.4383419418200438,0.43502170675500956,0.43781310558930053,0.44981129235072415,0.4508146963210005,0.451759539216845,0.4546138776807777,0.4504301718859387,0.4463043988732205,0.4515887748339154,0.43745076401666794,0.43689496284792695,0.43558751316663985,0.4553528618852616,0.46226146003483537,0.46131980234984615,0.4556363181907033,0.45036325633227825,0.44153372905008026,0.4366369170190511,0.4421688317631887,0.4551815639278005,0.44638961347761297,0.43637596411449947,0.43056845482381756,0.4269078916093536,0.4235701436075523,0.42940732934156145,0.4328769795791391,0.4333103749040207,0.4388078643045794,0.42957672609154146,0.4306145239367496,0.4392578422142276,0.4325539623603087,0.4415204642608266,0.44898418642981525,0.4599423254351276,0.4603015207235086,0.4653734653837334,0.46359471669223745,0.45387906895651153,0.44672563899008355,0.45117745460383213,0.4486657449091633,0.44388676470429017,0.4486671519918076,0.452518484312669,0.4499714880628642,0.449758902824542,0.45523085002981645,0.45526235319192665,0.45240009856843294,0.4508417565604663,0.46225396758308734,0.45114350820636334,0.4526125953735274,0.4310887211757171,0.43857588486475896,0.43901502973544587,0.442236759715594,0.45040352923955623,0.4422024928012771,0.45273962826882974,0.44947868947470965,0.44321491936836666,0.4259165849956862,0.4227776435705678,0.42457769750822405,0.42967582418740813,0.4217072293418959,0.4212699063799699,0.42793473027043255,0.4362703291343473,0.4350859022521331
150,-0.0045175159840190595,0.031699404984579786,0.1108370935244666,0.20797475184302777,0.2866769937564846,0.32194100724911867,0.3427678123182759,0.34655952511484495,0.35607157747172996,0.3607142657629154,0.36383643330328275,0.38431244999121794,0.3960411433080728,0.405259374781619,0.4106531018709201,0.41363683790743416,0.41204283598300356,0.4005892513976381,0.40138243956280234,0.40095776212489453,0.40584172686995323,0.4181761566592656,0.42108386020676897,0.42249960188644975,0.4255576509687974,0.42408623664957695,0.4191514123263861,0.4187368039699757,0.4115447850345426,0.41142583087677953,0.41980129171136515,0.41705543025286507,0.4175096792016826,0.41232596936867677,0.40985208597587375,0.3960626944108855,0.41202840062742896,0.42359369578914424,0.42553804259118466,0.4306149897860342,0.4397551539517602,0.4313363588728167,0.42686884841909006,0.4179185365651474,0.4145817444847196,0.41208669963582595,0.41495755961010383,0.4143879824864789,0.4035552269539107,0.3959010086352619,0.40143148570123754,0.4010477540313648,0.41525199460178513,0.40691908438031116,0.3992965533597214,0.400373599565714,0.40439535606239146,0.404126817712673,0.3986468457847409,0.39423345119132125,0.4077911326107672,0.39918063278476723,0.39408634764259787,0.3822755985878385,0.39301539347365927,0.39158602832883005,0.3955120395484808,0.40000096169611843,0.402370873229936,0.38747416303998444,0.386398490326725,0.3770024648448868,0.3884506361906139,0.39578617450443887,0.3956499992849987,0.38921041099265324,0.3886727983957513,0.3988873155623483,0.40672277290823344,0.41905530279562214,0.41246070884854147,0.4125838624367873,0.40416516765490845,0.40131258360571925,0.41012775843998867,0.4081511537037419,0.4079192038075272,0.4012386381793957,0.3923465903133018,0.39631941482785593,0.3861043655458122,0.37652860329741467,0.37756847347822436,0.38079961947333657,0.3716075399128335,0.3658730200588174,0.37532098132516967,0.37407332352758954,0.3750313253342239,0.3756048184475577
151,-0.002327194956814261,0.019227534556330236,0.03115557135578359,0.04693074278143671,0.08254198341905637,0.12330058689839202,0.09647859570087915,0.11462139595079691,0.11153910098735115,0.10734519314480616,0.12076771210678962,0.10810657433535516,0.1116782895111017,0.0973740693919556,0.06278073442281688,0.0561491728826018,0.06024660168240591,0.05345455688664414,0.055813144155445374,0.05794142330345259,0.06202739899848732,0.053175117221475644,0.05011925589123211,0.0442601490760644,0.035320613812561824,0.0487821131906204,0.0504010234018229,0.06257603944473275,0.05827396999779788,0.05421935004151179,0.03212539233178064,0.033824588445508515,0.03180916925461235,0.022141009143192072,0.03071763191958657,0.027092979537183502,0.033494455461149236,0.028830764732458793,0.035916815303495525,0.05010166257516604,0.04966793237755878,0.050721738684416734,0.052373974438853894,0.041417093934716015,0.03960468914538799,0.04955177217097286,0.04897327879197247,0.04707962764820542,0.05986589466154593,0.05325660025434454,0.055330558467546045,0.05337002427758408,0.05993540712514478,0.06145947342155625,0.05132535338015775,0.056201013532194824,0.05332246848914661,0.04365969376506453,0.049531756650056,0.0350936238104151,0.036890438112641255,0.03408070023402124,0.02421880689040959,0.014352149666415594,0.015132201133051111,0.022370181052218507,0.015431339214060298,0.031531848834880846,0.010594765804975665,0.007333842937006161,0.0068459532330431075,0.012080425064464695,0.005640536040877778,0.020761132337752484,0.021125561101759338,0.011489652419501749,0.017412726554897718,0.03625531788727543,0.03229035501870176,0.01182921823898522,0.016592288278997884,0.016928221734112486,0.015619780060208012,0.022581263277607778,0.019353717521015713,0.012626583416071278,0.021035315193941004,0.003772296783037665,-0.005132445709322687,-0.008837741702434931,5.764762017022803E-4,-6.260720279855385E-4,-0.004640792589525792,-0.007163418188637281,-0.017687850117244122,-0.01061669320312828,-0.013584975774555521,-0.01888893562327989,-7.273149417624647E-4,0.0010584291070922659
152,0.006774207060042551,0.07558626972421886,0.11237807512118378,0.19215504482228207,0.2215734983442373,0.239256999139742,0.2678956555221079,0.2963422848179331,0.30382938202356896,0.29190594303128453,0.28867671210318885,0.28067453833416645,0.30117735694305303,0.29616470554322716,0.28717299656817324,0.28471391762018783,0.2854488243372654,0.27764376042646527,0.2722901785318396,0.2704270628713393,0.2693775006266256,0.2604023125984505,0.25191201426480914,0.2504084755894671,0.26185559941259695,0.27446736883284717,0.28076720751406364,0.27318899118694195,0.2694918503817323,0.2568685516047696,0.26280296709615536,0.24842948250598465,0.271994378443207,0.2765098054733969,0.2700289865259272,0.26323936984864543,0.26525611367955493,0.253897726166145,0.2476412926427611,0.23651887080291453,0.24403811075978307,0.2190073200357105,0.23486165647476415,0.23790424658017023,0.2425355169392822,0.2412468887175489,0.2491695592566883,0.25410614666949866,0.2579214543697568,0.25185189980659595,0.24913875861248314,0.24534971121588442,0.2527150872269214,0.2615645048424764,0.25675147090165423,0.2649828928195715,0.24979618181104285,0.26366414222068113,0.2713594479071651,0.2737057306737025,0.272034070455239,0.272864187441365,0.27185798735173605,0.2757782820014536,0.29247036981974667,0.28528420919661474,0.2840424040244478,0.2832523786169185,0.2584563419549187,0.26550794187870896,0.2666160564641218,0.2756299095474382,0.27545229980445807,0.276909681398623,0.2727850021219961,0.2675634377439433,0.2705575218609332,0.26901157270356973,0.2864790224545595,0.27810164760830175,0.2874080311957799,0.28641303654775907,0.29155296707629147,0.2985509421498873,0.3065619562384133,0.29520805041123127,0.29387680081175666,0.3038702098290956,0.2885301496544044,0.270884904582671,0.26974257128956763,0.2596744784149255,0.2715657600694728,0.24637978662301316,0.2420913152569307,0.22700322125820294,0.21942786858538493,0.22280594264720757,0.22444324139881672,0.23845892060285442
153,0.002097681450646863,0.01371125375147459,0.040072511997685654,0.08331584681930405,0.14865445500439556,0.2481411924371988,0.2977414169834324,0.2680963773844383,0.2553444871058984,0.27479552805463836,0.2637415729811401,0.2543370007030271,0.2552672499101252,0.25178849706864864,0.25585494619401483,0.26951619805164845,0.2510180060418732,0.25384354257632685,0.2555537376299308,0.2542036700860507,0.26317618698007506,0.25863305566320344,0.2640253232440457,0.2683544046114004,0.26707314930564,0.2706427062961726,0.272287670281583,0.2625352717484071,0.2514593338406704,0.2628489222020527,0.2597464698213146,0.25129818299888884,0.2507551985915042,0.2564778587194684,0.2729845382979989,0.26397710171933325,0.26374035129955414,0.25456980424845693,0.23959795862213262,0.22025585081221408,0.2069846426140816,0.19422642746036117,0.2007493217902749,0.18898468067416868,0.18783520890983987,0.1910487263985581,0.21083852096133668,0.20127523745120574,0.20950993500534146,0.21156992143627174,0.19446279831882257,0.21923417748750126,0.21641593269117687,0.20683833450996797,0.20477470337264456,0.2106440907925311,0.21561850665293011,0.2297693805428941,0.2236901751494747,0.21898135791281562,0.22298487748105417,0.23083860823951355,0.2322392163889806,0.22771771883990014,0.23546423098284935,0.24511874128900535,0.24663623458219053,0.24246935359339664,0.2365570294909127,0.2220402302125172,0.21655992722910156,0.21696778609355047,0.2146634690034004,0.20899868648496156,0.20486548656245493,0.2095622650005187,0.1974425277680825,0.194110196674451,0.1951897070428856,0.19810639440502706,0.20007792786821155,0.20373826872359938,0.19155215829068162,0.19283843003991769,0.20040883292272926,0.20204140761070424,0.20154991857697246,0.18902279466162308,0.19276603063909295,0.18497599723023211,0.20665499995944725,0.21000196717126163,0.21557134409087197,0.22116475577709774,0.2209776291878521,0.22096327589083664,0.21399032871888565,0.2101297976510198,0.2108226765113702,0.21150192410870045
154,-0.0067567652020638,-0.008198427659759647,0.013704772644007537,0.05206466805972996,0.06728511545496586,0.1190042318755434,0.14743418413671697,0.1564291473094841,0.15172554456616633,0.14700416165395264,0.15104932022241102,0.16913588196397,0.1732571857933461,0.16934472052261143,0.1690860909078448,0.14921753608851104,0.1490651968288655,0.13041399022214034,0.1323522338330917,0.13129177896725414,0.1419695989871199,0.14639053608863065,0.1629355565440321,0.1709136462909079,0.17610992604306966,0.17265104250189447,0.1801400464414748,0.18128350269227386,0.1767980327797064,0.19956117077690166,0.19126264821474137,0.18571843940690716,0.1854264676073588,0.1896452374730875,0.16896465481290104,0.1613094924214681,0.17584860840511773,0.18244294361149632,0.17739328076088723,0.16320087899775845,0.15400838869070202,0.14943834106372555,0.12719522554182033,0.13953643114013536,0.1453512890491224,0.15678750223127605,0.15742636580908922,0.1452552749463262,0.1263654011416439,0.1345094982918308,0.1309853116246594,0.16072798627177742,0.16288384162601616,0.16080990129059278,0.1597362167706258,0.16711113471417768,0.15844119146573823,0.15424481687059957,0.15836732914888427,0.16486420539737204,0.18577163930820828,0.1919392091716957,0.18317215290423206,0.18240517890102448,0.18203371775343066,0.18744001980611674,0.1796635605656694,0.17845544245327394,0.17701042713245282,0.18453355929812448,0.1861931508133699,0.1799238404443847,0.17807523035442385,0.17706563357666852,0.17849060228795424,0.18889924776689201,0.21268886006056367,0.21271442741120647,0.21093649897373967,0.20947440892323235,0.21917541230858414,0.2069924203885935,0.20089476595758846,0.20340818605924882,0.2051924127726917,0.20959315759331532,0.2046853543320244,0.20311688702427694,0.2018166069802592,0.20157873099556234,0.2031833681443719,0.1971414679908539,0.1800557168889946,0.17929224598156876,0.19188823181334805,0.20610032363728992,0.21321848015440234,0.2138726879596412,0.2132996130278656,0.22047061306084395
155,-0.002258556053689514,0.011474745777419793,0.03975751339343885,0.07897707439633873,0.12896898735402845,0.18656618635596978,0.1984675429227865,0.21771251665115635,0.23232798605470106,0.21946802229906176,0.22007444951788394,0.2363969204741955,0.2227590563249047,0.24289629357602077,0.2579822781137432,0.25009225807483776,0.2502932017836404,0.24365534636776473,0.24104155614279926,0.2543731170006639,0.2556902300829136,0.24876598108617987,0.26132042037969133,0.2509549377003169,0.26740694754973626,0.2511555652676708,0.26532791527448596,0.26952799107298075,0.25475655313370604,0.2636258298655123,0.26709457112318247,0.272262943325295,0.27419183386203066,0.28997905481637715,0.29798985735396816,0.28539063427555456,0.2793447775825904,0.28032742502255453,0.27575750825346385,0.27685716261964205,0.27242705221131286,0.2707906766646459,0.26664658367362726,0.26339200603516244,0.25023513459516594,0.25643691876864483,0.25999700863977043,0.2502675899618051,0.23723637741411685,0.24573425355565728,0.25037817402914464,0.25538517898502494,0.2570972841855792,0.2500940322061778,0.2657742684891694,0.26255864369360815,0.2560092782552125,0.2747864333106021,0.2800072314176325,0.2921616155885394,0.2817245960694006,0.2817028979603,0.27622400022037985,0.28849100282323176,0.28708910016398054,0.2680175820671883,0.25559614376360795,0.25590995912471753,0.2575672436280838,0.24864596165871983,0.2375319926008227,0.23089153402493318,0.23017348181043065,0.23326418570059002,0.24079901630985642,0.23906088243950002,0.21815905274612174,0.2069359856288463,0.2085780877391256,0.20538099057145526,0.2007028598497919,0.21210382864862637,0.2194603035302095,0.22075626668808276,0.22070153553281027,0.22004277767608924,0.22882593986987795,0.2263050176960543,0.23053220157850862,0.22938629036667774,0.24482491485800417,0.2585065377642204,0.2579762506834404,0.2576297895248902,0.25260558685572204,0.2557708431461901,0.24153712566394353,0.24788373995035318,0.24804510879152034,0.24262847123440054
156,-0.010698728141945313,0.014527577293900872,0.042577120012332645,0.0730662305080155,0.12085673452424282,0.17217392763335548,0.19214792198138914,0.21259346968580206,0.22594129294486023,0.23656107330577686,0.24134172774451032,0.24113334756741975,0.23003508044374693,0.21531288236457033,0.22852893418271555,0.22572775700067993,0.21441840726192038,0.2065177660285415,0.21318992650513655,0.20113874850315713,0.19230763094941694,0.20150527944668334,0.20602747414044587,0.2250018697622817,0.23658879648712577,0.24579901141325633,0.24438248187122838,0.22833900873056973,0.22995186934335987,0.23423891055174959,0.24069422872222773,0.22754051042770268,0.21711357833581585,0.2163883560485731,0.22829164467673332,0.23987482932453424,0.24666407128784584,0.24531818473971054,0.24103652450069032,0.23672873725272403,0.2276685583035115,0.22878861867839514,0.23072811808914698,0.22925248629122363,0.24052377057802712,0.23274469557251987,0.22716203951558803,0.22809646387480534,0.22591220132040724,0.23424776253638308,0.24286187106397936,0.25127864548799095,0.27006099371751363,0.2757899662598479,0.2803862706306961,0.26917964000503075,0.25902284788971813,0.2601550559455875,0.25825396680055784,0.2585013042443071,0.265055743132034,0.25857765427614937,0.26157474564858635,0.2808134969204959,0.28123443946073773,0.2897353759539819,0.2796126918178916,0.2800482063732898,0.28154364135522303,0.2832897694169064,0.28040367127141586,0.2788143709027848,0.271088614133858,0.265441322832809,0.26780675179539587,0.25854577742328255,0.2509270597964196,0.2405555772212486,0.2570591665151816,0.24921912404723925,0.24336738367640864,0.2439890713500871,0.25814204409436275,0.26113551003378477,0.26233422286003116,0.25458126953275856,0.25443663316316056,0.2442571943289079,0.25048772574691025,0.2623592199414782,0.2639470954340204,0.26704283890205965,0.27035250027975255,0.2681827320835952,0.2749782040280138,0.26965919348735484,0.2664937921633231,0.2656058246970876,0.2670479651690643,0.2720245869906757
157,-0.005611467705095006,-0.005712232054657843,-0.0030354802643172045,-0.0038831604946204267,-0.0012179693743255412,0.0010225102108569202,7.164053689588488E-4,-6.615120874044006E-5,-1.8776914693807378E-4,-0.0017315568543542037,-0.002764185822292815,-0.0035384281669876127,-0.0019580065593631578,-0.0018556212765555075,-0.0015607909896489835,-0.0015607909896489835,-0.0015131483394906675,-0.0015096387756595698,-5.526803423349862E-4,9.436288008422697E-5,0.0,0.0,0.0,0.0,0.0,0.0,0.0,0.0,0.0,0.0,0.0,0.0,0.0,0.0,0.0,0.0,0.0,0.0,0.0,0.0,0.0,0.0,0.0,0.0,0.0,0.0,0.0,0.0,0.0,0.0,0.0,0.0,0.0,0.0,0.0,0.0,0.0,0.0,0.0,0.0,0.0,0.0,0.0,0.0,0.0,0.0,0.0,0.0,0.0,0.0,0.0,0.0,0.0,0.0,0.0,0.0,0.0,0.0,0.0,0.0,0.0,0.0,0.0,0.0,0.0,0.0,0.0,0.0,0.0,0.0,0.0,0.0,0.0,0.0,0.0,0.0,0.0,0.0,0.0,0.0
158,-0.0038438125599691538,0.029354462661103576,0.04339338370986771,0.07303889027219743,0.10279105755784734,0.1551999628448972,0.1992763800123352,0.21570916045708008,0.22671997405934724,0.25350760869590283,0.2499591559067937,0.2737238359724078,0.2719759126437146,0.25820946802520095,0.2633662338529671,0.28266656836830323,0.30569657718254395,0.31497195940762446,0.3127720018853514,0.3212862046152706,0.31460936448736954,0.3301076843825254,0.3280754580283915,0.3300125827685504,0.322048924966646,0.3249323786305103,0.3334444929276739,0.34529287874991793,0.3616219890980753,0.3513462773460159,0.36511077916906365,0.37278651494085885,0.37146518686049235,0.36355712221769015,0.35651184298284017,0.36253549596088547,0.3616312753944724,0.3556994109951968,0.3586882586335864,0.35839275359637446,0.36580344827901023,0.36699000676329013,0.35813504449693506,0.3525742396803212,0.3527070725589468,0.3681736020490398,0.3572023927017082,0.34717005132481815,0.34022540845775134,0.340600218458452,0.3425934110144126,0.3411142834395301,0.34812071047682186,0.35736746517004603,0.35546383006392424,0.3591005340208214,0.359609249734958,0.36200962889386673,0.3641337568068084,0.36370898677574665,0.36081932476264017,0.36459484260119074,0.36831162099866993,0.37407267281221374,0.3872648102291112,0.3721449524736261,0.3688844515126048,0.35647510765909696,0.35381953680568223,0.3557333765691342,0.35046254095840745,0.34704066630369224,0.35812195748266945,0.35325131415652755,0.3491560505767818,0.3561713543760306,0.3646234656742589,0.3709007681377212,0.37510718182235203,0.38447794302167,0.38160768461149286,0.38076801269093535,0.386624945583711,0.377404433329626,0.374174557507961,0.38008210932639536,0.37694353012280624,0.3804706534522942,0.3775915079629508,0.37535938955187903,0.3885863010242939,0.3789292232142342,0.3746275365483237,0.37034492419562937,0.37179393565115154,0.38534904265698655,0.4008652926440006,0.39498213487478473,0.4063058163348988,0.4157681185100033
159,0.0010440617060935484,0.03797234084879142,0.08388479399863931,0.11548203132405564,0.18545809255008908,0.20417466252523275,0.23239495891490056,0.22877176475709887,0.23632186410575048,0.2365715505838488,0.2296121731394229,0.24616361859386912,0.24760907091690554,0.2693125924912797,0.25789014051981535,0.26621427490394894,0.27253104774584674,0.2747477599236574,0.2682724564156372,0.2651768609223197,0.23966533378824148,0.23789667621989455,0.21660521111391048,0.21113691975899268,0.22163626093516572,0.2431955014128558,0.24798666704543565,0.24816864244172682,0.24881001073656928,0.2354649652279218,0.25051582592071125,0.2678446607478484,0.2702842470427888,0.2684384139257998,0.2679252415541688,0.2739633438865748,0.2714333852965952,0.2711057534201487,0.2585225710403194,0.2548294711109452,0.25228625466162125,0.25186977137832217,0.25846014030644027,0.2685977858322381,0.269364748416953,0.27361367679358284,0.2711813610715205,0.26603045876988923,0.2571708114414992,0.243786472698581,0.2378201918714273,0.2287288506168383,0.22659032932456963,0.2185776646304659,0.22508576933288585,0.2183091452325807,0.2209664841030297,0.22998016395259377,0.23833864499029192,0.23763619016686158,0.2162289426483767,0.21905226509348727,0.22107611572206334,0.2327761922461821,0.23129786389795495,0.24286450271601473,0.24718708492807168,0.2483814914578883,0.23776991147999188,0.23217022098971832,0.23173230345688228,0.22312401736827617,0.24151931758342543,0.2274735987910673,0.23619031087653333,0.23521785656834227,0.2354430858810932,0.22697705154250103,0.235511763632825,0.2201797471681751,0.21668903989479685,0.22132963261948194,0.2340587274778415,0.22966255579296327,0.2411338667809666,0.22899661741713792,0.23906927553868396,0.23728087454076038,0.24526422814832258,0.24268031121310854,0.2534895500960477,0.26687422921329884,0.255376675212111,0.23736789776494394,0.24463974007320818,0.25236765703260244,0.2591048376831214,0.2518645585689309,0.24997324630077622,0.23908907426719725
160,-0.0012432857597652308,0.03396381618657863,0.042907378869165055,0.015774721198414502,0.01706174820048864,0.01036643794803419,0.004658483050900419,-0.02683464146744626,-0.05144032768915654,-0.05202001377044377,-0.07147930148636554,-0.07311791181408171,-0.10181953874994935,-0.09744138371558371,-0.10587471567456318,-0.08591066341213736,-0.07447843974128004,-0.07475665839986158,-0.07215872199945295,-0.07724562002549726,-0.07170074647688648,-0.0780680195214255,-0.08973268682334541,-0.07231461225218518,-0.04983502269011363,-0.047556517358733126,-0.03695952290640423,-0.04341131956325651,-0.016978598618179252,-0.012107886383312796,-0.022337284774477446,-0.016674512446289223,-0.023942307600732914,-0.05109676116754365,-0.055251399401334986,-0.04696879325380908,-0.04487388618953173,-0.039327054410636525,-0.021036695084306146,-0.007197930417508745,-0.002288707068788065,-0.0037866787765394715,-0.007925662312954272,0.009058640347135063,-9.098034800590363E-4,-0.004864870560825914,-0.008224367174211107,-0.010959014643159433,-0.02233760186828363,-0.019749385730327453,-0.023791920652415432,-0.01626838533822724,-0.01107099551895423,-0.002927264278362257,-0.011347611130611304,-0.009810756575405408,-0.0020223886089619438,-0.005792900737728487,0.004523332527262051,0.018203239023362447,0.015234242131314156,0.01358708273727105,0.013233986172847611,0.019771405883719135,0.01598793786324229,0.0020405521827742117,-5.8796563272526E-4,0.009933156488188565,0.0021956615707830534,0.013708796034489594,-0.0030440774457482383,-0.021806046770870523,-0.011062016681214402,-0.012054589390904157,-0.015971059869437514,-0.0035764713241482633,0.0017455778075763976,-6.054362332605287E-4,0.015213172717200489,0.03813055211965217,0.03665501238280719,0.04183603324882283,0.053882096983621224,0.05454695575200742,0.04904384211151901,0.052777598542924214,0.06473710275261131,0.055040545488016714,0.055245539427264685,0.04566084827689277,0.048260812221180976,0.04241399995889562,0.03443792915387332,0.028685771496975158,0.02741726520941027,0.037047603006432644,0.030961866689455095,0.0301730601829358,0.039180937547381875,0.033459675104924286
161,0.0012907173102752701,0.013581660846150048,0.04362455717322946,0.07752409433098965,0.10681667880075338,0.14796279160370734,0.1827978452214575,0.19872977727869437,0.20639948665200758,0.20597303142542236,0.22100208068121707,0.25089778120596745,0.2532893150969962,0.2533451006813043,0.25317401653241417,0.2629773924620472,0.25808719473967845,0.26625938196688614,0.272508489327186,0.2844916262990604,0.27039061002780085,0.2596932780840301,0.2611277776766264,0.2438866436704152,0.2540397839415103,0.24964405671834766,0.2549584639413722,0.27465301456131114,0.26354452043969817,0.25943317886103673,0.2630145113923767,0.2660960019488629,0.27641396754795894,0.2771575673172,0.2693395221592478,0.254647020288024,0.25017738511435444,0.22751293591324903,0.2504380800557696,0.26288108390524595,0.2603229717972835,0.28715195920227243,0.2628424100539926,0.26605034106214026,0.27611134419849453,0.2581592942348093,0.2669027802035795,0.2761572353825104,0.27821748295893367,0.2797791143521648,0.2874112358357405,0.2784303625307309,0.27541591403257326,0.2682152131602509,0.28289699334747664,0.28048540354843254,0.27200358577633255,0.2576422671001666,0.26142986596513224,0.2631368849905046,0.258707009697022,0.2623341161600481,0.27005761158082536,0.2690077014249065,0.26577248301508777,0.2636501929362385,0.26460800504113935,0.25651455723263017,0.26589068507484614,0.25653480256398614,0.26014078046637706,0.24584173661514433,0.2516307304668557,0.24870471257863339,0.2443067422158075,0.2521561182051548,0.25785803595391293,0.24886908774178765,0.23787312991149348,0.23117884412450274,0.21715953405430752,0.2151405807951376,0.2218673738340221,0.2300508228757376,0.23288495224893288,0.2396596418610969,0.23668092090960258,0.2310235038774305,0.21404178020821837,0.22709531718662787,0.22191345712450855,0.2369264926533032,0.24957202076873114,0.2539908977485281,0.24993218196829262,0.2519351678942429,0.2572135965610956,0.2679266902059804,0.26450477040681,0.2619784892867816
162,0.008972484532431595,0.027783027647960215,0.05478214101758168,0.08106351783290507,0.12342986741461971,0.1570719310937833,0.16962275964883522,0.16229793852694216,0.1711848760627676,0.18581327706012338,0.17230175112658647,0.16883034498467925,0.17945707543110723,0.1783197793278779,0.17710379289962527,0.1831761977694405,0.20547296988720543,0.2125814542904109,0.21531587259798882,0.21845130573528906,0.22515846675094708,0.2309962455149823,0.24117697649341885,0.24946938546929828,0.2619971866258274,0.2765447710489515,0.26651747288222194,0.25782520555850147,0.26981637412653364,0.27655019352034127,0.2800432651433076,0.27575624947316973,0.27457448129015927,0.27973942461801876,0.279816996207345,0.28231831216668374,0.28579073761789525,0.2830794490219932,0.2913768348451441,0.30570838099573655,0.2916956230194304,0.28702841293591386,0.28241730041040936,0.29209515683816495,0.2932340438332983,0.29386635956599894,0.30498802591819113,0.2939420745847291,0.3060211890045099,0.31179626434277713,0.3150855869229927,0.3144777539276811,0.31592501446986704,0.31810650485515124,0.3160213530680427,0.30409445861435125,0.2973686035785494,0.303655124586588,0.30141198985375084,0.2895291312290355,0.2840703177106432,0.28283360153057513,0.28899251585697266,0.2925732419455394,0.3085905256148078,0.3009049191625913,0.30157266199184063,0.2989171607320871,0.29864641044806495,0.29702677398522004,0.3099972451841244,0.3057408831695906,0.29693287285976777,0.2986137374528333,0.30131882863976994,0.30210855896402045,0.2991936556772012,0.30296450683515824,0.309210108193788,0.30155373925332773,0.3163289830324622,0.30818932337305915,0.3184117097013359,0.30471058876796,0.3121083516322783,0.3127887417192087,0.2946128760859731,0.30224591790014477,0.30741528110131894,0.30920984908863186,0.311613304753116,0.29123195936769286,0.2939339087973006,0.28307798274990165,0.27854409771787747,0.2855973415250345,0.2782486450994543,0.28381851569932276,0.2755985066380835,0.26706638497851853
163,-0.00590248503858005,0.013514968805856249,0.020549843491158626,0.04344219278980566,0.042917211309581066,0.09899066155769924,0.1439131488132576,0.18400629481078876,0.19144247741735834,0.2048246358082466,0.2188599470842859,0.20389457940243283,0.18823666289634886,0.18910634332521944,0.1838530803613565,0.16653450779961917,0.17746588772671218,0.18064102856256428,0.16488327834153535,0.17764479723569726,0.17993686895261465,0.18711429541251845,0.1887776528664458,0.18955481277995695,0.20013056276256436,0.20519654528795708,0.2111140984594453,0.22305136425843666,0.24499932611566277,0.2274340562553872,0.2279492831022692,0.20971876727376235,0.2034438195682617,0.20161059048754457,0.20591904895095264,0.18992046907162585,0.18442409105397053,0.17932873821546624,0.16893245641084942,0.15857655972271362,0.14598749767700891,0.14218092703678742,0.1405884179058162,0.1281983976719069,0.13508772966042595,0.12954762852788615,0.11480494774432438,0.11225635753811312,0.10868504877513618,0.10892608363769937,0.1295911703908238,0.11698547859406272,0.11141740982040846,0.12195557081135633,0.12123544614308703,0.12586860856311333,0.1285821172257166,0.11891791705175007,0.13680662024797643,0.13608761653083012,0.12641589508365236,0.11943655389150239,0.1264837250400383,0.1408282800265753,0.15325881356587093,0.14417160006252674,0.14118663085709077,0.1405577751994734,0.14265207859982168,0.14707759087634453,0.14198934246377692,0.142645224894945,0.1482793992871523,0.14412723302596459,0.13366007687275827,0.12330306400414372,0.1339893578306381,0.12016732819276456,0.10244022926173146,0.11604147720692674,0.11295499329176803,0.11154546100659019,0.10869806367343643,0.12127076413483336,0.12570569839374365,0.13408164414106866,0.13854902898015353,0.1431084315980445,0.15417414177862,0.15284371431963198,0.16623468558998095,0.16441756106972819,0.16362679656524193,0.1537019836654891,0.14812119793060682,0.1612031448787436,0.16247431853637978,0.15433839163894914,0.15174783576587567,0.163117245202414
164,0.0011406530381867684,0.06873633073032585,0.07303561932192221,0.10922214021903259,0.11573595944559316,0.12678238991400792,0.1196603760997794,0.1243694703655522,0.10818158149578308,0.09543818663728539,0.07149981018194686,0.0657755747234668,0.05767758007622328,0.05103391735833852,0.03866538598107355,0.03125407459340659,0.037936351245553696,0.024670415462187244,0.01135717731573457,0.0046926565837046505,0.01399742945454181,0.005099002132631589,0.005906805164151236,0.014391439810410977,0.013463622265878194,-0.013538112657034458,-0.008538308506014598,-0.018672943733956514,1.7011248143997322E-4,-0.013208871312184511,-0.011665703258913947,-0.014757320492386842,-0.0028715569657675136,-0.01357540365469318,-0.012231619424793054,-0.008867980373331032,-0.002199634378067086,2.038435810860717E-4,0.0021029439253285333,-0.01370617103182599,-0.014601228278392562,-0.011482611905815596,-0.011747342434916801,-0.011742382061116228,-0.016212797062133168,-0.02279950927634938,-0.0340902709544415,-0.031873639708865115,-0.02507085313522968,-0.01766829713622663,-0.01876052735579258,-0.011599175259921142,-0.005936366278178017,-0.008897074936209864,0.0019297948484409617,-0.005043265469431314,-0.012443976435831674,-0.0060672378740929235,-0.00989733785674523,-0.012086821267777104,-0.009352804077919913,-0.012107240305849549,-0.01882693062038534,-0.02405939640419255,-0.035431390306160014,-0.04436251273136015,-0.0501873194835518,-0.04190998307864348,-0.036542963899441075,-0.03451611160282766,-0.041115512134468,-0.03744630046969093,-0.021579307800080754,-0.021070926135389342,-0.011383160014403199,-0.0010505057642879656,-0.004865419694699493,-0.006861428421999486,0.01333469291689286,0.0136241072825011,0.021491178274279755,0.00995894815786455,0.009342526313805126,-0.0026735582758837533,-0.017256868235672285,-0.02911941811549875,-0.003764646286555841,-0.016522964833865308,-0.03600061088960168,-0.038960338426663466,-0.04357314237006241,-0.04465405739837266,-0.04481838862766995,-0.04306483203243165,-0.04515915112473556,-0.047993587982809144,-0.06145569412391935,-0.05801503719027333,-0.0620706562936113,-0.06968719097440873
165,-0.0056788312483163576,0.0499739819918084,0.1345574239833134,0.22154997450211192,0.2771425379686007,0.2866095355318612,0.2903996310567065,0.2909708912976927,0.3025763230108076,0.3095590667155742,0.3220924106485173,0.33328022164142174,0.3300186705240995,0.30670849955239626,0.3052585078924879,0.31456494008066965,0.31104477135862074,0.3182145890567157,0.308335849813656,0.3158944040930218,0.3129279564367685,0.3278666608912472,0.3336094340887634,0.3434030505858626,0.33953597189320683,0.3352629518143595,0.313935459991494,0.3072070812774794,0.32187260709414317,0.31585069113421715,0.31099963274970366,0.3042228366821675,0.3179913616370866,0.3186611101698213,0.31632985709339556,0.32320026948022557,0.32790040652493313,0.3247135540986872,0.3166355989665571,0.3160830736375667,0.33144428128283715,0.34522955027387164,0.33869619887360225,0.33833124213617105,0.3426334348234193,0.34622410749297833,0.35872119139790404,0.3569558879013636,0.3460545301759163,0.34620859663011727,0.35874449423533217,0.3423489598904505,0.3286025365045845,0.3241551461133724,0.3213201791543156,0.323100146326188,0.3257511364200004,0.33169126488218337,0.33419338627792716,0.3397830406842159,0.3325068318556879,0.3193048598708224,0.3096869261423857,0.30462841329423607,0.299074279996659,0.30473809658734063,0.3002015103106451,0.3134346692429151,0.31094216622343934,0.300489477944424,0.29393342008083506,0.29815828255086235,0.29425360620222685,0.2989002864893133,0.2910159932738188,0.28412592237625267,0.2869953491791768,0.27975558091086156,0.2952734660117046,0.29657642225264425,0.28867679452738115,0.28446321351513176,0.294538638880877,0.30863209450825796,0.3003203303292223,0.28611452142245125,0.2846236387530272,0.2921237183388656,0.29865529616843367,0.29132460065106985,0.2861841685182525,0.28379343396909995,0.27736444113322684,0.27315168929221373,0.2660230663678396,0.26377417247387525,0.26523300629723745,0.27322985260345145,0.2784581303793634,0.2798140273816951
166,0.006041582018981306,0.06141102452296545,0.11861705461487837,0.18712182902624266,0.1892894659772702,0.1723799127212092,0.14712727830998426,0.13619603257241,0.12168791884456313,0.11990698856394323,0.12571919993855218,0.12583780004195316,0.11003575629775193,0.11351387830705993,0.10311073444508785,0.10507263679792495,0.09024284566322013,0.10698299052715336,0.10231510521868196,0.11838440921358534,0.10838858294587,0.1086647523404472,0.1230596997408165,0.11116199405619456,0.0972243990178945,0.0942628221660649,0.10869724256332985,0.09774421586991937,0.0860541501519383,0.08573339451020882,0.08482933216490458,0.09392347942646426,0.09281996656649588,0.09220947895924685,0.07539359354639821,0.06645833530581405,0.07249712035411374,0.06640196668329378,0.06459311597446006,0.04767190916914966,0.040000750266290075,0.032672020987344494,0.02522335643927195,0.029724146583657848,0.027751966483042168,0.04824933241819886,0.0628913327202534,0.06929435713082881,0.05293669938329906,0.05578022469836385,0.06110112155678747,0.047687692979420264,0.04997887579047213,0.051473370402088756,0.04153685824434085,0.03816590064508083,0.04092388453031725,0.05982809454211638,0.04687318724406143,0.048100448188110254,0.06722831429808401,0.0678583675353836,0.0464547390924685,0.05701367169582443,0.04518376369415667,0.05287938905024732,0.05844317375829412,0.05765660550387816,0.054574326905961396,0.05301780188769288,0.048929902175268075,0.051208081182976456,0.05515294715059275,0.0647770534580241,0.06711650969486414,0.06726924458668314,0.05988619679943534,0.061598124970466996,0.08477137094621527,0.0896440921497514,0.08135169766417899,0.08132244843030743,0.07299054112426377,0.07512480080392972,0.07391055443042925,0.08394061807140508,0.0874222793196028,0.08234253743477975,0.07006166734405195,0.07013057513997366,0.07490723399837915,0.0780643408260811,0.0680623401362626,0.056199114285893935,0.06417983497412492,0.06395630109276057,0.07099135193358394,0.05299484084364975,0.05863589264493352,0.055900532513764006
167,-0.002984219195471478,0.017985400022884315,0.03546388636202336,0.06239145909152131,0.11063651791781438,0.15897826235875973,0.16637993503023746,0.1938750059211172,0.17263248770340858,0.15581637836891835,0.15070138320142135,0.15033651603291445,0.1654422182345333,0.17471867114759226,0.15691936933467604,0.1491634430883611,0.1590021792420166,0.17210224431380552,0.1638977406224927,0.1521952820037881,0.15860755165589283,0.17390835174721378,0.17614753146519455,0.17398040626772918,0.16820898471194667,0.18757347979822458,0.18690100864600676,0.18574103850087875,0.1796360221620571,0.2100011246211214,0.20829839400553055,0.22161870671904466,0.21788487215277313,0.19965240945591195,0.19926023005596907,0.21189034252570416,0.22126626689180168,0.20543989581331043,0.17913908791558086,0.19288975706544906,0.1783912825664349,0.1864533128668956,0.2096805072979382,0.21985739007295713,0.21183390777943473,0.21669157994077076,0.18043498911562528,0.17102153250614335,0.16711910436517446,0.17516343677482793,0.17761644077838878,0.17925154462667642,0.19494187149398212,0.1907863234480174,0.18497588268231202,0.19051832149071984,0.17526918817101517,0.17127943547753902,0.16922537952064157,0.1630913043430893,0.16493507437762453,0.1771939554239428,0.18077031415671146,0.1797679006558128,0.18556133761207674,0.19115488495329966,0.20087587265111853,0.19212974123368642,0.18371742012286357,0.17558670048869973,0.17930840310801088,0.17953630736204548,0.18621956728400232,0.19441852111911054,0.1920894400454344,0.17386522497269083,0.1751904483245054,0.19251921661737,0.19776186289626074,0.1882483669218061,0.20403169658289136,0.2025449215079653,0.19781560164436207,0.2019006838528677,0.19845834401638093,0.20307301622577703,0.19365293137646497,0.19853584443531397,0.1955074096090519,0.18822604533294118,0.182629169945325,0.18562524580048287,0.16287598638779494,0.15290466818890835,0.1484976149038751,0.13448664207746994,0.13644796947657276,0.1482431706838608,0.1560496769585953,0.15040595059139006
168,0.01837795678953604,0.12529009329007385,0.21269313824008246,0.2604091516627451,0.29656319539885345,0.31250224695894063,0.3353618807203747,0.33791543073079194,0.33326245928540543,0.33167609146785115,0.33417509204643586,0.3443096922678924,0.3451065025740043,0.35038208404869664,0.3413673017534202,0.3564929293516195,0.3597116329476095,0.3601695834235264,0.3623294585976049,0.36101186624474196,0.36496442792355466,0.3453784456672872,0.33965450875904196,0.3311471124355011,0.32615260401026497,0.33374315536893273,0.3209381991842369,0.3203226316235356,0.3308874654474316,0.32225402700966854,0.32862540110647276,0.31965293383638116,0.3187279142353421,0.3124026394806708,0.326633018384579,0.33114572207659904,0.3304479532209125,0.3265189504452685,0.3249124676072321,0.3260904590342502,0.32467433170312304,0.321836361060042,0.3239513860342803,0.3285988614767167,0.3281794648961373,0.33002780432194256,0.34072609586088304,0.3370346123690266,0.34930563192703473,0.35451497559904893,0.3560407459748251,0.35263384319116037,0.3467677380395451,0.35930478893754236,0.3604915274650827,0.3617753417298214,0.3587200621724233,0.3588578558394465,0.3620913803342447,0.35704016008712824,0.3608865566857666,0.35699568171006163,0.35796206839671746,0.36538146975457075,0.34970442323712775,0.3456305213660423,0.34185897893626466,0.33443040130760077,0.3471044390777276,0.35105999799054866,0.35573403455180597,0.34739618817950685,0.3494809890265016,0.3414736286598521,0.3513864186127085,0.35449363298561565,0.35878204945997294,0.3585739473371001,0.3635311893545192,0.36329109194358417,0.3778742675692714,0.37630277127740847,0.3812484206280528,0.3988284244372403,0.39486716042019354,0.3886181977591639,0.39042208694884784,0.38822679906554397,0.376806000561532,0.37327107759390143,0.3754902355839014,0.377306616039229,0.3722510065135923,0.37900949397455574,0.3827953701109642,0.38362740824448915,0.3881321697497952,0.37816268379510637,0.3677542885777061,0.36715566240525044
169,-0.011260932880882247,0.04581213563856767,0.12523086254073046,0.20595135348993432,0.2480896314800109,0.2569928525067128,0.27955647892927515,0.2595344792251019,0.25345000735845624,0.24994849592134494,0.24292674730663033,0.21810748773170366,0.21487572128919394,0.21819815280120858,0.20336869351363215,0.20266710016608352,0.19923452305933853,0.21112331525283998,0.23168041304210898,0.23636202126308928,0.24830621861415775,0.25539280305923107,0.26008224436140787,0.26022394411628136,0.2589189503837285,0.23767077845240203,0.23697574494795767,0.23012142381023828,0.24696258501879714,0.23753504023285563,0.26291043932998953,0.2355236511296389,0.2580846892356167,0.24032373833892873,0.2322692915593518,0.22489306239570594,0.22581649358961312,0.23020893614801466,0.2343371764683799,0.23220386047022845,0.23518410263634767,0.23869193761548996,0.2350415310246358,0.23238038678358447,0.22611925786063075,0.22416464544706913,0.2160900441660271,0.21516901445653233,0.19776177709228596,0.1918737483797485,0.1921541731115835,0.20190275256332185,0.19249144833914753,0.19354637748369063,0.17939127290633866,0.18004078721506395,0.18365910037028826,0.19850372557506138,0.20510227655213759,0.22107329044202015,0.2160263882180968,0.22570834974865764,0.22078799109681452,0.22395460170272152,0.2252268843746967,0.22386300793852207,0.21971540811356058,0.22623806931858415,0.2234118976807345,0.22394748368216905,0.21975360930452348,0.2165158246861469,0.22386149605514827,0.21562024857093473,0.20516595421520445,0.19851037235646918,0.19480946895869494,0.1777676516964995,0.19464500485612884,0.19485410487088614,0.1942215131585626,0.19119206732831884,0.19909716890425092,0.19657475274443023,0.20695234801635326,0.20402711901769618,0.20444308742656367,0.19806565320158265,0.212022237491111,0.21424232821756775,0.21488095113111824,0.21969573383317154,0.2154446142939583,0.2059194324075754,0.20489656768965583,0.20934158067446937,0.22658277527350695,0.2241549760480656,0.22002704435007803,0.21340990426475087
170,-0.006803541283666058,-0.0020411155121989365,0.028656642081001646,0.0539767718916371,0.09972145586490877,0.18106750456446355,0.19256969323754028,0.18947064324287474,0.19268320612649095,0.1792064527215807,0.17061539735977807,0.1783376150066234,0.18140039967466606,0.1625918346302799,0.165894415986206,0.16099640268923882,0.18203861659462536,0.17215324268060864,0.16118614800508954,0.168203470568978,0.1781711604227477,0.17506475195136922,0.17928977149381622,0.18350798329747195,0.19297917948409618,0.18601285106393317,0.19270461782030895,0.19245463960797984,0.2044243695004624,0.20050806609053295,0.19088153055173038,0.19877592582225145,0.19227623395457308,0.18205970487599532,0.19300643083151253,0.18888262917840062,0.17925176351320846,0.1970154430959587,0.2286303146375535,0.23152180633598948,0.23518073946438225,0.24405566654518956,0.23790422356189975,0.2315456853146047,0.23118395237116401,0.22804424974103402,0.22922708848525533,0.2468069828636824,0.23233883017874962,0.23244527225830644,0.2297495958976366,0.24494164152802875,0.2392782629887488,0.254768909888666,0.25928243698128794,0.24705679657006324,0.2560874822795572,0.22949050970676788,0.22151788891717397,0.22856632219347997,0.2231321513441667,0.21372360713372743,0.2078230866911686,0.2037333603487058,0.20976208224477622,0.21340290600620798,0.21074068630407206,0.22760750387312986,0.23059411129362206,0.23310595217605093,0.2375572927488783,0.23232980269676345,0.23221299305888757,0.23795896419215348,0.23910439968142075,0.23802282423815727,0.24702785596880886,0.2501964832971631,0.24274219580078882,0.24103878011786853,0.23814870461929194,0.23410139732506108,0.23621364514884938,0.2250811593211451,0.22637523364506384,0.22648265452027172,0.22865104279483156,0.2294828136966348,0.23117744311264554,0.22719824278874795,0.23100237901232595,0.23191112638856207,0.2175120032802822,0.216135060948484,0.21171948534243076,0.21528423785750486,0.2061003574433677,0.22026874586563372,0.2277260007091301,0.2221300364159799
171,-4.4340834380855753E-4,0.03614803249219964,0.10249547527197049,0.1551632062135239,0.13571441811471036,0.11960033354321442,0.11527791009122236,0.09677322090902743,0.07249749919809678,0.07474180905051975,0.07108152819970495,0.050652402401305634,0.04422448375268851,0.05526627425344869,0.04796638162169887,0.039393097710220176,0.029430965757914675,0.004014415966790148,-0.008826374817854183,-0.01506726561060013,-0.0057696190413074324,-0.0014927506476179993,-0.018980728563323123,-0.023625857627411814,-0.03275618104938589,-0.011002000668339047,-0.0025473780932378978,-0.0043249100540311124,0.0020200822893142443,-0.017840831930787716,-0.01635010976680241,-0.025222378853276172,-0.004768836554451692,-0.01316526145819255,-0.05017145417929708,-0.04992685891531595,-0.0426026951517239,-0.031348841845338794,-0.023033475417719322,-0.0055181821413868995,-0.01151930593380264,-0.013836509415419099,-0.010650761383983623,-0.0073089536185841,-0.007418331439227473,0.01387539834327368,0.016783827533307448,0.009639216263268295,0.02006272573579348,0.026676863954275355,0.030800873677845057,0.02485782245041535,0.028557553234269534,0.02790459443938485,0.014255709102539003,0.012706242773073957,-0.0020424413319978132,-0.009840678174208325,-0.0029221558003192285,-0.007228493239361846,-0.026975557889138812,-0.03405387290299429,-0.031522815135715414,-0.04540631413559349,-0.03337926767501484,-0.0255892238684689,-0.053045563410932466,-0.05290611212604317,-0.049132693904924446,-0.04418168262096728,-0.04259307220026917,-0.03037944798207854,-0.029306229134853895,-0.02934296960658638,-0.028818661832022186,-0.029540740343026884,-0.031128966703830384,-0.031206186296466484,-0.02191455578071543,-0.01632880352661859,-0.027937075863379176,-0.024363137430868882,-0.015450860641165985,-0.027923100184523608,-0.025615183372581188,-0.01576027993857983,-0.015141595848814702,-0.009762322922216475,-0.0058120830165844,0.001988274537147284,0.00461964998613076,0.012561038856227131,0.01933749676867122,0.018255905738580117,0.026624427147053438,0.019898661840553285,0.018611218233637653,0.025599816174786946,0.01862144434938936,0.028805026100070307
172,-0.0070781732304052315,-0.0037229327316427117,-0.00486945243149632,-0.001697393173377269,0.00587799782082574,0.014479366686700045,0.051698139817526384,0.12489566664321806,0.17426192349466915,0.21351628507994583,0.23888909133989325,0.24919204163714237,0.24066848794175374,0.23431660635863566,0.251362159387816,0.26645978101098594,0.28422143221496654,0.27512743277810214,0.27086086086033,0.2814146766002296,0.2854666728051014,0.27145485293070054,0.28980285759806834,0.2820372738617224,0.2787537276236174,0.2755800312578096,0.2812246982804962,0.26838503545163395,0.2597591402795326,0.26733412483448205,0.2692208149595151,0.26971708757908686,0.2595212937327453,0.25480681032558805,0.25320274440026636,0.2610578562266835,0.2621832029208665,0.2679262117109985,0.26349597427202126,0.2721467324970755,0.2684799366288237,0.26980985774517446,0.2704007773503817,0.2637460165818594,0.25621357263767425,0.2647007911435407,0.27401144624733254,0.25538114621955293,0.25970445277907783,0.2640097991634104,0.26905751321497595,0.27736784993332414,0.2768388605879101,0.2796406224841102,0.2819164987592805,0.29076491208246824,0.28365628118365455,0.29089911304274674,0.29076549782718436,0.2785222870489561,0.26806367724416097,0.27700025819116314,0.2683003715376379,0.27996036631718346,0.27132335532032315,0.26309557855217475,0.26696713347642453,0.2767554076479355,0.2751950546780705,0.27631179315865867,0.2757979981688663,0.2847921079546984,0.2861587785071289,0.2848796778015872,0.2854120906196415,0.2927962112565102,0.28702707824808504,0.29070415362562074,0.28803213222848084,0.28067015520348937,0.2938628094695716,0.2930009718421053,0.3039275730440405,0.31728005550047433,0.31015832700413776,0.29446016137959347,0.30418028494187466,0.3052033584858823,0.3122222913400731,0.2989943373444216,0.2896991385038463,0.28806159367216094,0.29391049508080574,0.2983976933098234,0.30859824000736813,0.3008096006532987,0.29647501192616027,0.3042680581606686,0.3168608145531121,0.32132449457097495
173,0.009778162340165633,0.060442579077794226,0.11242741637660462,0.1345362211436916,0.13814342604387517,0.16642016983300023,0.20290966383238274,0.1989362722889588,0.1997075641697774,0.2040979580290667,0.20412689645094706,0.20188151275780178,0.2045728733133615,0.21921443163847598,0.21594222473431,0.20978382480852242,0.21131130475659288,0.21060358333992252,0.2119620852000304,0.19065969957350584,0.20179213445977384,0.20001531342853607,0.21094210463824145,0.20964754331990612,0.202380437392188,0.1954457109410319,0.19578668920606962,0.19519849224938868,0.22222499189829403,0.1978818112955511,0.1978236977322793,0.20545065428387108,0.20186430967213653,0.21963645668590137,0.2296827020779138,0.2216538664141945,0.2256215281071726,0.2269467301131936,0.22886653176603727,0.22316146807510578,0.22585288911867188,0.22376377895354885,0.2185993408648105,0.23231192236403772,0.23421185845499726,0.23733433650462493,0.2380861176023709,0.23801036698316366,0.2252156149264556,0.22748251286635507,0.22799883580918462,0.2280962480532437,0.23071385362141186,0.2411650835902193,0.24872032518391227,0.23340663272317896,0.21795544764999186,0.22558908886124865,0.2237176994497947,0.20330747834077215,0.20356294513571374,0.20589961158640052,0.20674836471920294,0.20971305895367404,0.21272034054719607,0.21760026422499446,0.2116877621665625,0.21536029258121958,0.22271858208270712,0.21815751625061305,0.20843505125198714,0.2158265648912752,0.20273589312677515,0.19775048734539066,0.2095208388427111,0.21097737128068117,0.20804356868740415,0.20962532624664176,0.2142623683235578,0.20470446035736642,0.21029362529383458,0.20891812101884308,0.22002721773788853,0.22018357409679917,0.22495725824521098,0.22274282141637894,0.2297802673852148,0.2302232667518983,0.23881086514985145,0.2297796242138976,0.2428036823396155,0.24365705502161622,0.23637254733414528,0.22680496094284688,0.21734425243017907,0.23567654941903576,0.2193298612950227,0.21088755724191827,0.19732139820255074,0.22128101030582278
174,0.0049161707920671776,0.04940012077138825,0.0795091291013977,0.12385771122525666,0.19463481292394655,0.23856610309084886,0.2685854093874683,0.28806438314430344,0.30546428092104566,0.30620347222283795,0.3069225865484623,0.3124241332873366,0.3171257427665769,0.32151048789935077,0.319191886688709,0.31798229956724533,0.3118700994401005,0.3152134171409139,0.319835159164552,0.3170058516792453,0.32764165554634944,0.3400406856324487,0.35420307303857795,0.35723493824359953,0.34517821815764127,0.34203082031668475,0.34508593489841144,0.3383867070769233,0.32543057415029286,0.3242364481397608,0.3112743666090376,0.3085034069821174,0.31211515610521817,0.3170789933175494,0.3156900315208877,0.30673761066597083,0.29705727760270273,0.29190721819993853,0.26922408292578964,0.2562073992990617,0.24226385342317072,0.24745568076262,0.24074568008382935,0.24573423827515867,0.24508269346523362,0.24441564704576105,0.24751639859555913,0.24081773944788012,0.249103482047447,0.24898971543014034,0.2612584797266811,0.2808867040512196,0.2840425159789352,0.2954151470618909,0.295084371895216,0.28114348096318326,0.2864098673323612,0.2943472813665651,0.3031690559851196,0.30147659747714267,0.3074485585301196,0.29415715834483214,0.30303355513864677,0.3012368820347598,0.2911631672379732,0.2764636802815435,0.2790005221544262,0.2864239135116254,0.2895024458177728,0.29675976614415106,0.3054474554996914,0.3088303594978771,0.3054130255815325,0.3017565434590995,0.3027138491431962,0.3055794829246688,0.30588318743203485,0.3127629959141684,0.3116879581720615,0.31485036830834046,0.31987588951792384,0.30340263144869317,0.301599407382095,0.30445276031586593,0.30457376226912186,0.29573229442883453,0.29818003907026003,0.29391963038557395,0.2915032176374162,0.28652746130752116,0.30400921481708354,0.2980389595838641,0.2943884179622962,0.29653715575950346,0.30443731880427277,0.30289801501286656,0.3048694913612367,0.3060562987950247,0.30472316241194863,0.30365227148444923
175,0.0012752303684455805,0.03444953684386246,0.0848045630475488,0.14069358200431148,0.2345798017635747,0.31548455422761995,0.3308747682422131,0.35803273593734763,0.3590455395285624,0.35904622500156747,0.3714457931428822,0.3729513052879591,0.3792209549674403,0.3774814141921198,0.37621663982167086,0.379537642658751,0.38093619207970275,0.3759669150661761,0.3720758611354044,0.3865174116041202,0.4064000944865535,0.4062998140126885,0.4081383304917371,0.4008099560717547,0.39229217074254197,0.3704025554145732,0.35873789658260047,0.35827352227546766,0.3493625316326102,0.34216113240973306,0.3392310938488481,0.3241689108515001,0.3297711513397138,0.32318005651811277,0.3239852200565234,0.3208553070376925,0.31204034356139754,0.3234395870392531,0.3225773274958295,0.32200310758608575,0.3186260945868766,0.31745602428796105,0.31645490977319707,0.3223284315926626,0.32495820406457626,0.3212267394886834,0.3399251398484864,0.3400744353524625,0.35421830466816817,0.36597385240231506,0.3660971359943317,0.3592469732563305,0.36039241049109305,0.3625376682581542,0.3673022820639789,0.36475003350589835,0.3634748070053426,0.35396936930689116,0.35178839966323694,0.35142526070085117,0.3407223676688585,0.3520393047039376,0.35196158127131,0.34318560286558314,0.3320307589750488,0.3440397586693908,0.3414004657635717,0.33386578607762885,0.3523365708207151,0.3577226611543765,0.35562688588993174,0.3651965269972204,0.35961295673428156,0.35994337755949657,0.36007067084880895,0.3543458542980831,0.35281577827293265,0.3552031554053054,0.35538969254530656,0.3608714943951103,0.35682018739808086,0.35957906912545695,0.3442515824535824,0.32586415197710167,0.3218988290684107,0.3087928310614454,0.3054446580283356,0.2968233581965385,0.2947022638893187,0.29207142147179865,0.29955539327956743,0.30006101545714947,0.2965300942846059,0.2965868149046186,0.2883093061524752,0.29048133600073706,0.2879611091154045,0.28292921016318734,0.28761398643013897,0.2986088755991525
176,-0.018493662196169994,0.01816134629895894,0.03813398923348085,0.0675178125837567,0.1255533080315412,0.17665160480339281,0.15384103976020883,0.16931058371281207,0.19504466618706226,0.20677923586103159,0.2307076275071619,0.2309739545318966,0.23722864575580743,0.2315668144315313,0.22291869090215907,0.2245143780053408,0.22341353580130005,0.22514536209694058,0.23195188247643625,0.23306998057031061,0.23404523109530342,0.23941104098403673,0.2436855748364988,0.23186575155244543,0.22164456970197116,0.2122874620429559,0.21879618614203186,0.22634688475095208,0.23150776626286465,0.24741636711820092,0.2440517125812297,0.2263560511198326,0.23039823554118713,0.24679630286154824,0.27213197001145834,0.2744712344050487,0.2707882877365195,0.2702404822823205,0.2630899742286288,0.2584837744906349,0.2470772991159146,0.2498250781626454,0.26041132893912006,0.27566440088749994,0.2708526117168758,0.2731814459294225,0.26239948409325814,0.2548374353831729,0.2553245212506266,0.26213827921923755,0.27336302314081434,0.27457283373831215,0.2811648400452445,0.2788132742485013,0.2967704674138882,0.3120920878647546,0.31934676298497416,0.3181900473700739,0.3164263972193059,0.29810186517631654,0.30169065845428283,0.2918942476568434,0.28271983279904683,0.2861430788759682,0.29241346481346914,0.29071182250622835,0.2925217157651258,0.29246633130649646,0.2836731034709325,0.28415010164598836,0.2856049092415062,0.27240828538417644,0.2828847352629242,0.27790233454479096,0.2952035129965007,0.29721608578991765,0.3113728992138831,0.3096482426094271,0.306421026997269,0.301025470543712,0.28533455157990817,0.2902002124650369,0.2866095893100898,0.2900225543951472,0.2933217667179438,0.29072316961681216,0.28353452142283236,0.29443447815266843,0.3049679379796015,0.3207383009567975,0.3065972707552069,0.31592370168344547,0.31534396761807126,0.3102639819443611,0.30719005339736255,0.316957253761676,0.3121716517101342,0.31184513049762935,0.2990194781346137,0.2945360142113345
177,-0.007132273418505117,0.0028503052623550813,0.015437859537935117,0.035382880988787946,0.04192654670631899,0.05676565922400763,0.07183000104288931,0.08408859686386866,0.1075894458589431,0.12671649626528425,0.09479039365570457,0.11332761564760947,0.10327078776641838,0.11778342327594495,0.11241809730563611,0.11828835848184159,0.1137041440049093,0.13438569431691938,0.1570588338541189,0.1666376269990802,0.17763151712955288,0.1743009544718852,0.17740671541927175,0.17657966365131142,0.1846746483464352,0.18340219750623785,0.18206823286306165,0.18251673269561228,0.21353255906292287,0.2199389345775421,0.20627658749008432,0.20281473883939022,0.206799551055182,0.19735068573645176,0.20300820815170137,0.20902037817777916,0.20521509113282663,0.1980042471794831,0.20506477919384744,0.2056017798036384,0.2201247704671703,0.22430224124782897,0.20392226577850245,0.20953999393676737,0.19559439027130565,0.20255929160026181,0.2043839340071435,0.21301636619328843,0.21210697178262822,0.21588743661656346,0.2005745324154512,0.19702951031357624,0.20437822451223764,0.2006282925788818,0.20413807545703042,0.2116668247276929,0.2089253047046338,0.21837190951710422,0.222696733571851,0.22498689316016926,0.2159502634917737,0.20518555078212145,0.19842133550037463,0.20889631901532485,0.2085381809528009,0.19082181394602057,0.18169901762457719,0.18653073405774964,0.1833760801273314,0.19476774979921038,0.18865167774909966,0.194156883407933,0.20360518668291674,0.19977326898176515,0.1902564217535593,0.18904877822817795,0.18455059367482593,0.1937327175245639,0.18329604818032455,0.1853375200934309,0.17683629144156124,0.18583289391346672,0.18155328067544052,0.19035503489235592,0.2017962894388989,0.215213122095093,0.22066526171639048,0.20848883340087593,0.2145684606098323,0.2126765429772235,0.20922354461974632,0.2063115520633421,0.198754288533007,0.18268922748254662,0.1796783075872809,0.17523317558157658,0.1726741238236472,0.1624515691009829,0.1633587397307782,0.16555428176708953
178,0.004398242724470715,0.07603514913094711,0.12398511298185336,0.22699001906145289,0.3128283196320988,0.39190015839096354,0.4671270323737978,0.4600872221182006,0.4998624979897545,0.4987320168708114,0.5225803791049412,0.5058969748378285,0.5041104845487534,0.5068103916554813,0.5117768781090786,0.5004896993265754,0.49713466966694464,0.49565414171259126,0.5077941729316093,0.5051852603989336,0.5074443901147924,0.5087899068311729,0.509722248578588,0.49619413597111467,0.49430112201181736,0.4929759848130892,0.4899900120701273,0.48396347149099356,0.4805124022811581,0.4791263381548282,0.48354829950968836,0.4931709082718634,0.4909027263589137,0.48155225252876493,0.4781510873893269,0.4929889214158317,0.4949059076908135,0.4977030891270299,0.4937913781121425,0.4949336928015187,0.49510290638287663,0.5026864049644574,0.5073404341079946,0.5143109797423865,0.5200484317805032,0.5144734975459097,0.5126375152543596,0.5147568656177467,0.5181816144054142,0.5203325022454653,0.5120805643026407,0.49304267146120995,0.48717697821340034,0.48701809176562333,0.4929366418539323,0.4854062495994674,0.47347310331986414,0.4770761134427018,0.47818017916069705,0.48544138072589677,0.478389348814548,0.48014417291386347,0.4790433640649874,0.4674016182886328,0.47085079998079793,0.4656475073472894,0.4795403597268308,0.46881600406053275,0.46585144754643276,0.4578368427408901,0.4580200239298396,0.4511575513917544,0.44024241151960086,0.44581521478065494,0.4592015872476241,0.4607117003834728,0.45446094121601566,0.45618777939574384,0.4430263736273332,0.45267723971182966,0.45189865173873217,0.45726094978037957,0.45390633506209693,0.4595337935897226,0.46065965282940935,0.4525853060633354,0.4479421093188398,0.4480952564657552,0.44968041912176715,0.4482495053050794,0.43160724919270504,0.4360338781598869,0.44474118563048426,0.4515207775536137,0.4610009596877857,0.46360696207154917,0.46509812874976747,0.47268580492081574,0.47042182339732724,0.4779483386273266
179,0.0012187154057993874,0.039605893943242806,0.09421776873325712,0.11389252532456132,0.1435746505242624,0.15576695872094815,0.13811931877177575,0.1450063811504567,0.12870209914994285,0.13203617830546238,0.11598371428445635,0.11851176312535557,0.10625617041319693,0.12914592271905476,0.14828922931285216,0.1535145437900941,0.1439888064224027,0.15696903612878013,0.15088526009476122,0.15363690859138804,0.15215650140796957,0.1523292882700357,0.1428174210413815,0.15404997545367563,0.1472141750914157,0.1398530280173105,0.12650508138604433,0.11707404162228287,0.09011624423947563,0.07843985347363262,0.07372195596043965,0.06439692832043377,0.04943762638157716,0.051777343374397586,0.04238822725613601,0.037960317985978154,0.07188198035189029,0.08505391773920479,0.09183190146789746,0.09094989060344122,0.08565562789897463,0.07899032181495809,0.06753967818778046,0.06128037680154194,0.05725774370451405,0.060732063192940736,0.054602964912533435,0.06308452769241643,0.06694407382033309,0.05559512933019936,0.06887992399261395,0.07439940488885986,0.08954362040537452,0.10195845580616548,0.11888367188758035,0.11384159631957941,0.11439930104067435,0.11266293530911665,0.11256860068441396,0.1152767195980087,0.11072996703175524,0.1249947166215271,0.11950997748336066,0.12295377842704922,0.10835498951644991,0.0963823018351206,0.10003367403531632,0.10192722411920789,0.10237873073586994,0.09197521041223239,0.09162668404258376,0.08385872241266477,0.07549933518771605,0.08158924117068025,0.07909360249760682,0.08536661085892205,0.09601539425697901,0.09240924113323284,0.09903425846766885,0.08224721012257677,0.07885406034695597,0.08535394074978363,0.08718722772396247,0.08810413892329619,0.07024398734729821,0.062352039567577094,0.05040161958112005,0.03894175350164953,0.045914284028986646,0.051559255057713776,0.040605391020215216,0.040874096503390016,0.05583636598155436,0.05739151467837138,0.06985161241904575,0.0550845292071089,0.04481606059978241,0.04817614931097752,0.05626834472120169,0.06553536698207944
180,-0.007480362039598858,0.015368431634103244,0.03644640731938955,0.06533489782351451,0.08997437520737187,0.13470109419056847,0.15909441345518205,0.14612876991150892,0.12634555760034852,0.11361894268061605,0.10081167899062829,0.07602194735784602,0.07129544935659246,0.08131525536555395,0.05984485160503219,0.07003952033293893,0.03679912419209109,0.01972202506978609,0.040975088715974974,0.0372849254948429,0.037562226838359344,0.03136999920956793,0.028174578669509537,0.025395015641959118,0.03243881381386781,0.024325041617200636,0.028385284332268734,0.04070736156085292,0.03796786951998249,0.03100055141705952,0.026568737847073275,0.027078209688872555,0.015727732278280882,0.0016499123779032821,-1.3640687226031012E-4,-0.015345570226285252,-0.03745093478248252,-0.02843231855554117,-0.04427830026468338,-0.03753299228999554,-0.032520909565521665,-0.027272546006853735,-0.040330535485950704,-0.04182037815391529,-0.041399588688359336,-0.03824407090733586,-0.045608055455205083,-0.04462805867924373,-0.03297963790475609,-0.03017181540519428,-0.009058888943609593,-0.013778779716366969,-0.01748750946868331,-0.007632424011991743,-0.004520932549043774,-0.008587613500857542,-0.002443197682804965,0.013198868669792767,0.021255651569736224,0.025007738202684527,0.015190915198351031,0.014393021570861038,0.011986543136314719,0.006924773638494954,-0.006626546928370167,-0.016226875383554773,-0.0022275870729342954,0.003507957572476872,0.004369682514023148,0.003345172305871568,-4.6785797864189573E-4,-0.008664566168280057,-0.02227764921315077,-0.015399766149429934,-0.010203867589602185,-0.009605260378811603,-0.007509955609455439,-0.00261786327810586,-0.002058112866603474,-0.016161138001455928,-0.009826202534125686,-0.018484130516187212,-0.01594866892831064,-0.03596936016123208,-0.024722854352316075,-0.0214779018081559,-0.03362432782939024,-0.023514955885558783,-0.018048383333048933,-0.017622779645218044,-0.012876227208418895,-0.008532723896469571,-0.008631114309105223,-0.001002521808912359,9.73770993942451E-4,-0.005537242993524163,-0.0018279942367625218,0.008485399707692498,0.010062396140626949,0.006922314132942518
181,0.003975041728469134,0.03060902057331649,0.09520555269138332,0.18697143011436754,0.27889784027321296,0.35909520456613586,0.3665528179792368,0.38223174149071537,0.38505084139034307,0.4055357312840186,0.42124180539325906,0.4138953086160116,0.41245219140457523,0.42364841532967257,0.4304894019211167,0.43307129782480713,0.44058424229154786,0.43804254495541406,0.42995283991075267,0.4393198071889198,0.44112323559759886,0.43017395160513594,0.4311108498982068,0.4397131366520184,0.43209081713656483,0.4219206162330565,0.4262006703203975,0.4030336461622086,0.3875099210118095,0.3869107074385527,0.38258567851010805,0.3883932590258203,0.3987271608355995,0.4051323082017819,0.41628136625615697,0.3827783788341661,0.3722099570936054,0.3731733191648068,0.3770432769264025,0.3548999158775844,0.3632303330360019,0.36791827911007,0.38116273228269953,0.37812641629767113,0.38396254534736857,0.39752065844338724,0.40272727158449007,0.42479951874011834,0.44078796408406967,0.4343669408603311,0.4309942576474481,0.4383893556781338,0.4459507878113719,0.4500250699881229,0.44962708585472183,0.4528760854939855,0.4409831023117661,0.44036276861066637,0.43416201950487354,0.4497105644486634,0.45251088026709474,0.4543487997373481,0.467838234785755,0.4693329447035219,0.4774783186353193,0.4747916600556424,0.48415489534841893,0.47612133039834165,0.477629676024916,0.47310426610943984,0.48048749606160024,0.4852977722072649,0.4855051837556117,0.4868328637140585,0.4835732446704128,0.4688742639958345,0.4687421101853878,0.46412003208266256,0.45965468969040557,0.45511479467441396,0.45244067876651684,0.4563489933190921,0.4687107645789315,0.46114233812700894,0.46794619006553,0.46381772104816865,0.4616209586768085,0.46416505668296965,0.4666879937848522,0.4464953758054751,0.44657045677987867,0.4427200147478332,0.43360539509779544,0.4403421280649746,0.44414359296338035,0.44062787253155605,0.4444229565171409,0.4426478261229885,0.43723222853232463,0.451785219264504
182,-0.006636193595021756,0.015864365600553095,0.07832327541879253,0.12713779808526296,0.2051566560672755,0.24487700488455033,0.24738985638423278,0.23600322346651395,0.2182426016171776,0.20593609229001783,0.20399442358068431,0.20967255259163997,0.2053892524909747,0.22161396919716111,0.20935639619564314,0.22335252120574736,0.22187726414100312,0.23684223420970954,0.24202748984383354,0.24145784114440086,0.24834296555180504,0.22500796292548259,0.235898635991598,0.2114527235620635,0.19610739079739964,0.19391479420400345,0.20419780826516598,0.20854630797522475,0.20282403481726546,0.20267041622525486,0.21609351549689293,0.20097213000000966,0.21118120930314785,0.2131315620159676,0.20647218462283784,0.21533902962511423,0.21514296455031773,0.21870539905635625,0.20709718561243637,0.20379251772658827,0.2072804150990817,0.2016558007698943,0.1986884589747444,0.19660491370860644,0.19310126101682853,0.18808740094207313,0.1992926099624628,0.2111685966985456,0.21451016935187417,0.19673442705005853,0.20249386240894185,0.19434375084324262,0.18871896001925792,0.18061770303711683,0.1746142491849076,0.17869672383026,0.17235741594288367,0.18441945508854066,0.17256698967190137,0.16413783641289043,0.169180850559672,0.16516885810877763,0.17085917848996268,0.17858681415849462,0.19528978250839493,0.19057384892785018,0.18888296366568022,0.1856043085797291,0.19298909862034536,0.19220868001453076,0.19140942639880187,0.18460116217140984,0.17558191267216713,0.19037047469179083,0.17488351311473782,0.18037922227172604,0.1798805464736438,0.18777426581288864,0.18404545970457595,0.18891518058692472,0.1648842702931746,0.17446897196077849,0.18462353377553561,0.17471285923756938,0.168416924611406,0.17426087627459655,0.17338005645902843,0.17325503315093255,0.16507460705884316,0.16910066540675225,0.17532261787715778,0.1810172536681031,0.1910755736858365,0.19239572826517196,0.18113969952408365,0.1882763706080489,0.1911928081723084,0.20006758962893378,0.18899566214172597,0.19797789396280335
183,-0.006999961352987432,0.06703375222912947,0.17012508304248825,0.2317286935785663,0.27424223928288116,0.30105553153358455,0.307323033884301,0.30080565439436024,0.2856650396995333,0.29895271178137794,0.32648881807625907,0.33486705388712423,0.33935949520788844,0.3279626706217284,0.33272501418620665,0.3297846592594954,0.33162404813097185,0.3322332693385459,0.32106652418769643,0.3200468220054615,0.3171945222819766,0.3111586557322165,0.30674569220937437,0.30739587621485887,0.30066122029063824,0.31887214686168885,0.3092110173796197,0.2881624560070476,0.2853629043084479,0.28754387254544883,0.2903767489445655,0.29666698131314617,0.3016537976588823,0.2974307553573611,0.2799791522429864,0.28378490822038205,0.28929149540761645,0.2932203473208046,0.2962872382245144,0.28334922957625475,0.28688237238863745,0.2878198795406512,0.2848962741665307,0.28453466310179326,0.2952970070912165,0.281360436161246,0.2811574994308992,0.2810173359149428,0.28617778938675914,0.28944154308046965,0.3098430439776262,0.30084989820863595,0.30607529891238044,0.2960176207475149,0.3023065214522797,0.29991437742520943,0.2894448460095112,0.3031027908323906,0.30762854149045965,0.2997111855103136,0.290411134060361,0.29887255103902144,0.2870354444888504,0.2799415978238905,0.2762067979531354,0.28678113183449916,0.2966609253198038,0.3001516577227534,0.3020141437798367,0.3015458623941902,0.3041297592518342,0.2913780515746429,0.2781668800269802,0.27963331453053963,0.28492757094616716,0.2960435473367004,0.2940758010201141,0.30423029514790506,0.3108656866451306,0.3057724363051995,0.30906303530844975,0.3086384868249508,0.3069029117719707,0.3004745078909014,0.30841029717970136,0.30323593104382296,0.3054448500547158,0.2997070651940929,0.3030929252189982,0.2924819798089234,0.2901420457649923,0.2874489585378103,0.2844828762362135,0.2818785738660847,0.2809100822612933,0.2835235421147163,0.28788118823731446,0.2715551591249823,0.2759795885054478,0.28088720760136265
184,0.010475901457388725,0.05679579162445335,0.08921523638031147,0.18604255998402214,0.2832076839317205,0.3209247870265701,0.3383100637075437,0.3590389614616457,0.3848194958519811,0.37946507861960105,0.38388142339509373,0.39024672103357877,0.4071552503902756,0.4010672917667094,0.39263222583770097,0.4037634395208928,0.41214672456669654,0.4185026276828897,0.4272149977531508,0.43389935804751373,0.4180107747207989,0.4097825954363213,0.4000621360820427,0.4023484101121834,0.38911431499930726,0.4032308847433142,0.41429274619014866,0.4246547871869381,0.4352956141928673,0.42344273566891166,0.4207250430079438,0.42185443844315484,0.4199980447152369,0.4256049175428649,0.43282305149184874,0.42344721970610905,0.40984502195310163,0.42023008343366297,0.4257063300585343,0.42094733511508314,0.435474884135756,0.4480727446898933,0.4466197130913173,0.45095422121624806,0.4572662870327674,0.4510554857754969,0.445205040286784,0.43837000888867705,0.44359694100295166,0.4322771332310007,0.4360199225354635,0.43350445033690477,0.4398844621226354,0.4351918466128577,0.4263975904357536,0.44536880324946354,0.433828245828993,0.4374911666311759,0.44246155399081116,0.4421353743457961,0.44329655207230595,0.4237386215836919,0.416171965212431,0.41209512281521427,0.41896375221739235,0.415491604202064,0.42064583872944233,0.4368366069804424,0.4276877719255641,0.44305278325813446,0.439419625108502,0.42023805390996655,0.4129846652914725,0.4120616861655983,0.41729803632331586,0.41549906178447815,0.4068536142985927,0.40904305446663325,0.4067227013813534,0.4067298331775936,0.4067617283379969,0.40940328033875983,0.4163529639773529,0.399856249592016,0.4026954572365699,0.41344876424904875,0.4162327961764342,0.4126683741936932,0.4194744840679413,0.4259004635355591,0.42006233979263996,0.42491515909165956,0.41713323019227594,0.42424275279888163,0.42275717165570476,0.4208054459301237,0.43154836030613686,0.43152344365667367,0.43936598780169206,0.42640557846859717
185,-0.005293219763629124,0.021865321491920723,0.09969988856337349,0.17561789786912804,0.22834944945359326,0.2198120218407434,0.1973731661343028,0.164269748343539,0.148663069703686,0.15025953297069422,0.1505492379301042,0.1575042738718678,0.15966008236508977,0.14743812055332445,0.14062282776538576,0.1520982282951137,0.12981938445075533,0.13355047190205213,0.14152581401115646,0.14902474235020627,0.1618663977953858,0.154308753822671,0.15157315947781208,0.1313420263222794,0.11861907132914436,0.11424748877698375,0.12200734749358758,0.10207836788319766,0.10153057809709722,0.11533959920400039,0.11300254388379455,0.10872157590566527,0.09794326102840265,0.10949088024076793,0.11623721270701612,0.11242872716726925,0.11617007919243029,0.10928206099524602,0.11457773081905122,0.12446864326230296,0.1283662054214924,0.12311422354799927,0.1295951820871162,0.11978311796942849,0.1103816756803956,0.1005716425799897,0.09326839152017258,0.10158587766249458,0.1113621822565567,0.10745803327367102,0.1114784491577014,0.12629888861277505,0.1282079844195125,0.12846856163135448,0.11776855335722672,0.12043410248703994,0.1242523059835753,0.11674250531779302,0.11040408227157615,0.10941636559549915,0.11364418867848788,0.10879766197310473,0.11939493908052624,0.1253469532575111,0.12648537319054243,0.1289474616698625,0.12148272666288036,0.10727631857133804,0.12412283636470195,0.1253383495138221,0.15162004401562615,0.16123134027740363,0.1566758558440484,0.15633370670722965,0.14742943129605057,0.14264679720860074,0.13849504611789237,0.14162473611563403,0.14614435342649837,0.15315351390288182,0.15657747636867397,0.14202918870072678,0.1330653994639803,0.15419474160292337,0.15931027940314865,0.15819545496085788,0.17298415759643887,0.16504119589732544,0.1693105821464964,0.173345811305634,0.17483502127874487,0.17605966816093727,0.18858580653922938,0.18252087403868916,0.179533569897433,0.1806552304737809,0.1788700024208559,0.17413254780368848,0.15754580384488642,0.16030552213670504
186,-0.00921017121503348,-0.00890062274043334,-0.008707633300986482,-0.005963235526854646,-0.006011324540397932,-0.00585084986257452,-0.006518494810387962,-0.005146114357680001,-0.005116216947307879,-0.005116216947307879,-0.005116216947307879,-0.005895830124251627,-0.0032149995969653505,-0.002395935324634344,-6.904081655502936E-4,-3.1403361184149193E-4,-3.0752102595712154E-4,-3.5897060098319313E-4,-2.9676608902587826E-4,1.0211072692214761E-4,0.0,0.0,0.0,0.0,0.0,0.0,0.0,0.0,0.0,0.0,0.0,0.0,0.0,0.0,0.0,0.0,0.0,0.0,0.0,0.0,0.0,0.0,0.0,0.0,0.0,0.0,0.0,0.0,0.0,0.0,0.0,0.0,0.0,0.0,0.0,0.0,0.0,0.0,0.0,0.0,0.0,0.0,0.0,0.0,0.0,0.0,0.0,0.0,0.0,0.0,0.0,0.0,0.0,0.0,0.0,0.0,0.0,0.0,0.0,0.0,0.0,0.0,0.0,0.0,0.0,0.0,0.0,0.0,0.0,0.0,0.0,0.0,0.0,0.0,0.0,0.0,0.0,0.0,0.0,0.0
187,-1.118166333792192E-4,0.027892907817110665,0.06829045307602437,0.14680522287064132,0.16649716785136096,0.19873720053351562,0.19014919144638026,0.18897278006553508,0.2018550088861666,0.20206479303643834,0.2036754076979166,0.21906448873955298,0.25469360205754016,0.2778635839376926,0.2891977697128823,0.27810787251891805,0.28861804148964265,0.296215862893494,0.305285127145215,0.2951007224372901,0.2891688726879794,0.30610630297748814,0.30649780150199907,0.32048895666705235,0.3403154965961835,0.3544063979210791,0.3315279417369981,0.33035196411243334,0.31872147378066595,0.3117737593488389,0.28988514571599094,0.29753925066263504,0.31244191881453054,0.304578150844164,0.3108261012273902,0.2862386750041622,0.26082590015758217,0.2802996714574709,0.2896706558605058,0.2765553026006701,0.27633096512780236,0.27967154852185944,0.29257917233102293,0.31330855368113153,0.32136636511996924,0.29035472493269504,0.2794692592742445,0.2915129902393378,0.28171118154039904,0.29363008900933957,0.2849477030771757,0.2782699093775799,0.28540891127300033,0.28711234864055113,0.2791468128301224,0.2849613957170979,0.2791510742842588,0.2787804732737853,0.2753938109586617,0.27001680345188367,0.27523121729637745,0.2755474438326655,0.2722542617109502,0.26987590532498623,0.28537375423066697,0.2885277603059548,0.28251362779751327,0.2844048013522831,0.2877508760325121,0.26967393177329957,0.26460261242971966,0.2476066866503248,0.258792706741901,0.25125715912064417,0.2532698512584919,0.2330039420236306,0.24185260655450883,0.2525618709068178,0.2655130200624282,0.2766951093812036,0.2745882431951119,0.2711793584370883,0.25931238743104745,0.26251282994033204,0.2535478459100618,0.2496118681080246,0.2691415881268623,0.27723609342273386,0.27375010578335957,0.2718836136292631,0.2773604480488409,0.2464720348316288,0.2428804133032531,0.2583221588525867,0.2561015314961359,0.2547690736416864,0.2483833490265174,0.2438097484432095,0.2420641764888073,0.24487767707279687
188,-0.00658121100400213,-0.0024926431613707116,0.019944680133662476,0.04739256397187495,0.0539046725244709,0.08999323946442785,0.15917097337924285,0.23694910913607398,0.28497673496970133,0.2958816451932143,0.29617191215468713,0.3082604182940663,0.30324593999091304,0.3067864966655392,0.33400136375183437,0.34509481745818527,0.33032746992331796,0.3465901165283145,0.347377038186088,0.33782661591328683,0.3380663069082575,0.34249253909342947,0.33798849284587545,0.3607403454219913,0.3690716310569726,0.37713659969897173,0.3750693695757235,0.3553967245969756,0.3463116549819892,0.3354882464519836,0.3316790604172394,0.3116067759073876,0.3152722319896017,0.31897679769759574,0.31540219860898583,0.3179358134793655,0.31881440335725325,0.3090817482719556,0.34062054649392093,0.3407193935783874,0.3399028959108218,0.33449238320252594,0.31781630821701906,0.3050585805228772,0.30045438874778524,0.3124634762419505,0.3022875876027105,0.3094640043752168,0.32510664037862047,0.32749123883065273,0.3318133172477061,0.32558656464105795,0.3281037615006617,0.3304800121477349,0.32584082628379124,0.3167122440004591,0.3026276768374993,0.30277224435571276,0.2976859817663105,0.28740590365649415,0.27253159041468533,0.27659711161693035,0.2884839505085247,0.29729460102111493,0.3003190070668943,0.3154711942456392,0.30894530727120467,0.3086975959820751,0.30530474144833636,0.295892478403911,0.2872057674585288,0.2818609620704509,0.2887224395016315,0.297369073276673,0.287928673690773,0.30639424902221757,0.3167541738828569,0.31627686885160383,0.3140135132211508,0.3174391430393634,0.3188469845963947,0.31408212900167615,0.3215022685468431,0.3233850986607292,0.3237644245610356,0.3253966931621315,0.3205832663544539,0.3087502113577797,0.31417219355118264,0.3048193629349414,0.3124299081540458,0.30890039106222716,0.3024634639029297,0.293937141187101,0.28331292937959746,0.27487270089578925,0.27881942043532504,0.2692857486790587,0.2714310438538216,0.2672717437403317
189,-0.010558425205148818,0.0034334873378097093,0.03461643310802511,0.08061479211879728,0.1339041748139234,0.16112481294737285,0.17969614943350376,0.15290557520031486,0.1718275919575937,0.16635103856772926,0.14520049329948312,0.12761491869876035,0.1406565864308748,0.12824563422974014,0.12619967281631717,0.11481985798256872,0.11751038645360232,0.12279294391214099,0.13318673066409512,0.12823037361826928,0.1402625497757317,0.13981987868399595,0.14260577262318308,0.14062026987459222,0.15555594870324543,0.14468368326737555,0.13143858803039343,0.11834818342693182,0.12621374785623637,0.1267469063720869,0.11129433440697376,0.09784014888183692,0.09296357834980723,0.09284790034215297,0.11007168981671206,0.10902589110665295,0.11369461648227659,0.0960096873180369,0.1092806716844674,0.11274915881785566,0.11321532362778447,0.11681199272177534,0.12242226708176204,0.10458949665019962,0.11636515090057559,0.11126431869103422,0.12173188461968025,0.12827765817193615,0.12121134093205481,0.12263319048109236,0.12751698000837222,0.13982071788458328,0.1355466319728702,0.14088985170060966,0.1351860232984019,0.13908503231995473,0.12134797498658122,0.11908911998518537,0.11778114790788219,0.11733574189615532,0.11449413196670268,0.12293405083698357,0.11073542193752446,0.10274337892907971,0.10479200619149875,0.0944013924159418,0.09019905455458824,0.08552490941696439,0.08605322729886763,0.08674855956394482,0.08725759760424762,0.09307238803780486,0.10083990455130577,0.10122658862426567,0.10841770100418087,0.12186246699739624,0.11890919321442213,0.12337128884405,0.11440808140017779,0.12085883732295116,0.12450478436403835,0.1254860196918054,0.13579729091045328,0.1312069464264891,0.13207804716287352,0.13872384210257713,0.14009590527645005,0.13523919783859648,0.1309960906174371,0.1368909116303938,0.13177757438608312,0.12310696274009729,0.12126417996712291,0.11335072285265099,0.11423553646475597,0.10909412333569214,0.10470970022082021,0.09805303557654205,0.09792711835559903,0.0897356192920087
190,-0.003092649916858401,0.04499133592641798,0.13524717781888693,0.23099249249404188,0.25226647389481555,0.27445659406550066,0.28935062081759527,0.29782139863108803,0.29176959423710264,0.2869895030295732,0.2849916337313321,0.29643644991155366,0.30711213220750755,0.3127002007977227,0.3123188261358998,0.32135478869526823,0.3168606007271846,0.3323509242590527,0.34591046012540794,0.33860156957020876,0.3373724999972123,0.3260381237115626,0.33298755625103404,0.3302400445599866,0.3277383351994988,0.32803230489151747,0.32302696043110174,0.3275114684502258,0.33332888522734855,0.3325152541699808,0.33048937486643837,0.32826453966359986,0.3265880289498785,0.34116187753367133,0.34633664341968173,0.3279117381005397,0.3375100191988815,0.33036636749632287,0.32487371833284506,0.3381267142224913,0.3385718854831896,0.3419056952419207,0.33631432288038987,0.3373474389628058,0.34454260403550885,0.35068793541160426,0.35836874266879803,0.3548745105959375,0.35248994404591466,0.37438562287295357,0.3877072022855878,0.390671125710556,0.37859901489032594,0.373584794566403,0.36857640587650053,0.36958821852355,0.37511478348532373,0.3635146497477287,0.3592512220379607,0.35180503641996197,0.3488002759569888,0.35462847990186924,0.3681383706682101,0.36251196523483936,0.36984990965249764,0.3792952816554949,0.3761818009829704,0.3738225683605127,0.37282876578377677,0.3640240565634473,0.36521274775627965,0.364773963580384,0.3690492723048915,0.37373990850709843,0.3769639080543519,0.37045568085213243,0.3736067164460239,0.38259686309582797,0.3819299537569143,0.38971236167868334,0.39238032656042704,0.3966008285023713,0.3964657531045229,0.40164769003919143,0.3987608699477011,0.39330803129333775,0.39111053772750426,0.38777805256390513,0.38882718826881435,0.38810535893730985,0.3960039216907698,0.3847854564151573,0.383429912467227,0.3817628152745199,0.3845618157675881,0.38231380305147944,0.3824919942536508,0.3813637664225672,0.3797886861750313,0.3729434964222986
191,-0.007894401737300296,0.01936606724416203,0.02510029728947617,0.047938164219073,0.09188901933978848,0.11326343138445613,0.1312812440837685,0.11714568584786658,0.08526214564511933,0.08469213893685286,0.06756614526722136,0.0740173042438497,0.06132904305122516,0.0663815697127159,0.06989020704312723,0.07178976458345895,0.08369322069565267,0.061817994937493514,0.04406085808824937,0.06667402930589393,0.05898964170915369,0.07368475278410776,0.07244541938105113,0.059153966989327414,0.07252310593790931,0.09590700768391143,0.11136733307839995,0.12775621615242364,0.1373192570267002,0.13897128397070813,0.12947620676846308,0.13588904696793544,0.14963160668155992,0.15449603090548256,0.14185712831036315,0.12637524850531506,0.12374912412593511,0.1344800301145431,0.14777306179262872,0.15212702578213452,0.1396182143197046,0.14361913111116179,0.1492340796558185,0.1447347193117294,0.1402111796607889,0.15349849842743496,0.13401298224158137,0.1190950753217786,0.11796556846595006,0.11895827961803881,0.12112484343614863,0.12584958174762406,0.11731725769522133,0.12286599453889202,0.12771246296426916,0.1097936711960061,0.12331331467741456,0.1148651219864008,0.11191747358351282,0.11801715754498521,0.12517445184431997,0.1250992731208857,0.12550550662275028,0.12679940017517466,0.11964848871097739,0.12870981041603247,0.1373893728251865,0.1547813704102573,0.13829497428990342,0.11634928692674842,0.10216724898600887,0.09219719937619551,0.09147279191768735,0.10121102564078663,0.1083268691573542,0.0921385227267645,0.09832230365757605,0.09984097606960395,0.10815446325653091,0.113873119883362,0.11342586317964638,0.12566225987705357,0.12188431124675397,0.11878479453965708,0.12346884188315509,0.1257604651334309,0.13053161157387647,0.12562114739548835,0.11251574563592345,0.11490744356361508,0.09723936992191565,0.10042615473647648,0.09373987139925136,0.09111716124278824,0.07728564925913026,0.07736736623327654,0.06514673146419037,0.064867499756107,0.06565578452546869,0.07307740763873782
192,-0.0013635393158486183,0.0189095057447329,0.04334517432249556,0.07032795815644366,0.10566556053572997,0.16453402860976127,0.1636688027989414,0.1655679753719124,0.18829543366461415,0.1720700050223013,0.1603936142806116,0.1665530450815367,0.18136927123302463,0.17040419092442927,0.18639922685508684,0.1724503641419442,0.16518332831532123,0.16499483494195918,0.17874736167391,0.17419765736745504,0.17098177175031215,0.177200150140558,0.1806368311095873,0.1831182625383229,0.18802838756730642,0.18450710906693665,0.20255139617582354,0.19812591051758702,0.1849061108086758,0.16541215505687107,0.16256070756361599,0.17254260550052247,0.18740810457522097,0.1982393126785253,0.1933831429450418,0.1907729997167716,0.19337077057203989,0.1822750137255837,0.16696362188026115,0.17499289079781363,0.16757629625712586,0.17559999591372022,0.182563519801626,0.20762413241577346,0.21145115799370495,0.2089516058938913,0.21826879111382305,0.23408209611594671,0.22875472285623333,0.23416600434969861,0.22863039483314457,0.2291634489412361,0.22040233171787876,0.21995849590004218,0.21668393055719512,0.2111014325330649,0.22086520993488062,0.22060080831556395,0.2205867002292571,0.22042940406972483,0.2153574825452533,0.22829163307789815,0.23191697785387216,0.23212448849504205,0.22866017286218313,0.23270646771715037,0.2347475467976596,0.24040164832422736,0.2365059445130634,0.242092695537168,0.2395410565138606,0.22368199407981929,0.2253718490223309,0.22266525578118734,0.22352931099733253,0.21854814277892057,0.21814304728169162,0.21862792558487437,0.22088068151143414,0.22227434706592825,0.218131698437292,0.21600014789804875,0.21725156468840048,0.21218876292430736,0.22058510253234825,0.22308060083961082,0.22985624248365508,0.22356820028844793,0.23518392238086444,0.2301888576208519,0.22989465014437635,0.23164260889633698,0.23892891056442958,0.22560593638412194,0.22679760842779095,0.22200837069389087,0.20373786369023292,0.20203051279152975,0.20160690960308433,0.2076007958756525
193,-0.00867705408090143,0.0011593620668657293,0.04475373967223484,0.09493145730217634,0.14264550279585372,0.1979092832701379,0.22018033136779164,0.2029267514631031,0.19290147904032878,0.19667614240751097,0.2022694262059056,0.18660557150687196,0.20938407828996394,0.21724605580388232,0.2166644661572682,0.22922821219188338,0.228303686354582,0.21668264824919384,0.21882291039987195,0.21518565974794057,0.2090177466694843,0.20395204655097143,0.2022028048483444,0.1982526108945672,0.19005811939307116,0.15899963797128028,0.16005240390063602,0.16298189381876835,0.15009796467077943,0.15346578907838712,0.1417740632681798,0.1351945275222165,0.13576449840895685,0.1467730802892076,0.15797091085932577,0.1637149105172988,0.1548001284457906,0.13447133471959533,0.1252409491978382,0.13547756219209242,0.1517117572087017,0.1602706489886296,0.16490289492962826,0.14500675483221,0.149313950169523,0.1544665792958846,0.16515753970689875,0.1790804266648395,0.17001503443468613,0.1695500497574191,0.1797153995559999,0.17770695830299835,0.18301801812998278,0.18466331098552405,0.18159554001592842,0.18679112474705362,0.18746858505879277,0.1926145322476392,0.1823009132316944,0.18202072509913939,0.15965178257560084,0.1468443754034809,0.13870213994790956,0.14992839745157413,0.15027442428241541,0.14556049499079368,0.1340242495871519,0.13262861777159357,0.14671552532745824,0.15581093272766167,0.1548529585521317,0.15827729688799366,0.1636508718657589,0.150001513098774,0.15782170840576148,0.16009917135748972,0.16508214556262707,0.1537965442257034,0.15600352735710277,0.16548010446882763,0.1631530545334085,0.16707319158442493,0.15416422487965026,0.14646627054492717,0.1511027731184862,0.13905506329499284,0.1522434903829313,0.14657976026577466,0.14929541133678095,0.1469467998782178,0.14966904939055153,0.13384377494657693,0.13455606950727528,0.13657617371567057,0.12173796984022463,0.12578419518272282,0.13050674683220487,0.14100648264408233,0.1381531945397525,0.12526642915777564
194,-0.004057929605516573,0.0305677304569064,0.04105264519085368,0.04501367657256641,0.04904728935269063,0.03242460792170616,0.04227960799383534,0.06546754400773847,0.060196082184684474,0.06929188293923405,0.056786088895321635,0.05395296540537254,0.04819939410144018,0.059429317949174554,0.05845791687757865,0.057972278067344805,0.045242397930749884,0.026253543542518295,0.03805428768889568,0.06418951165083597,0.08414442093806393,0.07827838176785634,0.07345510749616933,0.06374751635179791,0.058292358514342106,0.05514702296888796,0.06478727467351195,0.05690427076086443,0.06482811840194183,0.043497967820183794,0.04152011032599521,0.04352570047672488,0.040568838429478754,0.05575865731688753,0.0825001089399508,0.09430674423711319,0.09296925347042258,0.09988703479374714,0.09900528516682058,0.10379598515762721,0.11615566133971564,0.11901247593720693,0.11951072370387805,0.13158834660212615,0.12333083515027432,0.09744149270896081,0.07379314000251744,0.0927895448790432,0.09174351236755132,0.1040220957520862,0.09700658524360622,0.08058936542293754,0.0748435342954787,0.08689712810316702,0.10580729446438918,0.09359832002537688,0.10095686220387526,0.10484152761395935,0.12087383334778411,0.12236365398197817,0.10415569972405449,0.0967416005266056,0.09235700173684976,0.09414229101029498,0.0983635130745367,0.08982589787457636,0.0718771420423586,0.07332242537407478,0.07992922061144803,0.08747488043150628,0.10512338370851179,0.09161859789132222,0.11130239442733357,0.12017467200014993,0.11843517000724364,0.11440830910064824,0.09482854468905981,0.08354192526425594,0.059074844471069754,0.06874294260577048,0.07555955437196324,0.09241690986861478,0.08977164867281391,0.09006503952859429,0.09576973728800414,0.10140280949004678,0.10135881270006562,0.07636670044114119,0.07049658173749761,0.07350513903655354,0.08785237935946703,0.08634925940863425,0.08002536623578635,0.07230800193791033,0.07204862844596878,0.07301148717919995,0.07549547049184399,0.08043313678488985,0.07635267706493126,0.07093122005080597
195,-0.0032853950715277147,0.035772660911747425,0.06509897639496177,0.11891286810277768,0.18210718513142865,0.20405556017803722,0.2197793103685649,0.21058043710601504,0.21609657446354644,0.2245293471098992,0.2088527356685351,0.21896432648455896,0.22505064768495608,0.22102988291741543,0.24141424332783945,0.23396235795600276,0.21798312913876675,0.2112916218543818,0.20793867492485937,0.2114025996797568,0.2210859694493654,0.21765661249051438,0.237884576417161,0.23996594175979113,0.25054316507239327,0.24507655212133328,0.2404334998546808,0.2362877027115272,0.23465283857949015,0.24791296040812572,0.2455190889398963,0.23587433504460756,0.2314624965987606,0.23461795553214532,0.2522351893473912,0.24984765753129579,0.24471935673007703,0.24616476394901846,0.24828116710239917,0.24759407717198872,0.2567323394191977,0.25580152523632216,0.25360363983722545,0.25840434080853575,0.2717047506867084,0.2793454382336495,0.28378832486509953,0.27662026332617773,0.27182529028835634,0.26905007358610755,0.2627836249864825,0.26477600576297855,0.2658876671891917,0.2614093117245049,0.2600469721635527,0.24885170512811666,0.24637738538141302,0.2574098216288635,0.2478546627330581,0.2574227784118082,0.2587247494856774,0.25072930851888264,0.24619543391816573,0.23723998876944527,0.23155028186743873,0.22088319073134607,0.22586874284059244,0.22753357284156558,0.22606479972832993,0.2393356835293833,0.2409991177164175,0.23764006718515515,0.22663983746515184,0.2303683149887589,0.2242139007055549,0.2148375021099317,0.21786407408263148,0.22305876241281855,0.21881088777404245,0.2230513344965007,0.22859814759128516,0.22447386905578914,0.216740756815684,0.20899619506927894,0.20091405935404832,0.19763525314246919,0.20392266459158254,0.20777644018084943,0.2126610793419464,0.23466238093824848,0.2301012112583181,0.2090210209487925,0.21519881489184975,0.21413227303408117,0.2268775077654448,0.22094636830700964,0.2237573968731543,0.22817894590483323,0.20867214753728144,0.19641220360225875
196,0.0010591483459477195,0.06226969827318198,0.1335520942996375,0.20385054951794218,0.231620280258471,0.2883203507779822,0.30538770871373794,0.3408992728051396,0.33796273885780614,0.3589053018946444,0.3802017745787042,0.3772614244474187,0.37517026867402486,0.3685230107499897,0.37005225609537795,0.36347227446767083,0.35862169295108365,0.37019399515605045,0.37021665121831526,0.37052719514314936,0.36910938763527,0.3726595831345959,0.4011744253884466,0.4046789562426383,0.4148051379832547,0.4253146470211066,0.43656708055509463,0.43390650048341556,0.427761920092587,0.4253421900277988,0.4157276506481019,0.4018390858186244,0.3856824932154441,0.4009350912210878,0.40144606547732153,0.4133112593824885,0.4093474914994395,0.4016576716231697,0.4003497894429483,0.3950022859895068,0.39388071042452305,0.39471753832217277,0.38644234500965724,0.3870760076509836,0.3732754526703389,0.37249333836007004,0.3725183456303368,0.34851657900912847,0.3653240407999778,0.3655054129951028,0.3726430715490336,0.3732619937126788,0.37240281018700727,0.3571512053682909,0.3567893832090769,0.3524652479457018,0.3629192413520893,0.36281062187356916,0.3521389485131903,0.3545398935791433,0.366093148582846,0.34624841560656044,0.34585463705410746,0.3468820258603407,0.3313922216232974,0.323345026588616,0.3147806167703633,0.32046069811514877,0.31811761481379586,0.32143641964696895,0.32918251563475215,0.3453656433380419,0.3444763341020864,0.3410714697535518,0.3459414394568585,0.3473704492421821,0.3458016502115486,0.34520291478997706,0.3401832089734554,0.3279314017656478,0.3242120045632449,0.32016707399736305,0.33787065413327694,0.31654372135378656,0.3106275337885031,0.29667813702153917,0.2991876504870491,0.3059112987691453,0.3085824670466073,0.30965260253388943,0.3179032031943241,0.3292598617304672,0.3286179004713937,0.3248692874013283,0.3321137992879166,0.322904618789797,0.32576858576866746,0.3297578987471244,0.319262167952375,0.3107699414286546
197,0.0014082018959532896,0.03244495933194658,0.08176337475235856,0.11582952618831298,0.1841442424445871,0.21637258617336536,0.23367856598029033,0.2277256364999018,0.22665974635121983,0.20631154763069265,0.22072559092349336,0.2032693432010836,0.19706166526401506,0.18946149522669448,0.17730633245353458,0.17416299602363375,0.16021931336352047,0.16777670847196116,0.15386382934351772,0.12797582575116184,0.12813831163900125,0.12928847909629895,0.12244673744967059,0.12672996439830725,0.12678211059323238,0.13719351937949786,0.12916345273072577,0.14700739650964556,0.15721103452566912,0.1585133900497969,0.1381911703245705,0.1274884272022149,0.13439917490484546,0.1574597543592079,0.15010519922854382,0.15750673099099097,0.13481412856780348,0.12967714519898693,0.12300698079964575,0.1324345048275673,0.1445242182357356,0.14691512566373313,0.15446602575368146,0.12619378220125282,0.1232629790472898,0.12702686451387887,0.12051183489690347,0.11741993687018137,0.12335582394561735,0.09923802803681477,0.10511273088390823,0.110679069503155,0.09706614641421865,0.10392127341642096,0.10644299139014075,0.10751507061456207,0.11072832516218277,0.10990804486981892,0.11728282126732982,0.1324565613423084,0.13176850102414112,0.12424106247814645,0.12421115568197097,0.15538189033645447,0.15028537090466307,0.14660467312328865,0.14556535054473457,0.13894647773765487,0.13481401519580674,0.13202776952075335,0.13868424760446885,0.13741547896849635,0.1383564167829636,0.13461790721688865,0.14103163582706463,0.1427110528722515,0.1419206706547278,0.13843683304888563,0.13461891004747495,0.12618264850966324,0.1221013838437685,0.11276402834999857,0.11807140570992873,0.12124959732595839,0.10378353643235425,0.11371008953389364,0.11043969381179798,0.10656145404218498,0.11651787319027232,0.11577411416231234,0.12225545743793889,0.1239617016790444,0.12925054187020074,0.13546740155966833,0.13798032525445747,0.14357695035300946,0.1336724338332561,0.12904605139771344,0.13600906610082297,0.14315943614923887
198,0.008183043453183754,0.06519134322311702,0.09740098778057638,0.12467269749828189,0.11698523204142046,0.12747876046219112,0.09609937557197673,0.14248178517829946,0.14810426402671065,0.1525061807121361,0.12718948845172395,0.10808741739872062,0.07857054182174716,0.05578145636572573,0.055767598668540704,0.06036252066524859,0.046578800689785343,0.05127991150282481,0.04212032080556656,0.04187942579264531,0.03419134113663327,0.05087563729875098,0.052634070977103715,0.06917934337649527,0.06299517279087023,0.049350238906805434,0.050461484401276,0.052331061816205136,0.034171654197354635,0.03365414849053553,0.03774083872750498,0.023420072869121972,0.015449965557796454,0.013692541832662419,0.009177560263964496,-8.867221532384283E-4,-0.011251954976337554,-0.018665628871316967,-0.02945919555519255,-0.036650282076211294,-0.036421622996289066,-0.019240318274655853,-0.017728229246116108,-0.027599910687649824,-0.03815301039976729,-0.017053866604515064,-0.006296292976868156,0.003342188323366942,0.00240205952443807,-0.016973265125504858,-0.022905588615458442,-0.02038186620571687,-0.018392199729176825,-0.01906212199416136,-0.016774265306153766,-0.026759861234060073,-0.028352774500740335,-0.03524833046265757,-0.03155502516348088,-0.020279223165189757,-0.038143649596297596,-0.04561308790573695,-0.04774765349915325,-0.046179105610941164,-0.0497809730317067,-0.05750291133510885,-0.04713323732139632,-0.05214944684967808,-0.05337943734151182,-0.07059757291451071,-0.0597209750963972,-0.05957168999982982,-0.058979101959439735,-0.05430097170629474,-0.05727341895446458,-0.059926861705693765,-0.06749340289642541,-0.06884720684974141,-0.0683519196023686,-0.0742893100868113,-0.07535927082610422,-0.08001803743610099,-0.08025762930399472,-0.08358827183071195,-0.08428894125343268,-0.0846601225248301,-0.0766377556601005,-0.08706807109767341,-0.08777541960653343,-0.08801592989397847,-0.08581503045512733,-0.07999471058746405,-0.07471998504406706,-0.07046295808340058,-0.06781107931233177,-0.07515935997299847,-0.0744939858581494,-0.08710096716703239,-0.09029202870455144,-0.08625259313948193
199,0.0070280231101992685,0.04088197247427607,0.07064671577535832,0.139684676819987,0.19479967271752205,0.21117838603657166,0.19883416215338662,0.2061319299629948,0.21878769631876566,0.22376171453574822,0.24220025575795515,0.23381151153593813,0.2380393824840657,0.2323899358508956,0.2418373814135385,0.22217688836739913,0.2047721970291694,0.20214455225718242,0.21340271311903627,0.1981846729862079,0.17923476407800734,0.16731282549063142,0.17166816272847935,0.17134022937459,0.180835952674906,0.18383461668277426,0.18060258098456544,0.1875584545367398,0.17561144150782554,0.17913613459953642,0.1852926553378926,0.18334176710062594,0.19476237429633758,0.18513594682609924,0.18713685662716847,0.1920073631007363,0.20213653488200323,0.21043511945044643,0.21042280036954758,0.2075743724721684,0.21149120565282245,0.19945019026080577,0.21095576342979439,0.20625564238059915,0.19959635208351442,0.19970172478238787,0.20220002695785058,0.19976760767990856,0.19418711621993665,0.19681559507669877,0.1919983448635707,0.18059689995355124,0.17762490655564617,0.19017505950496957,0.18663845279660296,0.19627463872192266,0.20349042036886889,0.2021906369621738,0.1994314436534931,0.20571163195181058,0.2143522522419917,0.2233903766784526,0.23627582362132699,0.23511442950991646,0.23380730832590135,0.22870993864965555,0.23497772017175314,0.2420381937911973,0.22974638873190265,0.23472513344355186,0.23122400589673311,0.23059059050290043,0.23235218817561593,0.22799702211922693,0.22175654728995903,0.22783184202287923,0.21363600872089367,0.21577822010705938,0.21013732524586615,0.20663263776184249,0.20857049434826563,0.21513913883725683,0.21958872021276235,0.20129379139745182,0.1933794497556792,0.18478581425600205,0.21384375240512188,0.21053014450174232,0.20617684739850162,0.21255330308445694,0.20499796401963977,0.21612489597554496,0.24200600978264483,0.2454048592543277,0.24988087970722772,0.2550337656890096,0.25803646046971296,0.2551617647487413,0.24753378532047332,0.24985330383380333
