id,intention_0,intention_1,intention_2,intention_3,intention_4,intention_5,intention_6,intention_7,intention_8,intention_9,intention_10,intention_11,intention_12,intention_13,intention_14,intention_15,intention_16,intention_17,intention_18,intention_19,intention_20,intention_21,intention_22,intention_23,intention_24,intention_25,intention_26,intention_27,intention_28,intention_29,intention_30,intention_31,intention_32,intention_33,intention_34,intention_35,intention_36,intention_37,intention_38,intention_39,intention_40,intention_41,intention_42,intention_43,intention_44,intention_45,intention_46,intention_47,intention_48,intention_49,intention_50,intention_51,intention_52,intention_53,intention_54,intention_55,intention_56,intention_57,intention_58,intention_59,intention_60,intention_61,intention_62,intention_63,intention_64,intention_65,intention_66,intention_67,intention_68,intention_69,intention_70,intention_71,intention_72,intention_73,intention_74,intention_75,intention_76,intention_77,intention_78,intention_79,intention_80,intention_81,intention_82,intention_83,intention_84,intention_85,intention_86,intention_87,intention_88,intention_89,intention_90,intention_91,intention_92,intention_93,intention_94,intention_95,intention_96,intention_97,intention_98,intention_99
0,0.004667823874777844,0.0037626528573171726,-5.524645132473527E-5,0.008138048605715925,0.01703026644179707,0.02971492398984064,0.03867264383547333,0.06271704757546366,0.11707695851550527,0.1647545694545948,0.19381722962313588,0.20956644815110603,0.21310171680834422,0.21762085501027809,0.21414975077325032,0.20974626597274,0.19914300912814295,0.1840775612499722,0.1799407996166589,0.17153074602002227,0.17175320517450962,0.1648667199661037,0.15309246015314484,0.14945398958944092,0.14166798054678664,0.14217937745408077,0.14004309572422305,0.1379041777839426,0.1470920310698496,0.1450704776365227,0.14288424870226257,0.14073872749966007,0.13672176987688273,0.13406659307952165,0.12408419274198752,0.11935612715142938,0.12205311116178452,0.11628905753129049,0.109639023535473,0.11356762885753885,0.11456217411640403,0.11432493166864834,0.11169894225832655,0.10761152547482512,0.10353490305419917,0.1008352364704621,0.10779551784629877,0.10730984202115165,0.11423414752356267,0.12073467897676105,0.11742100328877164,0.12394746832284444,0.11946078959914107,0.12471767644469602,0.12159205058171857,0.11493435687770863,0.12407448576368978,0.13437497886027072,0.13192036742774257,0.13671599629507553,0.13744706261625309,0.13685390020902533,0.12867960727871672,0.114870268443892,0.11688439250374862,0.11881374566066637,0.11962083053344064,0.12073581410569954,0.12879149836398177,0.12306163982411981,0.1182899831578638,0.1146967699125139,0.11408187104123874,0.11179209801740032,0.1157979416933316,0.11821829453202037,0.11590701555053123,0.12117549755422971,0.12611785990538396,0.12949089644262457,0.13158524211300848,0.12929837723882104,0.12782459567523005,0.12338730234648952,0.11632092799438327,0.12105570115945469,0.11788139732041364,0.11302782055468813,0.11792951755421634,0.11860003643985734,0.113036468940872,0.11924034348231931,0.11638249692196784,0.11496009528157149,0.11353762340112315,0.10963542157649254,0.10561737747154964,0.10267438671814995,0.09330703120601433,0.08791811344650283
1,0.0041891563919625,0.034429516921363215,0.10027205594646867,0.21801358541985127,0.2896439777543337,0.3175847994678817,0.30855587535055434,0.29787544917215614,0.27866224541006135,0.26983391211742286,0.2678765606660087,0.2723644279345066,0.2694636208766634,0.26470839470499696,0.2586098200459875,0.25364571147108816,0.25324178966528005,0.25132413265266956,0.24714251377257795,0.2534044145336131,0.25215525213194345,0.2532517292083719,0.24119927569542607,0.2419351399783459,0.23890927375207005,0.2359144626188706,0.2327840103635685,0.22396681501014024,0.22390711558781526,0.21878708815307246,0.21547794935654707,0.21603701370304393,0.2239179863073467,0.2150814695976404,0.2197096462825828,0.21653981414379975,0.21689230274749122,0.21424181529501593,0.21451126231273215,0.216725752117451,0.21317973522405084,0.21163292400799869,0.20772927850086323,0.20903540411459315,0.20760060222603957,0.21150363373861134,0.2185597349220155,0.22106341403749283,0.2336413795214085,0.22876228214497082,0.2300909046481161,0.22906588672068529,0.22773028272066564,0.2232598006246953,0.22797639354978844,0.22276377700824074,0.2133537725906131,0.21509161739679375,0.22814824026536676,0.2381709364571094,0.235524833965351,0.23329779782201354,0.24546690724822226,0.24735487741367643,0.24118369012855556,0.24657564830905443,0.25588023888767475,0.24646644592237815,0.2489261887092335,0.2550772177376908,0.25660313609968766,0.2518441615779516,0.25267676925438587,0.26112218572708173,0.2576793016424237,0.25496182340933027,0.25083197501304705,0.2519705039342924,0.2534730316128409,0.24949305348804235,0.24836006248922593,0.2474887776924928,0.2464897291669392,0.24821522538785726,0.24353155407878513,0.23623488706934703,0.23728578115460064,0.24012243025532382,0.2405921897368833,0.23840042496333327,0.24152024651611484,0.23849994592164772,0.22986812117612412,0.23445989429133735,0.23451426089033414,0.23153922307158425,0.22995364222663978,0.23212164666753288,0.23280873180877554,0.22974582217126924
2,-0.005860987562988112,0.016789445758188207,0.06182418483957853,0.12628540255658804,0.18969224173813587,0.23948221937076108,0.25969936260751003,0.273307687627058,0.2683313969483569,0.27418987142517287,0.26563499442566707,0.2691408888900735,0.2726851894652671,0.2799251138835333,0.2746458167042368,0.28413607556550713,0.2873606969419426,0.2917150019616394,0.28063261052710986,0.2721974943926503,0.263171376580721,0.26321504888471325,0.2594540554804313,0.2675359241912574,0.2635429598020462,0.2592461097053361,0.25205189157977326,0.25051034464965855,0.24099537845118613,0.24098360870945718,0.234649556793698,0.24036558355708781,0.23255041573613439,0.23251442717135076,0.2285048933745949,0.23144918031371872,0.22766834727837115,0.22153813792733332,0.21184537478958873,0.20651096833066065,0.2080627766194665,0.2042953292276549,0.20098263121905088,0.20398753581041476,0.20729047986659915,0.20297478345786316,0.20570917535185582,0.20543420979657118,0.20776223290018422,0.22134718563418243,0.2216527718876783,0.217356881261583,0.22150162121493036,0.2201570498943113,0.21520305132819234,0.2231148419835143,0.22194710614404972,0.22537534291387915,0.22586877094743943,0.22177957347895805,0.22894092963901008,0.23042616500985968,0.23043355610824712,0.2260209860574786,0.22636917636599763,0.22490248686482223,0.22558801567571896,0.22373763286970733,0.2186488743245869,0.21677439869381515,0.22364260808867337,0.2252249321472236,0.22124913439851002,0.2287647337848063,0.22892845537099904,0.22673427720875983,0.22492492773938128,0.22108406825706833,0.2234901359953035,0.21962398503107455,0.2180879079273088,0.23238583628108525,0.22787496665354112,0.22944265983383438,0.2376177079855032,0.23571681858401664,0.23377430603011218,0.22434542392029438,0.22069517110392567,0.222003066543716,0.22470804551423965,0.22406003471171151,0.21385456604258812,0.2171792665849412,0.22184285800565967,0.22688256954380626,0.2249901878319892,0.21662165378878992,0.22481541461225432,0.2223213745615135
3,0.002054254363710202,0.017055686138502505,0.044594153023848525,0.11258042822097995,0.23636723302608179,0.32620637807289193,0.3684679356380601,0.3815490308660289,0.3920238089626313,0.38593016531644536,0.3855345237703575,0.3748374886972096,0.37095526428619435,0.36728890375573287,0.36496912224288613,0.36293823108709233,0.3607345548654768,0.36481463220746685,0.3706334322339251,0.36716168063869176,0.3639692386364352,0.36064452366487354,0.36025910848032905,0.3592701895004632,0.3568512854845753,0.3506239493524974,0.3525201705524519,0.3526450320024045,0.3467023387010648,0.34962856232435824,0.34671646352212704,0.34714775069180603,0.3541101528949124,0.35517039684758395,0.3586453927214975,0.3565302221908354,0.3620774503570712,0.3580572829940147,0.3589306367999086,0.3610150022455936,0.3592884878323337,0.3626159448020857,0.35885274968619163,0.3589685341708085,0.3651590515158551,0.36381946612836297,0.367659106098608,0.3714612841320036,0.3681503482813335,0.370626309531324,0.37083537411216677,0.3660433776388573,0.36417012794616277,0.3573767490574758,0.3592930225285799,0.3598756514041441,0.36126771221664,0.3592277614415822,0.3559194084742128,0.3566556771497954,0.351428721247072,0.3491901176929479,0.35343148000247254,0.3500652290656096,0.35034824783256857,0.35290620672699347,0.35021489808384226,0.3435459911989107,0.34978829500135894,0.3446776813309633,0.3472060058415204,0.3514810839098342,0.34675253578048365,0.3519553840177648,0.3485490222697414,0.35354533173380354,0.35831091847224406,0.3597461722458142,0.36251073873838807,0.3618943033740677,0.35569275027250913,0.3534217633323371,0.3464456579947132,0.3491413488119296,0.34020738837483216,0.3460649593768913,0.34989193535705504,0.35834956406014773,0.3604601177078061,0.3539803196660166,0.3593664382228621,0.35390184642597655,0.35652687910717407,0.3566176674685594,0.35669227714767343,0.3530152934812111,0.35265855682169345,0.3490967964724728,0.35323600532083654,0.3526445814785405
4,-0.007516394348216601,0.007919844643744834,0.03024188336636364,0.10148599442783394,0.200492355295491,0.29765404241587157,0.3350964912705752,0.35819622738310486,0.3644276225116212,0.3494523149764972,0.33142684622072205,0.33248793100755725,0.3313188100027198,0.33524380310971347,0.3347438009747688,0.3244260745132679,0.3061623138141335,0.29100894973484964,0.28787562500157343,0.28685367508449866,0.2907943972012719,0.2955385987185086,0.2890272321546089,0.2858238486119021,0.2912692174964894,0.29935151012024386,0.3044703516512364,0.3018129431446521,0.2910927795019828,0.2902531229401384,0.27991617372239225,0.26788136103816085,0.26371273169078324,0.25735118326646944,0.2522893191640079,0.24638594683016504,0.24488567920605367,0.24784542658651396,0.24402085911970695,0.24016140833024863,0.24173082610716443,0.24336454773175983,0.24542362120358033,0.24679290624397696,0.24793601338377289,0.24269251215038323,0.24742003683670621,0.24717212641437555,0.24623653330265452,0.244224946344042,0.24208970177669806,0.2435967061346715,0.2437249401898789,0.2447052976168457,0.2504174894408419,0.2440071856906844,0.23973812842460343,0.24379945962589195,0.2366223617121157,0.23463900388221032,0.2395333266468872,0.23958814278540053,0.24025998907704202,0.2328511031743857,0.2378679727097177,0.23914728648803169,0.24215585819682262,0.2412940865229816,0.24441952359736616,0.24064903580373684,0.24504273812259164,0.2507202246466567,0.25473411521335687,0.25099218832134623,0.25903434314351254,0.26116145167087723,0.26359466468485854,0.2678962754029347,0.2664751875380694,0.264195701754124,0.26683438193924525,0.26644172557182827,0.26337269946788394,0.2612074592337345,0.2534900084270788,0.25902977973365443,0.2607660971109104,0.25891178984453267,0.2507236476540094,0.25394909229187496,0.25996855805860103,0.25585547435661554,0.2576768121105706,0.26097605496458315,0.26132016994413354,0.2703072949661929,0.26932775625650957,0.2704240383106416,0.2689191435955939,0.2671428492762292
5,-1.46033907466432E-4,0.018128568567348433,0.07493342816437669,0.14627992337863685,0.22830940012009232,0.2788778849703815,0.28016698146546537,0.2792794590431067,0.2670267377783137,0.25089724627368826,0.24760140260052665,0.2349539691776246,0.22453033722858773,0.22884253731676174,0.22697911633734205,0.22486328936465141,0.2170812057160477,0.21328921365408668,0.20064620903691688,0.20115470737691368,0.18633705021284375,0.18074044142804535,0.18457961723790997,0.17958937742866676,0.18019065575974758,0.17781164563208354,0.17088217490180335,0.16936242070295082,0.16635728067410938,0.1671973530455601,0.16533106819809845,0.17362988808641025,0.1809033774084974,0.17387495117219948,0.17429214901240278,0.1789455823869924,0.18319302294582887,0.17956219205059612,0.18227476453183333,0.17653044248033115,0.18377160408670268,0.18594040950875107,0.1832668346690995,0.17546703214042553,0.18232476882256116,0.1766348354355441,0.17140327791610482,0.1702681873018192,0.17267272976765444,0.18981588528690005,0.19626290338957017,0.1946424649717009,0.19113646218903424,0.1907172197984876,0.19147249466721672,0.18759145790423518,0.189726246564969,0.1907451063311164,0.19256809788538884,0.19256948204618737,0.2033872257297126,0.20795388672728315,0.20240084210973072,0.20553348439740163,0.20610361453927603,0.20566033233571993,0.20043441473830323,0.20282514190548745,0.1981598760420146,0.19190979419197635,0.2002629864023924,0.20438400286224642,0.20632300301101,0.20761150922518543,0.21007528661248806,0.20649338135854733,0.20755774689408135,0.20587568421208086,0.2033398078456584,0.20294214359520113,0.20499925139429068,0.19665652502949452,0.20240961027239115,0.2013896195409134,0.20323230185974314,0.20461673446804454,0.20553969691031482,0.20692728522333895,0.21400273647564036,0.21302286442302606,0.22005182684181313,0.2181386748690281,0.22193043744729302,0.2232727522237241,0.21647056563440817,0.21189247103085246,0.2109564373052113,0.21446733995806994,0.2137550937373312,0.2197001464746141
6,-0.0030055085298985092,0.02970317280504023,0.06142135322872619,0.12165927420429457,0.1790591797494664,0.21188889925847157,0.2207446476130015,0.22879132468886149,0.21373042732030556,0.20173504463682662,0.20366521012958738,0.2077339276790393,0.20414462883960724,0.20629515320914638,0.21444955047667555,0.21977355638840856,0.22126867787592505,0.2160312230733101,0.21218932299773674,0.21880241123401445,0.223747993476681,0.22071377132143574,0.20971780209653265,0.20713801120565198,0.20091446931670087,0.19541117475714337,0.1978134183302906,0.19501139217627003,0.19717859705628732,0.18192801061072372,0.17554398601573717,0.17228759855766915,0.15750488090475254,0.16250656489030604,0.1616758342189451,0.16506578341318762,0.16957982968698318,0.1758083442422551,0.17510909324013077,0.18732088865862173,0.18712011379410423,0.18982443312209538,0.19648392160313455,0.20238748039277613,0.1988198988077337,0.19850642746597355,0.19852817380441148,0.20691696992710085,0.20940641792236558,0.20786413631014597,0.2118353971050355,0.2217865527316369,0.22169610851448482,0.22220581574079531,0.2161656253822995,0.20945545177725527,0.20883979420330448,0.214452848732565,0.21296597848112334,0.20519637194352974,0.2098681668283409,0.20179244579559585,0.19716394882949456,0.1896254394167344,0.19014263648487476,0.18488338727892561,0.19339198636111082,0.2005592464366665,0.19627506949110843,0.19789923652628616,0.1971583916370765,0.19997121955594926,0.19749810015695043,0.19991528175222284,0.20106552379241693,0.19552607421444404,0.1925422483685167,0.1955042492496199,0.19154199362153615,0.18928951639711408,0.19144531743459517,0.19473102708491488,0.19227701373551986,0.1932227914432415,0.19746623438818695,0.20469148978704652,0.20777963116212805,0.20782822923777086,0.21093460796888916,0.21592946072421806,0.20842961888065276,0.2027582563906872,0.1965059921514037,0.19152249145456682,0.18544659136288386,0.18501069082028246,0.18084696992977176,0.19101265404082343,0.19408701683870247,0.19276877625596245
7,-0.005251544944451454,0.01667937446466616,0.06317565364077578,0.1222908278732055,0.19455942709453933,0.23220082704359624,0.25641673346396415,0.2507187338144333,0.24613636363393127,0.2363511903039741,0.2323289436293542,0.2207531044771351,0.23070745881476198,0.22949057778295834,0.21740864477089109,0.21848621015833836,0.21330072156900276,0.2055299486675395,0.19527620765348266,0.18856956665332295,0.184886908141286,0.17253181749760343,0.16075599836539126,0.1671709822273558,0.16298677316271085,0.17259416089129945,0.15941990878397513,0.16196984666101535,0.1615160650624738,0.1553396023819509,0.15936197652518064,0.1637087854443397,0.1698314826439467,0.16820764690051018,0.16340503752375327,0.1568484749460857,0.1593785471694638,0.15418390565229506,0.16377993681513048,0.16631995470904215,0.16963832299155587,0.17684305062928807,0.18037103728354315,0.1849574741887705,0.17700190673951335,0.17988703247447987,0.18529755011602275,0.1870360466361338,0.18395516641010112,0.18429227939234646,0.17866526908771835,0.17949491554711042,0.180447773361722,0.18845885882057348,0.18753117293418914,0.18460178295659627,0.18109089891650837,0.18833962509965396,0.18683552207234955,0.1846345127260776,0.18626699411496875,0.18683279090578295,0.1995813619091864,0.19991858362090387,0.19019357353892585,0.18643727656521242,0.1831953943110361,0.18378394136279008,0.17991335099048822,0.1803035199621775,0.1886429361389893,0.19528116270521786,0.1975274621879281,0.1967548870611735,0.1971140323712403,0.18994696725120325,0.2014123566702626,0.19936640627084962,0.19854415733395986,0.19812683168848802,0.1990246333093725,0.19356970397345644,0.19678819930916827,0.20421092012796577,0.20793906375759974,0.20742423095964976,0.21189748432944217,0.2113263058375438,0.20286695804488203,0.20367356033562864,0.2037278211609105,0.2007693547649767,0.20177493500990035,0.2045515606987502,0.2023902447108818,0.20299471495209478,0.20313859840629736,0.20374059739282083,0.2004093057078196,0.19765843505918224
8,-0.0036726177685608833,0.04041257000687735,0.1120646437006766,0.18374776503678103,0.255666511981247,0.25959822377907255,0.24668720337408495,0.24809054314170745,0.24284642654106117,0.22999606611246867,0.22670816000621646,0.20779970297850447,0.18124595316972691,0.16781106318848932,0.15030201093963508,0.13785281412701816,0.14212946299053486,0.14572299288585008,0.14518057583128446,0.1374899117517331,0.11921714542514109,0.11450019238154008,0.1109668219135389,0.10885588873223737,0.1078427450555194,0.11598869217464598,0.10810923452264155,0.09711730880077553,0.09655133015026848,0.08911089346247833,0.08965243003594386,0.09613973413291287,0.09661191067200488,0.09649016956436744,0.10106100252701955,0.09952409530927858,0.10084076250075645,0.09322135932205523,0.08753333632584845,0.0860802755187111,0.08131450937801837,0.07508576142734052,0.07558659126162376,0.06798417383135794,0.06739266251484163,0.0704258609817027,0.07347456246483416,0.07076619846885386,0.06883198110695159,0.0738626747736362,0.07590292141541675,0.07224388951198765,0.06557547884445283,0.0673133475247897,0.06383803203621453,0.060911463639761444,0.05397692341380778,0.05022276753304311,0.05355237325280861,0.0458171972898994,0.04599121881108704,0.04800906329423721,0.04867310953980342,0.04674889281016144,0.04536090636923289,0.046510040080140896,0.045895352609924174,0.04487099512450766,0.04801695821603686,0.0481693232516904,0.0532685419659899,0.04314030914179529,0.03869799384991079,0.04972516556042338,0.05369227105068765,0.06358684896241178,0.07153285013517383,0.0718626476991488,0.0678682393504113,0.07201290068256108,0.06878797167932406,0.07475746610969242,0.07659154123759251,0.07938471589167903,0.08454628896039836,0.08437127367069168,0.08564580559577627,0.08826057615376497,0.0803261033221207,0.07774851801910883,0.0786084305961925,0.08635573378618065,0.09018227977115084,0.09536401214912878,0.09564541811535897,0.10102562412240224,0.10168414121688069,0.09924649886931933,0.10299293004972258,0.10129242203403704
9,-0.0013377229196586968,0.013951783577616053,0.040508581880675354,0.08734488361035449,0.17058990260012594,0.23719707579044103,0.29031506470748225,0.33133033113372873,0.3573779610574374,0.3775969922452,0.38407468341864615,0.39310377995492174,0.39962266504124827,0.3998418930354056,0.41263766133307356,0.41739072237590924,0.41675256319336357,0.41647919017237534,0.4084263848401172,0.41692384377046837,0.41607823705322694,0.41008945853364154,0.41313525047191674,0.4174448309536314,0.43371332920232164,0.432603795853357,0.4256583963575241,0.42087623947569497,0.41817696230306206,0.4279280289282956,0.4262219612242575,0.42243181475939723,0.42135829566917254,0.41748648380649145,0.41192394714380237,0.4082092568636602,0.4185337890568968,0.4193006652606098,0.427599217536192,0.43017980672353334,0.4291029145626395,0.4300160803923464,0.4420670043618275,0.4498436284020783,0.45321798260880913,0.45529795685676433,0.4678843247510745,0.46613696710730174,0.4589421105916297,0.46186101514822847,0.4544074526342014,0.44938303829587767,0.4471773754914581,0.4464616553166826,0.4512351825230097,0.46162633583195567,0.45499339860584137,0.46153038648164496,0.46040837882754004,0.4660622948700675,0.46475006028724763,0.4698986763874202,0.46123162247307387,0.4566324076754678,0.4505283559236382,0.4466243378750548,0.4440017297749085,0.4435614739338275,0.4379595636437634,0.43396397832143735,0.4422352371899105,0.4322186294749407,0.44268499447779275,0.43753495729508723,0.4379267311251878,0.43441310545620854,0.44144516367776476,0.4418351748570429,0.4481298470361276,0.4545722759653895,0.44946760285270776,0.45158829609062456,0.454238907487324,0.46639679412363955,0.4536322987850197,0.4513459579252773,0.4532172066833264,0.44809701899087345,0.4434311805266314,0.44924291304881336,0.45359622331524946,0.4470760855541029,0.4481481779308893,0.4530905212225563,0.4486120245572768,0.4452461855062312,0.44302451534055265,0.4531701321853556,0.4504033699070426,0.4505942747254325
10,-0.006157386288352831,2.111023083628448E-4,0.007557510663641742,0.043204968124204844,0.10789379729477114,0.16962449740886193,0.22722192077932285,0.26555946560622834,0.28434393087139603,0.2856863795875678,0.2747411069983854,0.2700795183140351,0.2633050109526167,0.2636049392894578,0.2670663442211222,0.2633449050273066,0.2578691725813038,0.24575858698864944,0.23868736105021354,0.23875850402142532,0.2351646356588229,0.22751794427409092,0.2155171465627013,0.21069154550389263,0.2059731906681225,0.2060499842605691,0.20775469490201226,0.2087567535567891,0.21137341272767976,0.21665693181011314,0.21425185916741987,0.21510427767432144,0.20458061853510898,0.2018784705893761,0.20682566826001902,0.20341347659913261,0.2100232524844908,0.19893283174906615,0.2043367184779674,0.1986161210923951,0.20279616710919793,0.2087766882209084,0.21013442152301873,0.21151709292525278,0.21519002761374748,0.21957804896798752,0.229082033765636,0.22404649911955699,0.21415903901639408,0.21581782879478845,0.2202139689683642,0.21278869835174968,0.2156948650208625,0.21895460132999253,0.21144205451808587,0.1988919729115708,0.19746129491209083,0.20039807572547008,0.20278897403315224,0.1934267484716653,0.1922622397467008,0.19450888946296474,0.1933697695250387,0.1933935383291472,0.1876361402233831,0.18678740887008796,0.18379778285734039,0.1855056627589703,0.18520312151627305,0.1852245376060396,0.18118459002589837,0.17574024550738168,0.17866885280776906,0.17723103913224864,0.17378562705130193,0.1882003173884305,0.195506698238004,0.19845518161289075,0.19482034327511827,0.19265883561571723,0.19479777594891304,0.1991036787982106,0.20824055493042923,0.21479737655629297,0.21773924799687616,0.21392247668166423,0.21785243711205776,0.21475485386368887,0.2099041570934482,0.21193046517395214,0.214835961303563,0.22333892004362688,0.22631538806706547,0.2278582780922402,0.2270359158080283,0.228352523060646,0.22336417772911527,0.2229329842416311,0.22949324101497137,0.23333234836107133
11,1.936982702055872E-4,0.018928813674792416,0.07294758020102718,0.16486976273827306,0.25073389284176173,0.3158702170248622,0.352532547242348,0.3685259123830316,0.37093741074791226,0.367985168611908,0.36311644350718425,0.37056422807062256,0.37903027406590034,0.37204524433766034,0.37590294705661287,0.38110933527445456,0.3819366058347719,0.3877318528958156,0.38348991563997636,0.37063175317119634,0.36697791066563973,0.3599384870857538,0.3559301944516703,0.3500111675708931,0.3593834446467614,0.3630322393442561,0.3553726716826454,0.3563247436098446,0.3516089866912816,0.34466521899454877,0.3511127383510095,0.3537046190834804,0.34380821030324704,0.33960611673342794,0.34493051846920303,0.3473711494063268,0.3356546533963241,0.3308310248180815,0.32944258639862833,0.3356075815637562,0.3336342504685069,0.3386209421948042,0.3360112679101397,0.34280043114063813,0.3394800607886825,0.3545079760440406,0.34616828909541963,0.3486189762646175,0.3566310642231983,0.35450540606496866,0.34939283082342604,0.351120420366498,0.3525950003928304,0.3495935233110157,0.3576601905787233,0.3486413864788787,0.3497362882968566,0.35743514204542604,0.3556531112614623,0.3503631141251975,0.3438319558013641,0.345279545023494,0.3458281608639332,0.34539237341216356,0.3449469717589764,0.34410107546848245,0.34438064761667847,0.34657305532025906,0.3505892572997981,0.3522948619727381,0.35064946346411685,0.34646862674316403,0.3410921419292881,0.34312597027668834,0.335297431982905,0.33942893256852436,0.341922634483287,0.34267277856960965,0.3390137048330286,0.3417693624289214,0.33728384886236024,0.334206643517477,0.33733990068528896,0.3407245035522583,0.3464330550481327,0.34324599547098417,0.3457109434454621,0.3433256765639902,0.35030665454488746,0.3488606146465738,0.34750870179178184,0.34359329833119234,0.3442086338675295,0.3417921804419404,0.33580426776132205,0.33575644951406075,0.3434552051412744,0.34213308133682757,0.33802595104449795,0.3365025649348128
12,-0.0013474620965926614,0.024216514869653677,0.06448887857439894,0.13433150156437731,0.22366687591130824,0.29631726834410477,0.33129051133281484,0.3532858669080385,0.36424822700645587,0.3571990588216498,0.35639391695735895,0.3558507404366394,0.3653908122745095,0.357067217845428,0.36890407228431316,0.3688328848501324,0.37018301342255866,0.3761925329909912,0.38167200050236955,0.38569568322186343,0.3882429397687633,0.386522423948024,0.3887365614854897,0.39213155401116656,0.3989056024775462,0.40191191442066354,0.4016389281556389,0.39893447771178586,0.4064297634891887,0.4040798330149788,0.4012504702431744,0.40134051764895484,0.40671907102932026,0.4149770258355342,0.4200195763157514,0.41851797179915046,0.41376149808329993,0.413678913116257,0.41359563522616605,0.4029276054630592,0.40541529579514907,0.40907867286244015,0.41207087263559994,0.41505069727803723,0.4195086315676532,0.42646485830435815,0.43095182544257943,0.4252065783252088,0.4252234790201416,0.42733939405050725,0.42404041266167036,0.42355377609890277,0.4250171844552837,0.420558283780639,0.4293028401471694,0.4293964988009866,0.4298340353489643,0.4268111095114689,0.42351854650578147,0.42772043208742105,0.4191057378989239,0.4237516975130929,0.41806467319329693,0.41427804906648263,0.41601876561801066,0.4188134001067775,0.4189637234044046,0.4256703368901365,0.42759549001103025,0.4232644129216181,0.4265652691214069,0.42234918980571,0.4232923290666681,0.42788041480504774,0.4293592573128774,0.42549550116389057,0.4263333163019587,0.4231009194020073,0.42314869473131433,0.42250055240757506,0.4219336324023867,0.42475986140702543,0.4294625435060114,0.43314924593575926,0.43424988229458455,0.42902988930566593,0.4308989995456618,0.4310437975490192,0.4288922879680557,0.4322578907123566,0.4285139808446023,0.4334621881462105,0.43310416742734803,0.43406334361060084,0.43516855795770554,0.4337422809793489,0.43747866271594843,0.43826112157823255,0.4391522226506165,0.4362298256074345
13,-4.426103225324367E-4,0.023842379506431578,0.07189176674963,0.11484394007645828,0.17373060624723533,0.25326831851822484,0.2920620428093399,0.3036446357591846,0.3112948478458824,0.3089677302046394,0.3095763295278603,0.31151368439069405,0.32531555302526416,0.33560783192711435,0.334026039882264,0.3329799632052945,0.3265140707046942,0.321539507501705,0.32272710368041824,0.3252059818178962,0.3241441617460818,0.33123729720273226,0.3369672606680559,0.34338011265620305,0.34836640334861735,0.34633794420297953,0.3586878284961745,0.36282719822697707,0.36267594878158493,0.364978726769319,0.3739449129184434,0.3799966061147357,0.37746581671608015,0.38021412186098097,0.38912770697595106,0.38984234631726733,0.390388601394174,0.3896535171136508,0.3953352399007413,0.391528112207696,0.3851260670338428,0.3835803704218997,0.3935270067821292,0.3947810340511412,0.40234278881456687,0.41044735781727054,0.411740260824006,0.4157793565663993,0.4102969264376198,0.4133056561007597,0.4085778526114458,0.3956482566206126,0.39675202007857324,0.3913898272371016,0.3952036605598308,0.3911501751226412,0.3961012738383797,0.39259088663055636,0.39044216181534913,0.3917530982223264,0.3872043660116632,0.3944901284839638,0.38965743742044345,0.3885117299110518,0.38413113753598216,0.38541144649866516,0.3884661280907882,0.3881958369212171,0.3840038564008317,0.37802153498261376,0.3821456030951533,0.38327560848396297,0.3883248251741419,0.3986364478954089,0.3974371495731189,0.40068755156498326,0.4022852449633505,0.4024859378628936,0.39093022300015234,0.3873309341989662,0.38459174567313015,0.3954008856867219,0.3961157660104481,0.39494013368062925,0.4015999856797997,0.4076462443283368,0.4080230600344193,0.4082847879581074,0.4091253393805575,0.410947147385786,0.40890966728225087,0.40756579276431204,0.4194713633943985,0.4153792230592576,0.415984924205328,0.4148991327758524,0.40640704993411775,0.41104471746944293,0.40700354118683696,0.4144876117463778
14,-0.007009852110209711,0.004640594772799484,0.0200138460121097,0.041771543050919006,0.09863203600773984,0.11750226808247335,0.13654588363391015,0.13942684722355644,0.14003170998744585,0.12632713805357149,0.11747890177398931,0.10684618342339217,0.10314586676921479,0.08930900578097992,0.08336819329306978,0.08655746887794999,0.08654506731986683,0.08612214086217387,0.07740550681267448,0.0681061875556284,0.0682800347491656,0.06879984277682002,0.05318299637887386,0.06953593142852561,0.07025612785274227,0.07247800735255323,0.0725488604721738,0.0628699698748521,0.04990595573812682,0.06640661037272597,0.07624472610390244,0.06708097613948848,0.06020275655702131,0.05109365657273835,0.03611920823215864,0.039887359044689756,0.0453589538781435,0.054762353991909866,0.05202001636941391,0.04889598198387736,0.048398294972375924,0.05326515798211709,0.06180324328204967,0.06371416540836881,0.06337640971966851,0.06440911001919088,0.07724407016783558,0.07377857646966905,0.06444550314982257,0.07561696249681163,0.0792919170178494,0.06934833277032125,0.05264418606784472,0.05453875605696647,0.055028851275051055,0.05576162533679589,0.051820191994500275,0.04074864155304863,0.039428184826353706,0.04399893330975044,0.037374898682353636,0.038174692551984996,0.038705321182029934,0.03885928688827541,0.03369983830090819,0.03202284659048024,0.027402225995368762,0.029075510796827957,0.032493026570297505,0.026437985027548842,0.025440835407147557,0.03305744034681187,0.031628455459772116,0.034485389176997214,0.03981972215054211,0.04396767937102498,0.04084163158360246,0.031132037862727065,0.029396822324234528,0.03813712065541269,0.050110857044518446,0.047720537802984825,0.05141843426421367,0.049424998185826186,0.04913499477007871,0.048142820360240354,0.04331719062376137,0.04851070682995959,0.046978112903424185,0.04367998757310647,0.042626183317842806,0.04471294634945932,0.0410837203565598,0.0414661479002786,0.041087260951467884,0.03125639874977023,0.03169728855265123,0.029575429456733526,0.02817335278725237,0.029567512183025554
15,0.00410102518661868,0.015051870447245272,0.032070349117354506,0.05506580922940995,0.10215088602665338,0.14355371786879456,0.18484321793864186,0.21030978386569216,0.227876983962933,0.22148328592030392,0.2122046108683789,0.2042703752033873,0.19002080336139254,0.17454574942731813,0.16198033252053673,0.14744697980814003,0.14878472529651188,0.1426794114461015,0.13493185956998885,0.1345566834272301,0.1308262667348763,0.138939300315785,0.1402279340351275,0.1255496858276492,0.12602190464856602,0.12266921050125935,0.11977951221915221,0.11928935341261437,0.11938012702670711,0.13056193975542954,0.13666199884522784,0.13205289251464591,0.1329517363951112,0.12465267943586472,0.1260933666724427,0.13882859543851936,0.1326691091591181,0.1274854748117508,0.1266160970650029,0.11468088355218155,0.10382193086306027,0.1023644272516036,0.09405927802036473,0.09587717046691599,0.09855648146353867,0.09094277521459286,0.09277112169375741,0.10161141791375217,0.10551783337960954,0.10009031160241667,0.10320065589928375,0.10543147705226129,0.10637385998721667,0.10593235088088505,0.0968620054159517,0.09886400645123647,0.08609584506886182,0.07859230438173345,0.07139932883901651,0.07086993564128283,0.07471375859441207,0.0768423821112223,0.07772283394985728,0.0780429177714765,0.07782216163876306,0.07467029966042021,0.07028793187714205,0.06866655088215111,0.07343155541015252,0.07805091600713655,0.07779566752058661,0.08051336856825858,0.0819156747304559,0.08521152787013729,0.08945063331240188,0.09389577071025071,0.10188183564103459,0.10195059724968726,0.09800851985196501,0.09407229535458324,0.09351142339131258,0.10151378011438998,0.09922604308726153,0.09737413995035438,0.0968938983296089,0.09292504994894202,0.09382354667705925,0.09508332275261093,0.09612008028196936,0.09892470610073373,0.0920015583934999,0.0908823414138914,0.09287937274465624,0.08950621886227914,0.09241260106282559,0.09778769414490603,0.09117875835564555,0.09636948891485655,0.09075786845622698,0.0811781880103314
16,0.004245519929607778,0.024390896664457228,0.07230383413530768,0.17246629750320686,0.27609396199332253,0.31567687918799886,0.325301413127307,0.3192850721068301,0.32248747320551696,0.30938306804514026,0.3049424005310493,0.29586061535127356,0.2849214996100013,0.27693392135492967,0.26940318377423617,0.2564418488287084,0.2652493521337449,0.2629343708540623,0.2625600355282029,0.2670882035368823,0.26731264907816193,0.26603460447916705,0.2581164640419781,0.2562118570334316,0.2490781106870631,0.23921468051273007,0.24185912378836855,0.24040375000585723,0.24006516652152743,0.24242768354343278,0.24557077259202298,0.24241600743202485,0.24276793226251595,0.23349772926516502,0.22834875839551272,0.22091552163700598,0.2199370869461629,0.2218498707851453,0.22347521682626925,0.22295544519634203,0.22441943313438173,0.22971601447283,0.22434774194735765,0.21419455481557761,0.21006697896992654,0.21674471025909828,0.2246338241777843,0.22483012397349678,0.22532899120901706,0.2207610978960587,0.2122982215762498,0.215980769327106,0.21479611835000065,0.20862084950919133,0.1978922298626879,0.19855459042738574,0.19295282189801186,0.19330457201558202,0.19192618407469766,0.18515448995399628,0.178751385358221,0.17436547576580672,0.17612010853858945,0.16929178297533934,0.16863384051187816,0.1728788575872531,0.16293807282369735,0.16136443097367828,0.15715069647651267,0.15691542692911103,0.15287506925731553,0.1564651749793592,0.1497300106644523,0.15334819429904534,0.15913360915234387,0.15938350796448467,0.16259913925748656,0.16256829880021442,0.1631515634009672,0.1647398613970827,0.16690397816590472,0.16115981685389177,0.1628609475370705,0.15241829366749648,0.1539766827191121,0.14847028717929692,0.1551741107939065,0.15987288421899357,0.16965416530471594,0.17059169779157013,0.17254908544995545,0.17012807773672062,0.17023801031265698,0.16679769785696505,0.1677531090562098,0.16622012556090804,0.1659307446560087,0.16756432285407782,0.17044133824233212,0.17027614611203518
17,0.0035120554170387976,0.028540789329696295,0.07559286076053827,0.14378823092623175,0.19560499764952954,0.2144909217565983,0.197449934621598,0.18208108559704986,0.1739333852659567,0.1599375428095078,0.1489631953065207,0.14004291859823695,0.1351050800277533,0.12520600751286362,0.09746822310381122,0.08122441376440168,0.075584296285046,0.06280121325731752,0.051965286600941366,0.0533178924107513,0.0552326956968332,0.05089447948841279,0.05014085544057819,0.045810670408716475,0.043832152215781205,0.03550824935886118,0.0371932383647246,0.036319103050911766,0.04481514763671969,0.045892832680455006,0.04394341948446776,0.035071212881817006,0.02486844250844209,0.01404876883369051,0.00507696784305371,0.005972536462510636,0.003110853069695353,-0.004804202642593536,-3.4541363243550423E-4,-0.0034859520195969413,-0.01298169801148337,-0.011929101701175497,-0.0013595116922073415,0.0018882711325141541,-0.0022621212550259454,-0.002358545990764978,-0.00539625192208465,-0.005432624749271388,-0.0032676016310598972,0.009898529716328501,0.01903099110439083,0.01582721226127624,0.02564624965819402,0.02298666880324864,0.021697489532611813,0.022825018983654282,0.018888574360528466,0.02822108895206634,0.017426887009817874,0.011849474924818283,0.005669231181478769,0.008647959079848007,9.152626335160744E-4,-0.0018529132257154273,-0.006712137840883079,-0.005556295159958618,-0.010944095770144156,-0.017107628608557367,-0.03427296703995063,-0.04017453644757145,-0.03971464914845288,-0.03738735964954797,-0.047144536754221915,-0.04184088501244239,-0.04304098707517042,-0.031317389734114326,-0.034977330179094254,-0.03330958971500964,-0.033784585048342565,-0.03551770545805739,-0.037401278525204966,-0.040602827132806996,-0.04249494608506895,-0.03830839439267423,-0.044868023271033994,-0.051412524056314475,-0.05285596741445,-0.05745286171161037,-0.06542581599569423,-0.06706262142468437,-0.061180329576957,-0.06213122176627937,-0.05650633187757937,-0.050449609840539165,-0.053966231829852634,-0.055324803003708206,-0.053170419450978806,-0.053179865597046,-0.05376322677686119,-0.04882236217854345
18,0.0027764919988563265,0.017785057586001473,0.03567058792734633,0.08168432934469924,0.15230782577288265,0.20959708573284835,0.23498718979491062,0.23180580732093176,0.2347169733309911,0.23323650046690658,0.2288740955498037,0.22140126708354807,0.22551388668443753,0.22462950455942388,0.20808233321679373,0.20687080425672805,0.20153171710516118,0.18999389789321908,0.1933151568828151,0.1793493369666634,0.1674650605627863,0.1580328992381244,0.1478665373006469,0.1447549909735638,0.15236785665094243,0.14272439868954423,0.13387377389533234,0.1308854408501742,0.13491698185172715,0.14358109158416274,0.14948244319803294,0.1377710838310172,0.14455271982465082,0.13962735561500614,0.14059258961238327,0.13992476243477608,0.13880032042733176,0.13156737166589264,0.1249512250489906,0.1304772622091491,0.13448802349399785,0.12979194199421593,0.1291671772302098,0.13306790949018651,0.13687906112684625,0.13947145709244618,0.14735007221012764,0.1548975612494241,0.15374225626537522,0.15081280232295718,0.158201047861723,0.15490589336954602,0.1593934683236546,0.15647866892987325,0.1652922368258286,0.17558916257783835,0.1854835573284219,0.17704554196472386,0.1784211329021343,0.17482959559600114,0.1773016989404553,0.18467718921709395,0.19112443995925357,0.18885783903822462,0.19595494217110562,0.19208010074584933,0.19061158096678696,0.1876363861729199,0.18993164795713066,0.191672191200459,0.1905929544471328,0.19714235266447455,0.19486228152174676,0.20260428142613535,0.20649331108522215,0.2117054733628525,0.206578607911462,0.20417119013168347,0.2012460403654927,0.20225774890328574,0.19408598906629623,0.18766054230237864,0.18070662226800782,0.18311885711077092,0.19108509573609173,0.18589770662059169,0.18536428450763265,0.18110889533610705,0.17247600721473413,0.17849654076053004,0.18678049633112098,0.18734138565458727,0.17913925058769264,0.1772439143144471,0.17988467686370868,0.1738726265348192,0.17100674056350765,0.17317286707402293,0.1747631634354599,0.17516615729426901
19,0.001997643022596731,0.04092325883327235,0.07739079490130849,0.14346068254202507,0.22135889169485548,0.2657650884083395,0.28047404617700467,0.2769137241894865,0.2789169911949983,0.27525808733072543,0.26606817401803184,0.27214799890778735,0.27613690252408885,0.2741176996997152,0.2801566041839267,0.28553590937309176,0.27943002165697195,0.28641503300364324,0.2922419187526655,0.29136646608937794,0.292749533523328,0.28906286097315775,0.29051388446789533,0.29388465131120517,0.2924996459172186,0.29972641742420697,0.30361412891103756,0.30280342729464615,0.292214534349106,0.2917543591503571,0.2944789602747453,0.2941649019060801,0.29301748595291005,0.2908714051320689,0.28427609982323987,0.2818859748566653,0.2790119526218074,0.2760303143758505,0.2735719890953671,0.2779815490160398,0.27302828015047526,0.27863437834088084,0.2773363865066404,0.2753446451864925,0.2838112948584155,0.28954810361647604,0.2990096331293593,0.29773324584536776,0.30406347479922685,0.297877497479392,0.28431222088568864,0.29072999950460887,0.2978979027073526,0.30174113337136754,0.3065503671307565,0.30083006499559917,0.29159466225711744,0.28356867113554096,0.28447686051983856,0.27941592478827426,0.2877724730224582,0.2929658546406294,0.2861075341022313,0.28128137983904256,0.2856643568869136,0.27330519084591354,0.27505522152115314,0.2669002086997624,0.2681400764141805,0.2622304869056466,0.2606037162502307,0.2535268606012479,0.24918657475057088,0.24662036333878612,0.24356564059431704,0.24386375361709292,0.24008062187540433,0.23383980436520627,0.2338020910019879,0.24087930622742806,0.2418297849048009,0.23783944744723504,0.23649074137254641,0.2376569304852612,0.2317812572576189,0.23003488123720944,0.2308714811778338,0.23775589000434538,0.2351720324720129,0.23342257308697537,0.23683896746198765,0.24339128190231338,0.23854906147891997,0.23706784916381218,0.23845007859722003,0.24452694344954318,0.2431755245591964,0.249802409521023,0.25027785649443574,0.25547494026701495
20,5.033301674700445E-4,0.023289875867733113,0.05315068990308245,0.11139476756891394,0.1720600404709041,0.22899651413354266,0.2616821014397036,0.2851446249744454,0.28745180833721934,0.2836451936538532,0.2816418198256983,0.27986755490369825,0.29742068608229416,0.3047236523774988,0.2957339330730155,0.2911639725477573,0.2763142533853868,0.25727839945007724,0.26944427681454813,0.26128578974215616,0.2614889855667961,0.2526368728320573,0.2595153166612017,0.25721865656504606,0.2620442099314693,0.27062746771249097,0.2607795645903871,0.26340461934709797,0.2577995328325675,0.2556512757397337,0.2482330576547067,0.24763140852990603,0.2418070459670017,0.23993284640027912,0.23449880349854615,0.23027617216476456,0.23231560958073394,0.24934578164772014,0.25350392849392567,0.2452824583887693,0.24039014720197674,0.24812027455528837,0.247526889667309,0.2501629242632287,0.25491238031644087,0.25851644737248075,0.2601959166696661,0.2554272330081033,0.2582187907215249,0.2601572508396604,0.26852418576820225,0.274086961017646,0.27166816417431433,0.27656191305461314,0.28516894730586534,0.28553216713791124,0.2893460969260032,0.2843121708269795,0.2799013598953236,0.27060308055445764,0.27376660427497773,0.27544416255898685,0.2775821379762145,0.28148029131928637,0.2868122160887247,0.29197581355116425,0.2933550037018132,0.2919099303298494,0.2896370762857897,0.29283982076607956,0.2886128737418254,0.28330042745684025,0.27635724195722633,0.27571615556731804,0.2769048085633018,0.2809792364383241,0.2836961350565904,0.27428961140837393,0.27629579001462984,0.26860207116623686,0.26712978790757275,0.27695992947805065,0.28256436874373847,0.286719463622634,0.27899983400522393,0.2810196708066295,0.29025097487732743,0.28620469990041675,0.28917576912438414,0.2900297317331025,0.29776656256011663,0.29709409542290205,0.2924793101465178,0.2895583466667962,0.2943197559669123,0.29045065726062247,0.28939574634938725,0.29224937605662116,0.28708745522361506,0.3018323889624929
21,-0.007771968466734289,-0.009570657426958472,-0.0019608054925680176,0.010546717586674605,0.06009655002801756,0.12090742220329175,0.20252207286479615,0.25685457886102314,0.2693047152124192,0.2617785831432705,0.2507941068202607,0.22974465169663286,0.2025282223324741,0.1943599534361831,0.17892027048913517,0.18693856572203074,0.1851992318831905,0.17560400101051946,0.1760062688055646,0.17906934520618292,0.16860712008011,0.1648666252295392,0.15323274408979276,0.1478685792910295,0.1438882632542826,0.15253124241730234,0.16313060362996462,0.1629831204667567,0.15558069672746455,0.15267863456253258,0.1459321869370686,0.15744495175063372,0.15023421600206657,0.15171372476324282,0.1541991817413323,0.14825463796518257,0.15421860989921066,0.1538792682683502,0.15446460213683993,0.1584008915552598,0.16140031922424075,0.15093237371341298,0.15014807323715645,0.15542037522846414,0.15074843827117973,0.15484587476157777,0.15606459135637873,0.15702307642593114,0.15164346873892712,0.15064290275232423,0.14311515879775216,0.14458411756573286,0.13763649868654995,0.1408518264067301,0.14391450885680335,0.14752057500299284,0.1459752870909296,0.14026772514981348,0.1373714893125671,0.133515720095061,0.13606172164017774,0.140017037692586,0.15130961593788517,0.1553357931400362,0.1519839891567625,0.15034267983818814,0.16326620885474583,0.17216670359912478,0.16888064350101545,0.17424911245915609,0.17281554736314178,0.17201504412258697,0.17232105874946713,0.16943553093093913,0.1673266302600369,0.16209467309346734,0.16649389070439974,0.172959748238098,0.16952437393308603,0.16443055057713693,0.16396685811250325,0.17404041969012168,0.16637012697792314,0.1746645065910157,0.18240884812366595,0.18604778729837984,0.17967938259708802,0.1774044918908081,0.17548580503476058,0.1689667526007905,0.17659472000516874,0.17783143353302047,0.1780314179087143,0.16771025148830515,0.16825843540207663,0.16418204001706718,0.16612410421836252,0.15224179581031747,0.15665889856741658,0.15249525242415204
22,-0.008063806989055702,0.012126801087480122,0.04725200213961633,0.10796383069059091,0.19246294929675656,0.26636501883574,0.3092935037179475,0.34795439268360084,0.36993790224951245,0.3737567803822101,0.379321615913406,0.38220364070668383,0.3717689475359023,0.36761122682827485,0.36880162735989525,0.3655718875251109,0.37065675405424964,0.36747815787647103,0.36512277653888225,0.3687209663001221,0.3724454768126423,0.37531851403548233,0.37817321255049857,0.38590583412090207,0.3931217797726974,0.3997935960302742,0.4006690153771199,0.4071401628138306,0.3998019330908673,0.399355355126715,0.39889638865062566,0.39388494168022886,0.39412947133589354,0.38907950300775135,0.38590618317483893,0.380484276233539,0.3838095406928449,0.38355716393631684,0.3887177379237899,0.39901307207051273,0.40213041132442384,0.39766468798137794,0.39893928167024734,0.39287720210419336,0.3942954275253531,0.3939314120438979,0.39516640719056434,0.40433573757120966,0.40502468301005956,0.40804343791787845,0.4044369006605896,0.4030413194506188,0.4110016390786189,0.41310597171142244,0.4187426270551772,0.42109543985719583,0.42751487942988503,0.4223392159193555,0.42290993457020565,0.4249702940674843,0.4208969612686718,0.4293679556768241,0.42923148581664106,0.4269145558946675,0.4345504857391068,0.4384887162803949,0.43807731429261504,0.4429864457125674,0.44320996958870945,0.4406020904540446,0.4331584216359362,0.43403243584437945,0.4358697762699718,0.43394188063948574,0.43283536211588947,0.43082158922719654,0.42465162072325613,0.4271044595157115,0.42982396767468856,0.42736160581026106,0.4254387024749914,0.41709245388849764,0.4242404834226308,0.4235482528683568,0.4226781215778877,0.42008512780875046,0.4240716956499705,0.423875102913058,0.4285143882246144,0.43076460934058497,0.4321574548733581,0.4314465667616209,0.43677327250861736,0.43753060566478263,0.4347489005689378,0.4445511278913411,0.4400032620916008,0.43691259679972533,0.43829914515414087,0.4388404041549425
23,-0.007424099779501746,0.018290944047103564,0.0750329064229028,0.16794456939056304,0.2787923645141514,0.35105110537150985,0.38725228109716847,0.39238797166138306,0.3894799521847277,0.3903774849210015,0.38430076449309697,0.37970772357762606,0.3759150590544714,0.3788753950679842,0.3763944593736053,0.3740164131119824,0.3761190267652287,0.38204294311870735,0.37577873763614666,0.37918884059982794,0.3800739791338473,0.3787325857654771,0.38106183455420295,0.3816489045006551,0.3796474856451733,0.37732529577923474,0.3744998331861033,0.3791553122984253,0.3784105700585434,0.3821075713854303,0.3804415742561747,0.386068740273613,0.38479346328213937,0.38764603208001924,0.38787320858582525,0.38803307002014764,0.3881767857375319,0.38062569536009766,0.3819488816897163,0.37846371074900587,0.37634847163040086,0.38172244165352787,0.39227407276086984,0.3956542389875166,0.40127431205956277,0.4072667054118102,0.41324776973856553,0.40663917575885533,0.39967385749055273,0.39617194828906455,0.40368551240902817,0.40235642057029525,0.4039675913647581,0.40830020478802553,0.41143989453102753,0.41049762933005485,0.4154678207541905,0.41511618007812473,0.41235927031214364,0.41135722074287373,0.40753181059691085,0.4116698325229121,0.4131982241123587,0.4165861495520467,0.40633088781503757,0.4045763455233223,0.4002350563021714,0.4002101181223475,0.39770985704747114,0.39815889641499796,0.4028736623404932,0.3938583264354871,0.3956040781410967,0.3995360577368816,0.3952199776158122,0.39370364806635194,0.39422188060660623,0.3951166289060491,0.40151100566679077,0.40101300051114047,0.3991559704992595,0.40515251055141294,0.4103624330799148,0.40808038581445566,0.40699340046704763,0.4130615157458655,0.4066181596287193,0.4029521909215616,0.40134151036365234,0.3967275259911453,0.40235718223585765,0.40460854979217487,0.40821824329353906,0.4022293283926739,0.3964584767654802,0.39767919615192143,0.39015624579716096,0.3932997187378006,0.3956538438398611,0.39934955878318656
24,0.0017481333198525056,0.024461255220882938,0.06367173099162998,0.11537863041122062,0.19869416815686874,0.2669295985988993,0.30511150265226716,0.31795084686620245,0.332956445936665,0.3345281637078631,0.31902144278984557,0.31701333291505424,0.3061349252207199,0.3030800544944378,0.3086970270911862,0.3040189893968226,0.3008654859884971,0.2994639362702418,0.29704154631319774,0.29026739741721747,0.28357482346780866,0.27318886119382935,0.26852852024651636,0.2629096216899908,0.2700615360032019,0.2650759857238221,0.2628973953258839,0.26967770827732085,0.27221093708561633,0.28326973305842984,0.2858158106178228,0.29511621831356033,0.2940931505845597,0.29998761297985016,0.28498441404458374,0.27209448350366694,0.2825131836305425,0.27325152163939076,0.27819490542500097,0.2805408350264145,0.2794466751911918,0.27891626900742783,0.27910832469394026,0.27939689310519256,0.27061123413333804,0.270490289744737,0.2747724973976694,0.28453305226976977,0.2838128088536232,0.2738043141972929,0.2775745373234768,0.2714693736312064,0.2739889705492248,0.2769555804016209,0.27520079996539,0.26959483746750956,0.2687383346161135,0.2632508635667474,0.2691511887351029,0.27574511578361466,0.28107877884876226,0.2665453646139992,0.26608103272926287,0.26595807217070966,0.2714691586609089,0.27283470108191793,0.2632476892756648,0.26096995934268646,0.26491563599541634,0.26480229963266505,0.26523926055509345,0.261468640439133,0.25827731027387996,0.26248854344225947,0.2533113409349518,0.25031688380615325,0.25088110706151967,0.25109632552588895,0.24867857441580163,0.24740440048445386,0.2571796900678811,0.2537830637478017,0.26052657186427447,0.26622003565242847,0.27406461215754224,0.270937603473615,0.2678828620240137,0.26334205434126207,0.2569018620281566,0.25799430233555987,0.26197505513746117,0.26170415542640507,0.2594578464378276,0.26027719558274304,0.26671407497945354,0.26824224857472606,0.2685685146707991,0.26468240838799334,0.26425879336584535,0.2623298962387438
25,0.003291929125301936,0.009362413859938789,0.036405238515061784,0.09878220548136918,0.17244949331112833,0.2410655463535566,0.2782463247319794,0.28992373601599913,0.29926313359690376,0.30296690515733604,0.30373068575415746,0.2886250882559217,0.2855763563717157,0.26899244625092417,0.2593705394203229,0.24662524801986535,0.24467154439080066,0.25092742308543026,0.25681266265532954,0.2544044988200823,0.24296501102816914,0.2362294395924062,0.2210958083778352,0.2268300885923436,0.23081724546023188,0.23223189739122074,0.2374214570102991,0.24078548637330197,0.23554977230921342,0.23802167430409013,0.24195373780633048,0.24482936896952598,0.24230795743734648,0.24089424253144073,0.24542434518571685,0.24483743691315746,0.24286898977326485,0.2511623706911438,0.2509687159211608,0.24404912578451543,0.2413634400467381,0.24126083722610742,0.25356144686437043,0.2430910779250121,0.2397585254234914,0.2397083584356541,0.23716320649438313,0.23210840600221438,0.22520817876731516,0.23120800055707577,0.2219566414658667,0.22852015396651626,0.22143126903928487,0.21524971415571795,0.21441658924383272,0.22114232201452835,0.22423958758135576,0.2174162316386319,0.21367813410439399,0.21644972423061815,0.2149213195673578,0.21158176413302493,0.21565864025165704,0.2126090852558814,0.21555703222833894,0.21531048440318817,0.215394791675298,0.22744632506540705,0.22081397748426287,0.21899498994108726,0.21514404263734677,0.21022158704356253,0.20991337663024168,0.2151005356170489,0.21829451598368274,0.22414048893397853,0.23187259451081235,0.22946222380615133,0.22641435826859405,0.2205461145613344,0.22557754781850864,0.21766076253851963,0.22010966751165195,0.2121957610595976,0.209849982168638,0.2048041571683781,0.20178450464567174,0.20113943918312555,0.2088768323954528,0.20479824949200573,0.20571439022830362,0.1987081816367981,0.19529362789934093,0.20349951392690194,0.20181681827321543,0.20395839361590093,0.20823584003757006,0.21396312122798225,0.2116740086127535,0.20759682919368047
26,9.887833460596842E-4,0.03291295046569276,0.08881162318659762,0.1540254371539908,0.20568926484883068,0.2222097955834662,0.21951194874674623,0.22510346386410485,0.2258986690635919,0.2260138381398541,0.21260846902345013,0.21354877654471682,0.21441540691442107,0.22135664701360194,0.21717886410137782,0.20721217515047421,0.20659737575260564,0.19448796091773113,0.18932096088089803,0.18890722271940563,0.17870720833457,0.1713264992031695,0.16334748082064446,0.15601174272958482,0.1523984995828676,0.14779239657749949,0.1393877248900667,0.13771212857854226,0.13755251662829238,0.13299114168983142,0.1398345337296413,0.14519400688412706,0.1467747540980006,0.15450583241720392,0.14697180860857662,0.14704769393243494,0.13741171934047405,0.136591094669696,0.13299684903161788,0.13673194204665717,0.12878902057651578,0.12076644341138966,0.1240298287212957,0.12030621627610541,0.12221415345574085,0.11685143637883626,0.11025294888780161,0.10922249923028529,0.11962665769355864,0.13005500801658143,0.13018690592459872,0.1216737094095148,0.12432472029190994,0.1216639636185795,0.12433816839698697,0.1273071879629185,0.13270382819197818,0.12627967426600245,0.1277283696735352,0.1379013445084407,0.13945681690413825,0.14191710631490928,0.1400602211521924,0.14039663542814929,0.1356111751579998,0.14050225281578024,0.1458643985279418,0.1454248295648287,0.1394920544820235,0.1402711002465357,0.14506399789279936,0.15263499057386964,0.14776675450487667,0.14979935022308472,0.14600789175938267,0.14751749385486745,0.14737732447773313,0.14772650184948494,0.15230640119193647,0.16008646939436577,0.1573684653200523,0.1578291983372919,0.16017167350719108,0.15726840886272575,0.1631025389146082,0.1685443821709083,0.17138996596666772,0.1700447669047724,0.16686585791434336,0.16283532934329717,0.16968351637349674,0.16908945338287587,0.1762702791991608,0.17890867252463147,0.18088405471216812,0.18125881421691806,0.1835563704582895,0.17872268656555487,0.18349781357938227,0.18916146924475297
27,0.001141354128385688,0.027810581043542046,0.07262828297714459,0.1420745617835429,0.21378117200628743,0.27100845964810677,0.2741540552931712,0.28275266013029976,0.28149083622925253,0.2720133673369319,0.2532148480220492,0.2539358098927541,0.24554009559816112,0.23593682232968757,0.21822477537469806,0.21326170547528422,0.21017651743534566,0.2111896819104621,0.1995324410926232,0.19362534495740044,0.19992983272099416,0.20500586450506386,0.20024994480086103,0.1995973533006095,0.20753708739810062,0.20677517278772556,0.20255517919949817,0.20170353789714313,0.20891194359460596,0.2126531807640729,0.21962606475895904,0.21568218833826877,0.21452800240726763,0.21605538468758792,0.20935631192873153,0.205389079891853,0.2085179124196652,0.202289353549175,0.20877905053636142,0.20703595658358226,0.21623975468650958,0.2173533299428348,0.22154413992241342,0.21744359939081342,0.2293046944093792,0.2320910117128561,0.232262724405843,0.23403526945059838,0.22471262119202887,0.22646388870448944,0.22094380475660866,0.21347010828285864,0.21536446896441386,0.213680746612428,0.21650884370585327,0.21539855629002813,0.20953706709497993,0.21024720163138216,0.19947960884518445,0.19618219089060074,0.19396585601009123,0.19699064403500646,0.19571694439251838,0.1963911405273906,0.19298037940538104,0.1900808637932068,0.18180749543963215,0.18164995975518244,0.18358288519659768,0.19433698042459965,0.19484084457120526,0.19448668949148384,0.19277362708962795,0.19565563874988137,0.19369764520495422,0.2009877432619098,0.19460234404170046,0.19616875601736175,0.202474417844084,0.20034169837094715,0.19534068731299392,0.19106393318172712,0.19423702366332052,0.20348515881392382,0.20612244307160196,0.21242036257109387,0.21308920861370295,0.2097448506601291,0.20931270934958174,0.20429887156600357,0.20104736212801977,0.2092070252154117,0.2151495024507451,0.20940516600999529,0.20760535221677562,0.20846386484231177,0.20848506748547346,0.2142109644901969,0.2147101680784958,0.21450892348863107
28,0.00887191365510661,0.04605393052265822,0.1066827050789635,0.1884529448865021,0.2633325179339373,0.30290350465223065,0.3435650757439392,0.354172943308956,0.3438049254846224,0.35477371426938903,0.36840837716948177,0.35652787073878484,0.35052239411848995,0.34999799353409294,0.35301322989223666,0.34258667307687957,0.334047625184909,0.32127486460923277,0.3317435446238662,0.3272145736448989,0.3262488513835206,0.3224031874172954,0.32302951913476785,0.31562467611066275,0.3209602456817832,0.31618113007443144,0.3101954419455083,0.3062395020293652,0.3145800540567694,0.31771909782503516,0.31609660619674185,0.32373647511810455,0.31985868919632554,0.3165216699216991,0.31289703638313765,0.31282667157351274,0.3159710888731651,0.30828117894697465,0.29721376363264845,0.3034362101654144,0.3046245631301015,0.3015374731458777,0.3012338981671623,0.30175781525104806,0.298443000310219,0.28566601146794546,0.28213423917518976,0.28242487002648536,0.2908046926602221,0.2905514672719,0.2839318499995765,0.27196138199264747,0.2783645629305006,0.27551063333915193,0.2726003774363398,0.27434689240407645,0.27698004135897436,0.2851239279160065,0.2946256367345871,0.297869366595557,0.2940198481275977,0.29885061030635623,0.29295982825395195,0.29405586930949384,0.29152361110177266,0.2873663244525332,0.29740147666609473,0.30033372814942116,0.3049614357838561,0.3009316789242731,0.29426742404185957,0.29609010584939083,0.30011073939855304,0.30554482161864455,0.3023596129691476,0.2994991386438138,0.3003968954789119,0.30299612980902446,0.3054315973472794,0.3024441250779431,0.30965573299523674,0.31535487451018196,0.3113098818796896,0.3096075096817292,0.3124792697853487,0.30835483703831695,0.3135474248304623,0.3121573555847973,0.3046026720487931,0.3000174526792415,0.29549427680408114,0.29594412776141643,0.29908888147036783,0.2943880165840287,0.29102052749218976,0.2946625964052571,0.2954093472248928,0.29376677566081544,0.2911549127765701,0.294614516347398
29,0.003069729650531623,0.029969600982934913,0.11063741016171515,0.21314126335272848,0.2881641998833061,0.30936705333288883,0.29633327067687915,0.27018784012209435,0.2602962790648366,0.24691990601102748,0.23641073962572776,0.2262829201852846,0.22712215554824822,0.22664750212448045,0.21774729119186784,0.210181913965258,0.19488747409282076,0.18179162401017598,0.18919886945724598,0.1879098414347751,0.17882796816417407,0.1747279025417633,0.166824823619689,0.16352323122893775,0.17105917422857886,0.17499971149289067,0.17371648243168564,0.1683270052055718,0.1619174026110661,0.15566471526610312,0.14451221891352106,0.1474354691780438,0.14327298632560248,0.14495577535401952,0.14320576069174823,0.1405664282701125,0.13443887111909666,0.13142025320718356,0.12565238661671851,0.12778756989501214,0.12465527828315626,0.1175909562088434,0.125734177865541,0.1264347795048865,0.12108961094342431,0.11617944810511716,0.11282832164759245,0.11203780018986458,0.10935859877626315,0.10607518628394082,0.10243939348048381,0.09665317732017446,0.09505507521738586,0.09320957195568974,0.09661810272940002,0.10134525466917664,0.10496076066949632,0.11002018801077014,0.10799322615214972,0.10355894941778092,0.10164004505331067,0.10559809781484346,0.10807079734200352,0.10840101614876774,0.11018105906196872,0.11960445303555588,0.11635460482549612,0.11545968344794211,0.1087739334803679,0.103945948740211,0.09653213748797757,0.0921394465250316,0.09595199081421184,0.09351242276760692,0.09495060887398074,0.10043496742211964,0.0920925272018181,0.0963426664067746,0.1006942628912692,0.10774564982314747,0.11313617092354163,0.11731730514364697,0.11273110109360097,0.12484670231432143,0.12601638088722583,0.11835432824079005,0.11604847078408781,0.1124111101150626,0.12425686303567604,0.11983818305208355,0.12510479758635148,0.1202904729268727,0.12991474779639428,0.12466835697624994,0.135159960181468,0.13977884039309463,0.14485270523023522,0.13755585463572612,0.13865768989685281,0.13850985902568802
30,3.602073027692153E-4,0.026835118335131903,0.07255592469324863,0.18864781982460269,0.305207046961957,0.3699275954715786,0.4042094558242346,0.4290688295576895,0.44483895446617566,0.4483642769667736,0.45053877773689754,0.46079089990009775,0.46235889779636347,0.45331634271783244,0.4465340843351227,0.45296418883742573,0.45561754611647504,0.4450998377159467,0.4564568978121147,0.462176358629644,0.4575592429199898,0.45603963379636775,0.46166947459989965,0.4593994645611403,0.4654803686801789,0.4629084640487079,0.46458264844633734,0.46098351409541727,0.46024460795257865,0.4733962965000297,0.475748008417957,0.476813450752547,0.4693179077329546,0.4757384995011285,0.4752295701415625,0.47116512067863175,0.47290753784187667,0.4820558654963259,0.4849931270483156,0.4874305057995617,0.4870220641467516,0.48424435002309957,0.485791283400977,0.48505126584362096,0.484265529805362,0.48350161649641954,0.4837803398705061,0.4798994344711884,0.48558924966824,0.4799793360051002,0.4803129443724821,0.4803473009916655,0.4857870799628159,0.4903340070725923,0.48535848390962477,0.4824151249895088,0.48707761218376744,0.4819698392672896,0.48826629977300123,0.48347795383574627,0.4772959281418142,0.4794067248611759,0.48540735898431164,0.48559455005530616,0.4885483280753751,0.49503295087336385,0.495377691310414,0.4943703181370872,0.4965958564513674,0.49912862241813144,0.5003481493187888,0.5029317190619075,0.5133813222445791,0.5117758333050471,0.5098675770752253,0.518709961607505,0.5164381624758508,0.5210145605647921,0.5139054728155246,0.5171708251878908,0.524437946204017,0.5238845103595449,0.5306880893232185,0.5155152789933339,0.5145434434573082,0.5101344784442883,0.5085172843294347,0.5054018511021657,0.5043499369746202,0.5107300313599499,0.5115775676783447,0.5133547984808954,0.5154063499232419,0.5135269301916847,0.51465179773198,0.5148057856051619,0.513120987696383,0.5187233218319771,0.5279644956087057,0.5237054566388534
31,-0.0062137429633711515,0.013094244194921027,0.06678867391309964,0.1674032705197073,0.26877813020459945,0.3350403921141033,0.3786948029087067,0.3921911592665572,0.39124877689038373,0.3859382749234404,0.37973283537068075,0.3825247973432204,0.37329959101230514,0.3762414538738974,0.36988368935931115,0.3753788580223787,0.37082025679494257,0.3666119197768242,0.3605302219680753,0.355466912924383,0.34960740277441377,0.3463705826789136,0.35508586086317656,0.3721809224385815,0.36957260675541503,0.3666925512497854,0.367381859876605,0.3695280677713647,0.37020171464608737,0.368563121143089,0.37078636339866633,0.38418778315267493,0.382960326436323,0.38798298294067457,0.39309317230221225,0.3974725871906547,0.4010383012205719,0.4021543886493385,0.39420575496971066,0.39524311168382803,0.3947144937663492,0.39648823289187696,0.3993242165653665,0.4002503775905201,0.4019218168183021,0.40031788146898445,0.4023868149955752,0.39950347496284655,0.403490949532401,0.40562354819527047,0.4112962569836438,0.4024579697120664,0.40292258312716056,0.4047811324464163,0.4105744881418787,0.4164620112415905,0.41313975995662117,0.41754447592075467,0.40962508282987853,0.40693791406154917,0.40629172705414357,0.40244214865385297,0.3999632941616474,0.4046574893820859,0.4033236670886959,0.40515822299614107,0.40962957460857957,0.41283466913573386,0.40915027287571987,0.40657901335437585,0.4126992964006545,0.41295828522487166,0.412526722442332,0.4179002963546794,0.4187573841736299,0.42753102802150367,0.42317522750714737,0.4209631985195093,0.42052027681080184,0.4231951271404297,0.4187983380558115,0.4219885992151952,0.4202770507806212,0.4147046243065122,0.41735411028307,0.41693939678112074,0.41332360935039913,0.41037662382172563,0.41418084019992657,0.41510287573104376,0.40935520060793484,0.4094020322947261,0.4110527829785078,0.40900947338090043,0.40300480739481764,0.4030355185908811,0.4074264970730773,0.4063189006277853,0.4052066545364148,0.39921916742684366
32,4.274458955336E-5,0.02006704143377912,0.07191315933288549,0.1688621781094931,0.2816300063641082,0.37020916987103947,0.4360136749813938,0.4552030992211859,0.4745265222135189,0.4851755234050006,0.4890306896609065,0.4895892595903756,0.49811913281027365,0.5050496160878477,0.5086586672281945,0.5134036224893053,0.5166832585752059,0.5192674467910949,0.5221270010635543,0.5286794613576788,0.5324900905182068,0.5311768843538416,0.5323856866805446,0.5351693597355773,0.5302554436678776,0.5317688556622933,0.5364573995350632,0.54552768799736,0.5454522323443356,0.5535424990609291,0.5563418222254619,0.5594153957754346,0.5665028139888062,0.5741288460868532,0.5730890283993401,0.5734226279706002,0.5750024544764337,0.5741401645226613,0.5740158375135915,0.5738588643025977,0.576908126387626,0.5763769314076286,0.5721384436406266,0.5763747832865467,0.5814502670791647,0.582599559450783,0.586375774668573,0.5892337149728784,0.5859874706868902,0.5867384381803992,0.5778759383692212,0.5773485192518304,0.5763033110421416,0.573305918967443,0.5779319941735194,0.578121430319339,0.5765075117785146,0.5791050071225782,0.5751500051197455,0.5786534143981152,0.5827536125489453,0.5776173292743888,0.5820380558024806,0.58191958459943,0.584094884010126,0.5812880250817154,0.5807269253133741,0.5840781549271203,0.5841652993256553,0.5818900153038845,0.579058466310134,0.5785243081933684,0.5819843870455503,0.5826993773935277,0.5788729172163999,0.577960439811785,0.5803156420081085,0.5779762745895964,0.5827731986459003,0.5802094514303425,0.5798245503034759,0.5824033381465623,0.5856311317134607,0.5886222840468199,0.590664256996868,0.5952300699532893,0.5940946389642279,0.5893251759201499,0.5908082042470033,0.5894501026135175,0.5898048637744225,0.5902114209522845,0.5887394433251839,0.5894252407894278,0.5936355804507227,0.5969269962449985,0.5928132457184541,0.6007954355781459,0.5985803158788726,0.6015008623130905
33,0.003235425244481825,0.06295514155578567,0.1332800114267657,0.2010944075101336,0.2453846356114568,0.2598653512450608,0.2547763265926527,0.2522787773598907,0.2461595154335255,0.24635886918771427,0.24729629623375946,0.23928464366729219,0.23870977247513392,0.2371188816413149,0.24296744576067492,0.2399270633670258,0.23683337008003208,0.23242464958680822,0.23278039303929168,0.2362455496099752,0.23983491490036227,0.23854892621139645,0.21913834725343365,0.21702005987232786,0.21133485626168383,0.21261978341570076,0.21922423895280854,0.22024333532620727,0.21439120411706306,0.21402561559947098,0.21849202447689126,0.22247724571547803,0.21891956519246314,0.22165234201437797,0.22542665353544156,0.2304704907901565,0.23155802010474183,0.23797995987850304,0.2307199147056863,0.23846928615162274,0.2383404973241925,0.24682726055119758,0.24211850456974704,0.2460421366035664,0.24543408663816257,0.2461780336491015,0.2462479621905849,0.25104782022059896,0.25646312508193025,0.25231559549060745,0.24406716385000643,0.2484790842926634,0.24509320471527737,0.24972914187832818,0.241382378327791,0.23715606283792365,0.23205411161800604,0.2316809624408246,0.22862446046790147,0.22521412031040916,0.22473424574426104,0.2206490282654418,0.22409034365638558,0.2329083802086053,0.23220523178628802,0.23986015475655878,0.23939104329099434,0.23570693032966963,0.24547400571853245,0.24465292211315223,0.24430395756994,0.24037181566310697,0.24153282300360765,0.2410072215134303,0.23960783395949217,0.23372422078239313,0.23649714114826026,0.24010584996852694,0.24489411043013967,0.24107582843156247,0.23738384515267522,0.22998922289899512,0.23021697772368274,0.2296239027447121,0.2415034126967807,0.24036168456334497,0.23877266208053324,0.23937992182522497,0.2459909452133592,0.2446149516509991,0.2500211156626492,0.2579206247852285,0.2527497044897075,0.2564612180018091,0.2583374227909736,0.2591270500406299,0.2586435292388809,0.26042683168283354,0.25487688005912656,0.24915039563768937
34,-0.00217406989570607,0.007114073707113425,0.03728475196659543,0.07474932499824426,0.12154464253321935,0.17283154079679497,0.20685574562708403,0.23640471817471806,0.24994884721749316,0.26307840367544494,0.2505709384849238,0.224199805203506,0.21580538282046008,0.20980864644404304,0.20598589520818472,0.1987051660062847,0.20096104752432567,0.20467821051854437,0.21472589530890257,0.21618285923976135,0.22457049544682683,0.23383260372873949,0.224059551276511,0.2247992749011568,0.22832576704613022,0.23121882974328425,0.22422121982484253,0.21632194273555638,0.21012309347039027,0.214690649253988,0.20788864462927775,0.20779686510867265,0.20143890106234388,0.19643216124570717,0.19821955875603392,0.19066884086894134,0.17962401728419627,0.17771286979324238,0.16861242515501815,0.16876364197040392,0.16685986764810973,0.1643843764560234,0.15951206370565238,0.1658093070490253,0.17409142443647238,0.1763218871966491,0.17813532636575954,0.1800080110667796,0.17133025663818785,0.17618548570662224,0.17170347485411022,0.1766571525249721,0.1700340116758122,0.1636854316694217,0.17172974183050418,0.17850880308298828,0.1767119555352879,0.1879144076781368,0.19503209680501535,0.19506341372689806,0.19175236190875314,0.18658680205778486,0.1901203171761793,0.1976516418130744,0.18750749679226464,0.18726571959432892,0.1905920548314132,0.19134613987655869,0.19374673921739166,0.18914167323119446,0.18753318382634254,0.19344258460659355,0.19183223025982593,0.18666749282575995,0.18646082860675012,0.17974356373849068,0.1755331924595433,0.1717389544709535,0.16707282978274673,0.16349797075038094,0.16379084609860162,0.16140564171760702,0.16072666545511796,0.16710651265632237,0.184921958880832,0.19092916707870036,0.19543693808741455,0.20035659823990865,0.20039640738455372,0.2041768166810785,0.20949608789877547,0.21046739424906336,0.20427872311153503,0.2049226928028687,0.20794682792878252,0.2100452761927259,0.20640689553473582,0.2121702238954758,0.20325549777747606,0.20177516588924455
35,-0.006858735672280228,0.007762495197471147,0.03888934972896542,0.08945358626262716,0.19400528869485967,0.26731622163052554,0.3229625071304514,0.3503452029768582,0.3610447419461728,0.3677052087848265,0.3666866814059631,0.37305620781753945,0.3713105959712311,0.37701474589118045,0.3809828926753658,0.3791871804052643,0.3764294651743405,0.37622655857345805,0.38007719193960754,0.3794554840731188,0.3917239161469751,0.40217098051231936,0.4036768704694185,0.4028275476959353,0.40840886238367075,0.4118887827071876,0.417511441635045,0.41707836949170485,0.415521235984931,0.4119075527074314,0.4109280814245323,0.41511104923529446,0.416849784926966,0.41209541871750505,0.4147084068677966,0.41276201832962395,0.40508860686097903,0.4147760416338413,0.4232799827156941,0.42257607613721826,0.42174291239313305,0.42005720544363945,0.42901260283573023,0.437446434758063,0.43230591845725436,0.43924657627725333,0.43820920786335293,0.4418635424541468,0.4388307001975583,0.44075252856858577,0.44415939232370155,0.4365243935560409,0.43516457487301774,0.43648647150857445,0.434520623973109,0.4311059321688699,0.42714566893126665,0.4209796072670002,0.4209969062561783,0.41833347791197917,0.4175836078735249,0.4145678929761615,0.40783973329276807,0.40748157738270474,0.40957534928687733,0.4052688030629318,0.4129125846475532,0.40712278386257317,0.3995958936447567,0.39909188889712616,0.4028435390454995,0.39585002801822033,0.3981930858650818,0.40361572572265186,0.398169326500018,0.3961249761291908,0.3922014551706149,0.39044500590383646,0.39461050043358203,0.3928986576967184,0.39779877199783215,0.3974862482988717,0.3979129334481033,0.3954568605070134,0.3870971286834636,0.3861658321555892,0.389894605581711,0.38623505497225447,0.38630096408328624,0.3878336352824874,0.3870180480537899,0.3870730069632562,0.3908166945053377,0.381871457793217,0.3833108325853399,0.3839463533855524,0.38132927934410665,0.378430993420469,0.37953229804284333,0.3777262904537075
36,-0.004762608327044041,0.0013654645212666232,0.008726625131697656,0.023600524482433567,0.06689004820789411,0.15499090129872595,0.19865519140002053,0.19014600687759092,0.14576944375794798,0.11617899264755888,0.10461432797118209,0.08620763125558305,0.07365475598450105,0.06663408025160454,0.04619053971695139,0.030790275785542658,0.017357109758674678,0.014931000543326354,0.008431436598825764,0.0061320643706263426,0.017275089283187814,0.007054328058407123,0.006744151400007243,0.007938965625715715,0.004675689446158483,0.009456837654644673,0.005068447170525014,0.015161179191587928,0.014347677489907491,0.014958623943812331,0.012043637156588209,0.013633729606302209,0.011158202629055506,5.46970594246779E-4,-6.144496127300767E-4,0.0017146302362403259,-0.003789469079250176,-0.01742984787954878,-0.007980048687920665,-0.010021530289817867,-0.010540997757319133,-0.014724907683704113,-0.02519233441884465,-0.03939680160258495,-0.040907071904240117,-0.04203180695521984,-0.04017717320358751,-0.0450310270828166,-0.046555372323098435,-0.04644139868759722,-0.036445327412356926,-0.038672798962168325,-0.042874109346569655,-0.039515106582827725,-0.04265005770510059,-0.039363823505578106,-0.036114027412109125,-0.02987360787656114,-0.028243794127797074,-0.026539515687922014,-0.02913030923869109,-0.027597971859779774,-0.027403666347290717,-0.02793199169509268,-0.033351542042801954,-0.03289376451890045,-0.0345015010566003,-0.030030497848643978,-0.03030086003533019,-0.035826669467644325,-0.04089459819777299,-0.05146551407755389,-0.059379202703392434,-0.06402983922363238,-0.06294021146787386,-0.05694432068198037,-0.054070030874962996,-0.05170844598987538,-0.04670719703818968,-0.04193353061479832,-0.04286244225558756,-0.04762949495808923,-0.05316906390589042,-0.05515547363763004,-0.06472193838372839,-0.06778602432937014,-0.06430315451954546,-0.0558586546168105,-0.059570149365477575,-0.06087666102972231,-0.06347951710816942,-0.06964775892592616,-0.06917544824161305,-0.06105430969918528,-0.056167106891591975,-0.06060110336411233,-0.052211618652793675,-0.052541071060513846,-0.05281058127699119,-0.06078629009271194
37,-4.4773070873386535E-4,-0.0017102008772648758,0.0026446764081016465,0.011125205512094134,0.03453850743073026,0.0835097373127715,0.1477760467529644,0.21129586158646446,0.23110686591354265,0.23760491177082813,0.24449915516744306,0.23377370284998686,0.22659645034406878,0.22383238892887453,0.21443957399699376,0.21477111926736395,0.2147507336455143,0.21967259464192573,0.22304853549454456,0.21939575241209536,0.22202250537447532,0.2238865705950842,0.22721892077577255,0.23285073835320824,0.23882838006931323,0.24128974168418174,0.23229179269996458,0.23120790267582256,0.23695037929235924,0.24345878320787548,0.24724921561921956,0.25133037401563385,0.2533874106494049,0.2539496997188309,0.247447376909206,0.2375035076996751,0.22686669598596912,0.2292482923788598,0.22962036821920911,0.22536530582727213,0.22058150194788806,0.21602170422067957,0.21146585480995228,0.19984312245650063,0.2045087000149304,0.21137727112813998,0.2158253982087193,0.2113803135264736,0.2113752312374405,0.21362405151124592,0.21611332770934338,0.2143168639372146,0.2097874303634437,0.20529434857545795,0.20366409753155768,0.196914815630652,0.18839968744602786,0.1944468813447478,0.1909900464361699,0.18458877336337753,0.1790622461364324,0.1828258717380581,0.19683395268884538,0.20199675348568039,0.20340178247818408,0.19976385736278238,0.19872025803240664,0.20447045152483434,0.20565853562896855,0.2002557014043216,0.20658613944056686,0.2104254183961336,0.21054357136517388,0.20895044971720636,0.21425312353171827,0.2158652279205601,0.2157883824306304,0.2194964424475596,0.21944052221923904,0.21332866590050764,0.20637205522050828,0.1999211629463636,0.202426869746941,0.20182077910309154,0.20769919905933182,0.20674541955382736,0.20247583289799628,0.20691029614393652,0.20308933277399752,0.20278620615803658,0.19271658214570436,0.19102857845829416,0.1935888533129112,0.19578920781970985,0.1944575374082281,0.19419950765111768,0.1972766657815862,0.1939753229028902,0.19829350893665348,0.20090335142674107
38,-0.0014188123749597154,0.01702323708468785,0.02373573271504691,0.0370488036895065,0.08502850399977381,0.10147576667598536,0.12540385802508033,0.1407661695588999,0.1577962809413614,0.15657137525780082,0.13441687289771104,0.12706409521536213,0.11793249217050458,0.10727782316120449,0.10957137133802976,0.11029313232815614,0.11571868770380077,0.11447346196504213,0.10574969248191811,0.10820163260935932,0.11180894741197876,0.10788385324199433,0.09859478313603627,0.09608074122711698,0.08263240080225484,0.08153837247101331,0.0715397306418747,0.07401313022696004,0.06202396274630852,0.06810516067616215,0.0673489677794961,0.06721737838793355,0.06266125947658234,0.05752463662270026,0.06692722046718623,0.06597833237702486,0.0792716978419672,0.081869073150179,0.07474595886792905,0.07614305183595102,0.06936707405133193,0.060460900551972833,0.05851572644971928,0.07202267566607695,0.07768394184822602,0.06798423347204714,0.07420260672051592,0.07181881699767491,0.07053248944231273,0.07441747610996109,0.08235077187314067,0.09101922727139065,0.10238789020404925,0.10824128648624304,0.11002370038675742,0.10049517288438299,0.1048267548042996,0.10078331638885164,0.09047203075726187,0.0972622696084116,0.09875263576856895,0.09093279392536348,0.09366667588343819,0.09715751052514046,0.10150329463736331,0.11777692946360035,0.12446254296190831,0.13314729484587406,0.14032897999644176,0.13741344108813683,0.13072660210441808,0.1333384652385675,0.13318567512371784,0.12543767352407242,0.12292568908003965,0.1252703230697903,0.11296920705934164,0.11068451578610405,0.10462755656411944,0.11007258342016403,0.11211684507228799,0.11610845996908548,0.12333927068871774,0.12662091463409722,0.12749307456358533,0.12330866426392804,0.12417571744896332,0.12414502924945899,0.12122310181540132,0.12527272059776545,0.1266216813356108,0.1201598849174049,0.1168480750090869,0.11611140378809051,0.12021934134919393,0.11800265511265474,0.11014148908644308,0.11411633814686875,0.11040920809687835,0.11474957683579161
39,0.0042398254374293835,0.056789749542691614,0.16250198324222326,0.272354187202677,0.3532588942956651,0.3988025509946507,0.4409974132673832,0.4518254629991461,0.4645195937080653,0.4749489065634359,0.4715907847629538,0.47331333457259633,0.47978996677874464,0.48850373125174523,0.4879897595340381,0.4894452828985546,0.4902887993908481,0.4872905384276689,0.4939283015822089,0.49121966186278143,0.4928174341029411,0.489533000219983,0.4950493377057583,0.4982243662986762,0.5007872468033884,0.5060018339869686,0.5053761033769861,0.49930683957393124,0.4968926053762866,0.5025707161308115,0.5081374098696116,0.5115610018749159,0.510385626601995,0.5076302524570733,0.5022868400822248,0.5003402876922826,0.5027344552070406,0.5098643387480204,0.5227596585930913,0.5185764995958592,0.5175447110209941,0.5187121232244675,0.5099065852517817,0.5152342150590592,0.524262488382232,0.5244767569430138,0.5270166329522329,0.5253524520364601,0.525774499661465,0.5253662018544712,0.5306032264275511,0.5322258148378585,0.536109448513107,0.5484838334116001,0.5521408360499497,0.5578493143955481,0.5549081742896196,0.5548702617528128,0.553698081042557,0.5491768215219703,0.5454098187537934,0.5479497012224391,0.5420145563674449,0.5379781768984262,0.5408991297547864,0.5398610633603002,0.5465495026877476,0.5551252920176644,0.5572399791626715,0.5507325972882524,0.5512053268125748,0.5524561243712385,0.5485862921054913,0.5536144369344336,0.5476862143874531,0.5435253443315446,0.5455441092335929,0.5457978824253211,0.5430704025768381,0.536097842548628,0.5410828101838776,0.5466965877879101,0.5484294525950792,0.5451748417189728,0.5420631566988534,0.542541100565769,0.5431251264593917,0.5445824766351065,0.544151769352838,0.5362933236428963,0.5398812852923093,0.5409920093267931,0.537965180051214,0.536612185200573,0.5350820550771939,0.5330761894387586,0.5373149102780895,0.5358551177896432,0.5362370343345068,0.5367195839871184
40,0.008455788543326511,0.04905268629091542,0.14852340149621152,0.3100757914934775,0.42506544051270917,0.4772513730750564,0.5004246064258878,0.5131806869886494,0.5252294288103344,0.5290969614787884,0.5364527633237827,0.5391921519886811,0.5373969771218596,0.5417818327332817,0.5415529271730576,0.5375551104141639,0.5456387983853768,0.5408641363830649,0.5352411722362934,0.5373453721241647,0.5339431514484776,0.5326026013103162,0.5309696896545,0.5261288808386412,0.5337232660016626,0.5366027926022858,0.5321969595802041,0.530242205524016,0.5260885072926369,0.5285048227194225,0.5292511619848685,0.5283854628472591,0.5240004338011398,0.526945496643838,0.5266052492006159,0.5291871507336081,0.5292206722175183,0.5291529221242421,0.5241552930203547,0.5281555802272578,0.5321537806328996,0.5365045648003687,0.5375714057068913,0.5368080009294611,0.5382558530545705,0.5424311525982587,0.5442940529397307,0.543399014924595,0.5445002981552522,0.5486684641344503,0.547908457265235,0.5492570196144798,0.5520688591561591,0.5506613070738787,0.5479386640523979,0.5486847434975772,0.5489752300084916,0.5448677263902119,0.5450945163918128,0.5465409559672483,0.5453538523031529,0.5463151605860809,0.5469663746252373,0.5437810470872639,0.5406148320575991,0.54836825117298,0.54718199272154,0.5444706359435518,0.5416420904499563,0.5426385669143354,0.5407672255971814,0.5449453170683335,0.5472167238732121,0.5474955754176807,0.544300384393464,0.540625695875389,0.5418970756265773,0.5370957021544165,0.5419633171509286,0.5451904438325915,0.5436368985138069,0.538565925269238,0.5343772365408008,0.5373228144196557,0.5383957550224074,0.5435775553807616,0.5454841277897859,0.5433255453298222,0.5432902283359485,0.5402565833261559,0.541135360840075,0.5404072429212012,0.5398760466905274,0.5404344402913912,0.5410879584063155,0.5469120149304395,0.5442183144552567,0.5420055625233168,0.5427825044587636,0.540130162574453
41,-0.0057596059865016504,0.0035436300965382616,0.008599525111241832,0.02113209749382494,0.03443095450107868,0.10948345307677138,0.18408074674593103,0.24796451943812584,0.29046329192263615,0.2973481254388245,0.2986030512769522,0.3046303534645503,0.30079601246157256,0.2957965124126686,0.29517832345400746,0.28751578649902354,0.2808478892101654,0.27335566500574116,0.26020471834060427,0.2635104763196855,0.2571488589851587,0.24921136991161702,0.2508769570879537,0.2476354560926631,0.2401363029114652,0.22559670346224628,0.22157613345895677,0.22014891682218124,0.215800367900381,0.20690793555580786,0.22044969448889046,0.2187789373617871,0.20564474035175348,0.20719055810893378,0.19853020924694068,0.1996715786197087,0.2028646651242854,0.19942033585082997,0.19764438442230278,0.20299210659208886,0.19028536419816222,0.18440569112890462,0.189392015592466,0.19195905424330525,0.18965990253247672,0.19235156837081044,0.19353828587658511,0.19713912062174427,0.19858817310991678,0.19131426392874445,0.186642851772744,0.18808798250797984,0.18677062623343882,0.18935737664372074,0.1938107369975029,0.19228749365294617,0.19440673613944373,0.20018799962365336,0.18853669626070005,0.18498841446234468,0.18534054696349628,0.18166488621399776,0.18565072739826033,0.18978553969757203,0.18838875947499903,0.19042767093328206,0.19702061205186738,0.19664354284217517,0.1945499514080371,0.19963754521730678,0.2032815350277908,0.19903567633148975,0.19564001327152106,0.1984206692015792,0.19690288337826856,0.19862424074977528,0.19989872031675396,0.2001375173431959,0.19956443227943507,0.2039476974255946,0.21137639030438055,0.20693164875420686,0.2111064781335633,0.21176805159328654,0.21179289063594495,0.2108369430183573,0.21290869984092656,0.20765183715722757,0.21046626871965382,0.20936470602055882,0.2097043635470962,0.21172544948372546,0.21101503803578128,0.21547305211974732,0.21370403152765888,0.21389305891583305,0.21733641876118054,0.22062286196281503,0.21205685129052132,0.20672851035965398
42,-0.0035339688351830817,0.005126025996143633,0.037945248184913336,0.09394765725356675,0.14650070990645664,0.1914861732998972,0.1941589394828549,0.19471407908695912,0.17831774130566558,0.1743479335986117,0.15804752874561215,0.16103834961541832,0.15305361502350584,0.1304471064023169,0.1497530339639963,0.15407611828293735,0.15717315186886505,0.16153387273440978,0.16088021160918164,0.14203044084478475,0.1365685838784604,0.14105194138203175,0.14778971026610244,0.15423748275489266,0.14837838525561992,0.1380942831921436,0.13464275540615056,0.13107956493897494,0.13480883285055648,0.13069973593668724,0.13868154870609978,0.14325922687529588,0.1420233919773927,0.14441397604052558,0.1521091926345504,0.15024895671775246,0.1440282473981525,0.14298880166197464,0.14856832237113626,0.14117053911533745,0.14049966953081033,0.13817501943173988,0.13837619483440836,0.13769130810016342,0.14304202602400765,0.13174931652497768,0.13406540899288463,0.1278799969973163,0.13823888694046318,0.13768752691334998,0.13909893079575567,0.1380659379122147,0.1361869460518644,0.13153696409099797,0.13670916381866804,0.12724265035677668,0.12565954705262705,0.1292758870589601,0.13451388339915565,0.1312630370653858,0.13385339461380727,0.12522714205245522,0.11927863092964389,0.11321392411649837,0.10987246087174794,0.10649043926289029,0.1106752606386215,0.1102516671560489,0.10365817620017147,0.09826082254857704,0.09760530723722435,0.10186795908430783,0.10239660459685318,0.1030627610215387,0.10412659103548749,0.10290813347775794,0.09797542234259422,0.0945406335908363,0.09578794123833637,0.0938543708894264,0.08908768763146005,0.09114627181932976,0.09085744001898104,0.09119853206968853,0.09280325807765005,0.09502952060372331,0.0914992914089941,0.09969337785533494,0.10669682724397349,0.10386687388544534,0.10821639700620751,0.09746289270526633,0.09970536763414016,0.10158008582282353,0.10246860266777742,0.10371437153025313,0.09823976807664998,0.09306037930902758,0.09209728907180692,0.09258578488108878
43,-0.0047082878247423285,0.031172143293699665,0.07760840279440204,0.1630131807138763,0.27415670179483626,0.32979075403349134,0.3517199529852886,0.3474165163828903,0.3489282370424773,0.35428388331110633,0.34840388300933656,0.33871033064633244,0.3261714182099317,0.31402014704245174,0.2954750247586784,0.3030419972616237,0.3081173280090041,0.3024980426625153,0.3088952769421415,0.3068569411633684,0.2999599612312897,0.2881268932389861,0.2905435869160642,0.29246587377932476,0.29273190007157046,0.29635399666140194,0.30048339632973525,0.2907287627964989,0.2824658539203531,0.2711014913175776,0.27126080980805584,0.2699927265743213,0.2611105302954356,0.2624722332161833,0.25107928339691615,0.24577519888422653,0.23507881635353273,0.23550789146807827,0.24025760750415606,0.2477562374677155,0.250015226031712,0.2530293326870916,0.26497841860181093,0.27289591722338025,0.2723755802493166,0.26944949717387834,0.26986446045837176,0.26786668831152893,0.2621224164716958,0.2661593773325903,0.26511855232472525,0.2603868179411022,0.25731981340885995,0.2596826141988252,0.25840950796429896,0.2558702143504164,0.25218886433809057,0.25134050333793134,0.25444619763679094,0.24934084033381915,0.25218200002192515,0.2558332912939343,0.25571338031840435,0.26112790959945703,0.26552077316596046,0.2605951263591884,0.261221912608044,0.25777978551638303,0.26000671062557024,0.2592127183065983,0.2612230067460552,0.26268228265593796,0.26087497918705405,0.26947071646116005,0.26878545395055786,0.27026459261552416,0.26349469695760486,0.2628337355140048,0.25774751185566225,0.26317211191519013,0.26514599490848817,0.2630479887709659,0.2687423628824848,0.2731418480139052,0.2693051480587359,0.2720768275784629,0.2747132753777781,0.2651735609960275,0.26619419862855714,0.2673106635216533,0.2627153233181518,0.26610022811406736,0.26844631577003425,0.27084554589752924,0.27316364867046905,0.2740322806835881,0.277573044368989,0.28213127981627834,0.27780562148624793,0.27252401753699923
44,0.013518101746656236,0.04477236139771504,0.1256485014509202,0.24855065469336288,0.30505889097208155,0.33911746092719974,0.3500210619758657,0.34847527982050813,0.32343097384617997,0.33293243759423397,0.32660220946797436,0.3372736747073357,0.3372703062136029,0.33566872793938024,0.3301689802780532,0.32408680086169644,0.31680710949242746,0.31684405419100264,0.3196405327444714,0.3195024424520868,0.3161224154672277,0.30950707607115846,0.3110263479951053,0.3287513906819594,0.3203173431158058,0.31100713373722066,0.30801211968076964,0.306267751111432,0.31747839311879655,0.32152169199518743,0.32121139187311487,0.3111114298511755,0.3069216176196713,0.31327274227706026,0.3054088083706117,0.3030480361471801,0.303954907198487,0.2931650661381477,0.29425352117186504,0.30086020842679145,0.29969420715977535,0.3041834134109091,0.30911965994350027,0.3133233957276141,0.3140306644309712,0.3137617825521053,0.3136120022193464,0.3078267193414608,0.30643151568717913,0.3052689937842797,0.2998469522731705,0.3080699211764424,0.30405904437833253,0.3024366443273115,0.3010208552026821,0.30020263835145594,0.2999546730846448,0.298687960873143,0.29570861851783375,0.298189133632455,0.2988552021038668,0.30028047874765873,0.2950935424387362,0.2942236396129305,0.2935319648869619,0.30202305450234723,0.30075564621212236,0.3030825977834572,0.3036671184036205,0.305487339217392,0.3126181493958756,0.3070092841543771,0.3154597689753928,0.3136582471317797,0.31157432374856925,0.3166272219276335,0.3235510047564777,0.3341343287383813,0.3329191827450785,0.33176111990712037,0.3336346484347353,0.3382375978975663,0.3424282023632038,0.34480647506508405,0.3373764963908144,0.3401039646143809,0.33703249364101806,0.33651920041445327,0.33654630893290177,0.3394671612669417,0.3348942553633012,0.3341133248704675,0.3299655389235437,0.33475705641166376,0.3419081138462658,0.34347914092947623,0.33986099807835063,0.33609455288049267,0.3332734321163795,0.3370753236764943
45,-0.0019637636146951783,0.001651830639033024,0.01810668075557065,0.10058721604374078,0.22846758485383425,0.31820464180050256,0.347167346366156,0.3413571313626633,0.3223446940997623,0.3161581570321899,0.29946497461238264,0.2868452159532831,0.27202464578707963,0.26390335498065326,0.2636024273468431,0.262516203743062,0.2643676397932771,0.26407850981315406,0.2678980060145501,0.26754357908968257,0.2663461032330639,0.2701318802311307,0.2674085333451464,0.2678527056569727,0.26824200999598147,0.27203573725566377,0.25886592605838354,0.2524261329146393,0.24668123805193584,0.24481481904652078,0.24505552025028676,0.2437399252237751,0.24504579768259013,0.2442316045523264,0.24891248186983286,0.2594470462143521,0.2612539488256982,0.2607820624754514,0.2530111801219116,0.2519191823743786,0.25346447906903496,0.2548814577732384,0.2487717473812922,0.24009678826714453,0.23996742801343668,0.24081982426972565,0.23743294571592954,0.23663356080041617,0.23747685689255338,0.24441235533081762,0.24972041044058574,0.25879308828020103,0.25752027907633424,0.2556704874137723,0.2549195347160083,0.25536844463922326,0.254817720846959,0.25029383941525235,0.24169954625453274,0.2382348427046648,0.2306746242122085,0.221683064042118,0.22491022899473861,0.22628823337929227,0.22188525322717098,0.216047795850469,0.217144283680484,0.21735878815297685,0.2131534883743421,0.2218554290155137,0.22315710370221367,0.21842128925121732,0.21849302241452,0.21787206783072408,0.218088369296073,0.22329200313163133,0.22035836946788837,0.21313938376959796,0.21738240138419632,0.22106864261178316,0.22424125572419343,0.22709491972241472,0.22481802514768806,0.2217630562375723,0.23011663986129832,0.2343947054528223,0.2398160640269304,0.242448076240974,0.2436240614189687,0.24613535553409036,0.24579517296637884,0.24809905796347423,0.25461734423456633,0.24976171077148457,0.24730336194291985,0.24914020989171998,0.2476532124893313,0.25108139678151753,0.2522542037188302,0.2539317584018269
46,0.0029483014697160945,0.02204690681194345,0.07104034033508257,0.1752764431644238,0.2811583670524114,0.2904451973811165,0.26312318894739595,0.23930091516409543,0.21309356737057886,0.1929705600981582,0.17464684793456048,0.14767010913003006,0.13636040596491789,0.13118093903739936,0.12441791841868557,0.12050572267819508,0.12236504625014165,0.11395316006709949,0.11498933160394892,0.11343570051320001,0.11155162169741391,0.11035129268866757,0.11067988966017482,0.11025379167540357,0.10759106426453034,0.1038143075489185,0.09758140340456661,0.09084313500202681,0.08641111074880391,0.08536438368883668,0.07522824967623114,0.07022661678941308,0.07188742067673294,0.06955041715434437,0.06015689128407522,0.052877434540569465,0.043746611240198074,0.0419806303373515,0.04146609120880358,0.034931817295535766,0.034378783578775655,0.03420807567564433,0.038493732513460104,0.03192046156408809,0.026138339958617304,0.0226224508812455,0.026006081714172073,0.029164308501504924,0.035423973810434564,0.033271781385304094,0.037171769021198724,0.03913971012911529,0.03980342719769283,0.037766146568439976,0.03742233727956272,0.03799653969907583,0.035635971429864396,0.034079773007082134,0.02858762062623148,0.026949219919356292,0.032123282712921204,0.033944340461917764,0.04094152830424738,0.04288092422006225,0.038928310283323046,0.03873692373288112,0.04233681643812506,0.03502324619569679,0.03030111764205292,0.028055069620269796,0.026539283873770893,0.028736786271310103,0.030802955102991976,0.03129735680205234,0.03504379099417062,0.029630020796005595,0.028343941611135407,0.029627897833307902,0.03464308355322918,0.043846858474441246,0.04844810837148189,0.04909055290837374,0.05043706302594739,0.04427950990145853,0.04942756994104519,0.05316034813800966,0.05828424379100418,0.057376635525381685,0.05465683183249601,0.04877379522914331,0.04662389054854689,0.04973445598861171,0.04876765724780853,0.046096401463857975,0.03564451294458739,0.033709092752817936,0.03245154495614375,0.02687150995336114,0.02606993795717301,0.016961652551384293
47,-6.189518543836699E-4,0.01718517583816167,0.05081858892868575,0.11890987020516201,0.18733896680688888,0.2215310469965689,0.2612753450628426,0.2810568711553464,0.2970249185919773,0.2924831634320858,0.2813273032757865,0.27494214718085347,0.26131448765924825,0.2507920044808705,0.2416107924235747,0.22497611000563378,0.2235935569567645,0.21632521688315248,0.22168133709955407,0.23015416889095797,0.22229975204061334,0.22899223039991404,0.22646344727038795,0.22229327130450302,0.22758454279908033,0.23013545190147064,0.2239325898973752,0.21886429526359927,0.22043787346953764,0.22132019884842571,0.2085212899017706,0.20690141069550738,0.20425700279105213,0.19695135209846876,0.19380346150646102,0.1982391404302346,0.19486965129418976,0.20328014581199216,0.20553405719667178,0.19872780558255446,0.20113162314466396,0.20921098585872627,0.2059059314811478,0.202371390003943,0.20816871062256823,0.20731717432370964,0.2059600366688677,0.19788398930315268,0.19788635577250932,0.19868303957873645,0.1830418446161425,0.18146911094754398,0.19001380301493498,0.18221324327247868,0.18358854470826144,0.19243661744243137,0.2007126740317779,0.19900233662345435,0.20192959732123458,0.19773268373536795,0.19018177975397058,0.18459055633214785,0.1870386809246262,0.1857334128533675,0.19425886934560352,0.19546476837469817,0.19447274737348594,0.20323624240945573,0.20965349597992444,0.2120028403330826,0.22068468290051577,0.22571532805683053,0.22889019611491765,0.23195935954387278,0.2308139038524326,0.2401814219771973,0.24128401311757877,0.24477579384167827,0.2465648825254803,0.25183590950212537,0.2557749385414178,0.2464891131914461,0.24456056263366044,0.24710507469491547,0.24819189368650643,0.2521559207389993,0.24458770639205457,0.24040753032738915,0.24299324548152015,0.24111118877483714,0.2349137856092064,0.2376201535328712,0.24148571094491833,0.24041571010181817,0.24455236211995296,0.2545566203369611,0.25344191801708177,0.25588662349046376,0.25385548787483986,0.2579507008051102
48,-0.004246645418526385,-8.550734391550781E-4,0.001716373615977333,0.01632807365949511,0.045741166453680426,0.09366941261183793,0.16049173478149148,0.18922526628949077,0.19746617560015786,0.20287623720490416,0.20242136836485025,0.19947279606990745,0.1884889314489111,0.18001602536999875,0.16809841160196332,0.1599413098985588,0.15488676290017098,0.14814287813254726,0.13616258368239154,0.1296823922588741,0.12307796221172125,0.12513618767567222,0.11830850373070563,0.11840913031543304,0.12288877931129522,0.1289064868122939,0.12325894514437571,0.11415494434184986,0.10446890150789283,0.09209368977003615,0.08660882364905836,0.07806005999213564,0.0751273239902352,0.07866993792402614,0.08222912281889361,0.08179691998940938,0.07637309810800301,0.083892160855931,0.07600358742081889,0.07518588566820393,0.07353133097293665,0.06455934887084493,0.060477937094612404,0.056301334319922465,0.04605191534498931,0.04367274484471288,0.047948606032704885,0.04820356335248697,0.041810435439338524,0.038441243164237915,0.04222947125480592,0.040098642169597076,0.03528221696142598,0.03426385244976748,0.03874753488801963,0.029647270156308147,0.02998993955081226,0.02488828588713127,0.024442625673341403,0.02632125138950099,0.019821762872848946,0.018626378446588453,0.026332965212815296,0.030134026719052572,0.03792900759426328,0.03889903913180368,0.036487588667424437,0.03236616504614555,0.031531329577611344,0.041378642576887815,0.04128090023381824,0.041054972144836895,0.04333986062404404,0.04298779041379872,0.03856508765707466,0.04025435937792311,0.036238734537453826,0.03472530097884364,0.044848599127934305,0.04900339724362219,0.05001715412949826,0.05225602034845174,0.05046973060348681,0.04984429553966348,0.05019353353237472,0.0439540735707535,0.034826118661281096,0.030949418504301635,0.029516068043794932,0.01987564757870973,0.0094771176616108,0.012678860505665255,0.01897215651937415,0.018201008639176546,0.017581371613044666,0.01220245336757678,0.011589945835039585,0.011696776661357523,0.011438527218819614,0.0075115277299303606
49,-0.0027782260619235665,0.005658874608735467,0.03585407382566531,0.077626747687644,0.1242553942068141,0.16621322913608824,0.20918951234474975,0.21422045196956074,0.21331297382305242,0.2056857127533269,0.18861131479678497,0.18074004977913286,0.16749041674219178,0.16394501063536615,0.16428480749309501,0.17379100767272262,0.1653505165723107,0.1639143749240257,0.1470582600037175,0.15225176441311075,0.15018934326632594,0.1503873181565175,0.14775129521857078,0.14326831317195782,0.14485207623471616,0.13886953761681378,0.14892001154638237,0.15144013525630795,0.15337199177387112,0.1495800771480752,0.1585925430601694,0.15566523521412434,0.1597732591951047,0.15211520046383636,0.15083353358879775,0.15064939292639837,0.1561828885776524,0.14601343696193156,0.14748032733433633,0.1500629890661118,0.1457124271121914,0.14884336231571282,0.16250063659960978,0.17404485871798378,0.17430743168142673,0.17229771969694999,0.16951670261989082,0.1735109207363334,0.17691803057581382,0.17594886853798739,0.1918820014776269,0.19174602738516847,0.1860162899927429,0.18541797210157918,0.18428180439570035,0.17798523905991664,0.1706110110929599,0.17578978576216617,0.18042070754336334,0.17401795344610405,0.1786298666304471,0.17928864887562437,0.18260766336551448,0.18850784751182778,0.18883355977953215,0.19624555176042846,0.18688815743798237,0.18789306670912753,0.18616053949131575,0.19946935031873936,0.19342014631619958,0.1866984076122428,0.1856362394203428,0.18724890395320437,0.17896903315940552,0.18276869795272332,0.18265051808000896,0.1816129058315495,0.1781465048430743,0.17646360281482734,0.17670336585292212,0.16782239918252922,0.16695684112556616,0.17736412181323494,0.19242006961421865,0.18836418473172759,0.18920289544598895,0.19166765273118241,0.18874944485380285,0.19081773011717287,0.1849015619902694,0.18728728836685696,0.18666724660253384,0.1861158572961545,0.18895429210235082,0.18805619485158734,0.19294269542387252,0.19602490761200175,0.1979991586511817,0.19709530884430315
50,8.045000341978708E-4,0.011848503488102215,0.02171068337538081,0.04211007482045205,0.0958731833925556,0.18447055765964604,0.2173864866639313,0.20825331475021142,0.20880988902956957,0.20123748590968077,0.20125129486445364,0.18913231424863633,0.19051804167618855,0.19236340012190728,0.2037009036240346,0.21086628221966103,0.20772878284786664,0.19817049392314473,0.19878774159860946,0.1911699562753295,0.1865559333894884,0.18043044398797492,0.17919497075738608,0.1853997172407579,0.18549941076378243,0.17700360088737188,0.1825774880661935,0.17987561663801827,0.17223673792673633,0.1741789659371299,0.18387787980023115,0.19311091761834306,0.2009186107088772,0.19869771339752876,0.1904162868491068,0.17242786314239875,0.16091015993872762,0.15424959278236405,0.15029531550183686,0.14931147247349258,0.14919116989338604,0.15340861142403828,0.1499906933322099,0.15024679234714255,0.15435253481906275,0.15414994834337967,0.15506727118335412,0.14767681310778702,0.14202002454491913,0.1417344132756239,0.13687714618962082,0.14010404277109384,0.13447658998949794,0.140070538196337,0.13126260647278182,0.12574053769852186,0.11883752315980485,0.11466744499293569,0.11881838822356476,0.12051954703911079,0.1114106806845711,0.10470790826922872,0.11428253581291323,0.11539740249211348,0.11979671630733596,0.12566738566116417,0.12139625226617881,0.12067868942831231,0.11944517117435881,0.1266188010961681,0.12424012177095076,0.12697195107077502,0.12255434700262446,0.11399865457796186,0.11076117757119107,0.11161201659402044,0.11986846998483673,0.11750411787013841,0.12042619604196109,0.12420397697254763,0.13423173223503862,0.13383688873883723,0.13662519440599802,0.1352090675707727,0.13338710605365153,0.14206219038794435,0.1409733378456294,0.14049437520190122,0.1383340235544001,0.1395818619996672,0.13806576201096582,0.13880628573745538,0.13687834426167242,0.13800993010029836,0.14135930279171263,0.13880056754726858,0.1299499846690009,0.124233238105758,0.12728095392980487,0.12660028397245265
51,-3.23990818208946E-4,0.015123143190699318,0.033412024978768114,0.0531535585539368,0.0859562093415441,0.1308059039853452,0.16499042141136427,0.1965081007219398,0.20224760905584446,0.20468685731310185,0.19816034342198183,0.1968954584111056,0.1732515948541437,0.16837385531434382,0.16415651516694285,0.1596161792192615,0.15724099670540168,0.16282534189998746,0.15271909232327138,0.15546727908196517,0.1514025783671154,0.1452349239868281,0.14967695549166163,0.13790012223825135,0.13781085754218123,0.1393884833398863,0.1367731531173587,0.13040437525724355,0.12357159874845026,0.1150277897119368,0.10902392957051761,0.10717412927739443,0.11887518064360302,0.1275927224590327,0.12716744755031942,0.12671323081183275,0.12191722957716705,0.11826837827875289,0.11269586593324149,0.1110510621688869,0.1120634762240941,0.10311266114493568,0.09427487907039411,0.09226012029330788,0.0979232487058751,0.10465870127244221,0.10420704653026665,0.09926203631866529,0.11349196180339519,0.12143007947610701,0.1242944112800351,0.11712517801312813,0.11577239011978721,0.11470118425818923,0.12384064922674332,0.1190721757333584,0.1224084524388624,0.12391541474570611,0.12071920093523902,0.12493667055526675,0.12415763724265436,0.12111407030971186,0.13101508697140932,0.1329591382270497,0.14371688959718423,0.1425224607489484,0.14935295926080377,0.14536498945150622,0.14189282847582715,0.14130762316555295,0.13873096680692137,0.14299416402722717,0.13979590248624882,0.13930898054230412,0.13996659029658137,0.13910974328846332,0.14114668983533302,0.1347788072414676,0.14011510905445398,0.1416242180469695,0.1467090286818055,0.15091477812771056,0.1519817320444319,0.14330052230288706,0.15324173257374255,0.15614638823796753,0.1534389934216398,0.1562602045974075,0.15988329905771118,0.15747848220469376,0.15325614431853318,0.15324264333214938,0.1535089126739919,0.15550062835231754,0.16031417532287498,0.1608508856650082,0.1683283356589402,0.1667200487394302,0.16177331125488958,0.16459492403152085
52,0.003739404877196387,0.03019497321732813,0.06276577861149475,0.12423790582249229,0.16347300476947985,0.19184546108196035,0.20827106136653153,0.21411581406121452,0.22117175224058805,0.2328870664140782,0.23951943901376463,0.2465722662139038,0.2459033446258468,0.25919280120616883,0.2597679801618592,0.2684179843417473,0.2699825673595786,0.27384412549787146,0.2725011232340561,0.2667975144850474,0.26558190387240865,0.26073369102180705,0.2504232788755368,0.2585581187058922,0.2546143248856789,0.26019672228243285,0.26385885411118887,0.26222330673782646,0.2698933390638987,0.2717969760137773,0.27554255452983833,0.27396499762552773,0.2748757887596497,0.27320854892177837,0.27724928554039624,0.2782225211398304,0.27899902756021905,0.2813785507614864,0.2869044627711021,0.2916985528801097,0.29548800646984397,0.30220514139335397,0.30031311578792397,0.30879977731309444,0.3059026778883312,0.30519125511049144,0.302280855617205,0.2985753252196705,0.2974588908828254,0.29805090032092424,0.29995380774043146,0.2928974598753364,0.30035962080074713,0.29815570796943497,0.29755812548437865,0.2959639482520871,0.30193023823807824,0.29496663267434936,0.29622604161267413,0.2968090381663875,0.30105207768044534,0.29928088291517274,0.2964516592367002,0.2955446468219227,0.2862125392968912,0.28042331865619624,0.2812735204098394,0.2913536794578222,0.2964453136063587,0.306572720165117,0.3162225583454296,0.32198126091273443,0.3209782771111021,0.32383234724318655,0.3251929635578385,0.32905669280127364,0.32576915920239374,0.3242729539239509,0.3185834266330378,0.31776094007251104,0.31620915049091025,0.31346012137168466,0.31282018776501813,0.30515734616548035,0.30148535974264784,0.30333000975072993,0.30438695242404423,0.30576103422718093,0.3033250165785738,0.3058499867387474,0.3056252734412773,0.3050032667858874,0.31000500154869337,0.3188108013211147,0.31413446787118215,0.31460328989517555,0.3170373747786976,0.31701374402001226,0.3232560795315708,0.321663022217529
53,-0.004568119103569762,-6.568841110771489E-4,-0.006520413562232223,-0.01922212820844135,-0.028612221736744423,-0.03269332363707218,-0.03984424184187308,-0.0459635379445085,-0.042459877752382906,-0.025588116346411463,-0.02982063417146822,-0.01737071078819864,-0.016516078970276408,3.786188832428286E-4,0.024332662163727214,0.031083816615897396,0.04420911926427796,0.04399641457697252,0.03286647395693995,0.033998644836810026,0.03172867229194801,0.028943350232170113,0.02609409940188483,0.033929372287659694,0.03971957117195625,0.033393373495223595,0.0340069618606621,0.02843440751851077,0.025108134223443716,0.026044629505710768,0.032197313819620745,0.026918161569915576,0.024681073934836772,0.04034158502419852,0.04292388936925047,0.05200950379560674,0.04694396341665977,0.052941036416579,0.043548831855294304,0.04731955372465737,0.06394052998523436,0.06748145397022517,0.08012690516950323,0.09068028050760776,0.1004300762939366,0.10637124026037582,0.11090693162457198,0.10600152145643507,0.10268885743189282,0.10210246563021995,0.09152171965215863,0.08251191075223888,0.07637664409488755,0.07160634072306803,0.07260343320528526,0.06633547403685416,0.05981893312603237,0.060270163878777996,0.0641791993784929,0.06844061251167041,0.0678028541961254,0.07409923910629819,0.07658583455174756,0.08214720909195329,0.08611872950685383,0.08181937227519707,0.09228221358678373,0.09163574282662962,0.0990785507443346,0.09640436995188115,0.09689256687477726,0.09676564130048099,0.09800671958222877,0.09377954834819743,0.08995841400596138,0.08447937256827993,0.08523114174515095,0.07733595701036206,0.07370322367525171,0.06449189668488518,0.07005448077323455,0.08007877959446541,0.07519006089882944,0.07617023729930986,0.07531245004143261,0.06788635277294025,0.06577798182893392,0.06979141657659697,0.06439191652060182,0.06483276008595062,0.06926238535461417,0.07958455598417438,0.08348279668880547,0.08541675414135906,0.08668743646423632,0.08688510006070725,0.08599434528088729,0.08953577324188776,0.09103167765228923,0.09739892654940244
54,-0.0064101986731425155,0.010687630249447324,0.03648152924215775,0.05757214704321417,0.10136739332145078,0.14118159447915177,0.1942853699502817,0.21315968431615043,0.21658807629278176,0.20775424065665463,0.1921602895155519,0.18972195441465803,0.1706361248026132,0.1638596800395623,0.15916279227265265,0.14892601918096096,0.13101170687345617,0.12081689735863903,0.11082578371765624,0.10340849968931617,0.0906781641077882,0.09476163686548204,0.09472913757429041,0.08856902486853471,0.09289540834157868,0.0943555084638814,0.09166988105658745,0.09591038850286479,0.0911872455772317,0.08544504712269772,0.08671752943807153,0.08174238352311419,0.08292169326915025,0.0903644348182003,0.10862852297416398,0.11049751879612695,0.11266777154991697,0.11681216019810604,0.11476427437834762,0.1159079909784471,0.10727318889432982,0.12077142769349437,0.11040516665289818,0.11284585242460443,0.1172479845483606,0.11071808084450904,0.11576380069328501,0.11491758323057104,0.12750185540720177,0.1304366311702819,0.1228244476171397,0.11605351402102836,0.11362561844717148,0.11380484077404648,0.11141678746881598,0.10825668412734997,0.09450581404072925,0.09828468956646624,0.105503856368363,0.09829080936598807,0.10799226005656962,0.10428720811476148,0.09755100490775312,0.10831507670699045,0.11108495699977232,0.10987166517682692,0.11392849535710557,0.11793622545839394,0.12359792426545607,0.1331262537438819,0.12186033797043082,0.12546923032080323,0.12499713877280072,0.12759512688989702,0.12131968750010824,0.12856491359323816,0.12763090558369683,0.1351153134560618,0.14457741415005873,0.14760209351586417,0.1503849627963676,0.1519828273712991,0.15411287951055944,0.15706626122468637,0.1610443993174927,0.16509208706923226,0.16739334619788593,0.16900699643023107,0.1612131965912846,0.16332749077506714,0.15996583859607547,0.15775199839703982,0.15911875107081808,0.15958125752953564,0.1663403978598575,0.1628632147334577,0.16185203019748218,0.1595917045618859,0.15690866246387974,0.16192694702353172
55,0.0021487236163087522,0.05247716452901918,0.1894160825716372,0.28780335031303833,0.3306238582667362,0.33559224934239573,0.32849170126647637,0.3202183425914371,0.3084911267978726,0.29651718536847044,0.2874015662671612,0.29105988238238323,0.2879177211526023,0.29432291365400354,0.28662707863387216,0.2939948115540827,0.30841744477937644,0.31081348863040964,0.30919388959443905,0.31045711840458845,0.31016314100485526,0.3112407299882158,0.31345620498884974,0.3183780389907123,0.30950191619605233,0.32235367420976524,0.32295166322313773,0.32435751901678583,0.3275966802643386,0.3278961472419955,0.32549747009881874,0.3272055707691866,0.3317775420277296,0.31937889239673856,0.3162197532926269,0.3131569122855316,0.31096448956504974,0.3162742765368937,0.3315024283301514,0.332924649959513,0.34425420837309384,0.34296500816917935,0.34708751146898437,0.35514246426861285,0.3487682658559803,0.3526115138475324,0.35140587367753134,0.3588531102649344,0.35663813567018926,0.3538197709529354,0.34690621591027165,0.34520669006178406,0.35114575772501466,0.3528100621320863,0.3510423201727852,0.3494253225408097,0.3444126668244455,0.341605708932118,0.34675938961244124,0.35101381299385687,0.34821321691721324,0.3535017198739143,0.3535811914528896,0.3518242699876181,0.3571611297100648,0.3592231204070635,0.363401960231829,0.3560296513545208,0.35573848358467,0.36297235871770384,0.36402964784274944,0.3664465795705173,0.3748223408439004,0.3715059637113651,0.37531205884172986,0.3751152992419038,0.37340689856385867,0.37083469430451005,0.3757119844751154,0.38258172954950176,0.37839757243878785,0.3792303690548929,0.37446329327385686,0.37630890067758344,0.37440631190679063,0.3819382086392705,0.38490310951598977,0.3826310320659397,0.37959231344860384,0.37872122491332794,0.3800852909731735,0.38361701397835873,0.3803668092488379,0.37404161752077725,0.37029846387510834,0.3738461047018834,0.3695034820225986,0.3764069407346855,0.37955235104099794,0.3840998349410213
56,-0.0039652004348771485,-2.935028091564714E-4,2.819037094502976E-4,0.010166610943988592,0.031139358651889836,0.06316971364729182,0.10927127950988419,0.16216950796844576,0.1912172908176877,0.21070781385438944,0.21901413728519656,0.22900221628186998,0.22138330980431015,0.21368226636935883,0.20876717116685176,0.19967863526912769,0.19405554727648083,0.17827316316509087,0.16411161187281587,0.13866723957971994,0.1280754998004621,0.12087840939735404,0.10888426576605273,0.10020516404458141,0.10659406299607367,0.106475642464644,0.10801251335382903,0.11028316588587918,0.11032757402155548,0.11549829406232391,0.10938236383107404,0.1163403297391829,0.12918784206503772,0.1342399129231609,0.1385624119342322,0.1293853541025613,0.13003034108394151,0.13041247396564462,0.1214478083634708,0.12622810738616985,0.1234340028467265,0.12639077043312757,0.12302586630144209,0.12310035695290504,0.11996468174111179,0.12326241480697091,0.11435661202910488,0.11750042577988261,0.12287438060442452,0.12611198229669082,0.12170092382108201,0.11833563628308794,0.10703065995502753,0.10352158174410342,0.08940387873318295,0.08664653442571116,0.08773815800075001,0.08798213840100665,0.0962476960131986,0.0962030819586866,0.09603472313001918,0.08945245924339622,0.08735669004549469,0.08566654042442784,0.09110308879022451,0.08563557357672547,0.08446034213456333,0.08256147480788112,0.08211895481500076,0.08361334158676424,0.07827203247407408,0.07695337374800804,0.08090272225112409,0.08102628572759059,0.080612003082559,0.08994333547924102,0.08748027518686728,0.08561129321998594,0.08031610826636415,0.07862091649493759,0.07589484707245286,0.06937824634659027,0.061460561268690504,0.06485573336491025,0.0624712519991217,0.06351173229116147,0.0614952711902034,0.0636280208702517,0.0633127214042854,0.05861132585823701,0.06334093137541397,0.05633393910104414,0.058929204280545884,0.06454570877138434,0.06762729591746997,0.06686346640491124,0.0641460286639555,0.06579164749372773,0.0750918014206969,0.07572241217824421
57,0.004149944770577397,0.013567706665533776,0.052725151670648555,0.11388185954199931,0.1653664598516184,0.18582081201963127,0.1678602979651327,0.15037727801195896,0.14079833123360438,0.12702145160738396,0.1250948911200223,0.12700471268135594,0.11645592047425968,0.12006385539189827,0.11041186399683099,0.10998483044475701,0.10364591857621157,0.09860951068964209,0.08272543769139984,0.074209481043405,0.07554573956814487,0.08297193697356989,0.09744629376739807,0.10264317182768971,0.10399472430379132,0.11506960735678919,0.12916962237405194,0.1288745074775718,0.13616853259517403,0.12210703968241525,0.11221208542363113,0.10789227231564967,0.0968346066904115,0.09667791276885472,0.09010285888359788,0.08986161315452923,0.08748044266035818,0.09351837211250175,0.09929644744563193,0.1015978625798315,0.09950782907921267,0.08876083510674158,0.08714636770905856,0.09503313576856165,0.09768367201689591,0.09373816361712319,0.09474518813205327,0.10117668991524402,0.09176659208359894,0.08920970220308089,0.10092687526782512,0.10023741284379833,0.09810143042731066,0.0919740237133598,0.09540260556245748,0.09980168083106204,0.1022180419143033,0.099673364319334,0.09607694403002555,0.10018564757861816,0.09686343587298112,0.09851111842738085,0.09106529394316905,0.09221916611631972,0.0870303947175016,0.09432628667987768,0.10426168727587314,0.10428078607350225,0.11157094335562898,0.1062199091162347,0.10376537399262332,0.10158242067184807,0.0994975672407063,0.09872088651815121,0.10229520699085753,0.0988367632155562,0.10182347064443496,0.09508170765662899,0.09704044035744114,0.09567881910164962,0.09212399220244474,0.09720044914199404,0.09091709809148842,0.09329097092223833,0.08486867261809002,0.0810223780765852,0.07148964694812376,0.07133453392725878,0.07357540406929643,0.07066122882180019,0.06873518396959843,0.0657741670243181,0.06677360017985196,0.06513807128929487,0.060091340745469804,0.07200255356822026,0.07065249235307157,0.07608901689712493,0.0747090999958192,0.07846412991595578
58,-0.004879051658724569,0.021870573706462445,0.09411285571754105,0.17794506906298607,0.24732444933671802,0.3093627142740327,0.321274977931138,0.3154848194040876,0.32720774261194047,0.33532254325968824,0.3485870960088899,0.3495609912473529,0.34500488216187475,0.3465872003040986,0.3447551811892602,0.34086721479749776,0.34024859599142365,0.34305268477944373,0.33527241524247103,0.33643752998030735,0.3382206230681997,0.33869185090888465,0.3374577794853086,0.34319446508170626,0.3374491056754891,0.34384472272020955,0.3349452795664684,0.3292435575899887,0.3425856943055453,0.342681384485809,0.3451896808801298,0.357564201470735,0.3509778986731702,0.36145939148325945,0.35566070272602507,0.35996528633314107,0.36141758793482137,0.35915312511590747,0.3570441397224393,0.3527987226125855,0.34266196922028785,0.3407721541760993,0.3400656910558632,0.3401861751688007,0.3427577608332875,0.3434933578652334,0.34624341929310964,0.3407694835648266,0.35131573899150886,0.3453541516022544,0.3503758348021887,0.34139708181204353,0.3464951945198437,0.3439333596446083,0.3380305125892821,0.3377208663180424,0.33267543234988095,0.32681357595347094,0.3265950305134801,0.31857218611742477,0.3243831267791307,0.3256453588001637,0.3263594176094613,0.32450492723850155,0.3233705462471796,0.32642676661737274,0.32769744045140603,0.3289818361282706,0.3286235062728062,0.3358844808097847,0.33225791465004023,0.332776063885862,0.3314136785192497,0.32940608526522724,0.3390283627867591,0.33824821468761707,0.33292075205255345,0.3342358711225022,0.33552506443620744,0.3374990415774566,0.34810412262833645,0.34187048944404064,0.3342779523839626,0.341382249257417,0.34118350546614196,0.34590203858892543,0.34793195096650575,0.34353840018900716,0.3402636484913013,0.3414003566642158,0.3399471660373618,0.3431211372309987,0.3427205466384093,0.3501975551152735,0.3489767006884636,0.35220349452719124,0.35538406341517054,0.3552871019397936,0.35289839841943454,0.357393399371149
59,-3.589648682097884E-4,0.018217414101970735,0.05330772596875036,0.11471296953846152,0.2045885006056818,0.25334496399694917,0.28673151211693354,0.3206710069268447,0.33648617666508,0.34163619820144875,0.34274522710541366,0.33615620743877705,0.34455228455879827,0.3474780362403111,0.3372123756085445,0.3364979186820424,0.3381278763567435,0.3364986837083357,0.3396239330322267,0.3344977128736565,0.3286681312146078,0.3290047920471757,0.3335460581752956,0.3317818936125031,0.33632867525074805,0.34248377535306956,0.34308357399967043,0.34347789142663004,0.3406074718284433,0.3544395688133855,0.3631128660346712,0.360857467378104,0.3622581369065933,0.35790344995494067,0.3617957984447674,0.3619101494608558,0.3603208416704183,0.3639159472587177,0.3689703220624846,0.3719657532727602,0.3648939534710534,0.36136481127219405,0.366803879374684,0.35385881431888366,0.35795526961951574,0.3559595511338194,0.36374319308982067,0.36514977141559635,0.37015280949524587,0.37227304792057353,0.3781794719173608,0.37177457259144087,0.37413142876346145,0.3797712495819669,0.38359651489908864,0.3794474674913968,0.3803602936851093,0.3848562476319835,0.38003663870900184,0.3826834149031221,0.38022458123623865,0.3842023108709449,0.38043497233748075,0.38156464678980323,0.39097358021940337,0.39798438930349156,0.3978267699621431,0.4030523832370101,0.4014674423637477,0.3963872439493486,0.3981072524962186,0.40236916785196675,0.41293662607610654,0.4095909681651029,0.4002554981845715,0.40807319941909376,0.4126312075524547,0.40767354150900537,0.41586313944038367,0.41015811280002695,0.41262243191080716,0.4071599399821833,0.4144658322512628,0.412430815009305,0.4040910167393216,0.402271863020716,0.3932333796370091,0.39260312422513444,0.4005816576820944,0.39278649875495925,0.3903204206311247,0.38302433802103764,0.382398766669274,0.37746600637345823,0.37312264973966913,0.3671707503006513,0.3703680182911807,0.37512827274473876,0.3750213174295654,0.37704089737089413
60,0.00556114819323421,0.03784022385588604,0.09734961131518284,0.15363991162202356,0.21095679083098548,0.22108744393137794,0.2128411973477778,0.18329890438784172,0.16906678644245202,0.16608107594694832,0.16281093704524224,0.15216834130724877,0.14569250039342652,0.130891421495736,0.12856979311854475,0.12466788989624566,0.12019878162509708,0.12996296266626975,0.12625979520534214,0.11454905996150185,0.11008610454915103,0.1042990342704047,0.10518666610892533,0.09786547009400735,0.08762461785408454,0.07352758918639785,0.07340346308945328,0.0659437412847448,0.06544697476197288,0.07263366108745214,0.07498610558736497,0.08265052782141029,0.0860711912728368,0.08699858710624603,0.08256469424339662,0.07962987333385824,0.06632151840290568,0.06474268731032852,0.05963521382276833,0.05935805099830684,0.07039748896875224,0.07673348115296301,0.08037635486182498,0.07776086264666877,0.07788656889270668,0.07607294325203809,0.0755424934048185,0.07499410209213758,0.06618985904220924,0.0676740423897053,0.06263281264958766,0.051749891026584206,0.051158346578530044,0.04364359459324266,0.04080510803101066,0.041405176669793035,0.040547540388400104,0.041806303546351876,0.043962122519401986,0.041789378303292705,0.03909349801321591,0.036492201745242675,0.037377071623042046,0.042612581723346886,0.037155239095393755,0.03641283718192102,0.030617053317006544,0.0374471640948767,0.03501670970934125,0.028139684092182708,0.031248414010997882,0.029254139834815382,0.022669963712668918,0.023599366411076867,0.023403944406976854,0.02630799270319427,0.028313844867125248,0.028584387296174612,0.026690913821102034,0.020601513300977644,0.01917234139769433,0.017763698125379514,0.016453936576760912,0.014149197331120472,0.016723120438968123,0.020096271133235248,0.023219750847796247,0.028510816841445314,0.020202506636281634,0.01741681568407153,0.023500498719817263,0.027008502957561503,0.025354998839492916,0.02641307565451359,0.026611168287022688,0.027295901748750757,0.030610104257987984,0.026504574519566816,0.03292954390175848,0.034636719542044794
61,0.004807354659580539,0.014118850163883725,0.04594732815053945,0.10727770496774686,0.17805818947360882,0.2409959399495851,0.29282615233530185,0.3192350720618798,0.3309074065314931,0.32706753077430056,0.32666540969138447,0.33334672800782217,0.3342021651770483,0.3412196287599307,0.3482898594670301,0.3471773192544584,0.34522337310296203,0.35062409257376287,0.3455075889544944,0.3412689789903646,0.343031584407818,0.3491096532849113,0.35216840347757566,0.34559150521747933,0.34403857735332194,0.33644370806651464,0.33791629933608797,0.33271054869387834,0.3300032727762007,0.3319233901892813,0.3267221351141509,0.31760009833184183,0.32105557045075905,0.3164873985137426,0.3159209568556288,0.3094579777427586,0.3085125676318555,0.3011628666791164,0.301764273859057,0.30092636068802003,0.300313377449995,0.30493496573541434,0.3083490773112181,0.3028107018782318,0.2961331311378484,0.2806146145344027,0.283914698634379,0.2841804598421597,0.29150014607989744,0.2978819409518326,0.3066302159584493,0.3028840630843195,0.30550149312071,0.30092925837893153,0.3002301101549184,0.30723644043674353,0.3122392998488963,0.3151738480115885,0.3180510627461726,0.3263742729731979,0.31778780353874786,0.31332754247641165,0.309976903269206,0.3136554930617477,0.31479415424654833,0.3164833141501687,0.3212980546425976,0.32073207214081223,0.3227968508001174,0.32659580650686587,0.3314211882177531,0.32749406115650787,0.33508817339578184,0.3330372064277169,0.33764110097327366,0.3377126072438789,0.333909609544613,0.33458430047064375,0.3397467105760675,0.33651611523696723,0.33754796641274637,0.33967014276083385,0.33740649773531656,0.341666179409171,0.33796623569322903,0.33496409855535453,0.3410212172309308,0.3404170707464994,0.34278094097246276,0.3447994889591478,0.3427975111162098,0.33972329356051634,0.34356181780163403,0.3447004235179832,0.3419313238077282,0.3381737846032792,0.33574914042794435,0.335959324765369,0.3388278996534262,0.3418002372996648
62,8.558439584805513E-4,0.0134874519091967,0.03235381454962554,0.07763443629188395,0.13977860149655277,0.19360097561777403,0.2210228700611066,0.23464220712352024,0.23877068446587946,0.23459847463135186,0.23715114010565866,0.24031636746799223,0.2419366389496281,0.2403620743069035,0.2306999222574532,0.2261558967959611,0.22193690127354743,0.22580066997904016,0.21687344386495244,0.22618855476128716,0.21511430596303907,0.21506805500185502,0.20823130737552045,0.21059123874423882,0.20876082739469048,0.2250689736981893,0.23067112705903198,0.23373397726857845,0.23592048009246125,0.2269748833333984,0.2275973732626618,0.23476775598499788,0.23018679026004146,0.22954956749659225,0.2222152385382924,0.22707582184983843,0.22243652199900266,0.22364164717433924,0.21412538452113952,0.22304291239253893,0.2236461623031692,0.22990031763096153,0.22742544992818506,0.234173295833605,0.23903622877243114,0.23586544322589337,0.2321588971130474,0.23028217998879832,0.2377659445251271,0.24055340915312598,0.24423651783269476,0.24853736916283964,0.2504258251363788,0.24777191880126823,0.24211636040368298,0.24566848200855673,0.24273233910878347,0.24740613556593138,0.24800905667670897,0.2452729786429505,0.24796023182720145,0.23876425253458808,0.24042029577102839,0.2314984243660116,0.22873637077357895,0.2348138113554057,0.23755932608941044,0.22666293132193033,0.22831244302893533,0.22910216757052676,0.2284315895837959,0.23201987594625034,0.23101833715364747,0.2253478557259109,0.22763751366629237,0.22234845679673904,0.21772390952032195,0.2158009113862512,0.21939480097952158,0.2218808465154652,0.2221309734528197,0.21518379222461634,0.20648553618029772,0.20543594867798698,0.21240303106984385,0.21469087331767578,0.2255737849832877,0.22116633036939756,0.2237084885579749,0.22881114723504983,0.2184295397543287,0.22047763642229573,0.20846034460747384,0.2081338369042116,0.2176146684489909,0.2209013149438968,0.21062804909661562,0.21309687317864812,0.21274308066307718,0.207472090839873
63,0.0026731059991219634,0.021916555182083342,0.057684530064929136,0.1109394684960974,0.1998103957576535,0.28061749834797284,0.322911658414893,0.35672625113344375,0.35812891997532836,0.3594236832340693,0.3458731250025556,0.34243489035166436,0.324394233557737,0.31562234985732046,0.32195650369719786,0.3161942031812179,0.31507822284160647,0.31206379899301306,0.31315012210405246,0.3120481318295847,0.3000299435173857,0.30012204903075107,0.28956182545658815,0.28735729439605173,0.2840779386178138,0.27494381707260995,0.2651923717712691,0.2593290897323899,0.26267974420951207,0.27173845926053636,0.27681801004070694,0.2779814100483516,0.2735798460071578,0.27859987039840645,0.28109658044177593,0.28357207202656753,0.27263001290688593,0.27797150369918033,0.2829257792340795,0.28827817658130905,0.28665566870375736,0.2826117267158185,0.288060323051787,0.2853861733496952,0.2890785682945006,0.2910733504914888,0.29468951426206913,0.3024394282034066,0.29955350435556594,0.3020170264460686,0.29826136417697446,0.3083466121133349,0.31190507770090314,0.30708957597928316,0.30405382958386595,0.30706026269958137,0.30464995595324834,0.30626249763022284,0.30241637939445015,0.2893080101818209,0.2931625328399105,0.3033609403354535,0.29688375176669857,0.29887355355401707,0.3035791331916562,0.3032992518268852,0.3059693370058605,0.3089399364886025,0.30627113504454984,0.30898838065634854,0.3007154490683652,0.31155183291603455,0.31062138168135006,0.3135340002731659,0.31111633162554553,0.31070627337074486,0.31260724544961244,0.30862871801070463,0.3082620240884899,0.30682772901151845,0.3073816964670827,0.29638900929027007,0.2969808585476995,0.28862774693803367,0.2921882251002826,0.30175028133268866,0.29765902369947067,0.2924110045045126,0.2967010959998988,0.2978624632460191,0.29168493768646714,0.2965186629464346,0.2921513711862471,0.28997949002584256,0.2878996366195583,0.2859600064715739,0.2810750712664365,0.2844461346202177,0.28664856802279826,0.2974112153594522
64,-0.0073614922069543285,0.04579489627026022,0.1473510907733474,0.21850519993361409,0.2762578879902468,0.3016597768161449,0.3152634424356398,0.3261249069679476,0.3251993118630094,0.30895605457863956,0.2981891455605776,0.2926303583459532,0.2825091108601337,0.27872080169375196,0.26886740787380264,0.2587456948693046,0.25260088839982997,0.25799662467809753,0.25986211631733247,0.25962063345869507,0.25827397032063737,0.2650349327468487,0.2599996794336846,0.25736081475322714,0.25769263034805323,0.25626627352770176,0.2571601053097821,0.2481157709738476,0.2537892940759567,0.25351355400881587,0.2606435996215457,0.25840357407507697,0.2628917293100239,0.263885356458406,0.25773239242516816,0.2610965599232146,0.2677996657199653,0.2647521325383057,0.2626899119387277,0.26182119155253636,0.2618796602962215,0.25710443405034317,0.26100145087253596,0.2602971854351014,0.256581653335463,0.2618445954457304,0.2664646055017465,0.2546851352814314,0.2510834708662073,0.25199405417442977,0.24951097577747203,0.24946158219084558,0.25198031754772326,0.2517122001630725,0.26115279342467657,0.2653955029409961,0.2681181260990937,0.26679339431735033,0.2619024837849307,0.267504237346154,0.2656165050143436,0.2598864787566513,0.2586739669041577,0.25956901095466856,0.25671428020501585,0.25780002274259234,0.2547289261189858,0.2563942644627783,0.2533214882296728,0.25769254839809486,0.24734258462613196,0.2471545602680956,0.24396473358982984,0.24905930368996754,0.25218573065958594,0.25772654199877726,0.25769938719539376,0.26006161057045923,0.2575991240726056,0.2540205663836653,0.24690221956630468,0.2482160890900209,0.246101412642872,0.24242177235654996,0.2420454396786704,0.24076811019605215,0.24396585706997626,0.2442082727163608,0.23760354886913432,0.2394561470002397,0.24613833033322546,0.2499536243073363,0.25272273879025514,0.25491226935966727,0.2571340814341036,0.2581935968277138,0.2600339689028756,0.2611354540590187,0.26581975631721383,0.2696996657889045
65,0.004894563416995237,0.03651810406750398,0.09446748936995703,0.1731989059101291,0.25970236192323204,0.33246497713676504,0.3634783800242634,0.3896765370026544,0.4137495252436333,0.4243795048768987,0.4317239839746982,0.43601656816599693,0.4484763167541434,0.4519659386102862,0.4512201687862128,0.45996170057957664,0.4619433015836158,0.4644371046605873,0.4687613855147642,0.477382711400306,0.477432677126658,0.48094580304449436,0.4759245764892091,0.48611161275866926,0.4868926071842898,0.485132894693141,0.4819371005688391,0.4739980228685522,0.47210376846232366,0.47231260829107813,0.4691358754575279,0.46003992639523195,0.4508483247461315,0.4559702636778624,0.4605234243877214,0.4668241609951816,0.4686159576384393,0.47325601990009625,0.4670445262523132,0.46672576531647747,0.4610471858486664,0.4588068071134679,0.46737485576845683,0.46116294879553626,0.46262263353447297,0.4600776820998209,0.45709389020486796,0.4501433406408901,0.45362841036259094,0.45012517778183914,0.46280997075921854,0.46846704114640936,0.4667006610435082,0.47019782355673684,0.4674017079978093,0.4604381616135303,0.4646513487946485,0.45780916856671716,0.4631575978195654,0.44945972786584076,0.4547459506091329,0.45073309378360504,0.4460808408530055,0.4522083636596212,0.44855209544305014,0.45030835649763984,0.4416777946936481,0.4438118536792697,0.4389270679281651,0.4407884927041305,0.4361248153479537,0.44034913122460506,0.4461202917507098,0.44171484559955376,0.4446441020620846,0.4440240561412978,0.43840682493967553,0.4457126710162994,0.4406884542502608,0.4408382863482974,0.43811568950910645,0.4389999215666163,0.4374199642641232,0.43809444246593116,0.43484858502629814,0.4272060248162262,0.4352312830192914,0.43093337995709385,0.4336506993570324,0.43458515352094146,0.4365318138042107,0.4381514045353738,0.42764613725887185,0.4323822121175127,0.4339349014455511,0.4257935904027102,0.42368568970985954,0.4241869582274921,0.4146825490531856,0.41443287921819405
66,-0.004698013942812857,0.020750275845481895,0.07054296922266176,0.13844943111811614,0.18515718046705537,0.224175560734779,0.21158037536805377,0.2072471185521117,0.20955314728583738,0.20302778536396612,0.19707746917203184,0.20745008479220492,0.21182987502812792,0.21065071128588703,0.20278508229427036,0.19348515311333997,0.19263812278799392,0.1888973433725357,0.1980853005976165,0.19529152418381307,0.20520311490383109,0.19564086096154668,0.1936634027615449,0.19201567806910996,0.1872041210950885,0.1770255621037249,0.17496155913716963,0.17011919952684057,0.17790161948138553,0.1750066773438258,0.1710857753440343,0.15865950602210754,0.15163262392484125,0.15429485980014643,0.14125680173243998,0.1367961565287527,0.12274446248106594,0.1341164180037224,0.1272869095164987,0.1354147404634804,0.13620582008300564,0.14161613791817135,0.13593905817534124,0.13606971250649857,0.14221700143837582,0.1456081787479416,0.14380376989637583,0.14041693195187185,0.13433113090038618,0.13377876428813798,0.14230318910765674,0.14125478397779556,0.14731368349133236,0.1470864977136902,0.1464665166595495,0.14881179887898088,0.1519822256088082,0.15210761782594406,0.14288306444249324,0.13764693732187905,0.1390287077139675,0.14226694661300515,0.1391298764926388,0.1420627982923291,0.14063035984033065,0.13705918312013435,0.1386645823629678,0.14075087240410944,0.134549454984083,0.12011067829979698,0.11180701838537806,0.11005166885174641,0.1019673667576198,0.09728250676443934,0.09425948128027349,0.09238388253567038,0.08882812267124689,0.09008566200897532,0.09109541714110483,0.08760821420269077,0.08445219402789717,0.08474716263322861,0.0850785075919314,0.09165368960483217,0.08821341489582236,0.09640428805561817,0.09716009196982936,0.090150715096538,0.09361798632683728,0.09957388949452539,0.0945835614039587,0.0891163974531424,0.0834685189218748,0.08573679701430109,0.0852297346622055,0.08533513161198357,0.08277544541347602,0.07892202565219388,0.07950168800829434,0.07648102704804793
67,-5.117455713130773E-4,0.03189880950287275,0.08142899625637164,0.14856499881008925,0.20397717290860665,0.25089789573736393,0.25932875881273093,0.24133458348176784,0.2210685595862464,0.2131261174999631,0.2081064123608697,0.19932401842806363,0.20189894709431047,0.2083317547701541,0.21725186566861754,0.21995188152538522,0.2161354267068223,0.21896536574704786,0.20905180009407826,0.21668081801779004,0.21655221227926216,0.2034269498818978,0.20006950005413368,0.1945611217651415,0.1976828970117971,0.20262433580882028,0.195535559401832,0.1996976365363924,0.19128722158580358,0.19293978214471721,0.1970151786973821,0.1891659145511924,0.1885114660837482,0.19052890789904478,0.18661130357199263,0.1788457767089618,0.17509034613946398,0.18181769694461214,0.1871782906969455,0.18689460702533178,0.19244375837411729,0.19177354291494708,0.19569763428541198,0.19925224113777557,0.20007164990059856,0.20543904400424837,0.20151027386176415,0.19490630217167965,0.1876541924744042,0.18366068904036667,0.1811736529803601,0.17685692273339412,0.17671657061672946,0.18379923760009018,0.18743967354136806,0.1865534399970045,0.19134654862412695,0.19662130963612487,0.19641248247293178,0.1958377027015936,0.2047262678186012,0.20258560217169205,0.1981199197926323,0.19988331603289478,0.20823244716062372,0.20732900839780655,0.20730474642764476,0.21563897663919496,0.21067229444482563,0.20832326658622932,0.19823277218195848,0.20548152104705203,0.19779262938539396,0.19925729943173892,0.19453672636933422,0.1904001159269485,0.1903102415685825,0.19120869806766533,0.1887876602558199,0.1987492613962201,0.20327061332647423,0.20479170588499496,0.2015437872563991,0.20791728249402502,0.20967245312120306,0.20054077933018138,0.19771147033163874,0.20325691673202403,0.20494229915301315,0.19689188457352766,0.1978942849103578,0.20980295063753318,0.21016656598975395,0.2041514551103232,0.20451837497678405,0.20788604344015668,0.21040438412632745,0.20372223969482575,0.2052317161417176,0.2091521087095891
68,-0.0010390470691701156,0.012782115438395409,0.06617170344182528,0.13313411389444518,0.2375666392796722,0.33422185466688087,0.38624265376765693,0.41391850797715063,0.4228030889215661,0.4388644717044416,0.44662944800440685,0.45153375359176356,0.4647776918127551,0.47148934086137523,0.4675236250375352,0.4637622077360536,0.45769253261925674,0.45129327879854836,0.44987517696619284,0.45448617490108034,0.44976050503353987,0.4405987679114433,0.4517661988399114,0.4515515758950125,0.45668434061046276,0.45398063137013894,0.44852722143495327,0.44265636631797484,0.43878528808352535,0.4410700681680196,0.4440349294489912,0.44475211467389264,0.44300425572525354,0.4463293638835511,0.4397046919844952,0.44417095924248523,0.44160086634355106,0.4442526360015088,0.4491761702805432,0.44825461355682955,0.4551613223119437,0.4509780755733614,0.45165861992772866,0.44853969281738826,0.43827269788278195,0.4447432061056151,0.4368946031783375,0.4363901772714175,0.4410380263181148,0.44126167469214933,0.44615307764099543,0.45084193517165366,0.4508499919195041,0.45175237412519104,0.4556600477977954,0.45999847738543587,0.4621382106274772,0.4597056596970242,0.46054377787168327,0.4605646193865421,0.4619097998847963,0.4644690631250057,0.47527834584929596,0.47740810994323907,0.48369273343304686,0.48960203562023275,0.4906681058669849,0.49674924808996196,0.5051626843608018,0.5069774660347942,0.5070531481065528,0.507326495079401,0.5049956987475247,0.5077039120422769,0.49969739990282186,0.49677108287587685,0.5018064273997102,0.49951567610573,0.5018812045561725,0.501459123239743,0.49855766087658027,0.5056441188873132,0.5043015493523797,0.502069074457001,0.5025010352682098,0.5010045888495822,0.5009625134810909,0.5009642214818293,0.4965063579078799,0.49588719898352623,0.49348474105250234,0.492935183693665,0.4906868679350731,0.49142232162919514,0.4947804433048855,0.4941488133984684,0.4946734184871688,0.5024978199278255,0.49714839716762727,0.49685270920469277
69,-0.003781693371768844,0.017563738966514298,0.0741932655605192,0.147650391547801,0.21279669718072122,0.24105987469457774,0.23425715668313932,0.21791072485935634,0.1987695153518208,0.18957457451205964,0.17398888917027677,0.16251966142532312,0.1459609375521041,0.13236859144079854,0.12003682448019994,0.12050766306064126,0.1234594757923875,0.10933240714642217,0.11108069677200089,0.09988903844326445,0.10086729518848273,0.10458024719161957,0.10228831474120081,0.09489452255093253,0.09530242571204874,0.10122157639464684,0.10584113100040345,0.10701921760658697,0.09813229703793852,0.07439395882450436,0.072082131743021,0.07111023371863195,0.06596522218159241,0.06717785050233037,0.07476852246701425,0.06408751583468798,0.07576869345823495,0.07688918193263464,0.08083107358875936,0.07195152576469507,0.06773181465913183,0.058626985486963296,0.0542685588338902,0.05259476096486458,0.05145636950921555,0.050615823803259304,0.04691598803204964,0.053194717281593154,0.053779032093934455,0.04863922921105524,0.04479059227004003,0.04452682264924048,0.05187761089197003,0.05538463116207378,0.05232865170251445,0.057633332890469145,0.057083298220159076,0.05467519735904423,0.05661470807518723,0.05652371309577925,0.05238611184721285,0.05751465971841457,0.05813446272120539,0.05699677554421547,0.0521518935557851,0.05840433004355787,0.0643279340925273,0.06676709860428567,0.057667311322946724,0.06166544461222278,0.060342270064331946,0.055316037811742165,0.04607510505075869,0.03537186163367016,0.02707319138453876,0.02557196951347926,0.02305691917324418,0.02001068030759401,0.026440409521102895,0.02652267652606938,0.0328538832971534,0.03526218860067983,0.030275478643474064,0.02767850273635688,0.02230812889845108,0.01912032020086603,0.02394395100542841,0.031572399351390806,0.034241739226680175,0.03477561602609567,0.035090965124030704,0.03826737551691375,0.03900583784831644,0.03726077957180209,0.033537726310254076,0.03528970316239687,0.03390508886970918,0.04012040586290223,0.04184476216426151,0.04151954496085141
70,9.603276831254346E-4,0.018735954039717017,0.06113391317638435,0.14543350905793376,0.20160446157875633,0.21664267928290606,0.2121076698331984,0.21594053514026726,0.2122590969866419,0.20290373635102263,0.18665244523988597,0.17136707396960577,0.15909781957479946,0.14188365539930492,0.12042532466919113,0.10025209747706823,0.09369302142771341,0.09570210918674688,0.10262415813411797,0.10501459395481842,0.09427322959303655,0.08666202635087117,0.09465553914153117,0.09765648942343925,0.10280885128059652,0.09606283829105655,0.10183569042345283,0.09525981577027139,0.09671359374500488,0.10004090431643509,0.10308653030804887,0.11248399769127392,0.1027978135057588,0.10262194240348997,0.11231214274071974,0.11313621305941675,0.10325455660548963,0.10261168946034147,0.09747601623776722,0.09792073789216613,0.09489437792553336,0.09395358943297032,0.08731343947197683,0.08493829762316273,0.08159659568367235,0.08255579860339232,0.08131053923416534,0.07687679657194367,0.06668844590055968,0.06261647087557301,0.05832756517085715,0.0637072652887071,0.05738989658203869,0.054164136146202226,0.07016938022254196,0.06657923050352647,0.06485212995046362,0.06445443458440542,0.06455904817148982,0.06325974614716054,0.05873470656439756,0.06189396274299637,0.05505810493056998,0.059553486458310455,0.06421489308797272,0.06061286056043182,0.06573503218458128,0.06430304738675095,0.07025680908203397,0.07003598548648018,0.07541749573233864,0.07167562388744045,0.06912869705260839,0.07274150073103404,0.07548024190808214,0.07377936930152575,0.07778162000527492,0.08078879099181811,0.07981683040307207,0.0748647857297706,0.07891822040621711,0.07641862597938434,0.07342331492432928,0.07704555323865767,0.07598481741274388,0.07773342675561185,0.07870282664626559,0.08310441722787655,0.07970406639606113,0.07514486868695364,0.07217133479577724,0.07631944782881686,0.07095043207801409,0.06790567583441126,0.07082918516018705,0.07418869457060744,0.0783653891105313,0.07873613685938906,0.0795730314361976,0.07543325665733044
71,0.008246359337170002,0.035901421037280286,0.08611190601898228,0.14862572466225635,0.2005685198047898,0.24316239443341445,0.26978784158988667,0.27566756767279355,0.2787520906486507,0.2960451508623581,0.29187797854230724,0.29416070906193265,0.29612172146218185,0.2991653859089932,0.2958263819542825,0.28821378951260973,0.27860021531379586,0.2697447581056851,0.27042547222465735,0.2757479549060602,0.27254415698077444,0.27444384664117927,0.2729823338820767,0.26995175374193414,0.2640283534507341,0.26249454527650296,0.24885378355056653,0.24772721097924058,0.24856758966989168,0.2392869764101742,0.23941048153216438,0.24082839771799694,0.2398341610909116,0.24342046238852869,0.2388485437316654,0.23482173618799107,0.23955379677468916,0.2321217192617275,0.24021066059121002,0.2325462235020683,0.22264955272282705,0.2227380741095962,0.21939686849459894,0.2062131451128446,0.2004834999639243,0.19371303129331172,0.18947540327047613,0.1939810779783809,0.19645503938966385,0.18512849920123922,0.18475436995568603,0.19379741354137156,0.19726917705374697,0.20010582726273693,0.1969569421068914,0.19684228367846465,0.19568837099935832,0.1984328562560746,0.2007176936758428,0.2012131176165509,0.19426176328123856,0.19735867288942038,0.20989983414559135,0.21517078351426516,0.22015222663939926,0.22354820328446157,0.23180416432312653,0.23083772178316367,0.22384056923537732,0.21961367208103702,0.2233811315374987,0.2162281132350602,0.21894475433024593,0.22492717010837854,0.22130073742168924,0.21446179900554246,0.21922046852991248,0.22205712784225662,0.2256539035411689,0.22604696747728562,0.22726151751874224,0.22248171051753055,0.22093456429610447,0.22359289745346725,0.2283840610210966,0.2240354570433559,0.21520791688882845,0.21279110785602084,0.2092530768366213,0.2112502357936543,0.22119763221964422,0.2244547009600359,0.22126725369042524,0.22193694218168247,0.2151773552113426,0.21119563805889865,0.21365682398014962,0.20976626262453477,0.21131390257801783,0.21111989382080382
72,-0.006436340601694127,0.0038518118881052327,0.0173208899015936,0.040206099529605514,0.08941039180481576,0.14410093651327346,0.19727331514404545,0.22389910980163907,0.239364688851254,0.24668254920113564,0.24794077961215386,0.24773678859108458,0.24772151572170886,0.2406154095573179,0.238440416752948,0.24074662879335065,0.24189650992095804,0.23843578875601473,0.23988271757261978,0.2395136109902346,0.23159589283080714,0.23558194288380624,0.23043464840703592,0.22938166437053478,0.22800361770478797,0.22757254028230314,0.22174388307557372,0.23252599703474758,0.23358199678586544,0.22824066109297483,0.23958000657057368,0.24181388283869978,0.2378217646199015,0.23625593515090348,0.2361805145793514,0.22974829422459186,0.22668200334900634,0.2285776660350319,0.21826379001548837,0.213870572574641,0.22212770273513902,0.21622130049968036,0.21551762033482785,0.20924594030884808,0.2068161547909826,0.2174672509890894,0.21755705961948985,0.22492492887540882,0.21416276630828968,0.2119786424325531,0.21113304120364293,0.21771560334545942,0.2130291227473663,0.21880776091155713,0.21225891107324169,0.2160787212506379,0.21919707761924656,0.2134847847983822,0.20478326452253368,0.2068517356986979,0.2122303265130182,0.2180355566373462,0.22671403686889655,0.2302907553364985,0.23368238844072117,0.23367519481588692,0.22312127847993538,0.23160744322945817,0.23476357878549683,0.22726310551793066,0.2334611572008194,0.226516270111001,0.21917178904987658,0.2195420832546067,0.22126472884909598,0.22125612729953498,0.22219617215503873,0.22678264914349533,0.2372564045922161,0.2362541320306307,0.23382284378907545,0.2325841678942166,0.22771398523222555,0.2197287561628124,0.22185298473486958,0.22501822593955972,0.21562639549726456,0.21427474133687194,0.2114816878262275,0.2199376487865442,0.22285585128922808,0.21884774003209417,0.21769758507400463,0.21380602824463454,0.21445656115800238,0.2189090555927288,0.21766893387198555,0.21967646046333983,0.21897769511403412,0.2173656708158835
73,0.003558288680641185,0.04551879191050486,0.13327084467527497,0.23683739497820666,0.3297512720115386,0.3614309219273359,0.383280280724196,0.3951084722561992,0.3981754223400699,0.4056781507358533,0.41187827439073615,0.4083982547505008,0.409517226324236,0.41578942116293105,0.422622080874999,0.4234331137219199,0.43023447362062583,0.4281094768497374,0.4346138823881305,0.43902853499085626,0.4415815827582818,0.4410842030272824,0.4375417248964258,0.43336247768882363,0.4368687871006995,0.4321564295154821,0.4303617772044844,0.4334974743479366,0.43007099627303136,0.42632055922056267,0.42835436375990726,0.4278783403057718,0.42281339477898155,0.42258969582272926,0.42476747488597494,0.4243203744024326,0.4287284099985627,0.4295867660364201,0.42704296390038093,0.4241912516102353,0.42438565717715454,0.4205795896697427,0.4178191995056108,0.4143122213050699,0.41868300751944865,0.42172113827788293,0.4175429991562136,0.41322589791035064,0.4089273770215867,0.4056024467268599,0.4102110343188981,0.41244691501853453,0.40773375542921975,0.409351877702816,0.4077939361019666,0.4047613709472975,0.4020023129127329,0.3996867837414802,0.39993302143461207,0.4017189493162407,0.40676200682256924,0.40727378854034063,0.41108709589943054,0.40948654088895464,0.40754037222863265,0.4105115377659368,0.41568956568047694,0.4183941185482008,0.4198219858008681,0.4186470298860004,0.418822366191028,0.42210429020251966,0.42554392891284964,0.42330135543527936,0.4249192587670091,0.42650950192292697,0.4275675994735316,0.4286310717596311,0.4258376442976659,0.4266959613943024,0.4282210251538581,0.4248708907850348,0.4201935433604276,0.4186861289670323,0.41936935866845104,0.4220036834025194,0.42375630684906795,0.42205919647421125,0.42395542538763736,0.4224573401457914,0.4200841165505509,0.4235743200438378,0.42542025953403767,0.43368332907786356,0.43561240031054055,0.4297995492702155,0.4270632219756604,0.42628692960014125,0.4195472892447863,0.42597693015506954
74,-0.002220312710839957,0.011334842056747105,0.047490496977476065,0.06398191268493457,0.11654614736966375,0.14793175069704348,0.16831577283524116,0.16918882842424415,0.17042523349557356,0.16673041446920067,0.15722887422926715,0.1494551875536482,0.13466528934422642,0.12867043854452087,0.1221312739670927,0.12707701720372824,0.12616626568110648,0.12100715322332446,0.12094453936892903,0.11783657935167778,0.10574506509495375,0.09244874800802087,0.08225559208625487,0.07385023709522236,0.07107250816392238,0.07558864365231391,0.07217892170560523,0.07818219307039075,0.06945077026655065,0.0663658777244614,0.06863358532574332,0.07417306165079653,0.06633664630427268,0.054979676949909885,0.05227914886560606,0.05379257923921685,0.04934875017438781,0.045473531309127985,0.04698536219702543,0.04777587587065241,0.04876410578736865,0.04427013900865954,0.037674137989378645,0.042719633484053283,0.04866723715518671,0.05231155170579526,0.06542874775846323,0.06670134809575647,0.056909699397936366,0.06444612893832953,0.0617624555950286,0.06920210517432465,0.06086726965961962,0.06494576816116611,0.0601356135592822,0.05317836974692565,0.048279433745476934,0.052644156270013925,0.06097316535736809,0.058885242953549216,0.05641676834644312,0.06354908177319185,0.07638061207962195,0.07920667695598191,0.07985128545555004,0.07741293416550227,0.06312823830403362,0.05787778341109864,0.05966111193393427,0.0632755659399006,0.08020450103549127,0.08783066281179748,0.0888327227681442,0.08825150262287573,0.09569609736008672,0.09816212097797936,0.09342635989510611,0.0896344064511848,0.08102879001857842,0.08932181793536895,0.09147221917962196,0.08234843520041307,0.08542949574740945,0.09689670900078413,0.08984569702790512,0.08796820406918883,0.09698849768635866,0.09302762112720842,0.09344511084841317,0.0940846469086281,0.09169907351272903,0.09230380763826954,0.08698611443164138,0.08570740766074693,0.0841077521012501,0.08311015092909596,0.09846010185840655,0.10441091764013204,0.10262079089036094,0.10323809834877995
75,-0.005497662710552047,0.016397999135227884,0.059348458483708635,0.12898883968097669,0.19280416266501704,0.23532334218072162,0.21544436246733956,0.20114342465158777,0.18347104093704839,0.1745138458262908,0.1614146702968137,0.14246907905046777,0.12722164985981443,0.11530910140984398,0.0999357483466717,0.09140693952303737,0.06672567312410077,0.06219210052256698,0.04856603064431603,0.033203649054307484,0.019252599197024076,0.01371108160051624,0.003980894309847529,0.0011133950505799954,-0.0015037865507040215,-8.04352442444592E-4,-0.0066701465549426795,-0.009120900930551535,0.005061659120767512,0.00356294449663149,0.005586869573022287,0.004631829659314532,0.0014853645519884446,-0.007164368298947106,-0.012651431145010527,-0.01548029682523972,-0.020308711575960547,-0.029786167283590084,-0.03187671752898985,-0.0344472155151972,-0.03989315727498178,-0.04280553867495611,-0.03684378011448847,-0.033433381216589286,-0.03025478419334795,-0.03498601052287555,-0.034726491579497136,-0.027476679498486797,-0.02907584327451429,-0.032899685327101746,-0.028965889630072118,-0.02815182074871704,-0.02816954152329555,-0.02566505349477677,-0.014414406391157186,-0.010830473752674536,-0.013625467914778927,-0.016084916396140445,-0.024239616800775195,-0.025259869535819025,-0.03108934436482867,-0.03388770521624913,-0.03722857330007418,-0.04179596288838255,-0.03923737805609004,-0.026097019483037692,-0.018205621864419885,-0.020470032146860016,-0.02630077507581246,-0.029664272435660874,-0.037046161324594096,-0.03954778636030431,-0.03808057600497285,-0.03741532927477295,-0.04630666863043006,-0.05049591110173423,-0.04846672713084464,-0.05430303261012612,-0.04996114252930277,-0.0565956345488727,-0.06261004538257398,-0.06142219241465581,-0.0655532463996876,-0.06772816446482205,-0.060775754872323756,-0.06444455837339508,-0.06926908708693716,-0.06914957993799527,-0.07200095260110094,-0.0779550094601747,-0.07721133400206076,-0.07803875570716207,-0.07242293647829748,-0.07013600368702497,-0.06664676135347111,-0.07288077553857968,-0.06627734800707236,-0.0667422498008418,-0.06646855629466557,-0.06428413018893359
76,0.0037987022174101937,0.04709353722576114,0.13156524124927318,0.23605367928899743,0.2936285705863043,0.32185636661792877,0.3414833204398082,0.34066402750465413,0.32804609485693415,0.3356485429545806,0.3440516838219394,0.3474679788464355,0.3509755559996167,0.3481249930339778,0.3428996118988233,0.3431618408850934,0.34043949214682384,0.3506843285976627,0.3534263608099324,0.3548096303277683,0.351157352128251,0.3550482645231961,0.3495819503945292,0.34802352600689346,0.3430668052990891,0.35439594046908196,0.3481216321061285,0.33968252575024727,0.3377720629817048,0.33717516070907083,0.3397072595463765,0.3410723328907484,0.34220679816929966,0.33806254065057606,0.34469424216489913,0.346872431934177,0.34200070222256473,0.34259987226015265,0.33998771286419244,0.34393208044610085,0.3414022811021593,0.3374909806479794,0.33057439674728306,0.33060891488515376,0.32941044231342353,0.33338857127374966,0.3307911581793737,0.3388107710337082,0.33633112063875503,0.33430821290990337,0.3388820153139819,0.3393656126531539,0.3447468081891968,0.3462926721425152,0.3481395414111537,0.3472341944465741,0.34736358682242335,0.3383875384739411,0.34307487245757967,0.3360814606247075,0.33157619822739387,0.3359351348031408,0.33666547319119544,0.33851967185338666,0.33788744613758226,0.33989615006805446,0.3382635949029072,0.33292794265839665,0.33500130028294556,0.32957026063667755,0.32735224024491905,0.33123785202944184,0.3386700269485011,0.3371641737947708,0.343072810433616,0.33972042582835416,0.33494766960160943,0.33256621814835724,0.33388763031456625,0.3289460710306427,0.3294258162439144,0.32904131543157916,0.32945300259639526,0.33362497906332483,0.3291901223478706,0.3288173553897027,0.33130493250949167,0.33515321983118235,0.33109163794857577,0.3335676383029255,0.3397178057543507,0.3438990910923302,0.3521537881032753,0.34949965569627367,0.35307282565486575,0.3539199914992283,0.35828536334971145,0.36002354486410204,0.35838359599622854,0.3604684235837982
77,-0.005925822977049955,0.023592966575829183,0.06551127190616783,0.15235152136034258,0.25724533202884375,0.3244431507187524,0.3369249467934947,0.32892209065142325,0.31506896886628455,0.30872393422793737,0.30399704226881374,0.29686619623912747,0.28157889228257404,0.27850926354755445,0.27581319553845257,0.2612137405091847,0.2614342100068776,0.2640648582469801,0.2608386968395614,0.25799946969232745,0.2591156945742575,0.2596762675517477,0.2420808802115234,0.24792984662511497,0.23554513336123534,0.2346952397925333,0.22969223387602714,0.22552033779843125,0.2186632642507963,0.2314931247441784,0.23063957038698518,0.2328389964145131,0.23887914628157092,0.24019962729792843,0.2433163999829824,0.24534602096760139,0.24569232362499227,0.24837246484822015,0.24910456177941862,0.2506492400572109,0.252915113599656,0.24783773139215237,0.24480769980008726,0.24141237449602737,0.2464629898157967,0.242214935780336,0.2373857291462377,0.23882538638800802,0.23802307079924567,0.24380407295566617,0.24045746827023337,0.2378265073711821,0.2383581220173936,0.2317546019250517,0.23245712105188318,0.23461865549149138,0.23155953140906754,0.22594971140116574,0.23081574954576836,0.2255921544122888,0.2308168845938442,0.2190521105920406,0.2196514666207917,0.2185100561236315,0.2177638275083492,0.2204679598303047,0.2249627675019891,0.21584781830088398,0.20647944735926108,0.2143366637803223,0.21774026873645091,0.21381962429218632,0.21921368493289228,0.22008486556062742,0.22471151198681055,0.2197680418357214,0.21787341437111749,0.2134078976801675,0.21380069782161396,0.21823922203068083,0.22549844009814357,0.22440485794475123,0.22664722913280944,0.22862659478876562,0.22684533598312562,0.2265529894963777,0.22743483441103401,0.22763427009950157,0.21980199456318666,0.21330756601827308,0.21908399713205515,0.21522720825466934,0.21245553367170758,0.21694640843083998,0.21941588652961258,0.2155647438118898,0.21253818547952935,0.21670071609663602,0.21300060038225,0.2139148996735185
78,-0.0036805414178276417,0.01829683496394253,0.07024697726752155,0.16885346141407762,0.2592711425896496,0.31699900605520515,0.31990895563711896,0.3072739605403213,0.29404055736471085,0.28174436717311424,0.2857542446055071,0.285116479573102,0.29301960899831,0.26312442808138714,0.25556985899119267,0.2445491535390209,0.24421570850862762,0.24155780802835308,0.24078085369725052,0.24092348923294987,0.24532497953208754,0.24695639150607065,0.24698617160347883,0.24525458906618267,0.25414383899808357,0.23979166975004473,0.24228981318347156,0.23963763187435702,0.2360039913411736,0.2349475662390722,0.22861521933125276,0.23337661967489862,0.22544126557709146,0.22821807801073724,0.22819154863380234,0.2288939909619861,0.23688598843667927,0.24292471811203029,0.2366740277204986,0.24145021986121218,0.23736374207041486,0.23579831465138631,0.22973643348987285,0.22311460842376088,0.21510582652846863,0.2131298234377662,0.21151312588040241,0.20943675060033118,0.21181937520005742,0.216536146269372,0.20915854778402504,0.2096098452653099,0.22076717962042205,0.2287375460827538,0.22719208202314894,0.22174848633392016,0.21301838045557997,0.21356009657518132,0.2133387610577877,0.21082892890880983,0.21224368178125527,0.21374043949555996,0.21655922602480387,0.21468983205216777,0.20918845781906378,0.21118774294904355,0.21189811762979627,0.21135157053084216,0.21594110480393625,0.22001716246447484,0.21376182097094668,0.2198858418317113,0.2157017464130449,0.2144674497211074,0.20965325817063715,0.2113653332545405,0.20322445543752352,0.20306652552696863,0.20065282656946062,0.1960384451762303,0.19422763093777096,0.1892228238844117,0.19459000029852963,0.20108358173617036,0.19483625634116414,0.1873264413193468,0.18090231954087221,0.17443615956222733,0.17263734725552424,0.177686852970146,0.18105942221542728,0.176093386691347,0.1713874057218926,0.16877385955509167,0.16779277332760098,0.1655298120417141,0.16814256429745264,0.16526948888976914,0.16858631604924718,0.17278470123781747
79,-8.234073411814116E-4,0.013030646528383356,0.05248770185324159,0.11834126731714324,0.19824474852152688,0.22563090526985813,0.23873037312499576,0.2415071233344447,0.2387492296890134,0.2326213371867073,0.22760112766369342,0.23633652339346256,0.22853197951477017,0.21623659557933006,0.208088346895748,0.20447990246321285,0.1864939491122002,0.19057304720789922,0.18753231288327463,0.19722006509556483,0.19569014234669402,0.19372240396905155,0.19387803737253953,0.19285300068882336,0.1883799459987618,0.18819924114599623,0.18277370315683947,0.18068249956219737,0.1884642699689035,0.1883175144569115,0.18696084779663324,0.18579036858191816,0.17754832584340793,0.17439139848873192,0.17207765254343838,0.16772636628646595,0.1634059387907688,0.1653734785143489,0.16455284907071918,0.16250243395178984,0.16113300917415974,0.16716940808430888,0.17166732115536515,0.1744610023482706,0.17742388393699737,0.1798235166865777,0.18780440409805776,0.18543863724570503,0.17747476753571165,0.1782185745167204,0.1900093911974612,0.18840348536534307,0.18388290923388387,0.17537188958074623,0.18479690315706987,0.18425487785254296,0.18920561583574538,0.1933275243204956,0.19001411026713175,0.19129825380819274,0.19271629390402947,0.19957385178570392,0.20973413299019245,0.21540795054986794,0.21924259004998262,0.22000742636935797,0.22088409729940214,0.2282181840274602,0.22095578160281687,0.2227795745249949,0.21995097731011928,0.21366320549123416,0.20711544155976866,0.2138851204588058,0.21481443392484237,0.2144283275791183,0.22073710933703913,0.2157241686855124,0.2154984790470675,0.21426004798863052,0.20965390340182272,0.21882961251790167,0.22293746380069257,0.22435166857658892,0.2249712484166775,0.22781773275427974,0.2252618322051035,0.22389366513127315,0.2288976204937131,0.2265220524275248,0.2238747397270661,0.23331347721595794,0.22822407914682383,0.2267475319219846,0.234727290250777,0.23294751644129572,0.23465494645622895,0.231849452605521,0.23645389318059698,0.23754580589699992
80,0.0034673518688646595,0.031964227952945276,0.10401449472483724,0.20831552473806872,0.33406229237026325,0.43157580842812765,0.4705523487096145,0.48934782035235647,0.5119032415777512,0.5177017070202622,0.5303613653824972,0.5347895172179737,0.5416372218917586,0.5427518806108715,0.5483178517156658,0.5545782037220213,0.5532508889642829,0.5565858371221565,0.5627636735543818,0.5764285129753091,0.580334077294818,0.5757997910213899,0.5706102590315223,0.5779242877659445,0.5725327518385354,0.572176814274279,0.565261246821744,0.5685603171596316,0.5709841043579343,0.5734027948487084,0.5746399407356179,0.576994490830021,0.5734920388383056,0.5680254878976846,0.566196282836372,0.5605746350639775,0.5652627607834667,0.5705097587692604,0.5718773386901875,0.5700063881544437,0.5710561767255047,0.571071337513171,0.5743969312325491,0.5777273991283608,0.576991512132054,0.5782175954532063,0.581900645671326,0.5830879588960971,0.5850068653222081,0.5843324937924894,0.581750299984265,0.581867210362501,0.5830363316909603,0.5831009584187885,0.591344177861029,0.5913066955508249,0.5823126195642643,0.5831085848280101,0.5857390714158651,0.5854675448019473,0.5830492010831353,0.5779052027897513,0.5806886762707905,0.5892689016374121,0.5845895897039554,0.5836292375987008,0.5831512401678866,0.5809249504922065,0.5821469090868504,0.5821725844090413,0.5779967213883167,0.5879572582041133,0.5913970885443066,0.5977817224181411,0.595815605983616,0.5992937735849702,0.5991499449219547,0.5988168819004884,0.6003257938823529,0.6022517362008762,0.6058190871610485,0.6059778666667804,0.6078268551727891,0.6049590425381582,0.612955095214984,0.6155735117630081,0.6112901720312487,0.6124808207955511,0.6123534645206837,0.6150606614896774,0.6082222042557305,0.6120717985202356,0.6117722738135847,0.609903498319866,0.6093245531306015,0.6123756863935549,0.6151043779013794,0.6146772475405256,0.6205520844750435,0.6247308166242412
81,-0.0049760946751317035,0.024556242458169623,0.05700096877250442,0.10593955133280158,0.16993008447567098,0.22775233060787092,0.25102278962945035,0.27735812511336944,0.28732077539464623,0.29683101613397667,0.29544605579912825,0.31005573619119403,0.3122446358080772,0.3182739734221905,0.32675755581098864,0.32446235390815703,0.3211095364647674,0.31438832494601965,0.3081601105592919,0.317009091541257,0.3060512328103641,0.29822786870283263,0.3022924870364708,0.30190530269612537,0.30160070609233114,0.3006858323712109,0.30608928193332724,0.303982128557233,0.3035133563401234,0.30394095754470657,0.3098708660243668,0.3065717520107192,0.3210467412287104,0.3227180830727512,0.3308410369846655,0.33727400424628423,0.33723723324935356,0.3409084729445791,0.3435964276278182,0.3494912966761492,0.3479592312444156,0.3444051433202266,0.3493022248997208,0.3474865231894054,0.3409183260315146,0.3369313223443616,0.335037990416536,0.3387683914491864,0.3345865902590042,0.343539947644616,0.3409242810760986,0.33369924917783933,0.3323893588016727,0.32651033534542273,0.32324244881291975,0.3199227874957174,0.32256781517728683,0.3235186991743283,0.33220056826282757,0.33003472129094036,0.32156313745803744,0.31951702385616104,0.3178001854631316,0.3183054700436146,0.3240900240938547,0.32627992190286403,0.33080460524923905,0.32284009030866995,0.32542382798835995,0.3217218374859099,0.32037439086424113,0.3118688818772305,0.31283941673556515,0.3141850986283159,0.3139691336720902,0.30731756912591884,0.30772281645416316,0.30921713101640624,0.31107742947000955,0.3108542619550116,0.31115910863566865,0.3074838768654164,0.30397045709443554,0.30599433108512086,0.3031777121791761,0.30612117546184403,0.3092565074706689,0.31262658021835366,0.3160998286939649,0.31682767417750524,0.32124785787364574,0.3196081099607488,0.31361720447048724,0.3186003992602248,0.3164759601759968,0.3224200935651861,0.3273385486073927,0.33086181374844403,0.3206171691293651,0.31691149832574406
82,-0.0020754214552533554,-0.00155968884206521,-0.00155968884206521,-0.0021310686214397107,-9.16903537493437E-4,-0.002202355666658595,-0.001201129500956517,0.006635661685372549,0.01005876026464478,0.014902690306571273,0.028794494894865644,0.07160300959459966,0.10618628750387654,0.16751153079920603,0.2085273196595015,0.23539762471349335,0.23344509210820427,0.22456461930041902,0.22031873216090467,0.2070058884184114,0.19516697199959676,0.18183563287720836,0.17814501611831737,0.17972373796390456,0.17798509171243412,0.1772033107748191,0.17865888324198897,0.17824755941861703,0.1752123388809633,0.17837483886973385,0.17910448358523395,0.17346721030952367,0.1642311136955118,0.15948755984170906,0.17134682253777098,0.17832196221769042,0.1776293834371101,0.18086178465343572,0.18542153827631488,0.18003408316761138,0.18324771303648021,0.1904471558688143,0.17644841561991104,0.16634221345404893,0.16609021315474717,0.16501197604196832,0.16784761523602806,0.16559992290437298,0.16453134102497236,0.16969013630512783,0.17156920982534618,0.1797878324515075,0.17815837373870372,0.19121350155329592,0.19715827252513032,0.18970043863279598,0.1956468983136962,0.19068007310059337,0.1924068646022914,0.1920093174890118,0.19378109156405,0.19226785789391967,0.19212379636184632,0.1954934300405934,0.1985627365890576,0.20463061744590913,0.20572854352043327,0.20217404713095488,0.20032146572432602,0.19444817511538343,0.19671796410794695,0.19694238760049187,0.2001762259112959,0.20150549823185962,0.20061622542766017,0.19072165419056353,0.19021914857460773,0.19172723381212836,0.19483743769291173,0.18934813113204504,0.18932979653077298,0.1901826253897424,0.19368949021230455,0.19810574985057183,0.1983636867344722,0.18838672970230388,0.18603575622626933,0.1803616353729676,0.17507964395271214,0.17493540780856287,0.1791310289270049,0.18380736835636924,0.18046819443920817,0.16620045352231763,0.17137946516991068,0.16890261574588855,0.17352847443976965,0.1638967453011631,0.15822112944939376,0.16192200495200876
83,-0.005804957380997675,0.013492738113216208,0.04035226918315539,0.07094083829712808,0.10688447175089606,0.13778324617850757,0.16565788635123926,0.16610207910801475,0.16193334725247127,0.14622712658020848,0.13694012231119998,0.13086763892399353,0.13105074411429116,0.1256811620288891,0.11836920128616021,0.1178843239290924,0.11540448483167237,0.0963453095914398,0.08149292748861214,0.07283247324429432,0.06321208851556603,0.05793096823174742,0.045092157177652074,0.028976636231853536,0.014916755987779836,0.007050318476186295,0.001875779003647367,-0.01128244784439329,-0.009874942385804022,-0.009986681032259012,-0.00795128248652895,-0.004722503323103976,-0.005094605725557033,0.008810094870048326,0.014985794200496482,0.014782112319778941,0.01415765776768017,0.02053533816758008,0.022882663988321374,0.019153691330673545,0.015559218946493642,0.008350102799247227,-0.004068930582522215,-0.0023370151158006373,-0.005558370853137373,-0.01185044780751631,-0.012573211249515347,-0.018536761795170328,-0.020989594448627264,-0.026724673953763562,-0.014444378278764745,-0.010858227185786955,-0.009170071443440488,-0.009448450718314804,0.0011545476739772667,0.0024826064229946164,0.0020819914047637274,0.0030107580173716953,0.005462946842426863,0.006467320054555827,0.005362078221427092,0.0027918208478952557,-0.003427972218845658,0.0037237556859493802,0.004405353025358567,0.007658108852340801,0.018270884419367125,0.020873320991674927,0.0141571445906315,0.011371094285056137,0.005444343888982691,0.007721888490058466,0.011906859461825656,0.016824399607531064,0.019562087242790724,0.025443018571580395,0.026587352622434005,0.02835541418213369,0.02438469830644335,0.020396432363203636,0.014665159978242677,0.00980556902330339,0.011178030623193067,0.011240994326237737,0.004787803999744433,6.72524079736949E-4,-0.006261365725943322,-0.01108507836995626,-0.018380480186379822,-0.017801492604726903,-0.02143506464777052,-0.023651741130178615,-0.028319653900110202,-0.02972657324012885,-0.03326393455295891,-0.034878873390962066,-0.03311280643445086,-0.038238516068502,-0.03921176355800096,-0.03412331353090004
84,0.006046735312232658,0.05925597944096632,0.12452590376790917,0.2066682872082489,0.2449978844561221,0.276254705073732,0.2787537471052132,0.263288865916591,0.25184622613355506,0.24983749622989943,0.24570303439496943,0.23815512944275896,0.22453429107576447,0.22299840434481902,0.2232001959320711,0.23272782708942935,0.23595933890377715,0.23409802541094923,0.23083323393626284,0.2279778776549595,0.21960531615893986,0.2213168361615888,0.2243998669378769,0.22820596323283052,0.23211626964776258,0.23490540531628695,0.23614816478687778,0.2385160553451985,0.24300241263874514,0.24274112247821655,0.23412547420195615,0.2341874855804917,0.22590319387037408,0.23048875921263293,0.2365262239175622,0.24024681637741854,0.2412871416756951,0.24212437166352493,0.23811714285839053,0.23941179494297787,0.24044075783747335,0.23594158343086025,0.24118310044787042,0.23851380833166436,0.23978043767928256,0.24114346911445758,0.25098321828393955,0.25169429760761214,0.25542669276368085,0.25754383837933953,0.2575369188610763,0.25667007070462594,0.2602168961472044,0.255246636877416,0.2530701486055616,0.2510369797672698,0.24595441609991245,0.25200238153217486,0.24852962625086775,0.24585042283964845,0.248417613278804,0.25051094496307214,0.25336197357869233,0.25611605746223043,0.2609966468214174,0.2654296988313645,0.25969466636972866,0.26478854778793515,0.2614179834054303,0.25844688156639534,0.25561355210458453,0.2601050361499376,0.2589123396707612,0.26279900891015606,0.2674323277024912,0.2628572700884119,0.26098204536233927,0.26253111134561247,0.265333270740712,0.27390320036048155,0.2775795670821657,0.28458474168523323,0.286355160853165,0.28650107853194373,0.29015655178055744,0.29229127434181573,0.2924207947032422,0.2918839760241567,0.2922771370522126,0.29739451463771305,0.2971278217343956,0.29202369903263525,0.2845909898836373,0.28789014002352,0.2853035322101357,0.2818611850158529,0.2829583419503158,0.2805019427424485,0.2843425476874224,0.27973901503696824
85,-0.009574706160624618,-0.007258770163875351,0.0012097675594493007,0.014108988509477529,0.034792828848371676,0.07476413466287948,0.11935210861149223,0.15605148519214773,0.17910750920019541,0.19183661430226834,0.20039195798702067,0.22246196743572674,0.2282622931929812,0.22447963611008917,0.23443931107935692,0.23214927388825998,0.23976646883492087,0.24587438834418804,0.25115259326507766,0.253935051023026,0.256102493344839,0.2510007357027703,0.24393470407311177,0.2508937695831749,0.2545252962689925,0.2523506083977356,0.25691634404017066,0.26445126266780977,0.25664178169838775,0.26099248901943317,0.2562491249823222,0.24881328238059303,0.25487171109501827,0.2539609380283549,0.2476389949204551,0.25229617394445486,0.2560010353899907,0.2623640750773139,0.26925175295387294,0.27130641580824105,0.275776874705723,0.27819961246797137,0.27745512063396843,0.2808570659364943,0.28108014343365956,0.2911732136191094,0.2931248455034789,0.2951109939902663,0.2976746569169914,0.2983701080508302,0.29949716188855413,0.2952916298866422,0.28928691823740543,0.292767035588023,0.2907475600354431,0.2899773342952659,0.2908780127240797,0.3052940804789779,0.3042697544104021,0.30516992688946365,0.308754780457307,0.31190472804233543,0.3163337412750372,0.31542896874209897,0.3216990863544733,0.32123807796250015,0.3212051651291239,0.3255514932296937,0.33033383598703764,0.32562162363223884,0.3237808062912206,0.3247098897978989,0.3328891356893623,0.3351151091081113,0.33420351769700984,0.3310775891003413,0.3335482606708371,0.33746707793469716,0.3355335446703591,0.3367447422843477,0.33471009111611477,0.33014681753166886,0.3323500018854649,0.329240442751423,0.33250625824733204,0.3283310688429974,0.3334394889458317,0.33103405464135316,0.3310335301467821,0.3290098402001555,0.32486234289133104,0.33408226601568314,0.33819231553955,0.34545774013738784,0.35020176931092484,0.3495290981534957,0.34292253128516215,0.3471630321807016,0.3449602260962695,0.34595329530298125
86,2.756246243603909E-4,0.004815599720499504,0.01783526689695776,0.03378802400144044,0.056818314713975256,0.0782866931516742,0.11655560978653068,0.13937012062459245,0.13592443944188914,0.13945749580206895,0.1347959608126492,0.12431912959231267,0.12068977680723574,0.11675022137873128,0.11560070709935542,0.10714222886526638,0.10315461927532597,0.10722580630863841,0.11534254504074877,0.09707436182663395,0.09514831694945951,0.09665019412077493,0.09792326033275256,0.08790895745076104,0.07509431158227971,0.06469084914064613,0.0716765113592882,0.07459597639403535,0.08534566846206339,0.07825033354157246,0.06817418843920803,0.0619048026902034,0.05795140116844652,0.06184195858555066,0.043018189320718825,0.039946719812417875,0.04024818910259407,0.03902899320877406,0.03548740953898552,0.030592766857701598,0.017940617155312606,0.011969971704504818,0.015158233336231272,0.020240469846188464,0.010143917552473087,0.013017135188540627,0.02051835234966182,0.016653137219500715,0.01740318672905821,0.017090373142172655,0.014338977757035987,0.01542141250200857,0.01967971580559022,0.022053149720206288,0.0317308558458933,0.029786744244320068,0.02225263789973787,0.013584036742312504,0.005631047409117082,0.002841178721365757,0.005184915245732185,2.3652960846782034E-4,-4.1395733644306043E-4,1.2141565316663993E-4,-0.0028828056706288636,-0.0013480390798793107,1.144051926133538E-5,-6.38500743676792E-4,0.007622981434542641,0.015384212166587577,0.01303465327594789,0.015142569199961639,0.020560933754642022,0.018419679830181505,0.0021573615223046817,0.0014136804777104273,0.0027606395885617164,0.002729487692306749,-0.002514307165723044,-0.013842791047456605,-0.011928835122677301,-0.010895108069754404,-0.01613211588483641,-0.015600875882612964,-0.013065897218935568,-0.01819788931352048,-0.019726866655379444,-0.016438406660147495,-0.00939599402490456,-0.005188762331950214,-0.0044517003221464626,-9.764985415980748E-4,-0.0075414423814836404,-0.008015285245314767,-0.013980841646232613,-0.01536257010744544,-0.01367866304103136,-0.007051918094201523,-0.002462497109176572,-0.0015113484437125901
87,-0.001900156327786838,0.02633489226071411,0.07181453412194594,0.1496183705700947,0.21083632093067056,0.22485714750299268,0.22120264300646444,0.21417997093923527,0.2104780988138949,0.21510662889856147,0.21076080645379927,0.20693691769912306,0.20494136281685996,0.20730999927987961,0.1976392770495765,0.19740070422419304,0.19580791021181684,0.18655316876406938,0.17379727032918146,0.16732201496740287,0.16797171969599187,0.16943071487342176,0.16798581734723247,0.16250961451807494,0.15123185752090187,0.14361132552176667,0.14619617534710097,0.1515973268861207,0.15257083535810728,0.1512867634427738,0.148820043596774,0.14974955196449552,0.14434976148535278,0.1493643603236184,0.15307663573223568,0.14665356716560435,0.14074110033065296,0.1414356145334458,0.15339264974531297,0.14839363264467853,0.14079120950925714,0.1378647502246605,0.1360517252372623,0.1343655979863239,0.1361916032167672,0.13100527459990896,0.13420283696702603,0.1343990373592413,0.14790123355653295,0.1402924689353358,0.14239671030949677,0.14139966041735563,0.1410558129867953,0.13136089326559125,0.12930825417664227,0.1245752679362539,0.11804540525347351,0.12185416460695557,0.12001956852054789,0.12122532989334689,0.11154296199855367,0.11502584916830134,0.11072928576058874,0.10903628435245198,0.11183761947924734,0.11549984777824536,0.10698895585301454,0.10698300517535098,0.09436170871791444,0.10758967097608865,0.11206438777084521,0.11247946651604517,0.1102415034309398,0.12223960577444867,0.11641378409734081,0.1106111308674945,0.1185965439371563,0.11713404250664027,0.11656050736315283,0.11703094401479103,0.12180349858512587,0.12450765960227655,0.12699898246521024,0.12456504809076878,0.12971353771909136,0.1364548467783179,0.13940304781992732,0.13552670319078886,0.13912997635800653,0.13865303415645072,0.1359945879592722,0.1371210578895401,0.13846517622711493,0.1401065631497097,0.1391164777763617,0.1502278932152266,0.14165811581300516,0.14731040417656896,0.1441746051887994,0.14907920833137958
88,0.003457332279112728,0.0162250713402156,0.03713090251767709,0.09140196866994409,0.15412841326870239,0.19265164651272762,0.1951049536240938,0.18700100316976392,0.15361190069460148,0.1255511355310613,0.10183674310544244,0.08628798287906068,0.07273413007739764,0.06980698389750241,0.06762289472089861,0.056518007072412495,0.0501123563055536,0.0425794686890947,0.037104308052458373,0.042276155211801586,0.04223084728082156,0.04718501580424249,0.048197858994557474,0.044507676108481206,0.046754667221942776,0.0358042448005264,0.03742032517695194,0.029765422863416192,0.028615299333540015,0.03069107399260576,0.021890728348610344,0.01926487152765728,0.019476348882869962,0.007008963253896891,0.013638842321403303,0.01927512332558595,0.022101078478537116,0.01672453837854847,0.02301366869139112,0.02506359763712308,0.031152104873987337,0.026621102913174724,0.032148607071826873,0.03045719409618707,0.03369548548167604,0.037442693761156026,0.03968968480411028,0.03937239114798053,0.051682230888928225,0.054079532191772264,0.04971732415402395,0.05150426563579522,0.045894256790481744,0.032213449662531445,0.02842231774508992,0.02496821534330434,0.026324220949644844,0.024888481046590118,0.022647415264158463,0.01065922516068225,0.009627301681635666,0.011549835712846393,0.0037510681531462016,-7.70234659670989E-4,-0.011179760204040611,-0.016032223353533645,-0.018364686388529717,-0.020881601421205973,-0.022219592286738532,-0.01811744619701405,-0.020515170026141626,-0.02873431854714169,-0.03358827093796572,-0.038810046322350744,-0.038288071335112354,-0.0382576103585308,-0.036801653962244406,-0.03859894257927863,-0.04020747028847346,-0.04631045748292339,-0.04201908112510791,-0.036900639568516,-0.03747723715684019,-0.03702420023754969,-0.04383360232079637,-0.03518167728312224,-0.030424933532528165,-0.03622561425333219,-0.038671024136323784,-0.038737419309087126,-0.04248477584575041,-0.035319818238102686,-0.026429835299860566,-0.023282948854748343,-0.030457788101291565,-0.03219639335386221,-0.040114745156928124,-0.03939963814413154,-0.04366483946914771,-0.041221885332941334
89,0.0010529550856247425,0.031223009153699265,0.10891403770387605,0.207021648825739,0.27642410833692777,0.29967529407378335,0.30584150810545974,0.2971511863730616,0.2935510515761753,0.2910205012992111,0.28772782784601403,0.2682705888018826,0.27033473359208393,0.2664862917292165,0.2595766174044096,0.2506956729283256,0.23940770141890333,0.23513519846123077,0.23899255668207364,0.2418249848169149,0.24519518898696752,0.2514106541559824,0.24679886004811977,0.24484659033786454,0.24656466097083402,0.24472007695885428,0.24496975876831467,0.2504143084121097,0.2579118187029082,0.25249852838244546,0.2576828825635465,0.2584188502237428,0.25358794698276793,0.25187597045633475,0.23871247954509056,0.22960045267972615,0.23111044923665172,0.23738661922923004,0.23840267596040046,0.24116064018507238,0.25153377040560404,0.2550040862459102,0.2545635462030974,0.2515516334770964,0.2505363596145538,0.25789506198326273,0.25984411401195195,0.25285936766276007,0.2462448042692866,0.23858904935993613,0.23743648785826538,0.23523735233694423,0.23696744046289436,0.2414557129886703,0.24212536908214957,0.24520996073000467,0.23700570775341934,0.23738987381761564,0.23457328686393844,0.22901360260832976,0.22575451807646252,0.22300055567634097,0.226446143637278,0.21998273178465244,0.21147329134910983,0.21022043419835107,0.20621098369401353,0.20957086269363098,0.20501326258139657,0.20642952222398236,0.19845798914853144,0.1902795128810027,0.18077636294605656,0.17989450283713435,0.17810339444599524,0.17558064215425875,0.1724084180509072,0.16865181623342945,0.1723510119353886,0.17275880938479687,0.17627407637005615,0.17751694476175303,0.18406083442803386,0.1844960025749434,0.18461699652854877,0.18708862399444948,0.1918227231473194,0.19858925747925518,0.1935649947681459,0.19984529834913103,0.19839790676900385,0.19130305408571932,0.18835957646082557,0.18970564999090025,0.18751170518251162,0.19205365380338735,0.18530291124363635,0.1840200711388267,0.1927360640946671,0.1926844783406807
90,-0.0032653291961091385,0.03089978173314551,0.08653144687174467,0.1677827325247268,0.24637917615017924,0.3027001308980166,0.32624892973929526,0.3321312375595314,0.3234461672418446,0.3067877211779382,0.29771156150298395,0.29266048230514946,0.2777955439168476,0.27330386273617974,0.26477607293001726,0.2696761515341858,0.2591466478034775,0.25554524326497574,0.2551057760876459,0.26420949241625497,0.25733657892601924,0.2580800931075001,0.2652155179437007,0.26822333664744025,0.257036784006859,0.24459235247975594,0.22895479596383972,0.23637242972381314,0.24872200157440294,0.25462829091842154,0.25398705020782075,0.25196670215346084,0.2529735424895268,0.24871925304782963,0.23408886442157695,0.23283485743173535,0.22666932456892977,0.21464119487260963,0.2195024286985274,0.21659814622940776,0.21339208685706715,0.21606809345348496,0.2172711231143192,0.2197145655582753,0.20517250603926665,0.19548070160687403,0.19742025788238898,0.1919951510951718,0.18297945430806817,0.17938604744735462,0.17990498030358615,0.18391542559918123,0.19209457149900586,0.1834530584221235,0.18628658036441942,0.19385720401889167,0.1883441758670823,0.18941639370526958,0.19619118069655714,0.19618669015478282,0.19467914581932258,0.19536092399830707,0.1895056472315413,0.19332911798997834,0.19953017379266247,0.20566784924843953,0.2016892977636865,0.2001658017345004,0.19618547723464821,0.19686277379072853,0.2025299187333859,0.1945611070964798,0.19733336170036309,0.18703158412548151,0.19296182880023013,0.19132011008284636,0.18840108878013628,0.19847075624786664,0.20299657637085755,0.2072857372719654,0.20203165982455323,0.20467524196342918,0.20307381644733316,0.193064604227242,0.191100031009917,0.1933000688197312,0.1880719436454099,0.1860205935200918,0.18436260750455363,0.18795307749891638,0.18520230318770461,0.17770666996950685,0.16498199876158823,0.1665663756432024,0.16839899562879715,0.16893825475716437,0.1698107009122875,0.16791687485465268,0.16932540720703199,0.16613639006798156
91,-0.004512944361829974,0.0068561950064365855,0.007841824346485187,0.004478143354246914,0.021054664279573827,0.0631699786228644,0.0927801163066471,0.13831855380956082,0.14755654771073523,0.13522628913686335,0.12745407289381944,0.12395889764229481,0.11924217963875959,0.115256883030898,0.10808740193368287,0.10052998753322191,0.09177399459235507,0.0766628613437324,0.06373339370186099,0.06462863153670036,0.07215746044268034,0.06336642719771593,0.056573335464846455,0.05079631371077118,0.05426984700828033,0.05034294717620931,0.0478758988721709,0.045728789442233964,0.045209622042340206,0.030560038340699217,0.028165744739963847,0.026476376214796787,0.03741090244227137,0.03337312979463449,0.029035883418874107,0.03229254883511415,0.03466080446279551,0.03313207430127925,0.028194200693142796,0.015137757043303855,0.0064853543911937775,0.007469544522932865,0.0068784639071579326,0.00745190314510385,0.009885191780563034,0.003369162227899073,0.006946984550552077,0.00818170292763847,0.017609144187271022,0.021945346136590996,0.025663809823182268,0.013108847158343175,0.00753572193468163,-3.0180603719135807E-4,0.00957313423325143,0.00826454978941925,-8.739527897900313E-4,-0.004399955747494862,-0.003909406375615242,-0.009414455211687971,-0.015131148800601669,-0.012852472380064338,-0.005497506315180386,-0.0034061897848233235,0.005884276617180677,0.005335333737632369,0.0047118028558325465,0.0024640848510909304,-0.0030376356603299837,-0.005974627828964237,-0.011645283324369246,-0.011835300910905271,-0.00925694604131495,-0.016449334444141376,-0.01792810645220112,-0.017166133368637367,-0.014971956294949018,-0.02150031249634199,-0.024605727808353427,-0.03335339908463825,-0.030559545764764183,-0.031087378843868346,-0.03238395081593976,-0.036497092314594574,-0.04095340029192732,-0.045542037200049366,-0.043669226342034094,-0.046209075071330395,-0.04621792671943023,-0.04911504897855984,-0.05133757232453442,-0.04812504153688511,-0.04506728888908484,-0.04612480537496585,-0.04022114090940377,-0.04075207024404717,-0.04078247130582291,-0.04059547771318406,-0.041620845074009295,-0.038975360326452976
92,0.0018016142297172019,0.010589414540397605,0.023789435422027386,0.04203875915374991,0.1046036237935272,0.2040210467376971,0.29133336541924315,0.3369671727056134,0.3516532807462864,0.3788707965686213,0.3842619438535235,0.38769487917938167,0.3996702543188506,0.3956744220199516,0.3978129960358431,0.39902666772836654,0.39588872423366817,0.3875708886712925,0.3900423871383498,0.3892590008812488,0.37682879192382757,0.3687893381265488,0.36340935836031973,0.35964296106521204,0.3602576766298846,0.3627407969890139,0.36753538959065674,0.37063170285872316,0.3691965521299984,0.35879610923238353,0.35952452671559704,0.3565827780457117,0.3532733310876938,0.3547567020248137,0.35382558307161943,0.3533516323624767,0.35060887138567487,0.34955428667254074,0.3442261895759752,0.3413851283812115,0.34535929266302395,0.3451586117027109,0.34311575447666237,0.3510870796000997,0.3567578901042545,0.3589733992057992,0.35798377552242316,0.3553408688882903,0.3501431036622861,0.35047637816644694,0.3571708038488123,0.3568850811593557,0.35073410225026236,0.3475480329318682,0.3447294728813082,0.3421309440800078,0.3411015329746459,0.338161224564851,0.3374336787130651,0.3367421030130214,0.3228869660594086,0.31749783229378337,0.3191167733681487,0.3092520234078498,0.3154734772915901,0.3207632937224551,0.322416004522306,0.32110414329844034,0.32658195972146026,0.32367225008442596,0.3293816926487412,0.32547192002864095,0.326744495441044,0.32987222598579247,0.3300993657122094,0.32543108303568224,0.3254640892932919,0.3190121249724095,0.31796868330455347,0.3202602430749198,0.31262911061862764,0.3063394420118206,0.31020144492306656,0.31382466766648365,0.3129376764943853,0.30914213255104134,0.3131297088015095,0.31406572545418493,0.31262502654286517,0.31204091500266734,0.3075719893490324,0.3091098299165842,0.3133627709711883,0.31266920795610476,0.31372252682994956,0.31249972744224264,0.3152423688860078,0.3178305575192622,0.32248284893087226,0.3228377763990219
93,-0.0012462797972829214,0.01915764135294582,0.0496167526656812,0.07994943635318547,0.11488593216193815,0.1683141108641887,0.19951120878336046,0.20682619423218088,0.22118966410781427,0.2126096555805899,0.2069702258261362,0.20161797578848367,0.20408593918394996,0.1990029149881342,0.19556506432874482,0.18750791825553115,0.1925806574424591,0.19530675059851224,0.20059290067165977,0.20168095938152117,0.18954566361642136,0.18634205444493956,0.18039760024797646,0.17673973803173046,0.17892325672196385,0.1670894083657485,0.15713615368981693,0.15420313474034164,0.15430065964980516,0.14840769527049133,0.14977054118245708,0.15449552114047638,0.15828422458915398,0.1638344607722492,0.16428178770786375,0.1696575933616498,0.16827194656790964,0.1636871982551376,0.16672289066562,0.17500538397528573,0.18701551967005717,0.19327094853083857,0.18986563994805622,0.1857229536675483,0.17720055257294082,0.1788914897466826,0.1844380452357851,0.18291882138092752,0.17721919672128497,0.18204012787652363,0.17846128884526022,0.17180158427754585,0.1693018138018167,0.17263474474489338,0.18034698047066275,0.18338953570411817,0.17828738386490284,0.17435078273466897,0.17567842982778498,0.18961739939953381,0.1853777526128736,0.17660584618700026,0.17365937973095136,0.18187886562028616,0.17677764169170232,0.17292488725198027,0.17031486290658002,0.1664009045540395,0.165959620601415,0.16005627982474607,0.16105934792649504,0.15243655414413515,0.14713189675752883,0.15185711548667863,0.1452540739144273,0.1443217976131085,0.14221486419156718,0.14459935122501882,0.1352654106213085,0.13596849868711153,0.13514100937403664,0.12830640315403705,0.12053748773301329,0.11969779492619319,0.11957966187790584,0.12591247999761784,0.12049592561484389,0.11857196260279616,0.12237739248707348,0.1148683415118361,0.11333458554437835,0.10914886511818107,0.11451764386291614,0.11663626103726232,0.12197462847077038,0.12024438336518455,0.11406284213024324,0.1130478117676318,0.11132309077447555,0.11923281329403924
94,0.004312176398314336,0.03667613445890387,0.13617697010048366,0.2400300993924663,0.29923277600178494,0.33725781016897927,0.3554623777412262,0.36670887910611116,0.3679744395576783,0.3711988072495064,0.36569277590975346,0.36335418830293337,0.3537295057648339,0.3427477461582024,0.348855053831344,0.34251716001017285,0.3520138356297026,0.3581752813642752,0.34587991541077606,0.34240398029870334,0.35013426770038797,0.3448249756079997,0.3364841277433811,0.3344224669418899,0.33115919040991465,0.32008014062127343,0.32031882291360264,0.3259585372598557,0.32571831634877035,0.3262026804294687,0.33026177901431863,0.3311437121790697,0.33257252216213495,0.3330331275797096,0.337677790742107,0.32149878759912076,0.32664244588421,0.324415942625264,0.3256864564389977,0.32134749615639646,0.32478463268735225,0.3238079206690837,0.3238029231217171,0.32903862912446713,0.3283424571228189,0.32736169359987527,0.3207651528609998,0.3195023392350059,0.31513492481459127,0.3099750443656775,0.3185805155913501,0.32450076494206725,0.32855904176964557,0.33463380106021284,0.3428677729561472,0.3444370882266003,0.3408417792502686,0.3364742131468214,0.3362933516774285,0.3418492060587415,0.3385047809836415,0.33742324590690065,0.33971680343544003,0.3392772339628719,0.3419597969809208,0.33938705628892185,0.3375464948411458,0.33708378624731367,0.3357301031519168,0.33590842821278877,0.33472528965895454,0.33559926832542464,0.33242861335369883,0.326262085789479,0.3281349101589211,0.3164975842931441,0.32065161720889757,0.32444460614408865,0.3214158572440139,0.32984749534730023,0.32695422518251005,0.32380287582388717,0.3215469103303915,0.32213928682837983,0.31635516353912235,0.31435686733940416,0.30584098171115087,0.3096156036502083,0.314258670606877,0.3158871519661268,0.31720404429943366,0.3229120977403813,0.32327365715366313,0.31660166494617614,0.31150621379969234,0.3091898431076422,0.31240180937343764,0.3101693173560624,0.31081776991937227,0.3098882274261523
95,0.004757077976655092,0.030315891122237232,0.09751381617541148,0.20585409988058573,0.2972581075297389,0.3355899808399949,0.33897577710481835,0.33646755938500184,0.3257232504823596,0.31831616135748947,0.32541341825580017,0.3197280385802474,0.31822833765813563,0.322675699020473,0.3206384440720022,0.3362710261867557,0.3410101206176021,0.34018173337951224,0.3358854866523574,0.33027639148501775,0.33172095024528836,0.3268843362097925,0.32254795316415263,0.32219563731142153,0.31963670465176164,0.3111193057738969,0.310930056779051,0.3085955701658326,0.304169159371795,0.316339090378595,0.3205894099196398,0.3227294104222814,0.3195145748891355,0.3173395270090649,0.3228155569849897,0.3271758137263136,0.3392720600336968,0.3422391890968417,0.3422106483328303,0.3389663907930359,0.33521815099674646,0.3365774041212418,0.33556151772610027,0.33968221019343126,0.33710308744854317,0.3419901549788131,0.34279040913119274,0.3369548303849143,0.3405071799727122,0.33930583028100636,0.33400816520810883,0.33109566547098984,0.3318315475938928,0.33109064757663376,0.337638385759883,0.33092147003319883,0.3395809146604053,0.3346733090718557,0.33570502313330736,0.3321574557143091,0.33342950725706977,0.3378347406263121,0.3360569564217845,0.331783981733625,0.3277745142792991,0.32129042054381257,0.32803198142721585,0.3299111810992574,0.3338226801270108,0.33250050546400767,0.3288462700805671,0.3320401881986789,0.33466894526262175,0.32376254918327363,0.3236882791946714,0.32090001488196657,0.3237979053754265,0.32519384201178864,0.32537849893194526,0.3194310167358236,0.3221664956198885,0.31712682374531626,0.31270081510537784,0.32041433782905665,0.3140007445565756,0.3176218238187555,0.31954711802271124,0.31832065753962113,0.3244922701500383,0.32035410270369913,0.32083829110386275,0.3158321399989477,0.3147490788110371,0.3110712398218047,0.3073245168473228,0.3098775406488771,0.31383226918257995,0.3100914033624398,0.3144140663153134,0.31347063271671444
96,-0.001676012740846023,0.030308147629938133,0.0794558812689976,0.17151698186528944,0.24180373076011516,0.28188207160256257,0.3104179830068712,0.3313119364157234,0.33280083062140725,0.34179322315252036,0.35680671338132114,0.35101556473674406,0.3519729407406185,0.339674977390992,0.3293397811007995,0.3188895342500231,0.32034366377715934,0.316925983821189,0.30755462923877763,0.3042757845936359,0.30400871320678197,0.30330087890633584,0.2918702491404612,0.2963434431045317,0.2970177081907968,0.30206970756774,0.3051918810660921,0.3121054291065109,0.31597576998792254,0.32434426887098317,0.3131066765694806,0.31317808949535547,0.32016489074750143,0.3182958145370831,0.310803944725947,0.3115231126643242,0.31250076608331695,0.3048163479824119,0.3058052730649207,0.3024114232129099,0.30739633088459384,0.3064373155314632,0.3063515110614331,0.31292440406442945,0.3137376447087563,0.31065522919656485,0.3064005740826904,0.31080351032162346,0.30994925018132824,0.30306170566417084,0.2908235769970409,0.2868779224329908,0.30098100025579905,0.3026987029666358,0.3097622247687565,0.3080826897355499,0.30666330305840417,0.3018903060925247,0.3079764853903591,0.3083030218870201,0.30514843354171584,0.3048131106114668,0.2988411974715684,0.2944477905853803,0.2954811652697858,0.29988690777887256,0.30666970073360017,0.29669428448223334,0.299614109609906,0.2988573090637443,0.3022459336810349,0.30109032247431494,0.30654519469066666,0.3031969227611552,0.30242378945979587,0.29840034800495535,0.29120956325553354,0.3001717683171404,0.30460122677876034,0.30248632953135696,0.30856339500166874,0.3070981470303448,0.3161500741130577,0.31842351479817504,0.3153511993343804,0.30943168864033094,0.31195309642473995,0.3152448179727868,0.310751463314715,0.3042262490068744,0.29568634397077864,0.29880956776994533,0.2999345747845366,0.29662692499580584,0.2998360835349172,0.3046238520822796,0.3027087369951368,0.3097732808271007,0.31073250786983364,0.30794656444614144
97,0.0021084608538651612,0.008958903714625729,0.013901332919682912,0.04297241635866386,0.1046683625034582,0.17647597203229903,0.203850504393434,0.21847170209471606,0.2176038978496223,0.20829374315034982,0.19649106613004322,0.18252660732119902,0.16571681413380263,0.15543557927441187,0.15746829998030795,0.14401283909355198,0.1319108483466438,0.12779804017634147,0.12441617041272358,0.11336530337920012,0.11339947119677925,0.10064791041830348,0.09768880258983083,0.09652426952584978,0.10109959115938945,0.09599031087698032,0.09584429972835666,0.09631105430097536,0.0823813688395887,0.07870567241513483,0.07061786514115717,0.0657726537071573,0.06832530660811806,0.07590531516665838,0.07829497583305897,0.08327159773924478,0.07966447425162769,0.0808727143106756,0.07477844542132754,0.059373139372531095,0.06345206734340937,0.053313089975102874,0.05095965439169726,0.05067270500701384,0.05483422551339553,0.06817489974105315,0.07489686611287451,0.07531165882840202,0.07696889950762673,0.08601083648448499,0.08548775131931091,0.08258410282987316,0.07369612678569609,0.06969184156160894,0.08170475293271312,0.08661965254663784,0.0737509031840649,0.07076573306069649,0.08343295087173623,0.0883252674088577,0.09287063276353827,0.10055307135420331,0.09756154593639252,0.10444028875483373,0.10391655900146252,0.09394136335203751,0.09448213514515906,0.0963240474960666,0.09826136740524173,0.10140409275168538,0.0938509076321083,0.08550979892528916,0.09189496909229647,0.08348189316271068,0.09011844530752265,0.08724073865411536,0.09221297030026611,0.09630227619955037,0.10119326971971238,0.10351020369786794,0.08752609674119116,0.08299301053750402,0.07852719337513915,0.08652379246142201,0.07843565115364587,0.06826801941945658,0.06912512862692065,0.0682492916236554,0.05805942948027268,0.07021361417365747,0.07435509469111479,0.06721346741213015,0.06453556967841917,0.05752328337384308,0.05558481492532372,0.05437378832920588,0.056305127613471784,0.061723306543755074,0.05679550713111157,0.061599939605850335
98,0.001281823536315624,0.03258509700849193,0.0847854715499608,0.12765982001711162,0.16353176565736446,0.19055159743330005,0.20713806282931027,0.2075609339901211,0.19755487621264523,0.1893538119812771,0.17643111248230622,0.16723293290172292,0.16999042177469362,0.17846551530387958,0.1753270279282561,0.16133010310302454,0.15316865504451915,0.14942270061419083,0.14159475531484936,0.14680222464523027,0.14649588705323555,0.15275986860850474,0.15585597724052552,0.1614855294633818,0.15247817415922332,0.14820975944812825,0.1498924314351691,0.15798048079857505,0.16266121596358368,0.15057396797587455,0.14437455727488266,0.14306439509157662,0.1418209329628257,0.14263020554005418,0.13395092939183587,0.1346665988383252,0.13501145679961857,0.14493904190143764,0.15209214331298923,0.1615187223595588,0.16482946884688296,0.15927461634210213,0.1584139040355675,0.14785439412148388,0.15218727828471187,0.15472568368217118,0.15894044934704296,0.16484439238214624,0.15767615992147305,0.1518151716029269,0.14414267564568997,0.14424870462518932,0.1442742084545211,0.13648724896654105,0.1268506456458539,0.12033216093102456,0.12120883369589729,0.12780839889702197,0.13175387146603237,0.13410692314930192,0.13742043937497747,0.12991028411482186,0.1328906978373241,0.126767087684531,0.12966665339760503,0.12778852917468186,0.11966004494999641,0.11973367054394977,0.11616324922731712,0.11916430576810903,0.11705685404656613,0.11600121028228084,0.1127626892653314,0.12455780546122588,0.12915312356652697,0.13264110332376608,0.1394923041851343,0.1418848819374294,0.13837800076262588,0.13630186688793264,0.132099786200046,0.12996976712580874,0.13226655392805406,0.14069008429889515,0.13632399176039137,0.1322033778895517,0.1339654766693626,0.1371925093381585,0.13741987429670183,0.13591262898041193,0.13655452374051516,0.1374992515271112,0.13759437696315616,0.14232805018857803,0.14355588937903963,0.15345170893969715,0.15594140844532436,0.15604840594127597,0.15278997418158868,0.14390119147726543
99,-0.005957008779777858,0.04101646002828638,0.10266449335527941,0.20394264203220608,0.2544384246327763,0.27613325174329856,0.2809759757530618,0.28068413249808866,0.2795550568227069,0.25763639670466565,0.24430547382002563,0.24447792847161495,0.24525334164731105,0.24893529549932164,0.24849318672595572,0.24939290472459277,0.24389292337864585,0.22923571819890431,0.2370271392676493,0.2348402715805378,0.23442701062432625,0.24672832309418716,0.24893285512480365,0.24708282949176089,0.24644498981251947,0.2427854045456197,0.24872622455477933,0.24943614688213495,0.24845493166748958,0.24489350816915298,0.24273913563094496,0.24151964052008637,0.24783203231303175,0.23479056857588299,0.22913408588139222,0.22099365877971686,0.2229526339029332,0.22335050532854864,0.215379778913453,0.22328597546195908,0.2197068547800988,0.22694228410828512,0.22873539368395385,0.2297610828001382,0.23127782722961496,0.23386675419476183,0.23614457926075366,0.23644078067660007,0.23653158283679182,0.23035365809785358,0.2296436881638238,0.22579187181593516,0.21781899013639044,0.20826216333094472,0.20289669546459557,0.20163472817375244,0.19899130048820102,0.20527130309262479,0.20349226991213976,0.20670906622302887,0.20595053287539183,0.20763610876194025,0.2038574065479335,0.20803587614971467,0.20296022488771873,0.19865793098024337,0.19911871688257285,0.20395786295992618,0.19997670164194692,0.19949610958627761,0.1963702636587311,0.19620386930177117,0.20226362967857792,0.1960104765470001,0.19529445643808,0.19780251886705844,0.2054959227962002,0.20638642109336097,0.20604851542037736,0.2067824056531792,0.2132829009659334,0.21438124210551301,0.21308883055607386,0.21249725582562234,0.21414791126339705,0.2227445671825881,0.22590204185699522,0.22605517515413853,0.22429090562375478,0.22905162419472383,0.2294920457217905,0.21835427989963513,0.22177695409324957,0.2250397729935566,0.23061789767839014,0.2292825993233204,0.23257439746572334,0.23624197455451185,0.23538477114473952,0.23581409969751935
