id,intention_0,intention_1,intention_2,intention_3,intention_4,intention_5,intention_6,intention_7,intention_8,intention_9,intention_10,intention_11,intention_12,intention_13,intention_14,intention_15,intention_16,intention_17,intention_18,intention_19,intention_20,intention_21,intention_22,intention_23,intention_24,intention_25,intention_26,intention_27,intention_28,intention_29,intention_30,intention_31,intention_32,intention_33,intention_34,intention_35,intention_36,intention_37,intention_38,intention_39,intention_40,intention_41,intention_42,intention_43,intention_44,intention_45,intention_46,intention_47,intention_48,intention_49,intention_50,intention_51,intention_52,intention_53,intention_54,intention_55,intention_56,intention_57,intention_58,intention_59,intention_60,intention_61,intention_62,intention_63,intention_64,intention_65,intention_66,intention_67,intention_68,intention_69,intention_70,intention_71,intention_72,intention_73,intention_74,intention_75,intention_76,intention_77,intention_78,intention_79,intention_80,intention_81,intention_82,intention_83,intention_84,intention_85,intention_86,intention_87,intention_88,intention_89,intention_90,intention_91,intention_92,intention_93,intention_94,intention_95,intention_96,intention_97,intention_98,intention_99
100,0.0060590954635890894,0.04218823207750749,0.12237486628200585,0.19658621426918466,0.2358388324108674,0.24449064558622038,0.24936018252242145,0.24065570106492162,0.22194370712642972,0.21106887858612058,0.2133949288439526,0.22306104948556757,0.24172151375340142,0.23799596088135055,0.23306100981296876,0.2205509139102857,0.2230699376098438,0.218964981098924,0.21522788779085095,0.21358629552617917,0.22493796460751095,0.2248147884302428,0.21466146033635172,0.21442539353748244,0.21742259175076914,0.20376568151540686,0.20602962419658374,0.2037021737120528,0.20487455267336332,0.20541025267876653,0.19144893571827062,0.20134816287400573,0.21133174824469833,0.22382058515450395,0.22488857146910518,0.20949995017902,0.21237560108257938,0.21152494550358242,0.191374151913634,0.18917712310412685,0.19516147285987234,0.19006659201508033,0.18809782105765685,0.1877030269861269,0.20458801365921006,0.21017312780551867,0.2204155533764621,0.21797459730473448,0.2262513200127092,0.2339630624358173,0.22516062363823772,0.23338255487348164,0.2293963780544997,0.208409339982654,0.20876029353394876,0.2237546621863127,0.21641518476827218,0.22935078636158893,0.2180904525121012,0.2191137095640498,0.22569036154989827,0.22877494685394748,0.21599712391051032,0.22822475520826827,0.22480611899463449,0.23170302103920104,0.2411006182537349,0.24173961224926932,0.23432721343926632,0.2280081417740648,0.21951393276738948,0.215757915086935,0.20674878375044226,0.19277576275774178,0.18429871468396872,0.18626289521990613,0.18969120898119943,0.19060622660718962,0.1959120655882197,0.20430474325330475,0.21628801792522906,0.22897297130997252,0.22937329486629504,0.22775875686367544,0.23229750313069158,0.2294138739458679,0.22363747455298558,0.2280581716064284,0.2149534087658801,0.2327957589123109,0.2293687535706979,0.21525144731884285,0.21577644023341658,0.21279638646088903,0.19930568334292997,0.19602516381638885,0.19867251639512976,0.19294905781629265,0.18282606563285694,0.18459809410749847
101,-0.0074282624494958005,0.015450884993083542,0.03950743321486859,0.05212158970705344,0.07454130340883856,0.09792894365817963,0.05893443731398786,0.06342284785681508,0.05103705421760121,0.031409953323265134,-0.004438450256170131,0.0033779834530684753,0.02270057220067578,0.022915876785935062,0.03667708287375473,0.03916614503546723,0.04621071307327349,0.05224426025221362,0.02686993617999594,0.02957608179062546,0.0181843443407185,0.0035003222765794704,0.024815119241249347,0.031393807915312696,0.04657317257480437,0.05736659172256504,0.053808937113581756,0.057066053964166114,0.05933532424242507,0.06213427176344494,0.05710498120768234,0.05539810941229239,0.03451819568363647,0.042253649327461326,0.038523971805469584,0.05772831503575602,0.03045662654310732,-0.006199049103857356,0.021410744195559408,0.029816062028841604,0.04703764232823426,0.04189929894636731,0.02697827913700894,0.03021838997700497,0.023641206792546506,0.019046852547635443,0.01778499619464132,0.015506985263224944,0.01701798608773884,0.01464206689248707,0.030353346318242703,0.03510419006437729,0.054382940505303345,0.04601585641397888,0.048232665164106694,0.053257617162201426,0.05603908365856744,0.03196614974978016,0.017948033802229355,0.034453556759405306,0.036529551304498205,0.03779613688003749,0.026569829119974783,0.017244733964866695,0.02161290815974829,0.04457210147759842,0.03568144750478839,0.02093761191954721,0.02957009619039662,0.022723965577437458,0.03661433310180813,0.02812906161651907,0.02954835877353281,0.021052405907801018,0.0210987085430309,0.03207524312834949,0.02377038501477925,0.011619112918939295,0.013930586264935587,0.007914872674235388,-0.0011785899027997526,0.004990444270772133,0.016540567761612293,0.02116946911730554,0.03625096027024081,0.05271246220526657,0.04998823010553126,0.06391984195459977,0.06888636587256111,0.06735010204703816,0.06614036236934981,0.05636694784304142,0.07611702205995954,0.07609499529827202,0.08065673113022953,0.07697982909588155,0.07762888295980518,0.06282814431800772,0.0684655880738395,0.07672959050338445
102,0.0043552403112817216,0.08732370716618922,0.1844872867445156,0.29475921182245457,0.3715627005100209,0.3994823578296282,0.418541540012123,0.4252169600883367,0.42333450026782754,0.4248892584227535,0.4242595598965017,0.41608336178116107,0.43002045275090334,0.4523510214282901,0.45333203334525196,0.4291650178304192,0.43661641269723467,0.4342594481539679,0.43110285845718693,0.431164992824873,0.43326269485766006,0.42410940753869547,0.43669709910800625,0.45600641797173525,0.4644563635461456,0.46091366859480315,0.4538436521624559,0.4538081300939456,0.45446330462820533,0.45462315594714503,0.45532758341380986,0.45601185709209224,0.46153128630667,0.46470384176919005,0.4650249299723732,0.4603066983668516,0.4599880667098386,0.45745821922776037,0.4637514433216951,0.4602222191600724,0.453652148762538,0.463783722113152,0.47040702079508256,0.4660411191336451,0.4568950534053027,0.45226336125812316,0.4596498057174779,0.45834407449903297,0.4659792926488063,0.46132390389577727,0.4634336827760371,0.4536265065444443,0.4632169859482405,0.4541115571843192,0.4603936713012328,0.462189776216505,0.46046107491383304,0.459172697835049,0.461375405855748,0.45873913508966674,0.4492390437489063,0.4503893251408803,0.4358128507427718,0.43860769342365846,0.43348610990650677,0.41545064517268704,0.4274557827471892,0.4339820085181179,0.43468740981877735,0.45641946974100306,0.45266735749448167,0.4507422599505763,0.4426549469947209,0.4503978215544654,0.44674645739226476,0.44051141702695973,0.44328182518106773,0.4424764995748547,0.4508938038090127,0.4448467068202325,0.4405622749339003,0.4362935155003034,0.4386210620638401,0.4335445629997286,0.4260439204485947,0.4203468542565655,0.42076748834681704,0.4196951940241188,0.4204521606567883,0.4228242045932615,0.4320510508732655,0.4338452802946023,0.4272581918782435,0.4232851595867463,0.41535589921501104,0.42686418041203894,0.42350622485738687,0.4161028046192389,0.4184989628450176,0.4293834744808184
103,0.0043753402930881416,0.030067618564207383,0.09483391395998078,0.16258394225972977,0.20125850977147636,0.19173693870335998,0.21206713270217964,0.19094531412015495,0.17623561435584223,0.1629775241866869,0.18686810358464168,0.19852464118747482,0.19746494497727674,0.20482455994591203,0.20887052894156097,0.20838527784950459,0.19856490258022258,0.1900152862643072,0.18264534187535844,0.16468461901678164,0.15633354524411053,0.16008170655153728,0.160131941995142,0.15745379273010607,0.18375058679731218,0.19595190989719463,0.1925219670465302,0.17594549058091066,0.168368331634153,0.17019592987218224,0.16625651037109912,0.16991574400789575,0.181906365177593,0.18402060728158587,0.18873748579172397,0.2071525071570099,0.21218426733448428,0.20611239770494563,0.21154798431803887,0.18907405703432897,0.16367874850267075,0.17098091256065728,0.18852814895994333,0.18914580272460693,0.186717196133325,0.18308641071089304,0.18161234016700015,0.18945597252628385,0.203462889531979,0.19562110819471393,0.19712373315655904,0.19298139013212406,0.20121635249120357,0.21354720670033142,0.23049023029205867,0.2307011923335969,0.22922889534400093,0.22696756171893578,0.22157262175312045,0.21511327647765102,0.21064891672242164,0.22263205238901881,0.22036929902027008,0.22340506959084463,0.22608762641906832,0.22459948859526896,0.23057137058487615,0.227521803024261,0.22684693948843904,0.2272091784766183,0.2179868411898986,0.2255890731255025,0.21872539184549733,0.22423531753534198,0.21102190245797917,0.21051635950447306,0.21571647038086156,0.2364293637621089,0.21996910862447952,0.22357658641787265,0.21998181720207,0.21738459786088307,0.20439517795445547,0.20021733784454113,0.20707542991141206,0.22367071675887457,0.21630371805755122,0.2188877987586753,0.20844580837035648,0.21525060518278152,0.1964203310664024,0.19864930473141523,0.19091940687273168,0.2020133609936866,0.20006344347557156,0.20827305835073268,0.21990006417663857,0.2262166946711621,0.22343317294827245,0.21843389234295865
104,-1.6386756414811667E-4,0.028973917095727185,0.07335374624342142,0.13245457504385208,0.1930227550561801,0.1959973583576749,0.20811852401197833,0.2327502739964081,0.22886272344079406,0.2512143120988379,0.23076887712964114,0.21559943026170614,0.21165047883747706,0.20741345492957972,0.21877594998294328,0.2186693143002441,0.21628596933253136,0.19148712680189992,0.1861925307583105,0.1665646738321328,0.17258083162586055,0.19748022532329867,0.20349486749703696,0.20372980277003347,0.21666062185831614,0.20393439291712614,0.2037079564950714,0.19578751530483188,0.19348386434746886,0.21011337050106435,0.20832928802028727,0.21863666884729355,0.21823144833309702,0.2105317207574936,0.19992197630429367,0.19003771757439886,0.18602606126063126,0.1801525093796828,0.17234142192353794,0.18027976894006403,0.17017707999699472,0.16704037802096244,0.1616598889059901,0.15067654022067814,0.1504945583708524,0.1458402904393802,0.1545100505366492,0.14962093477524419,0.1449396307771587,0.1449161891597752,0.1362257040308249,0.1367071301204917,0.13283928479204218,0.15421129700203706,0.14718433746333226,0.13967026454306808,0.15716171846419133,0.17369921173478076,0.18167712050510956,0.18419170890165898,0.18092720928821027,0.1824161875865279,0.1698563454741921,0.16316181099577182,0.16551587378602511,0.16502640882882916,0.1690761526862726,0.16017128829841515,0.15963132232076702,0.158828879060211,0.1732379917294115,0.17240475526058804,0.1769488444910224,0.1729852602687146,0.1689384549881931,0.18594563549966212,0.18130083200556923,0.18287650270820768,0.16900370688421432,0.17514142064917868,0.1563878613542934,0.15667937162459425,0.16417158829313575,0.15343102430066183,0.13792498255354052,0.13640619684621977,0.1471109620289292,0.14214798641398718,0.14079245504721222,0.13058385313146872,0.131951794316654,0.1444530518272434,0.1456668466079386,0.14083110684670078,0.13980090389949976,0.13761745697040598,0.14146224850210054,0.13525465211832055,0.14413006188850794,0.1391192244452907
105,0.007394651797782659,0.0638388473212412,0.12494154003026807,0.1770244580527251,0.21926317659550476,0.23358657556686363,0.22485474028869296,0.2421499514434481,0.22712485579324376,0.23356014651477167,0.2300816398091538,0.2229300145838196,0.24411835888334427,0.23542695335407435,0.2320243445511819,0.22869231013257718,0.22157401218090608,0.20332196816248146,0.19494927097394965,0.21349849346671593,0.19067955954986954,0.21092575436092148,0.21611686812361508,0.20185285288491148,0.1860233640153047,0.16959557293416505,0.15352371700486966,0.14543236371575466,0.159512312136341,0.16984027760595816,0.17652104480977657,0.18631345769157595,0.20293037920965934,0.18577016965761944,0.18706922781422858,0.1681419429525735,0.15783467642836257,0.1751271742521138,0.17629777634415567,0.19897230481855316,0.18716163084500403,0.1938447698259359,0.19130100438382974,0.18116773949351384,0.18157636048937076,0.18622421932510191,0.19416514445508035,0.18187364470829084,0.17563815319172382,0.17671179849194402,0.18447441478968657,0.20041347005555654,0.19471458627581445,0.20979188886522715,0.18986297099652674,0.17663461213172826,0.17394960758889927,0.18454631323988008,0.17508265077550217,0.16604098072021542,0.18541122224241818,0.19290835040136695,0.17725439142382174,0.17837014737083695,0.1833583993151703,0.1782704073373585,0.19039479682795765,0.19576485950023026,0.1907497361369814,0.16410888649953354,0.1652702109119174,0.15731050851704,0.16165579163374996,0.16230658562929803,0.16286821777921898,0.14756159443475653,0.14040522110894618,0.13652769060422032,0.13168427880096037,0.13508851802043184,0.13931585177757883,0.13788653677884588,0.12839739534165326,0.14193149442301065,0.13378542665191204,0.13627661979041705,0.1460365249551045,0.14706412653683698,0.14090884062864764,0.13438544969981142,0.1296084322558661,0.12648832201940274,0.14514767574621,0.13611330182267284,0.15298232627132535,0.13400708162373282,0.13836422150410013,0.14857872984303813,0.14342630197610068,0.1562409928794692
106,0.007955618119154425,0.05243832227779574,0.12915346640468095,0.15331860565845956,0.19254710017827845,0.1984760482607893,0.20476162503679243,0.19803064422051697,0.18095368224412303,0.16873766904166246,0.18332509262917437,0.18461972167972662,0.17782816196726256,0.18749978398386574,0.18765239403210704,0.16857880422622964,0.15970223425246644,0.16669459433555647,0.15147040211553153,0.17086266128158076,0.1943798307999643,0.18297890090114202,0.20721412382657356,0.2190768666859558,0.20918209853263942,0.19009880763651854,0.20276723002831445,0.20549925771530636,0.188309292511088,0.19131381689728638,0.18444581667315912,0.19226857682219464,0.18133725152662472,0.18195051022680783,0.16901408622759118,0.17643705734199117,0.17495012855525227,0.18447200583493945,0.16986082745316922,0.17074588802348398,0.16540204442939832,0.17817967599321272,0.16261374634032555,0.16014437938278445,0.15998275525063196,0.16983772267543487,0.15605203644290452,0.159826634064909,0.17183336084644357,0.18195754771424288,0.18148064228961075,0.1850783928582409,0.18458006043502226,0.1779982639329826,0.16782895042038726,0.15785569502540586,0.16355646729886808,0.1687441840586475,0.17699886360359177,0.17457843408150298,0.16458493987453993,0.1817032946088074,0.18770021593311584,0.1841830169521466,0.1775394596805415,0.18231319029041426,0.1848257149764075,0.17939743187947535,0.16996187697793558,0.16082372302063613,0.14981063351468848,0.14269427018383948,0.13280430622172307,0.12576627394820739,0.1223555844376597,0.11405100365953988,0.14772946335427803,0.14896925504181704,0.15331903734440613,0.1481920105398518,0.14189986948138225,0.1311126505897845,0.12318152231755189,0.11936716292166898,0.11442888678334892,0.10761431117735885,0.11317253744113033,0.10999959171792854,0.1014124755308797,0.1038408985330476,0.10109809379127543,0.10584030144769586,0.1123443498253604,0.11376602330155315,0.10555788724775735,0.11690962178375329,0.1263315890845343,0.12550039909974223,0.12850655653943924,0.12808567410611676
107,0.0033076097161793745,0.0667516379778864,0.12794828489743723,0.16463996903506095,0.21777166076399573,0.21056168875617295,0.21349304465350566,0.2455656242292228,0.21751440653205098,0.19012637103200836,0.1852291671466001,0.19813460988437168,0.2121316932318226,0.2205385560135552,0.21471177772453803,0.22442276314898602,0.22887883431134828,0.2345768018051786,0.243670050132711,0.2365466647213181,0.23781748865645178,0.23710806127609307,0.2303891630432647,0.23455832498597096,0.2289662952764463,0.2261921421762534,0.21461383178939422,0.21258860658227482,0.20463464648793198,0.2059687265597872,0.22609619490184074,0.23711953445195913,0.2414407214217022,0.25913389575387547,0.25329878753227014,0.246161953922449,0.24141180378508803,0.23769654031575932,0.22694605182938624,0.23964590923877238,0.2493185138270634,0.2501942342344081,0.24970697093728217,0.24995498358845525,0.23969299624805582,0.22025593987675215,0.22951447289888008,0.2267247046894769,0.23249726808032092,0.2446202400624744,0.23343706258259606,0.23759198658094227,0.2425299655506257,0.2420156786735296,0.24301456061589768,0.2388115952551744,0.24162209206671986,0.24305815450913523,0.2551729612735281,0.24743448522569575,0.2484248812942717,0.25526508551939,0.2576995193162547,0.2558010530459276,0.2475688875464109,0.23868497019386983,0.2459050124692627,0.245408468334787,0.2502047810056354,0.26282295255603644,0.2684907748529255,0.268639709829276,0.27560775543554517,0.2743982393685188,0.273252983593049,0.2659993439057592,0.27131442909421716,0.26485944366040676,0.26143168541049827,0.24135191730319,0.23125710404553432,0.2234658923419795,0.2453023389905273,0.2517132552089362,0.2655217259087301,0.2934130179690004,0.29272220527854514,0.2872324417840107,0.2791207481046077,0.2823664693084068,0.2596749614028628,0.2571176463018369,0.25392076956508414,0.2547663623779244,0.26579623840168165,0.2779366513466114,0.2785725910641691,0.28144831723493824,0.28548395496148643,0.29496602899826213
108,-0.004270418301580185,-0.003528792871097903,-0.0036374025814305383,-0.002913966779774062,-0.0016499166452557835,-0.0015862143925207562,-0.0015255806126058542,-0.003783582930933724,-4.3888131554506904E-4,-0.0017600145532010885,-0.0019091115888981883,-0.0019091115888981883,-0.0020019173651639978,9.092005465378955E-4,8.626363964079625E-4,8.626363964079625E-4,3.9557245457189914E-5,-5.213720203028971E-4,2.189502217776299E-4,2.475061911048288E-4,0.0,0.0,0.0,0.0,0.0,0.0,0.0,0.0,0.0,0.0,0.0,0.0,0.0,0.0,0.0,0.0,0.0,0.0,0.0,0.0,0.0,0.0,0.0,0.0,0.0,0.0,0.0,0.0,0.0,0.0,0.0,0.0,0.0,0.0,0.0,0.0,0.0,0.0,0.0,0.0,0.0,0.0,0.0,0.0,0.0,0.0,0.0,0.0,0.0,0.0,0.0,0.0,0.0,0.0,0.0,0.0,0.0,0.0,0.0,0.0,0.0,0.0,0.0,0.0,0.0,0.0,0.0,0.0,0.0,0.0,0.0,0.0,0.0,0.0,0.0,0.0,0.0,0.0,0.0,0.0
109,-0.004224147797729381,0.027666411433766646,0.07577451211343773,0.14210239135867345,0.23424531461090556,0.27744399669070813,0.3041105130810541,0.3259158261843571,0.3235674493428482,0.3515891809174022,0.34572409483386074,0.3426340492456886,0.35040423086987027,0.35632580638289996,0.35911481652363925,0.36360301048126265,0.36000474421526213,0.3686902161135275,0.3687927412299337,0.37157375912449375,0.3708359389308846,0.36508157791828194,0.37941662229252665,0.37837527894058276,0.38497302774911285,0.38075832804926996,0.3784904568330525,0.37967278490578843,0.3835030617439039,0.37321312096944986,0.3652478839583301,0.3674924982468902,0.368370863047417,0.3710271125183363,0.36801870554878946,0.3748353904774004,0.3772820827479482,0.37922711631184114,0.39230050627160684,0.3865557518206617,0.37156760956745205,0.3735194763132548,0.3706269467041142,0.37602631221825794,0.38994837268927895,0.38273383879390194,0.37412676313638976,0.37676645530681646,0.37489686955367674,0.38690245633962184,0.4020075640796535,0.40450221262922265,0.389976479001443,0.38438413629684054,0.39256025804602523,0.38214813010232673,0.39600362782183496,0.38377208094208193,0.3910130621312791,0.3947877675413733,0.3907998742285325,0.37981911910841487,0.3955253221568495,0.40265424386355747,0.3989483785476419,0.4014533061084758,0.3961688732850401,0.39595178182036767,0.3976194218710134,0.3884517049320423,0.3929570357398313,0.38797638634854015,0.3876821214495859,0.383236875012709,0.3734265611027841,0.38818390450790896,0.39148855204308375,0.4021660423527102,0.40408021089837115,0.39654288840565594,0.3988947157663231,0.39644628513003366,0.3919563674008041,0.38656669904894614,0.38019845287180876,0.3813250089049788,0.37953370034736106,0.3774070402232701,0.36807364633078327,0.368427818119767,0.3715572432929489,0.3777217148090947,0.37790608142756205,0.38170139899511135,0.3632685299180223,0.3570708929183123,0.3505327940395493,0.36683355442174553,0.3792314467667471,0.3660263204700945
110,-0.0015938255405248108,0.020358929722222006,0.05084760756194874,0.08241671476397644,0.1283065793303261,0.17065574453541124,0.22742835618847285,0.25243415817970793,0.25401221307024285,0.2952470503232355,0.29742274007665775,0.2860978267618845,0.2910352341933159,0.30027646074222586,0.3149707617490635,0.31327884513946413,0.30014186160193257,0.2967340361424137,0.2973709584972963,0.2880289653026414,0.29348253270561814,0.2866572442698153,0.288538595343112,0.28852854029078845,0.29359659251072484,0.28905769475504695,0.2748264526745223,0.27517210880472837,0.2720144791915218,0.2664563986027867,0.26802645201346204,0.255218299091646,0.25768222082903686,0.2644030388808873,0.26845979004912995,0.2685088801618426,0.2804055565256663,0.2773464036491835,0.2906525987368187,0.2804848746392023,0.282145684338347,0.28589511263662704,0.28195958927219883,0.27992923750916815,0.28566153440601005,0.26615653890171853,0.28096316165667795,0.27700770816883674,0.2720667462843435,0.26785448777291093,0.26540341986758326,0.2710865492107706,0.25925439989649995,0.2534049373759955,0.24294554966378978,0.27476758013855507,0.27431229240156807,0.2766961022384811,0.2836148180466419,0.27891268760260374,0.2934597693340139,0.2900979146274462,0.26123425607910683,0.2557332637448676,0.24977041556081572,0.2561603673872485,0.2487480151526099,0.25616296719559206,0.2771046182147741,0.2730925867608005,0.26795439166964174,0.2631855476900809,0.26337886629327467,0.2679935040561435,0.2730795937717218,0.2728599086731998,0.2724531742926957,0.2742386596766273,0.270950495543507,0.2824746776317936,0.2880386960526027,0.2905628407383092,0.26499098368318064,0.2665889152630859,0.2599035959422548,0.26584349163514215,0.24591449420017664,0.24388885072558092,0.25286816578151206,0.262853706726814,0.2662312453902444,0.2559096871370242,0.2532075654877066,0.23900151354330407,0.24439632183798904,0.24671252728521093,0.23713918611121265,0.24129540368212493,0.24760900025195254,0.235031209714486
111,-0.005424830718853642,0.04838498019389589,0.12048912403622086,0.16902658433172138,0.20221277233199195,0.2235752122295138,0.2228044252420634,0.2330832566654312,0.2530150250120648,0.25967319206300044,0.25795091223246297,0.2632165942577609,0.27169665762330925,0.26405112586981366,0.2482857510678861,0.2582213065092164,0.27363609834629204,0.2597635442204358,0.25179844850538347,0.23914737055846721,0.2501034111013756,0.25289028637502686,0.24172890193732866,0.24546689000572602,0.2512345530216996,0.25877746641432003,0.2578612829700865,0.24306572536627166,0.24383784286922905,0.2578210880715119,0.2439231748395574,0.2561428111764998,0.2458192800684162,0.2468638494583189,0.2302709523475185,0.22946105084727292,0.2374669011865128,0.23241733341082962,0.24077856592990035,0.24105993751980198,0.24762461655070503,0.25129696452297506,0.2580956872291012,0.2739277697906437,0.27909874550027886,0.2726642886812568,0.26696196882517825,0.2588956296853868,0.2476351270239531,0.24891260229199294,0.25703448010843793,0.26396288901767684,0.24715327766199816,0.2341710978779885,0.230791815194536,0.22283694767491713,0.22129594748922304,0.2186715497674098,0.2094427132281333,0.2025847250697944,0.20248891145248685,0.21459453514532525,0.2044165899582491,0.2054193588191541,0.19646034852519662,0.20331644621035153,0.2100684386710357,0.2077665803870476,0.20289980171649868,0.19618001404477434,0.2021559955812848,0.1925381510301004,0.18789533865702268,0.19555294327608658,0.20346924843180844,0.1965467473962413,0.19272817487411464,0.20093519697279205,0.1939449499783333,0.1916440875097279,0.21087453193933342,0.21433015114751977,0.19712464118484868,0.19587934959651235,0.20505517627426953,0.21230355305417234,0.20678675232820473,0.19390598002471907,0.19369908939378253,0.19572131638778598,0.19878113786930193,0.19374903666703522,0.19405300454220512,0.18993398941655582,0.2010137812404531,0.19563203152154116,0.20420478615919158,0.20759480350433765,0.20267187804838915,0.19915199262202105
112,0.0037226007308881065,0.07546519701306982,0.10003606720864301,0.15453940267345373,0.18941743826604815,0.16204955239986338,0.177321328715854,0.19423818404090476,0.21096174556389666,0.20535033308109962,0.2125115605398592,0.20834211185860904,0.2152045262351995,0.21045803759836462,0.1953877516297674,0.18677114932915168,0.19147624098091448,0.19158041997685685,0.19824572580001,0.1983882231410497,0.1973982323321418,0.19517495137802465,0.19494843836954825,0.1912945055315126,0.17745051768456294,0.18760412795120585,0.20403721346133644,0.22072777261673693,0.231132161228622,0.2556760376298348,0.27561164019582507,0.271104506086772,0.2738603527685373,0.27147386917049676,0.2699096389306289,0.26667701432270535,0.2570379153308143,0.2608251716996253,0.24196262325485052,0.24778293550902802,0.22450438283029278,0.21778639096295954,0.20037378909419762,0.20848734198650734,0.20172640108042472,0.20157335343676328,0.19430178873375667,0.20163613617518458,0.2110537198136606,0.22236026979806564,0.22357836554140714,0.22405472009041236,0.21534129360821538,0.20454030539261264,0.21240863531052379,0.2170432159494518,0.22280036854828517,0.22895053307013613,0.2318249665514493,0.23802908553357077,0.23248663671310446,0.22470111108901553,0.21670103043727806,0.21173210475701712,0.20838807972603224,0.20775857782132934,0.20410239874827757,0.2109475929955592,0.20446526174571095,0.20753191599901405,0.20968927527181186,0.20023781219696915,0.21581622824339178,0.21923181177505702,0.21075208974265727,0.20876356050181216,0.1875932817064857,0.17120308745964447,0.15600447565660194,0.16676006834717458,0.17836324073783896,0.18663816448667622,0.18791419128261416,0.19675090555926428,0.20353219366924577,0.21595384880273497,0.2173639241123447,0.22210242253164442,0.23700792384406708,0.2441579853942286,0.23626849783936557,0.24061812708529143,0.24405198073513606,0.2395775196672986,0.24155261861426014,0.2368158553387791,0.23260053837465666,0.22772606874028525,0.23015039400972648,0.23461273655845702
113,-0.004014034527357735,0.009994484052049923,0.0410514116313626,0.06588506845126342,0.11994118077330417,0.15204859827119332,0.20965682302806576,0.2418897696553096,0.2649470081382784,0.26837948274821494,0.26809892413627784,0.2856964168031039,0.278617170000119,0.27280314099424563,0.27478440410686716,0.27879017199035205,0.29608784155975243,0.2944186208716869,0.3025671019585602,0.3087680653977567,0.3328358027430619,0.3367895496707704,0.36650345444747684,0.3825479129545851,0.3911743311361247,0.3852223517927827,0.38338466948033717,0.3905905119585848,0.4170426571648451,0.42185891299962636,0.42345941352675986,0.43204331614367447,0.44002254120126516,0.4525558552896992,0.4569298990474104,0.4676990887287431,0.46012160149057235,0.45420126090269536,0.4568216540739614,0.45103108055337465,0.4683969167583843,0.4787493839987984,0.4643302579128951,0.4641907142265562,0.4561343141552967,0.4346510698429096,0.4362054221747282,0.43555147456311594,0.43620974456215394,0.44783664058211786,0.4395281639855499,0.4527339771652317,0.443155771729079,0.4417344941603904,0.4280858935932004,0.42771465201102954,0.42984297994176635,0.4230513269996889,0.42952467653321724,0.42532812998774977,0.44829106091566984,0.4542743708474418,0.4445792966233424,0.4281804276006237,0.4438342947892715,0.4332350826667637,0.4326608230589288,0.43009788165421,0.4287985167494762,0.42139653470252514,0.4197601350343122,0.4381068543651107,0.42752908704363213,0.4224808207585042,0.4213851047843176,0.420318330671745,0.4238754690242068,0.4184283392086589,0.4411865393279022,0.4390712135369478,0.4497102248949216,0.4545033215150696,0.4504511681224272,0.45927705231759747,0.4687854561727228,0.4684528594473148,0.46732540216989593,0.459589319747621,0.44718851974247065,0.4560706208621484,0.44098476310410883,0.44537062740538097,0.44667877507552367,0.45733147389767886,0.4573368520633575,0.4544226981374346,0.45920263077379864,0.4529356674715474,0.451535374189096,0.45551374992535215
114,2.691674090109039E-4,0.012338893022061356,0.024065866278782835,0.06361370559641082,0.08617228766220991,0.119686261612572,0.11288036486078441,0.11133040036973214,0.09243993116274188,0.08639338908773041,0.10219501315696602,0.13412039621979532,0.14415355609692193,0.1300536592995408,0.11761053270459314,0.12416453580194466,0.12982571033778828,0.11913828775006154,0.12172966600550439,0.13059088762781632,0.13220502881415686,0.13269748000578932,0.1382704336366549,0.13478032591882105,0.14233172490699947,0.14354556788205694,0.15720534728424404,0.16735140006832755,0.15976640084086216,0.1582395613357415,0.14881207071849645,0.15611167212904437,0.1548127546313645,0.16050156471173246,0.16826452454037802,0.16825205302035637,0.16150493709776914,0.17277882424055083,0.17288924520173224,0.1682746715034899,0.14409933223390847,0.11103602465861474,0.11178644669949524,0.1038682470212008,0.11790982561774115,0.11397410281497738,0.11036574518754144,0.1013645716445216,0.09075250911000729,0.08611571531440082,0.07272363638568427,0.0634952254064372,0.05160355611224704,0.036390642062308666,0.03191427074317225,0.03512834623715997,0.03462534321847516,0.013699756812675181,0.021676347303410937,0.017073270124662657,0.02282116506467581,0.026964953904665592,0.04324979815721747,0.0428139041983684,0.036941795432856514,0.028680084953700637,0.033607843509047546,0.02179833575952758,0.019487069636816,0.005362777787235724,0.013278554483764658,0.026539517433327848,0.03320507030193916,0.02096575497504261,0.016403219515802904,0.010273260716989191,-8.197660445820248E-4,-0.003881616758756254,0.008524636352591299,0.0013062967268809328,-0.006840331334052639,-0.01127999309974172,-0.014323521161498307,-0.020835971535903823,-0.006246241430603492,0.010940155363312165,1.3860974149990213E-4,-0.013386373041608174,-0.0252470994097892,-0.033512802083864826,-0.030937374226199032,-0.028072655210864664,-0.03270756802987952,-0.0324568209641711,-0.032620164544963456,-0.040924353159930024,-0.04617940013287212,-0.050309366683643414,-0.05361072265258516,-0.06348257865491301
115,-0.007674952326056933,0.002153541325448062,0.049964286899131925,0.1077416433837679,0.19542718335966466,0.21128810190494637,0.16791788220578746,0.1806682086834708,0.17237309951746035,0.16217684858567796,0.14750807651863013,0.14308099752441414,0.12312282474375952,0.125573193546843,0.1290882168384181,0.11433706516372327,0.11725631094166616,0.11191521679417475,0.10961087834134396,0.10713779492795851,0.10712513699184475,0.1226570343339449,0.1313650233206554,0.13895690520246384,0.1420901011780269,0.15071568553845435,0.1520584810349746,0.1536451912740518,0.1328753674436763,0.12724261982192997,0.12667837076283037,0.10065165090794499,0.12923639374962273,0.11483533854318023,0.11844510321105156,0.10468145381785467,0.09864593768269049,0.10192704839138172,0.1015345502544959,0.09996574399984291,0.095785461756809,0.09013658192982225,0.09205820915473023,0.09024917846929532,0.10603554219074614,0.10542720674688258,0.11550664021692762,0.11702473709976909,0.11600670019895545,0.11770558879445547,0.10997667434703437,0.12457062726280953,0.11404639000793836,0.11876421252901455,0.11941081245913812,0.10936666164883349,0.09875889131962272,0.09642281550079898,0.09013603106238272,0.08765213020123294,0.0859015728855197,0.09780825108656074,0.08668239979987702,0.08720158561274234,0.09130893331684752,0.08734875952274919,0.08799635745731978,0.08997088759828768,0.08692022112975854,0.08839771547409368,0.10027976349497117,0.09566231681085241,0.10365839112337837,0.10672620218593704,0.1013591620661551,0.11283192051769367,0.12016021271801362,0.11668409434692004,0.1125810988627503,0.10792110604242376,0.11243437716056016,0.10225952851081882,0.0902493326439047,0.07713115145670411,0.07112320155767846,0.08027605225011106,0.07143348497173192,0.06637071715291012,0.0630001760804932,0.0803868642778938,0.06186710706738618,0.06167408169223359,0.06167664911861851,0.06798778455797247,0.06286429959890469,0.07984502972436411,0.08128905127267867,0.10688866168181635,0.11357488595260498,0.1149446322401268
116,-0.0069951334781156475,0.00920455267912401,0.017396029676432317,0.014626340424250974,0.020690531539267608,0.0117515258817872,0.027776502671285043,-0.0163085864209714,-0.006384740729987338,-0.014413427080876196,-0.00809117415493026,-0.02424590943007102,-0.04554955152245165,-0.0433649019052989,-0.03951447786014181,-0.05042196230733946,-0.04606967111506525,-0.031797537776450155,-0.03586493381372649,-0.04380302690945789,-0.04547299473055582,-0.042731837140906365,-0.03627882606180825,-0.03648496662572328,-0.030093945033966615,-0.04947263154271329,-0.04637566875494891,-0.042600428592573854,-0.04198520642279363,-0.039405672790374345,-0.04920697841862613,-0.04368581791678918,-0.04682963859536058,-0.053836307871215267,-0.06624026667417321,-0.052542358759394024,-0.054524086193533244,-0.05874310006491232,-0.05358752805301379,-0.02429534511476061,-0.02431493532347386,-0.026201469811803605,-0.05308694776962917,-0.06334216196262396,-0.06478144608835552,-0.05555932372359701,-0.054363248252007515,-0.06878316038597215,-0.06743306456902985,-0.0774203043677916,-0.07250535241423509,-0.04989859315758762,-0.05103263787030696,-0.04932001859408182,-0.04601527567941235,-0.034711053245286026,-0.03384210206625505,-0.029788078517814176,-0.028722182584530652,-0.023336360495521423,-0.02164858709863679,-0.021835680122202435,-0.014313201137758726,-0.0063966200430529965,-0.009615572303121059,-0.007920449913782728,-0.013258533144635574,-0.004493881745122169,0.0026099665861297494,-0.008091333110124402,-0.02585323334983852,-0.023288797229354775,-0.019521507227603686,-0.012345810025165278,0.00497751690827671,0.009397314988551082,0.003862451719131967,0.008809843976234445,0.002500058450802552,-0.012747109510634456,7.921045744578937E-4,-0.0011834324729849716,-0.007468153052276402,-0.001998614638183508,-0.008948548723915636,-0.012395681758149877,-0.021813460273449436,-0.033593994374410845,-0.03126838075688324,-0.022068466068407712,-0.010955771489262052,-0.018524465016091292,-0.007585795014172627,0.010111920696123705,0.0018840793900340468,-0.005046494805235499,-9.090968051284848E-4,-0.0061935001594195915,-0.026227216782109333,-0.01927497524109534
117,0.00311052763998649,0.06028893335480865,0.12234846461587102,0.0950690991236545,0.12513794115530227,0.0832280803375348,0.06598759571811455,0.01282196322239449,-0.030829274373875712,-0.04038509952693506,-0.04693232364226587,-0.05867524220384248,-0.08618976562794135,-0.08586767462699188,-0.10207021769819163,-0.08301494035017985,-0.09408132937832812,-0.10487264095571558,-0.09826231344724565,-0.11355152113800226,-0.09540983448466413,-0.113706627816254,-0.1013097668714258,-0.09574617665731357,-0.09875951182054826,-0.09102728976606908,-0.05610428934629142,-0.05984856921159875,-0.059851644412454955,-0.05864645537192315,-0.07528548758848148,-0.08288160230545445,-0.07421583203898047,-0.07657609729776338,-0.08573503928826862,-0.07574192377224338,-0.0866765654745068,-0.09425233521269069,-0.09373591580808519,-0.09069901075890956,-0.09865058454342135,-0.09954963466104375,-0.10655471150801149,-0.12019071529179096,-0.1212503354944236,-0.14059871925161613,-0.11698541413486355,-0.10145551976929999,-0.09359013461145985,-0.08840314676600197,-0.10241495132228932,-0.10914205965904378,-0.1152416528702262,-0.11205328735030795,-0.1078416223469771,-0.11411916738915902,-0.10663122620525835,-0.10407259253616395,-0.0966899241043424,-0.08761495821015097,-0.09134119614786762,-0.09377472172031051,-0.08388339291529923,-0.07128932411635844,-0.062015881983438916,-0.06151824265231221,-0.05864382268509551,-0.06217711371290793,-0.060832313292211525,-0.04871601920083383,-0.05535269646163774,-0.06560465811991296,-0.06505435244855547,-0.06332342074117324,-0.08197323137111706,-0.09213895605826487,-0.09951268769563396,-0.09452018434043291,-0.09978126289067907,-0.08669976786891773,-0.0755768446853473,-0.06815679773486999,-0.05913527794478119,-0.05656864185223745,-0.06625068820728652,-0.07998244442320952,-0.0948883977215747,-0.09940781901578319,-0.09688945173057024,-0.09560531653248443,-0.0991784404850755,-0.10919668745214635,-0.1065259185954902,-0.11617250511909624,-0.1066343611439357,-0.08346756305714216,-0.07621714472947262,-0.07116424463803678,-0.055579764672551185,-0.05088897708439808
118,-0.0037432972335722453,0.036804229241246975,0.07342547356081833,0.1346830636519494,0.1496856688967161,0.15801090767059064,0.17865035105118632,0.16871179686568893,0.15901683401072153,0.14488627364989864,0.13177879033803502,0.13674955894668409,0.13296164490012033,0.13279724819262895,0.14239529129893985,0.14303387448099295,0.15271412366206846,0.13326002620962932,0.14893401061058534,0.1634122895427252,0.16393948700642003,0.16539728763194492,0.18662201324917238,0.1920101964123502,0.20468149061974905,0.1842665092898085,0.18043400455868328,0.1835861220680858,0.1834364164914744,0.18234355118052764,0.18107770157298336,0.18878886761469094,0.17938067623327023,0.1653469293912373,0.12896026635596047,0.12478030367461151,0.1047806643366199,0.0967307394587808,0.10298790998004845,0.09871002805413631,0.10229599389692973,0.10490429839327076,0.10723924676711657,0.11046226234461766,0.11622054140979271,0.10907637947192096,0.10996753396150762,0.1012213271457391,0.09253837773045058,0.10008455307291707,0.09336114597482824,0.09970929060490887,0.08153168088315967,0.06651386542318653,0.05498484470266339,0.05486595193582687,0.08192056862655353,0.08971551688156384,0.08278353833396011,0.08628617966528758,0.11666883396153013,0.1369629717256263,0.14227859055412012,0.14579259333867986,0.15002840389847738,0.16829400374872505,0.1655859148984998,0.17814583559106295,0.18043308340510109,0.17727634325657465,0.17546902413786167,0.16296640434293905,0.16293469270583955,0.16096179334528382,0.1555538551611534,0.14373203516688998,0.1386828919916984,0.1289644235190951,0.1472605208423311,0.14120137330673754,0.14094619806855918,0.14725376987692002,0.15294842279638488,0.14609494418247715,0.1492471943941134,0.1582909996642659,0.15274220278002523,0.14037579047199913,0.13451724853530406,0.13477628943102232,0.12258970798009675,0.13235130684082333,0.13835189097197317,0.13476458003628003,0.12705772920752134,0.13786216167070017,0.14364398000663342,0.13893157808268994,0.13669319240970731,0.1398982181298062
119,-0.002433154799087474,0.02866910211612537,0.05269745855722028,0.11793221913328435,0.19540459676668834,0.20992688402347068,0.25740668515037585,0.25560026786982304,0.253883431442523,0.23989694880704943,0.2229663959288817,0.24141606304716215,0.24162011319743762,0.238697910832477,0.24111267063688807,0.22451627031794658,0.2237498079665059,0.21383144855979147,0.2097684699625332,0.21263547423122126,0.21703738790587226,0.2039658465058052,0.2032805451727813,0.20009040132075298,0.17927768836092298,0.16679144071294716,0.17451376169429103,0.19738444269198965,0.202046480819035,0.20653001173554472,0.21554635913884862,0.20422079068403648,0.1836965227862882,0.20779221281003038,0.2245144175627831,0.2063887676510115,0.21312217850863643,0.2072526352695026,0.20463815978912359,0.22303094592640135,0.2324786228314781,0.22726582585917357,0.22660841898196296,0.23562706551977303,0.24096037802469375,0.2451238892029205,0.22276607551951574,0.22212770343044638,0.20149098597628132,0.20004175015811593,0.19754775036827976,0.2002998545588591,0.2018328364071986,0.21508053655840165,0.2151158375241489,0.2015478505771922,0.2093098040570918,0.19968149477651198,0.2022758966199781,0.2038139525738009,0.2041550755969716,0.21489759368155334,0.2140446126312555,0.22288206325443077,0.21141157357306306,0.20846473202597038,0.20203907432716295,0.21365529976737221,0.20494570465134873,0.21870599431497273,0.22033582733044657,0.22448361719024576,0.22525415448614475,0.21964221601459133,0.21912122014860283,0.22422693857712453,0.22624069033601024,0.21754249568620526,0.21174003514988918,0.21037698434940985,0.21481617988487098,0.2074543459784204,0.20587491474619468,0.19924710871644324,0.21610333432027892,0.21713869704399857,0.22015626669734017,0.2320111937630575,0.22776579734062868,0.22270819198688713,0.220749338332158,0.2341724615555882,0.23430565756338054,0.22368585340262764,0.24848901974158236,0.24446653383283162,0.2351040845316038,0.234090622968876,0.2284692542881802,0.23156330407047776
120,0.006103238649390258,0.056466443952528554,0.14565599590252287,0.24315984727147832,0.2727313390844662,0.3090238939329688,0.29905814233603784,0.3002439462450059,0.2888747664504439,0.2795701432796463,0.27716061559109184,0.28842737921781386,0.31516097712891844,0.3071622176680389,0.27553358626927726,0.2729571274521252,0.27964806054775876,0.2998638966448565,0.2936216612551678,0.29435120013433885,0.3021287929395393,0.2945738069593428,0.30624676430370246,0.33404941276235983,0.33236711593775453,0.3482511912373626,0.3544379368729475,0.36389956391440903,0.3678150092189476,0.36298727640088224,0.3663550466128114,0.3652076656812294,0.3805884852007022,0.37880444233831784,0.36965480380601407,0.36718647013433875,0.36108844060578704,0.3414932689896651,0.3418540788909011,0.34851698164596223,0.37722738169089537,0.39077925342714737,0.38452832665768505,0.39427077502419455,0.3946464335550499,0.4020615589531872,0.38310063286538726,0.3730786273117801,0.37376290062426176,0.3685205759967489,0.36051358008404544,0.3555864772686325,0.34819122841040673,0.36136708959350927,0.3583046732450915,0.3590184498008556,0.3692604241546682,0.37033474959907026,0.3739916502378297,0.36358445081821045,0.36622507949311384,0.36502779045239736,0.3626249267595736,0.3561174207576709,0.34646790750503675,0.3357436470445044,0.3333389944568231,0.33029055761247783,0.31280139133936485,0.3058756545850862,0.307265426981646,0.30214118118832395,0.2981958062905097,0.30531592080564324,0.30328902669370766,0.3149559470059779,0.3128003577739344,0.3189232313531184,0.32899931239002234,0.32620818319564643,0.3211016071554233,0.3181871238055065,0.32221457994215136,0.31827740519292974,0.3117360350087338,0.32846777774285174,0.31882790344599227,0.30558971155106923,0.3054393532479571,0.30413528411980006,0.31726223197887576,0.32779990784710256,0.3281925115011909,0.32500512779639706,0.3227012970173533,0.31905038962955784,0.3131538355678898,0.31610712169056454,0.322545449626709,0.3231745556536119
121,-0.0017770081273735853,0.051614562320350485,0.10460971785707958,0.1723097123788142,0.21664539200698485,0.21967841976392782,0.20879060849072936,0.19855963274218147,0.19831940322884223,0.16829633824539186,0.13500043505747167,0.13937624385672204,0.12816668447897495,0.12550511725510835,0.14186407222664144,0.14472817807106855,0.132923425408485,0.1422109162836888,0.14951781845293216,0.13141211015538673,0.12827099823260302,0.11972002041492952,0.13868799935335327,0.1394625661778689,0.14883508773574486,0.13674458188266805,0.12251579303980506,0.12230222741930177,0.1125226779479032,0.11347374307056449,0.12218316230344435,0.1297441944895999,0.12950016107312914,0.11994472410062124,0.1025028800139214,0.10499096282914296,0.09529752448036147,0.09532053738286113,0.08119174418316218,0.07819277529157441,0.07531542182071896,0.05484816208882423,0.03359240658884716,0.034151477572832836,0.025622390232799372,0.018480741090957268,0.013624790704985758,0.020700827284831892,0.0174274304540605,0.019944479848062552,0.017967840296224113,0.03096286614283444,0.035260233922632736,0.034233840034001255,0.03125361335915306,0.034096567687394705,0.041288605203446044,0.04057529060068165,0.054294558286255866,0.04859953321408987,0.056607108047912025,0.04263243373227063,0.05780398615148808,0.055449432511703145,0.05593688383091702,0.06688410512257953,0.06878483786738554,0.07366109806813603,0.07217383791526003,0.06918844088312748,0.06986982685289436,0.07120182732790967,0.06337590525083417,0.07101072003184855,0.06649583104161805,0.05455013275828757,0.0535654864237049,0.04211368077537096,0.043339545670157784,0.02586578500588145,0.03258229655514327,0.04435498531510468,0.03978517602883235,0.043547704612598735,0.04012756860456741,0.043493674246207606,0.04930517481259937,0.041832159288188134,0.040488175311608546,0.048150999571029675,0.0415387729047094,0.04880761721208644,0.05675862369261516,0.04056147458120827,0.05113825306681919,0.04888586339316443,0.04775536557510673,0.05305195750759186,0.0671888440746572,0.070910117231846
122,-0.005037478016857705,0.024237119366184695,0.072536059896534,0.10989624334172986,0.14560697744740425,0.16166725097417295,0.17504559187931254,0.2001918895620238,0.23222988582386683,0.223390079266892,0.24964857078618657,0.2445698446448872,0.2348578664820228,0.23969687758576844,0.24337985507066182,0.2411326512768211,0.22810944957495946,0.22797617932461153,0.23562713006900118,0.24442687673386967,0.2429719116081673,0.24449562191553428,0.25238204136442666,0.25434136169605825,0.24637179207965476,0.2446128249048574,0.23299969846473864,0.2489566827248566,0.2437451319549619,0.25176727197647947,0.24685092405138956,0.24644773327892314,0.256904947649858,0.2625235606761926,0.2868302275430096,0.28026117200220574,0.2808282616289507,0.2930395076013095,0.2975069831073531,0.29042443042754423,0.2964976452174159,0.2868403436637503,0.2906416327456766,0.2796032345948822,0.2813395434177439,0.29197711140095156,0.2618044476228143,0.25149196087934356,0.26115246708735695,0.30333344031064774,0.3101408866404076,0.3044844519774138,0.3143035467194851,0.3198212604510239,0.3081761976937809,0.31835395137838424,0.3117628082209091,0.30132269091615194,0.31002834400096135,0.3260290739892184,0.32787542336110115,0.3297708450874797,0.3417142978875403,0.34112053059063946,0.3265976067489075,0.33079081508156066,0.3300271562718229,0.3359326622007321,0.3106184979102615,0.30473633742953016,0.30250018774334186,0.3138910764837412,0.31731528555408445,0.310882861830995,0.3111186211772462,0.31628622559624214,0.3152629154764408,0.318240828720206,0.29955586309384147,0.2924846315435355,0.2958659759276918,0.2960855374186846,0.30519757138341325,0.3169278723717094,0.32207206544365086,0.3245967858070417,0.31997294469602927,0.30909604835941673,0.31396201358016923,0.31731614315307,0.31114125861018477,0.2919619615264866,0.29147377698033833,0.3115818645529577,0.3221850309927115,0.3163414561021598,0.3231736805772317,0.31711071188334083,0.31913456550233865,0.31518804279313256
123,-0.006036239801572146,0.03719080189903372,0.07376036152886228,0.12862896106463761,0.17153832285348675,0.18998403516020204,0.2208270728809091,0.21414890790504984,0.2304031145753175,0.24259601799411612,0.23870611255410715,0.23725516165808,0.2397669208437584,0.24825513249204206,0.24443377479364614,0.260408703172478,0.2724907377698999,0.2724291965387615,0.25867296891049785,0.26753909623002037,0.27019561255442937,0.27115226689693234,0.27705372279957724,0.2683698490019594,0.25487256244849793,0.2596600841758796,0.2627424925510028,0.2717674101434042,0.28624876960451934,0.2964110510856368,0.29544618660268385,0.2732597827867564,0.25895584162299534,0.26921758501844534,0.2553074606260682,0.2545069148880387,0.2635232373427595,0.2742507318725426,0.28144588618328836,0.28752383827690214,0.27579166479341344,0.2745244779151251,0.27376537981081944,0.26600655491075975,0.26548813183528575,0.25277639876698016,0.25916455634545427,0.26158041002354254,0.25696520862699984,0.25279971309578086,0.25111024892558187,0.25618156461057573,0.2580705546288132,0.2519675511747683,0.24402273082312262,0.23366845951372497,0.23989802899817947,0.24189030403095707,0.24045325409112586,0.22913801137178247,0.22896971848011333,0.2197913183169122,0.20730102565276723,0.20934441225615,0.20765307267931635,0.21195098119413125,0.20727657326746926,0.2056347575313324,0.19780004410453167,0.19809299345363512,0.20031990309631353,0.19992567077077023,0.20738036809666194,0.21704247501119794,0.21243657720813972,0.2210980642152696,0.22279038122223163,0.2272214452036495,0.2276381839238255,0.23523725488202196,0.22782542188261487,0.2191285241162549,0.21482865879550095,0.20358695350796477,0.20255183886487046,0.21245546304264473,0.2195645931413981,0.20903450649418873,0.20217971410406563,0.20155994060100355,0.21067190974064942,0.2106356305018603,0.20529494113715285,0.1967979136681613,0.20697411563023355,0.20622495876311578,0.21104515114086603,0.2195337672085586,0.23373205322649304,0.23060255167403096
124,-0.003891596042811177,0.013811175184976956,0.05205214329688605,0.1186710543446671,0.17779477455982065,0.24975628400944902,0.24736454383112613,0.2821490561933,0.2950103169727596,0.3040211813692919,0.30643267976929556,0.29978633563834206,0.29191448323076863,0.2883328683593049,0.28309984027681223,0.2763563844414651,0.2800609551065836,0.27719638394380436,0.2688424935979978,0.26550776320673497,0.2872108371656128,0.27393869330644893,0.26950912685172623,0.2510606478436106,0.2564746463154911,0.2586491232269298,0.2632023761888606,0.26835319395575136,0.2604627876446045,0.2514642533117466,0.2578309601459939,0.24862729523725324,0.24991405737445072,0.24089316318114012,0.25909337397919235,0.27619692214014147,0.27845287145724223,0.31838374963771926,0.3293555647946377,0.333825447292657,0.30903353279751,0.30856714212621517,0.3179833261946736,0.31912668202890154,0.3131773699023536,0.3175405872032631,0.3083997196472651,0.30973642703671644,0.2922470422045358,0.2996439601864715,0.2999090055551071,0.2949406931182159,0.2890502766659165,0.2750103878465799,0.2673508710929564,0.2612072502484975,0.2617752409351631,0.2589600782717943,0.24758551018258732,0.24420732341039283,0.25560459049210676,0.27802123522098093,0.2881300705801582,0.283702982669854,0.2799911660833776,0.28162402282779603,0.290009966933285,0.2902187095947399,0.28638552827119307,0.27467903416240197,0.2711418856783062,0.27483994932815664,0.2759629694389852,0.2905534526683696,0.30012669908009676,0.2773871650794476,0.2775792427931512,0.27374271281187146,0.2685964600335444,0.24969867507952956,0.23298264504703017,0.2420045855429139,0.24279578871724256,0.23998839155523954,0.2368716494022325,0.23495925840173348,0.24352021965273682,0.24538604493986696,0.2525163549770379,0.25414490846812,0.2582184554263286,0.27232753275467625,0.2765326123035939,0.2547343965544731,0.2468698065977317,0.2548421631863683,0.24837568898633877,0.24016644703842688,0.261264651645086,0.25647526863233466
125,-0.0073616640805148495,0.04337475626054259,0.064921029043856,0.0668225232006763,0.1135106723988438,0.1591382082549928,0.16788408160839513,0.18500855696747923,0.19435731627948993,0.179018623170062,0.15555955184893017,0.15943455133459802,0.1247829567664392,0.11988437480580658,0.1382498843258893,0.12279256328807704,0.12123761290740102,0.10580595095220582,0.0983863106250903,0.09838965162108551,0.11184321167280455,0.12870927224600667,0.1379618709323814,0.12579034623080051,0.11355853299016301,0.12351662385552559,0.1302212306966693,0.1356381102108784,0.13808382031472974,0.13750274978682758,0.13374432085907872,0.1476779518467336,0.15309932998519613,0.1648926412019872,0.16650528737658085,0.17047656191301397,0.1724876974376793,0.16058721274649748,0.1456892347142993,0.13730892865726393,0.13712846220245287,0.13483840115832924,0.12139417753459006,0.12091824396856472,0.12035597004544879,0.14093793540633642,0.15466237622713408,0.15846301307131228,0.16321279126548263,0.14238884292892076,0.13766188834752266,0.14445021750458362,0.13859687329224551,0.1298770905584961,0.11682618317579205,0.12780922403400952,0.12248224703461828,0.11993431764281876,0.13673271080105395,0.14381387295845008,0.14195603454447644,0.14711126597217747,0.15286197355836686,0.1389202447221036,0.1424737079641485,0.13329682894018743,0.13847138699300568,0.14621144324953003,0.13888483437590626,0.1463763039640475,0.1448198190739242,0.1390421988336095,0.15057775248620733,0.16121249909941301,0.14144326525829848,0.1297835250285781,0.13389588643982545,0.1408976926457216,0.14519480494466883,0.13835246214408853,0.13716785945916607,0.13008018510531932,0.12723988713565812,0.1212255537734219,0.13465991110885692,0.14558532520381734,0.1410009246388033,0.14129674776510168,0.13938271216260892,0.14236829246328372,0.14240721450560534,0.12866789573823376,0.12263224538876345,0.1277279565045385,0.13618714726614298,0.1301776956834107,0.13657050960992118,0.13549527323901003,0.1278649572108777,0.12549612077982097
126,-0.004648683366526787,0.01657608609090089,0.028600253530353704,0.053978123836809555,0.06496093604833901,0.03054069830452252,0.07410336606317375,0.07834097098417671,0.07120298178790382,0.1055760780079093,0.11591434470692423,0.12352549215100936,0.125068939034839,0.10459649301283727,0.09597770703677647,0.09973485738107019,0.10114986275844888,0.09874405432596058,0.09170409359569043,0.0992063561287279,0.08871278521128628,0.10259350157255577,0.1154928532564529,0.11614490558247954,0.11795337039618901,0.11302441097121678,0.09335943037803311,0.08981758318005659,0.1036441980037423,0.10695604215729634,0.11881206834836253,0.12074036602683894,0.12349544249390743,0.11032876002863432,0.12044353919019736,0.1338678300746679,0.1306379683816262,0.12428613306072409,0.14071237533904563,0.14928565171180408,0.15675226105372211,0.14756093448872243,0.1180931569651055,0.14952340974723266,0.14121462649852357,0.14392835112056776,0.15797855167552283,0.15721071007186116,0.16493230637059442,0.1494874444133917,0.1475825659529986,0.15385675087442718,0.16010134644188,0.15511210738040793,0.15191073601859936,0.16142542534819568,0.16313807921839138,0.15991965656516818,0.16666831640680904,0.16653966915384646,0.1623751687793456,0.15719127285280865,0.15533422534114366,0.15086689764392625,0.15062076553860426,0.15360454079093883,0.15514311409553408,0.1648875398846303,0.16750298998586832,0.1609203594253764,0.1601342026752178,0.16201175808464213,0.15914424634516366,0.16150092596666762,0.1620114808419841,0.16804217536841615,0.1564154163901101,0.17034941532677153,0.17320621869181863,0.17181970522927817,0.1782303428234943,0.17744549106742954,0.18845574334351384,0.19887899054456906,0.18611219215836086,0.1910131066360152,0.1846096990053357,0.18408889006648688,0.18365890182289782,0.19159747337251587,0.18709894247033113,0.1897107866145335,0.18938687488574504,0.18841768443230983,0.19309591957549832,0.1786931145226958,0.18019243135657448,0.18512459794185554,0.19773949140850977,0.18025761705118548
127,-0.0029286580091599135,0.01777864188615115,0.03156569300887939,0.023725998858332393,0.052507223987077946,0.05928526572197481,0.05515925024724246,0.05251914376001445,0.03934245971925692,0.008485297035721909,-0.002251146230609104,0.03393721748900746,0.03941996502641247,0.03336907899627484,0.02073199907309396,0.0083890519092829,0.0012609070938979234,0.008694744569927948,-0.007605799280789284,-0.0052021581389276395,-0.00122072053134196,0.00817291070210435,0.02376366894700585,0.02487770351021713,0.03173519099854673,0.028654547955588812,0.03641286798283191,0.05790247297994311,0.04768565113733448,0.04669343429422115,0.03850902310235864,0.023025694546351488,0.018499497096064316,0.009015700530735584,0.019246775696755227,0.022204972902194284,0.03299824162806041,0.04324994874468139,0.04821796455079701,0.05347479292884263,0.04930227121331441,0.03466837608144493,0.04286508997150287,0.0279948869741065,0.033673151485592634,0.05888779536463946,0.07687464063014807,0.09590340150821851,0.10333328813014775,0.10786175565599894,0.09468660205498428,0.09275075610623715,0.07943401337075826,0.06919680766173149,0.07209759899051633,0.09010870899759883,0.0988875921491996,0.0902787146810864,0.09355890260945614,0.08804077331701857,0.09265850364242137,0.07759874878443913,0.06494876679373285,0.07335751991479139,0.036875055244474896,0.038458879922785696,0.029956816026127125,0.03441679180699652,0.021504475363229133,0.015619151674582846,0.020800451361631,0.03604552526130707,0.03730324032359176,0.030895106155226424,0.03291145887253153,0.03955526347384043,0.03604388504665458,0.03621891316646845,0.03632353256689801,0.04159129071745306,0.04194125614041219,0.04325798865582839,0.038788368800953925,0.050768120801234586,0.047188856759586784,0.04306167417587139,0.05109821251200163,0.056610591691209786,0.05510120601825535,0.05106300963074309,0.04604069086282227,0.055805685263948995,0.05316218188528087,0.04612482889314637,0.05234809865374685,0.04905575980721846,0.04437963455186551,0.042436689868469435,0.04803540739590564,0.05095902048332178
128,0.010084828900467907,0.05860917907834711,0.11146279404616456,0.16392556251839882,0.17072898799751957,0.20105912146477764,0.22019561419614547,0.2099684810536928,0.2229256304976276,0.2300797681692769,0.21676187802270547,0.2098386139189528,0.20762339221769202,0.20069710211170474,0.19321772218280944,0.2021010776929903,0.18659441260761642,0.18686076356039233,0.20882123870957942,0.18396379424198928,0.1835121177430355,0.17593574936657175,0.2044439618177972,0.20157130829641554,0.19860563140386223,0.21527655689542693,0.21633215349839266,0.2139383554322392,0.2252900411765138,0.22969090733567785,0.20761041220160448,0.20036881265214174,0.19694918933892608,0.19132115217692053,0.19982317684090234,0.20989074413126782,0.21865361070056977,0.20633320761358478,0.20232995634311352,0.20016743678704724,0.21605464009666595,0.2270282898404399,0.2243077273961461,0.22749058156272073,0.23863122536892534,0.24019962340888185,0.23789387888597358,0.23269932356855183,0.23170577251327085,0.22330072079989052,0.21012863871581683,0.2105162713327271,0.21683598276228488,0.2097683255187107,0.20339825277516435,0.19430453171967602,0.20490332477948928,0.20236079293952547,0.20249760609791465,0.20297316619984587,0.1976386696503563,0.20189179835277676,0.18844908406078836,0.18168868100425314,0.1639430294626465,0.16722629782416917,0.1895762394631515,0.2027212359131119,0.21977399906557474,0.19932172873113313,0.19720880120847034,0.2005085891213428,0.19989450318247154,0.2121568110233288,0.21767205543958085,0.21490748875902635,0.19664051262012927,0.18449595988468112,0.18916881634076696,0.19473305061177495,0.19842704988290044,0.19171756732609413,0.19439606240598667,0.1927299733718318,0.193952232970474,0.19295084932186374,0.2026801432662923,0.1956267831163207,0.19035740214660482,0.1924384212097235,0.1766010031952389,0.17644453265663768,0.17362164464375585,0.16210846823969388,0.16896150108512842,0.17745855652748105,0.17686904057464428,0.20197890340261865,0.18321791532335818,0.1765668803124977
129,0.003188644953528269,0.035967203522501476,0.08981367181169853,0.17464708910834414,0.21560061014932888,0.23390044167236504,0.24580868925324142,0.2440379671671358,0.21220161321109604,0.18043749674514298,0.1676731348325323,0.16840069680525815,0.16193164476995636,0.16399243705238972,0.14948531891106842,0.14666729236753234,0.1416098093711131,0.15301847806497354,0.14116304507519387,0.137476589864446,0.14696631495665685,0.1475430614430589,0.15126840871597788,0.15512997013405963,0.15416375026177936,0.15478884349003716,0.1693882447892191,0.16875998406916298,0.16155925342566435,0.1663277700594397,0.16383063502189896,0.166544081237796,0.1487471794368704,0.14220219474594867,0.14594115289834905,0.13789876293590608,0.12620572639245556,0.11556687485410339,0.11923611770114272,0.12417587538523735,0.11987232977898135,0.12683727595997063,0.12313522045524639,0.12028374906601509,0.11736068065155741,0.10822503257521947,0.10095850934526603,0.10519199453914548,0.10069409775894472,0.09170858431455788,0.08788922532730509,0.09083791127685246,0.09006025977122821,0.08506802631046276,0.0823149270546508,0.0656305661074445,0.0892270347126613,0.07837753017004932,0.06605890283408992,0.07052042789099573,0.04986140108804911,0.04998522739918193,0.05706319889852083,0.04843117145885795,0.050504740979577835,0.049194214066111644,0.03854202892889146,0.030872960687822103,0.02553718768329253,0.0450952456920936,0.06021120610881812,0.04734929046136705,0.040929784567943786,0.03622897972931991,0.048889692484224055,0.04776637839742322,0.05054058942479805,0.038294103599290565,0.035719330498603194,0.04643900309706847,0.05130052360223551,0.06576820293062084,0.06220033444940366,0.06240600579698891,0.06373477899612312,0.061873019212886377,0.05976298740496532,0.06474529212595878,0.060460740331339524,0.06236230839486466,0.05706087402732339,0.060390551496322956,0.06365238712837598,0.05791497321131803,0.054479431124920145,0.040846464460642204,0.03709371377820827,0.03266052206261186,0.03393192840425698,0.039602028963111054
130,-0.007178282324258088,0.023024403479335747,0.09100191381647062,0.16930475008813786,0.25526918663122944,0.30189448946430947,0.355475075606866,0.3721487283167083,0.38067685507704047,0.3896840330274699,0.38815216654290535,0.3779756984817055,0.3974671895420694,0.41217525333713534,0.39961704880176446,0.39637793433459634,0.41363967303749516,0.4194300314506516,0.4251860015604359,0.4232950624942229,0.43429471016502447,0.427864529784747,0.42442057941966943,0.41478108115741014,0.4172416904673239,0.4034490953500341,0.4078150367853698,0.4049549163214409,0.3979666866686155,0.3954200339915019,0.403244327567482,0.3923893325889782,0.3953749065763268,0.38698948698628266,0.387515374819149,0.3744033478075688,0.38398952788168755,0.3808205559567776,0.3926254386480646,0.3921299672260782,0.3970498224734701,0.40592994768642315,0.4094821107403203,0.39845573664431344,0.4110409510719861,0.4168461398437771,0.42119906274857777,0.4166184395290456,0.4225782717715398,0.4150751832189512,0.40841419650291255,0.4011004228828087,0.4071759993922417,0.40048634142911277,0.3957679064874775,0.3881164739681727,0.41095556446589854,0.41438075931686796,0.42789173167295297,0.43858045588585776,0.4446763815155639,0.4446869479150056,0.4355612042648188,0.42966264641884094,0.4302202499979309,0.43989803798563926,0.4350882327417024,0.43766800597795,0.4371771186280656,0.4274336877000151,0.4380147613051409,0.44380202538168917,0.4580990965031566,0.4522644735738546,0.44413105899984073,0.44281819405267775,0.447684402461759,0.44390823456426765,0.4435602800593298,0.4484954092392843,0.44632574986204565,0.4547524545573794,0.45729867744998365,0.4578837596038223,0.46218280489152136,0.45613192572905636,0.45391159321639885,0.45570376103409616,0.4497375579505695,0.46704857193060006,0.4600421204954276,0.4551401146567395,0.4526624496104283,0.45557336009340993,0.46299645943983386,0.4550303623099455,0.4558007581049804,0.45222833655847355,0.457262290669858,0.4587842313242005
131,-0.009139963674111042,0.015416145546883158,0.03476118663381247,0.07542807726336805,0.11373255577845896,0.14738836984227605,0.16572901895422823,0.17940117660706584,0.18985125756325655,0.20120079797078194,0.21280918317696454,0.20463042652531102,0.2129278793871433,0.21000917883633083,0.22714313667319988,0.23165211242874115,0.23098680495478738,0.25263747255388896,0.2465955437016773,0.2305231570141669,0.22664167603145993,0.20278194157755752,0.21844803999878862,0.2019109488641565,0.18938808872994423,0.19382584722165652,0.18313415124144758,0.19708810924650244,0.19664073559414283,0.22037529149217724,0.2187105826820538,0.20103463636295765,0.21236362713205878,0.21797754237955233,0.20559295836886377,0.21593024385134535,0.23391761594407742,0.2476086763959694,0.24606952322537143,0.25153464540843734,0.2534420200111428,0.2580118634542963,0.26030273650923524,0.25824846315024963,0.2335150063820868,0.22688405074068485,0.2051595237480122,0.19567639175480406,0.20388447227574935,0.20621813975910303,0.17396409509131303,0.1840516259411754,0.1780334169326712,0.17005725034925098,0.1615862544795229,0.16943481319427606,0.1743758108682972,0.18560947474095407,0.18348694020206785,0.18002751145976092,0.1829777836386428,0.17632953814348543,0.1746114845025305,0.17075877821395172,0.16340641353803126,0.15883881545003475,0.17727274417092892,0.17990443888620106,0.1921650946042287,0.19794675485729132,0.20195666548744395,0.19385881320228215,0.19821449759657683,0.207918069312973,0.22129183815371536,0.22566493178803565,0.24247566385123104,0.2536279909885154,0.25896799217677285,0.26844289122340365,0.2664153427577684,0.26829096291452165,0.25163666405691826,0.25138286042512364,0.25242784837554894,0.24281190425714472,0.2378318854951006,0.24648328968547037,0.24758862363842093,0.24830074781419648,0.2586368752031154,0.25743945915699973,0.25562790447936584,0.2551366828518984,0.253274560003698,0.24670595727596695,0.23799037414718238,0.24168901689917213,0.259951181530919,0.2611319067952074
132,-0.0012310741941580121,0.041595204213527595,0.09114615405767135,0.1697856911234557,0.1799317993270803,0.22577443956694512,0.20976447448683483,0.22495827137279986,0.23472349154224847,0.2188367977167529,0.21429112738211964,0.22016145326521744,0.21585476160700331,0.22703230832697613,0.2370747170455273,0.23151237318240805,0.23031470710477506,0.23916853840959568,0.23613298224003695,0.23706022822073283,0.2524768608874192,0.24813843893035994,0.24536684350571375,0.24843724880709697,0.244630645997029,0.25623405337954763,0.24793251536881147,0.2620338154598075,0.26884416009133705,0.2839217026678565,0.2924415163998384,0.29072703605383,0.3159037356544592,0.3101542949350756,0.30906998820849885,0.31206035806505694,0.3157414858769819,0.3216277820719145,0.3248597381362519,0.3186699487534929,0.31260483920196136,0.3144194270617543,0.31164239453682696,0.31871335115453797,0.32056517709337273,0.3228337274476061,0.3414413634242876,0.33777831707785005,0.3282890816986548,0.3175652679248398,0.3169241981904748,0.31407389051870466,0.31826882146076313,0.3164433396236731,0.31226749691544664,0.31433368327888367,0.3209759763735321,0.33449718307519405,0.34245089866555867,0.3409932738000019,0.3314781175494766,0.33610055805018396,0.33202150844126344,0.32176439844939536,0.31518082054740504,0.3082589017629547,0.30728050768136267,0.31442309928339546,0.3310510144953984,0.3386672176494666,0.3358743919021186,0.32644766508299,0.3161596610661171,0.31857043853654515,0.32590844822226844,0.33255334010331383,0.3241860922390922,0.32887151853388796,0.3145825770927794,0.29127491789694215,0.2892384960592563,0.2891640154674235,0.2850865385125867,0.288337841723166,0.2826792773142915,0.2852772775111909,0.27687407685230125,0.284334486797432,0.2899695668235531,0.2692897235989414,0.2746011474841201,0.2891981479865041,0.298112729096006,0.3025578456485318,0.30342840956623396,0.28492827919879327,0.29549300323825906,0.2955494330921016,0.3000492590305801,0.2904269797735067
133,-0.004110586881792274,0.012980122224376962,0.03943833720589065,0.017538742890311952,0.08090454648682495,0.10776924723539237,0.09167867761884634,0.07662919893635486,0.06448418588161185,0.08520313782552429,0.10254113274331844,0.09339848434991158,0.09821928482537995,0.09041109228976035,0.07340204438756429,0.05369231865168303,0.060209010300064224,0.060003795142859764,0.06937863120332603,0.07033916979451216,0.08108484517696775,0.0710296884847162,0.07345880227232311,0.08497419262136338,0.06624265185798364,0.061128873433532564,0.051358588593859604,0.05659055547875926,0.06379264309245175,0.05878673236014872,0.03824062159434134,0.043089071623493645,0.045495450417727436,0.047683963357964584,0.036466892849040006,0.03218876279219685,0.033800424353897615,0.03266664815772493,0.04678303787947993,0.043514627694197436,0.057509369502605275,0.05532893275167454,0.05520128826319654,0.035368381171053176,0.04164126875783925,0.04175219477115338,0.04688809974433564,0.03457593291128985,0.03423438097209297,0.02739383999441639,0.030357301110251037,0.024500344334739417,0.022827944287104565,0.04923827851880213,0.051921230027975725,0.04116855926966008,0.04363876011950737,0.030720940836722974,0.03806533955009939,0.030116173891096096,0.03698225360331562,0.034814658366484535,0.051345460636989755,0.04485697869633252,0.05276767397311519,0.06895775540754401,0.08809453735139958,0.09748838360681962,0.08492599322187314,0.0777685476238884,0.07956368839236018,0.09600756682835027,0.09421854139474892,0.08869042329722024,0.08558199345629353,0.08543977682301182,0.08067393134372175,0.08556790728610851,0.07060680058572517,0.06058272748974253,0.05534763669215101,0.05369222422892154,0.046639651886206564,0.045245177000150745,0.04091601473404198,0.039595605566879445,0.04159815775275203,0.05119926192819868,0.05034758478307306,0.04083767579128204,0.04326923962191787,0.04955701893243744,0.05798154003656718,0.049014472930051595,0.044616271647662825,0.04328217379111488,0.051459892805299834,0.04677135332899928,0.05774563322066187,0.06054105003497469
134,0.0022322566855407042,0.057202249742502896,0.1168041901903295,0.18138279723891426,0.24270130021079026,0.2871794748797854,0.2922023087756775,0.3107508955846069,0.2867745086277438,0.26947572023985733,0.27045072804524395,0.26963353748436847,0.2852268562317725,0.2812844585989767,0.2942082156702926,0.2770900680454346,0.265071366611759,0.25832347930821586,0.2566979469107964,0.2508296371751088,0.24496514675551828,0.2427062609932208,0.2553855152597728,0.26567226873025584,0.2561804371736834,0.24436867910019558,0.2552088959527938,0.25092024944876234,0.2556522928296035,0.2468861474487587,0.24946720913439477,0.24777886736078247,0.24327628037208116,0.24347915619049826,0.24129183693652156,0.2626619846790081,0.25894307732814775,0.25617350461776867,0.26066079783432905,0.2539445543293341,0.2534064721356772,0.23698802206905983,0.22593078388158744,0.2120198118497406,0.2184624827287349,0.2012047902996505,0.21849599116249416,0.22473562603211236,0.21825195191991895,0.20988605805700788,0.2158781284488702,0.2148498609044344,0.20938000215263966,0.2029484425751516,0.195031680501541,0.19973621722771548,0.19313981953836215,0.2029343255602571,0.21201950120314902,0.2142590235502576,0.19198926598020666,0.1781246937328511,0.1771535635378734,0.17463283085379586,0.1862048073953245,0.18994539005515484,0.18503837430763206,0.17854373417722183,0.1648645672512171,0.15199638081710026,0.1587191063334568,0.16033240256123676,0.15709587167669606,0.17550478700398883,0.17342490937676705,0.19527719038644764,0.19896085329930935,0.21784968886399664,0.222353768664789,0.21571172756487936,0.20495958029687994,0.20702100801876547,0.18932986011220845,0.1775052639542067,0.16971513081877596,0.1743535812514467,0.1662635262153888,0.1654398435907123,0.15317445241041805,0.16683805754699524,0.1685971227323531,0.1699539241133558,0.16968888779863567,0.17707570414509644,0.17785234658757876,0.17316707695732828,0.17400107238314752,0.17665832717996338,0.19217933376938084,0.18988845272173016
135,0.0021132379078835656,0.033046345199132375,0.06536362819984445,0.08780048297701057,0.10686500832625065,0.14193865905459205,0.1492350642491487,0.1251851137989726,0.13948802820038547,0.1381433323982586,0.14659527298529781,0.1427705208082333,0.13817708354001781,0.12869992200667132,0.1215732883987215,0.12956089824061232,0.11641458844248948,0.12046458129771122,0.13067495622220276,0.14273045483036836,0.14545220127932365,0.12465915089259581,0.11767488484668506,0.1137067548403885,0.12974956715880065,0.12347109994201116,0.10820059957332477,0.09470193633522833,0.09938790650449586,0.09034893667711236,0.0930565385060118,0.10388603919692038,0.09821704589074141,0.10123479500690825,0.10938795639178302,0.10699828830027222,0.10439849323859617,0.10424146581052768,0.09584587233761076,0.09277994503379276,0.09414453828005359,0.09822965341429399,0.09840096095447383,0.10749090892491774,0.10784743128426241,0.08800322102515443,0.08542313422978247,0.0863796943462219,0.08645483738604715,0.07692503011584709,0.08535602408918173,0.07693356627736085,0.0804461427489703,0.08541611080477331,0.08005654957071813,0.06157934377922412,0.0658193556223175,0.06357211706318519,0.06866929606881757,0.0816237654685004,0.08986405457903494,0.09835805565833354,0.10226268789537216,0.09152290219825876,0.0899779402016464,0.08658378731150698,0.09344385394372415,0.1106339975725068,0.11141052797054876,0.10507116494694832,0.09900582996200351,0.0917935511373247,0.09527314511914547,0.08555864327607778,0.09832862188165822,0.09836619846533187,0.1103604001679333,0.11189752768952936,0.11817637383499363,0.10914177972287326,0.11297060739483111,0.11499722552991642,0.10843975352020224,0.10655441932137273,0.10562474543062031,0.10622440619999107,0.09091128105314172,0.09168965751339009,0.09929399007550359,0.09597218784688724,0.10531959837793997,0.10185424439462881,0.0905658941775023,0.08184779490523221,0.08664945275688896,0.09330399538754137,0.09266348085628481,0.09829811319249064,0.09739837324888617,0.09539168588538757
136,-0.004880589192218521,0.016610570789826914,0.05534585696281234,0.06990512823149295,0.10974595061849433,0.03956657588068861,-0.01318954222468618,-0.06851901392073934,-0.0868622956293735,-0.08006347858722533,-0.06791974570143362,-0.056622504314750105,-0.07099114996223853,-0.09930182792706399,-0.09868483639550686,-0.0816311983393342,-0.07935294933782483,-0.09120921470027757,-0.10114054606721408,-0.10836960968150881,-0.11815649281055997,-0.1077927305154728,-0.11158553047904428,-0.11463215920614793,-0.12386967314389614,-0.10558886062835932,-0.08290786795264492,-0.09511147638443829,-0.11865976169372669,-0.14883441014070958,-0.14037075958197284,-0.142924939177824,-0.13757786610223105,-0.12239347154027974,-0.13175913422331925,-0.1369068433349598,-0.15235339648803353,-0.1475349294844892,-0.14599570184846278,-0.14765995568753437,-0.15986941273787406,-0.14934119732458503,-0.1608862667076499,-0.15326684082731407,-0.15614300135569517,-0.15699900103721232,-0.13656014713046438,-0.12775516846721446,-0.13378895682925132,-0.11918917430793557,-0.12152942776959914,-0.13215054891702294,-0.12617740332115238,-0.12722764830248662,-0.12860703476049754,-0.11932493972972011,-0.12226666088155198,-0.11203185905232246,-0.11498584323470913,-0.11152138125527301,-0.10454499611258586,-0.1073880259801524,-0.106712136347711,-0.10436601967994658,-0.11324972606811196,-0.122299974142972,-0.13088895498693698,-0.1298681770271552,-0.12949719878910498,-0.11805758583484753,-0.10076732418757813,-0.09634886267507521,-0.09708146669591454,-0.10578901868114116,-0.10957185935715148,-0.1186622392322856,-0.11972074522419347,-0.12371059087446318,-0.12040207723413976,-0.11785305359778894,-0.11850177977505261,-0.1173062425392952,-0.11740705765918134,-0.1160909515239215,-0.11269344700272024,-0.113891572288004,-0.11410005300056994,-0.11405329372958133,-0.11299213278341638,-0.10750825254362065,-0.10551495312762973,-0.10164072236052667,-0.09796424463817724,-0.10190207451630107,-0.10422762806189578,-0.09546715433564033,-0.08497947169330501,-0.0884336780448813,-0.09118630766050809,-0.09028361535738595
137,6.329369195579484E-4,0.02545964431703091,0.09831054760612438,0.1179547966909053,0.1408786892343797,0.15720703115776077,0.1707728402202725,0.19896644969047997,0.21069764135475588,0.19851039079571076,0.20714300946470945,0.21954666059984695,0.22955836557009007,0.2204102496883812,0.22519272235823848,0.2182343235541777,0.2432537646562512,0.24419038493752104,0.23442225929522237,0.22344001162887303,0.2233635777680749,0.22731762733863356,0.2276450591859135,0.21604413582682022,0.2127868788738596,0.21296210208877422,0.19959578119719992,0.20847941225852856,0.23191566259305868,0.22682771418885764,0.22719397734750796,0.2436426014189147,0.25081277294851934,0.2576628030203741,0.2638136203739607,0.25757350194018264,0.2574458965662939,0.26739579287228066,0.2604588183480753,0.24631991014019797,0.24855844950347225,0.24774092868754,0.25499047639974615,0.25886334929756133,0.2636524663657643,0.26243976573210914,0.2578423357705869,0.2626288831349511,0.25718770552637626,0.24677293580317547,0.22635668320198238,0.22562839986477723,0.23565001448540848,0.24996621735650953,0.258377362466914,0.25603160641049666,0.25862456216536267,0.265400592600524,0.26137076558328404,0.2617487881886581,0.253378067665449,0.23708667083655746,0.24273261119277756,0.2541700397648246,0.2507374327358635,0.24159976835933072,0.24273880191268585,0.24659235172888372,0.23670441417596857,0.23690099458404795,0.23441246749256325,0.22699619293824838,0.21588162310900624,0.22135106344554298,0.23924790881501448,0.237664699643334,0.21835176190527364,0.21645283477865085,0.2095009057917164,0.2247716681059089,0.21504164739156706,0.2135044764158313,0.20911409779619328,0.20785223240031633,0.21484771411891532,0.2103359285992787,0.20437365680790012,0.20983800430663135,0.1970411398112798,0.2043315495557296,0.20911902992926046,0.20142031229254814,0.21260502319401095,0.2142710151927697,0.21199267505812455,0.2107195797843056,0.21309842248488653,0.21229673283911205,0.20889037847401046,0.20277148747049842
138,0.0035706627859822737,0.06531098025916544,0.09912221094393367,0.18556608989057874,0.18902282029264497,0.1664329236548747,0.1493278301761492,0.13338994657724335,0.10848756909051956,0.10673885403460164,0.10421001437687094,0.10703021787409965,0.10065868006266103,0.0990791255879739,0.11025937541256951,0.09916189372258724,0.09140077275875265,0.09003041052181776,0.09440524165508707,0.08719232362893167,0.09059323943813298,0.10037523400822707,0.12277081138208085,0.12169356275159389,0.11938796906746617,0.1204859111521242,0.10130582229989595,0.08915652407567151,0.09316570598587737,0.07706880974723979,0.08456048773950525,0.08058008906441293,0.08070577640393037,0.07782062998268154,0.0765113131936411,0.08312328814605213,0.08991001983672002,0.07281470822650193,0.06781815126493843,0.062286337645120246,0.0740674737849171,0.08487318964712048,0.09659583669859144,0.09697681723762593,0.09571081703018289,0.10785986561061135,0.11802613735822338,0.11106074692717467,0.122210545550831,0.1017029230952813,0.1053642795738232,0.11794583480869476,0.13081752830696142,0.1425770186488786,0.14455087366066938,0.14324561991091925,0.1436657752883959,0.14820737787451685,0.14251356740396756,0.1427462754084511,0.14738566674017683,0.13546224743101268,0.13769015842242535,0.1400717422242131,0.12688285980513409,0.1370675741738328,0.13930760748671095,0.1417779018484678,0.12913935179142264,0.1314184672946942,0.13259756721332844,0.12051981154613685,0.1198440277101735,0.10911001682242098,0.11174018777595121,0.1280797555253325,0.12321237955307955,0.13412162186204665,0.12511932996446917,0.1181487812741744,0.12169866017772848,0.12934428116132304,0.12044539862388212,0.12424392253506301,0.1238368891693524,0.1338030259465248,0.14229915546997457,0.12574412428809,0.13514402671514822,0.13578858772818353,0.15215479433919377,0.14857872072514916,0.15329931823473728,0.1504888177291292,0.15033458873920963,0.13792634530687964,0.1351012677830686,0.131135537356591,0.13683537386831113,0.13526547969157504
139,-0.01765113679104073,0.01929713569857162,0.06689532050781381,0.06830635333721968,0.12117072193706792,0.13744980711190516,0.1806656575786303,0.18194070511601712,0.17616040241343264,0.18351446076636396,0.17387240257864228,0.1908061814070901,0.1947882839994782,0.18244206585149045,0.17055685432279913,0.17076815855271177,0.17611105412677916,0.1577263867956705,0.16820822783126513,0.17269424915050088,0.18162899130376736,0.1856658098658964,0.1825615316566352,0.1727842485493809,0.1595624262073409,0.16210591917938746,0.1646540316600897,0.18889937222316852,0.18241224862980296,0.18511262897844818,0.1632898524247825,0.1527566496248461,0.16063731847106982,0.17562819120792159,0.18742166446938222,0.19174489472841416,0.18831638730625738,0.17187817196625266,0.15501168155931755,0.15904380803333845,0.17751149856207094,0.1849286753140273,0.18993840453395577,0.18990404061301142,0.19236243691401214,0.18981900149056435,0.19576250028783393,0.20897589741846115,0.22254640730535205,0.22801712580561026,0.2300931246134096,0.23934459364731775,0.2416472930828208,0.23112617656935608,0.25395577306700207,0.24932597595198674,0.2497712278978664,0.2466998217537194,0.2504711263832238,0.2602926801033968,0.25380141595616457,0.2525858117633974,0.255002285953273,0.2593758209843718,0.2524810820031817,0.24376722618031965,0.23635644204272496,0.2298705415803223,0.22916180952287207,0.2314657144555892,0.22027648363647112,0.21216512142346475,0.2115832053331768,0.21231328623024756,0.23353075213096397,0.2253869658956058,0.22535427728243065,0.2368069249742624,0.24486534878529573,0.23433922319878556,0.2375285376132441,0.23196431864809355,0.2486468559293762,0.2555901127873922,0.2559995506360188,0.2551485532756707,0.25038472813135587,0.25049552753695226,0.25050281036075106,0.24413990037612923,0.2517901548560119,0.2532495916064636,0.2528764224968396,0.24843231326656415,0.24329818256132626,0.2524292772362588,0.2505072556816823,0.25999927998705874,0.25340909689552255,0.23903009550585355
140,-0.005098274485178311,0.035149360762714715,0.09568927168454311,0.12610062984042691,0.13219648060482117,0.1355897658751772,0.1429871113009469,0.1377937697949019,0.12225808036428125,0.10449238343601303,0.11622388863156363,0.11786236382098698,0.11905099465490077,0.1195309023938586,0.116667522412276,0.11322234204069259,0.08487151059946947,0.0722069904899449,0.09530156418114659,0.0804028908946655,0.07680647285941675,0.09447028360172433,0.111142851098741,0.1199814560092724,0.1152889839997292,0.10682967215642593,0.13473390594076662,0.13959708711308194,0.13289920256515106,0.14237567174942953,0.14179446920303612,0.12191831978718884,0.11820537433903394,0.12676334122029267,0.13455918413096277,0.13496841902847426,0.14067519281867694,0.13827369119521207,0.14919375550196745,0.15795397336219838,0.1479229399590814,0.1617027308241224,0.1532892137907256,0.1494106809627174,0.14933392144161314,0.16695523804304346,0.15017619770826532,0.16274510721044802,0.1678534222068563,0.17105531055305398,0.15076152104511337,0.15273652615429556,0.152009987229388,0.14900325273025405,0.1692169690490156,0.1695904623949839,0.16015336465806812,0.1736203825456116,0.17493643528605737,0.17907665096001577,0.17130982488597785,0.17630160389780294,0.17681929103993022,0.17477761580408635,0.16075802942004935,0.1775792154117962,0.16904475175199998,0.1732092180798863,0.1749456183761275,0.18703613521646875,0.18081108367007714,0.1748075226046462,0.17722281665814285,0.18309890586240388,0.19680941906070137,0.19209855658812608,0.19352475141308564,0.2000272620750371,0.20416592671280046,0.2007831916595623,0.2015444841416257,0.204509161540694,0.18877520575250312,0.1954524824190886,0.19800380863693326,0.19956881629440854,0.198545681076465,0.18806944665682943,0.19126422408737212,0.19592027028092265,0.20518162945741136,0.195575275784032,0.19690295672409744,0.20343380318899143,0.1931952416390737,0.19429535894810965,0.18867126399331824,0.1869349368521993,0.17636783549863405,0.16966688023346413
141,-0.00420870191854533,0.015979313426451303,0.04836039963531344,0.03740892260033384,0.008896095637376788,-0.01814393194419059,-0.03539829564409811,-0.04507186906896281,-0.04633988316432589,-0.05609043886216934,-0.05985749602997358,-0.04508425510445819,-0.05892781080574342,-0.06933975066505639,-0.0571638193208173,-0.04937557552767165,-0.053279779642014545,-0.06971545080230225,-0.07291403339987039,-0.06648325194234857,-0.06485264740756755,-0.06800919952643826,-0.07345945727889978,-0.08368583028187748,-0.09016946594047148,-0.08189083633121476,-0.07414894964337596,-0.057302799148831116,-0.06276520809297886,-0.05656629185382576,-0.05023594349806602,-0.0468895666352667,-0.05252901365496065,-0.04917416638910539,-0.05352902877136812,-0.06116060854979368,-0.04985173774193777,-0.033760935030831024,-0.014581946206974792,-0.0060072027564616005,0.0034921001244304297,0.019929936056711357,0.028743798834759204,0.03945458318897022,0.04137420535967605,0.0330324260360743,0.03653027191079948,0.03505107500050564,0.042223277870838814,0.05071192436260957,0.0547748102877095,0.0716360815298449,0.05718444988404507,0.048425693927295795,0.04596187189783281,0.05530504364609081,0.05004077603961316,0.05483508559465619,0.05899896237483962,0.07080751291967098,0.07453045340484123,0.07816236802821198,0.08911057920341087,0.08684595587096623,0.08235024275504818,0.07560411075331257,0.07261084691469212,0.08370075034399883,0.07840490745632457,0.06567658343980728,0.07260366719486563,0.0740778736021392,0.07230112032873738,0.07329151436505406,0.10015230864512144,0.0970202629785631,0.09829296152833479,0.10756316836692094,0.10224564319286443,0.09845184977558255,0.09458494311016961,0.10462239999656589,0.09857483600947317,0.07107126341235104,0.06463720644830483,0.057312475953793164,0.06339109297636226,0.0673908669757736,0.06447043463350113,0.06467395900579632,0.05500495558036206,0.06893851051584998,0.0690263911300081,0.07710151673232259,0.07552854037519144,0.08369689886134006,0.09716780066100737,0.09344922400841764,0.08796155824056108,0.08352054676652194
142,0.008612577598034223,0.09121996171008648,0.17304585886788343,0.2553990318362275,0.30698427345983004,0.3134629059727377,0.28307596715121053,0.265350658754111,0.25164042685083055,0.27687695246363114,0.2814115165880038,0.25746491500276586,0.26181572190128277,0.25155492997405604,0.24518071302228414,0.23059437276762926,0.22874259613868148,0.2317276967701704,0.22617642456098308,0.23910132638137505,0.2516141736111574,0.24749280478567448,0.23523326824084648,0.24091460809544393,0.24210887947781345,0.25391605301136233,0.2595797370148588,0.2600818909709484,0.2626414527650647,0.2685166712935164,0.25351772537699774,0.2652803388732915,0.25621590806048156,0.2585885922269808,0.2613543437012268,0.24634534323981694,0.23684541242386278,0.22922321880541738,0.2418028733772279,0.2259954432522733,0.2205763340433721,0.22278194485882874,0.22158943975378123,0.21320546354115608,0.2095808937523188,0.22022584821745408,0.22077969164462702,0.2215280918408489,0.21235935060792863,0.20161613010836596,0.20865138114417156,0.2105272607413493,0.2186138015754304,0.21333952835975686,0.21543505005015767,0.20973643631864405,0.2173643128905478,0.22625503122930585,0.23927255810786263,0.2470309340942025,0.24387591750873047,0.24779922954416136,0.23842073996877491,0.25933399112516703,0.26849193800633125,0.2656312370870889,0.26778187084576416,0.266663334903838,0.2704849624773221,0.27767695388677555,0.25958798404491873,0.25662043904613546,0.24435581313571678,0.24913233340725796,0.2583864890709785,0.25932010517759724,0.26001065774366866,0.2469334681801035,0.2564299177595777,0.2594886114097293,0.25257325051890467,0.26011892275889137,0.24890348899705078,0.26853182109787643,0.2877592673946777,0.2875339412321217,0.2844558113595057,0.28468364650878386,0.28614672960561505,0.31062287922958876,0.31506548273310975,0.3061274302662176,0.30748627308755266,0.30353239846609037,0.3083444247112494,0.3066517382672565,0.29386642903472804,0.29788319715767175,0.2953351869085186,0.2976073590471478
143,0.010884922437600848,0.06671896058431999,0.1262739980558504,0.20919986097510876,0.22613099149260799,0.29618737905062054,0.30619000505321486,0.3010303591591556,0.30807096990443894,0.3009694562018506,0.30828382745334826,0.29956963095204736,0.3111302634825044,0.3114758060064478,0.31010221169055147,0.3036142907954477,0.2917671587152542,0.29879503210902486,0.29856476045999775,0.30173856670388455,0.2900953725422367,0.28315023822682084,0.2859341118912127,0.2655558337109642,0.25960422655413123,0.2612800887036268,0.26366321936707193,0.2782881694065234,0.2850948693675663,0.2676773250278797,0.2525016841496861,0.253189617616099,0.24665907988502273,0.24764503701403837,0.2576185286672901,0.25551269925143705,0.2459835522429536,0.2383955710163959,0.22158547747224872,0.211517440381287,0.21361833760494023,0.20770008904581985,0.20797546050347043,0.2052363091528163,0.20948351474830837,0.21835478415010473,0.22796864857911509,0.23292131096936433,0.2327370001156625,0.2310910101445961,0.24495953917851698,0.25691352692232966,0.24858055390513503,0.25671319147192473,0.25253781619824917,0.22605936214192404,0.22358692223074697,0.20498987639494423,0.19274727766149913,0.1796732101340981,0.1762048238085501,0.1847244498879032,0.1802266154254818,0.15870106740990544,0.16379132747279404,0.17052760997949878,0.17682042081135665,0.18494717673930613,0.17658255071326193,0.1638525464838324,0.15861213797187665,0.17395580316651407,0.18241816687122078,0.18978259016729027,0.18184155298976779,0.17787517452993312,0.19343043063890172,0.19814154830559336,0.19414747902600688,0.19201417318263503,0.18902843463507832,0.17663188867529514,0.1881982573105368,0.20046835866985263,0.20207927831717307,0.2040554092321582,0.1877306236110963,0.1817388925199569,0.17872074621362505,0.18030201745077826,0.17736789684507162,0.1806614109916644,0.1930545813044948,0.19883471698593208,0.20446354742876502,0.21104138678275397,0.20943636083090628,0.19570679872769758,0.1880451792466897,0.18588995952656798
144,0.004500774495376807,0.10661186161394287,0.1804741069873971,0.26639380435335164,0.3029528397274197,0.3266985657686139,0.34908713488585674,0.36220005176179915,0.3939293633333794,0.40082114070056024,0.3885640686079564,0.3848123141666599,0.38087462370239145,0.3721158137954446,0.3753155455743492,0.3852922049473922,0.3982313004118068,0.3987121982245694,0.4088073882524369,0.4123727080383184,0.4124521866551635,0.41604705026959465,0.4096238118042709,0.411151941690552,0.41805334948116246,0.4118699733129843,0.3967593500195191,0.39220125209550694,0.38921371350799683,0.38219702478737544,0.383337567215206,0.3802738484738437,0.37533380933801724,0.38103236264505536,0.36781932770533543,0.3724132869401118,0.38112537021234283,0.3791005928764985,0.3739565695510837,0.37831087047889267,0.37318363493413315,0.3842458681142852,0.3801050370113368,0.3759869194171715,0.37009165656184023,0.3710162409006466,0.3752301910746634,0.3674875168473593,0.3661750271185955,0.3780936522496454,0.3840412986126405,0.384134877725099,0.37930054564240534,0.37194307923777603,0.3861928235605296,0.3752173810780635,0.3903509264102138,0.3887851530318778,0.3928585090204945,0.39513182350419873,0.3853815501516109,0.38385461766525814,0.3917203243661108,0.3881146133044258,0.3875048392138802,0.38729651212226096,0.39364489403640535,0.40656522644677184,0.40722194144690294,0.4025317817228663,0.4002527067500647,0.4005667944298235,0.41188723677754985,0.4034200343168917,0.406643835844462,0.3945548383414003,0.39726702589983753,0.4022587798508344,0.39163065991113305,0.40181264405190975,0.3997685883577671,0.40476780284111774,0.39854056006721966,0.3953841057497344,0.3789516970803959,0.38150313541054026,0.37659692626139807,0.37568444038157695,0.3835816455965104,0.372532000010864,0.3705872597848527,0.3798121235455722,0.38124156923669256,0.39097758433743124,0.39451949496298355,0.38894859558801653,0.3833089430788484,0.3864152457052976,0.3820792089523089,0.3795097322926946
145,0.002299737374585765,0.012924439191086273,0.02507579657698965,0.05988688106571091,0.13187358271480995,0.24223631086137878,0.2755476419323055,0.26264102305443754,0.2743248273867404,0.28210890798343163,0.29045853270946603,0.27255741168152986,0.26524306636046496,0.26046662593035763,0.2598449444126092,0.25749814759448536,0.2582480501700755,0.2510425483757508,0.23848769968526834,0.2483490398019035,0.2455086480414025,0.23942764274661119,0.23239304485176757,0.22409600511290084,0.2152018023097547,0.20613593441831088,0.20351386283872766,0.20731217986355566,0.21045685797181762,0.20635822062714415,0.21665119207631456,0.23700929311749036,0.22774284911443277,0.21619176949772598,0.2117892896764787,0.22437762243338052,0.21567623544876782,0.226930905753406,0.2397438283594791,0.254508441536404,0.2529053730717124,0.2639858538811382,0.24997276148864284,0.24500464415538217,0.2323705067241523,0.24555918057357234,0.2419847094058653,0.24430413145285146,0.24937264816880478,0.24993237122393233,0.2593445209792703,0.24563702961252754,0.24343050970348823,0.24096357578745844,0.23662863718336513,0.23283292633178335,0.22914783290412682,0.22938820111919767,0.24038918948556023,0.24030012985604898,0.23620499809573497,0.2374184890531617,0.22386554570236075,0.21494687227092477,0.2208886572308419,0.22200306347801038,0.22483485983410786,0.23691103259686297,0.23261754213817135,0.22488029067126672,0.22578592150251986,0.22334579854656794,0.22095822983897695,0.22217780872098244,0.2311444282013504,0.21870386112680332,0.2015624121526537,0.20084620363899736,0.20863915260039104,0.20884423334057484,0.1983936306559205,0.20046740713285513,0.20534898838250737,0.19701395905542662,0.20079366721203912,0.20247077739096964,0.1992523756817023,0.2050556973980402,0.21166078318408843,0.20586895283745674,0.19850271315931436,0.1946092618749657,0.19724809087889159,0.1951492712686046,0.19241735840667634,0.20340399264313064,0.20818846807820596,0.19901382012119165,0.20154478990680505,0.21015150811471817
146,0.001898317465946333,0.02475507248782878,0.048311873108308624,0.1019895047551386,0.10779309931993908,0.07148834124138655,0.026885109396229755,0.003779164630760333,-0.018149766303866225,-0.03720484597928792,-0.04286910525163657,-0.053249644236655166,-0.06269602466672115,-0.06111349905269476,-0.06263230904962906,-0.06926931552073907,-0.06074214740268963,-0.06774509450389302,-0.05391248711941709,-0.04649291204174074,-0.04836562868474969,-0.05192825587120164,-0.04537824965389626,-0.055150048909650466,-0.06597688555410293,-0.06430132730583688,-0.055124231611380255,-0.04637642094271635,-0.05371691779523501,-0.03688369764355101,-0.02552106103039494,-0.03684472426826015,-0.022392988007901807,-0.02750970872292182,-0.015787934880480803,-0.029509826030980128,-0.03651800903822417,-0.0416994292496749,-0.04696293841826363,-0.051099307114079034,-0.06365783731172052,-0.0655752480423679,-0.05845586696367995,-0.06269770868284881,-0.06263101328195424,-0.07886362563918049,-0.07220048138211159,-0.06999023148716196,-0.06872643909600608,-0.08123991583491001,-0.07277146612052184,-0.06209074490993819,-0.05814828740906305,-0.060678004136225906,-0.07039178632323365,-0.06334540178264757,-0.054275106121582206,-0.07332597235094128,-0.06788247041942447,-0.07584450906430976,-0.08276212814776814,-0.0852890069764162,-0.08659313781517812,-0.09935930234575384,-0.09005436893114632,-0.09460272824786484,-0.08655149050375094,-0.08810647494248702,-0.08620075134943544,-0.08313846578515237,-0.07890584336152844,-0.077582896705694,-0.06500386752188665,-0.06278036108656186,-0.06683408315003053,-0.06710948484535072,-0.07994450016717643,-0.06503526010589489,-0.06379140807626213,-0.04556013151501308,-0.0425068893428551,-0.054245338333158005,-0.059986231942463525,-0.053784454041437606,-0.0439585552950286,-0.051148984816479254,-0.05630120861704743,-0.07318547364698047,-0.07804934755860439,-0.07570184187035527,-0.08032011045047603,-0.08287540956209122,-0.08041068372142465,-0.07395694392055949,-0.06748856133093922,-0.07055376626321241,-0.07040516420776724,-0.07671672377583372,-0.07548822570772494,-0.08016742023700422
147,-0.0025304276075186877,0.03889035479515337,0.08868054283260843,0.16734184100706556,0.25948880162731425,0.28105535707254353,0.31100176969532245,0.318818688671901,0.3170677470369743,0.30909823435525985,0.2956992326728944,0.27749851257037106,0.27382309989122094,0.2797483827250009,0.30838258111910316,0.2866677406931562,0.3008501689055603,0.29319935868740205,0.29146237081915327,0.28871384304925374,0.2904313647988785,0.3057426387044077,0.31307726267706837,0.3193315583353734,0.3156289603187334,0.3139638166243879,0.3055699137234385,0.29147973039555924,0.28482910228217295,0.2796025154888913,0.27274851824048035,0.27586568041530846,0.2807976656657105,0.27479125842400465,0.2633526981992752,0.26682215802559744,0.2716527061314469,0.2591301846140819,0.25815519639053464,0.27309861415142744,0.26872867909700693,0.2656256811782132,0.2524476663024347,0.23632185861774546,0.24318927913571506,0.2551814089391183,0.2604969705346775,0.25582025120787116,0.24942969823951885,0.24910993444291776,0.24123780713966647,0.2250352174878408,0.2268320242926659,0.23383893535953,0.23459750503239338,0.24147178174159303,0.24705098423252206,0.2400446006030318,0.2564450851329743,0.2638937247674835,0.26905973468008054,0.26617044572627185,0.2787786835335715,0.27598754122757,0.2807126459129173,0.27085924265995415,0.2615035461458387,0.25382951005298454,0.2443688610908129,0.26589008769498135,0.27882960477531443,0.2739181796278832,0.2719628783929561,0.2896795747217856,0.29370261850483703,0.2851514564206585,0.292641109084724,0.2980826049949939,0.29702043110327786,0.3006304254383614,0.2893620740788152,0.304089019652096,0.3143240125793735,0.2953257435564787,0.2624271529157557,0.253595083713596,0.2621354174103434,0.2602985826533808,0.26764236522739504,0.2681832786140787,0.27927125337579184,0.28510540334025736,0.27706435584917277,0.2652836269479257,0.2642842355779909,0.26660306121479693,0.2634083949685227,0.267318693394522,0.25994571505471825,0.2599771417326093
148,0.006510099986973991,0.0479469197833973,0.05443321474503982,0.05700746638573156,0.042629187768031186,0.03228083931442736,0.018189157203250237,-0.02462468499174669,-0.04037546807595664,-0.05180571986127571,-0.04579602321470436,-0.04006626447225772,-0.05633729662064374,-0.05885036844945071,-0.06600944467489621,-0.06867181280616108,-0.06609258146741857,-0.06064029612315472,-0.06481001992921896,-0.05631097420340244,-0.04706690344934711,-0.06638505452717573,-0.0651540112448083,-0.07103100732482752,-0.0622668772213567,-0.06771577947695048,-0.05060625803454769,-0.06101308368385563,-0.05385481554557637,-0.06656431006122517,-0.07435443098501365,-0.06763608006397152,-0.07297769989895377,-0.07082587985101553,-0.06659241289122853,-0.05785488418480036,-0.05772028718669965,-0.054680578261501654,-0.07274910098588788,-0.06961854127686402,-0.08413271020760744,-0.06998525525063226,-0.0453252493279848,-0.051817563467733044,-0.05308723354273344,-0.06490248800009811,-0.03258728074231667,-0.024066253107180278,-0.020731282357358743,-0.019373688200724413,-0.02650408578334055,-0.020892773365004533,-0.02899474733580873,-0.02208795634298517,-0.013642410228320048,-0.016152429496505572,-0.014417399088477936,-3.5329061411002447E-4,-0.013030125821248975,-0.016984472651546983,-0.016681425410812273,-0.01960363420628054,-0.039043518700049365,-0.06993982968472205,-0.06719816800593245,-0.06731202931379378,-0.06670522575047044,-0.06853829089376762,-0.062402198585460526,-0.06230879512248966,-0.053089863305375226,-0.04762627280361581,-0.04261589814110934,-0.04402089992231577,-0.03920754122521418,-0.04307374146626602,-0.05257187389314022,-0.04825057781969555,-0.05431729405402639,-0.05363750353437598,-0.06625906032278597,-0.058482202322347555,-0.04742978803428963,-0.04473391553443791,-0.04415703312780986,-0.04713590725829595,-0.04615151917789459,-0.05076786768762065,-0.06310609494182122,-0.07188523513366898,-0.06431716692974203,-0.05703745079559946,-0.058816147529721655,-0.06991648860217237,-0.08272512057265131,-0.07868785754389473,-0.07861559224215255,-0.07855124207943051,-0.07465152686801929,-0.0656588976372892
149,-0.008578799331624379,0.031715047189377996,0.08858257840519895,0.13388588697429504,0.15125759018684223,0.14356222105703287,0.1339575882298636,0.10523971243794315,0.09228014287303302,0.10439242054228365,0.12825451597030033,0.11637824799136734,0.12084799046692155,0.118266616024085,0.11544260875623223,0.10357637019172819,0.10652388844263933,0.12079719224536797,0.09341208534146554,0.09147224852463186,0.0877603932828621,0.09791153958088535,0.10898664485607529,0.11653990630760064,0.10445883855043042,0.11783084273225526,0.12107679134122877,0.11368979727585113,0.1044124668926167,0.09803322686206474,0.0982354717877578,0.09608661579228132,0.10703140554142344,0.12363230706054142,0.12041582600603594,0.11486207908393195,0.10202527362378917,0.12103867218639128,0.12849911468934516,0.12248765446243765,0.1240723230400614,0.11748097350614595,0.12959042579330463,0.13222454940421152,0.1443411397445853,0.1471938080374344,0.1605666781360029,0.14108150843339526,0.13523602032400794,0.13240777579108812,0.1481942325154509,0.15051703962320484,0.15726858903883711,0.15043699484872908,0.15043108420845075,0.1284555328194024,0.10693777332255619,0.11803280653427041,0.13284839130195797,0.1260192052003041,0.12313743166767922,0.1601808427476251,0.17257260147822037,0.1690609800739042,0.18451689497737556,0.1831615430944951,0.17731579894970811,0.178508431052612,0.1696335641516419,0.16749777266152194,0.15361652483915772,0.16094059345548675,0.14301344649163922,0.13572214253388828,0.12615833166042928,0.11820630802950788,0.12166401748153842,0.12528604309596966,0.1411039869001808,0.13507133343517855,0.13795443506057406,0.1336559413388039,0.13949879826682915,0.1308665133399155,0.14515785978265267,0.15179214008235717,0.16204852659708702,0.1618246654440666,0.15863464440246786,0.15529745873036874,0.15738423865033627,0.1516531594469145,0.14228709208593343,0.15004560601716455,0.14532990276862448,0.14547030161442076,0.1446173068434422,0.13796817796113653,0.1502904685028402,0.16173462666999064
150,0.0011164989171527026,0.06950015151114325,0.1293228543963293,0.1516147146141241,0.136482016332001,0.11097969727460937,0.09306546534660563,0.06940031085975702,0.05820175454953795,0.050365769858056506,0.029216634380335657,0.01358084633418381,0.00863666615295127,-0.001645771952848829,-0.014930953416735592,-0.025431196971069558,-0.025183383211667017,-0.04568915063262109,-0.04371076732024279,-0.05209934756899939,-0.06164265961732109,-0.04732615313462061,-0.04846516117015226,-0.05071425234661783,-0.05910365040013181,-0.04424536292544002,-0.05635307055589779,-0.043713274629861056,-0.04980969124880361,-0.05786808272352346,-0.057767481862791285,-0.06257126333662164,-0.07496021094177727,-0.06885000259610571,-0.06279322983417154,-0.06654636662793269,-0.06505715777931513,-0.06382549966894556,-0.07506724319938074,-0.07784987791359081,-0.08408407253520353,-0.08718987133099064,-0.08945484051506095,-0.0870059241834136,-0.07172446975279283,-0.06176690814819242,-0.06072110543386706,-0.06752685412517477,-0.08812841541853059,-0.09156220649508785,-0.0875268224792511,-0.0953948871935418,-0.09648044037102269,-0.08387112786963755,-0.08397003793560512,-0.0681805149513559,-0.08558654725011579,-0.08149900737665736,-0.06721278644502492,-0.07670480179507154,-0.0726896292797341,-0.0753694576790484,-0.069251164133919,-0.06336079749900825,-0.05129337766293641,-0.05229225744608179,-0.06956448035134127,-0.07451103403465248,-0.07241153627254175,-0.07052398649832325,-0.07671774060083289,-0.08693446731624421,-0.08999923072896251,-0.08530253650232705,-0.09025670952663566,-0.08723928728885014,-0.08468400146820595,-0.07626562016260088,-0.06404200153905876,-0.072004256589617,-0.06090762412320722,-0.05747093968305033,-0.049481103280470694,-0.04438887466450886,-0.04809564101487143,-0.03550042131896799,-0.028340550972880744,-0.024247206136226954,-0.03770077492781482,-0.03334304715805337,-0.030986597216348794,-0.03180925449842749,-0.027045468010519224,-0.04833113634090643,-0.053188574567217255,-0.04655485145081977,-0.051784568473932514,-0.03552588938368326,-0.03382746481704827,-0.05094461187296859
151,0.004303298658191238,0.052236824160474524,0.05314732342570437,0.08365675941339216,0.162580490593955,0.2033690257355679,0.23109917316905226,0.2410896991900899,0.2613942157316321,0.2691964422495219,0.28780416876644366,0.2918395775005121,0.2950578264306354,0.29194071834580254,0.2933737014752069,0.29322253342793303,0.2918525983106596,0.2762660147790085,0.2823394688590599,0.26959790553571616,0.2695817947820178,0.2769544044301451,0.29310520906655646,0.28673840493806074,0.2891365790579029,0.2787185156630857,0.27966146486578636,0.3052252273193335,0.307042069448023,0.2980805949848818,0.29956298452518676,0.2999192675290508,0.3001945021524924,0.29518666791488035,0.3011943839386165,0.30265853019872674,0.294563555843175,0.29563927925627387,0.29478701799727325,0.2908159251238227,0.293202824786728,0.2960392045873322,0.2893726918950351,0.2890753334915594,0.2877545564266405,0.29038721914888166,0.313240112683882,0.32064610339659244,0.3187646222831632,0.30897843004122255,0.3120602223420339,0.3157894274803494,0.31079102198279857,0.3135328141539233,0.30593051680711075,0.3049538999801916,0.3132481272103354,0.31456170923717336,0.31629186043944385,0.31936375676583095,0.3247159241646889,0.3157647986291733,0.3293012838334873,0.3454649964688127,0.3491054744388871,0.33649190178847943,0.33054724275393915,0.3361195223892281,0.336434509022908,0.33764363583835405,0.33417428382824665,0.3282654617853453,0.33826505404816004,0.33602773636779476,0.3397648125132492,0.35496024992312764,0.3538642985906165,0.33704988945402775,0.33065932844440354,0.3330749393585357,0.3422343208709555,0.3362542384234768,0.3343633931941964,0.3358417820872154,0.3284220852565831,0.3239887622666371,0.3125698485033567,0.31947690727064176,0.3233944275607541,0.3104106348411513,0.2976853210845742,0.30083204255165136,0.3057396678771671,0.30682082894312296,0.2964894498123624,0.29460181805688945,0.2960022274861391,0.30267387976269805,0.28942186347193316,0.28402297085318545
152,0.0021525653103050455,0.0666495346186782,0.11331104372124194,0.18355752641648157,0.22323722487871656,0.2715379619586921,0.31938501362378124,0.3331224924250023,0.3376725556329728,0.3321843265004468,0.3433564050761861,0.335001686641597,0.33393732778373064,0.3392304484873156,0.3361402547677151,0.34287309257128884,0.3452325692552116,0.3463767950640781,0.33879282439661856,0.3326800011303094,0.3387521883519468,0.329563292304165,0.30795423799936783,0.30690431979127125,0.3193157943507361,0.30965517802983217,0.32304604922022384,0.3608323453288815,0.35269656673834626,0.34460258462494975,0.33455287539836237,0.3199804343721194,0.3258557169220686,0.3202525899248579,0.3303513216147545,0.33483664036132005,0.33624633051445535,0.3237230927729482,0.3287884300911037,0.3367585547968225,0.33043526587859245,0.3400485133929314,0.342447063148183,0.3437136516097392,0.33282375402535375,0.3247015118613817,0.3205352781315862,0.3273066063124213,0.33591921122815116,0.331501348464342,0.33442865625719725,0.32096932191461136,0.3166759523998599,0.3254668883602828,0.3484134956208012,0.35066843109403245,0.36225191491664555,0.34598095034394616,0.3336338525217183,0.3431492649919667,0.3419953502400739,0.3318349136852757,0.3367998879421918,0.3449469346171684,0.34401865687735894,0.3517078606404094,0.3532306194150594,0.34467292609391204,0.3469070471642913,0.33717551222521036,0.3244895100948007,0.31825429859236176,0.31997310461786244,0.32941176228463304,0.32840412051126,0.3453477937234276,0.3468030063813224,0.3470611724836276,0.3480659121169467,0.354442319853941,0.34681542352303085,0.3535417695881772,0.3430118348170629,0.3367336002440398,0.3380193820426323,0.32874720445066585,0.32312759971449045,0.3228707840283851,0.32286900589080175,0.33344451442230516,0.33591867240757944,0.32895893263066517,0.3230912900884132,0.31792626759155296,0.32028028713139717,0.3300215912512325,0.33353081091270836,0.34858049835232024,0.35988676294758903,0.35603810829569066
153,-0.005488055556050333,0.012936594904104108,0.052094848269201,0.105633919937488,0.10155721046035479,0.10739622922373812,0.06479664942814957,0.06588960983885463,0.05311825289161093,0.053452856521564354,0.04774904755309405,0.024163096979538768,0.029154463914520905,0.01997627162994089,0.022858739181929634,0.01858267394447223,0.0036026345798404026,0.009339766716592889,0.01332959819640845,0.014216195507900632,0.006152849641800768,0.002236698369410274,0.0023471962534586475,-0.0376585681781562,-0.03776438150504571,-0.046262811002834636,-0.0504795546373561,-0.04002657303695959,-0.03184437756451466,-0.04073618677033041,-0.044149049697123306,-0.041388552938356755,-0.034871170744804,-0.030554909250289666,-0.040840201145522316,-0.04724754375908774,-0.0361957357723929,-0.04057964726410529,-0.030447031838048158,-0.028681777041490428,-0.023861916238649142,-0.012039506141772667,0.0010960759928504344,-0.015810262324670688,-0.017116806998770585,-0.022803730493353092,-0.017049669248176542,-0.016092288514883313,-0.003567849252998543,0.008220863524422813,0.02249598392559821,0.03477999059848382,0.025845937116129352,0.019167732395737817,0.03304209701891807,0.03629465389071731,0.042668568328328035,0.052311894222012476,0.07041970467017548,0.08656568212822668,0.08910058682709547,0.08243243381070244,0.0813551511479189,0.0633827536248063,0.06964410076092169,0.07033567936702755,0.05854982705820992,0.06562641195905976,0.06003658996037339,0.06398217308074104,0.04815956150139861,0.053604823581438366,0.04931283487553914,0.05451785104948428,0.05588505661123862,0.048031838049500154,0.044804943799161716,0.0391956699265196,0.04431086175148942,0.02579934664068366,0.0332564430006291,0.034258665801657276,0.029368208268286424,0.013100004781483902,-0.004116833745481841,0.010973934593698007,0.01898199946271293,0.02373912315496904,0.033794136527649066,0.05092895854912071,0.05215010993423321,0.04637536429221441,0.04651048710511799,0.05013370851667182,0.04237424266265056,0.03598325797045688,0.054098095770948255,0.04432690585150329,0.04882129574735736,0.04127181745453478
154,0.009435334094308771,0.058669739504887124,0.08562931884083085,0.12638821844335305,0.15551967620208776,0.18234859652423377,0.20932627668513273,0.18513671121111186,0.17711803804548182,0.17896000539631463,0.16926936504083184,0.17136525278831394,0.1464789890493815,0.13445219557113716,0.12204529160402036,0.10916155997400531,0.1355402338573458,0.13282351787520735,0.123991555921597,0.13692588841269082,0.14241784717920564,0.147846665805894,0.1427452862571358,0.13460094342390572,0.14117395977060843,0.14765095095656655,0.13838974193166714,0.13743552436977058,0.1273665413398524,0.13549788797506718,0.13839648969591345,0.13462283495319677,0.1543842488170152,0.1580301979525021,0.16000025470768459,0.1689788614367289,0.16770288173841252,0.16470799308228043,0.17110460971988523,0.166159234944742,0.14493452185426814,0.12968101530283307,0.13107449903179177,0.12646393250841595,0.13769698649379733,0.13139516282647665,0.14235861570179292,0.13898565229958593,0.14732942824955944,0.14619540081102728,0.13622864556664094,0.15469018648939134,0.16692771912606752,0.17145531432966749,0.1816493635641197,0.1814231457841556,0.19626738410921496,0.20199470439662634,0.19725422637256018,0.20539632896320634,0.22649376107612704,0.2261094247909961,0.20863200770247708,0.20134069029782917,0.19387769900304475,0.2075381877199253,0.20724970247229774,0.17300010584183298,0.16587221589155093,0.1595816600600235,0.15480673524215516,0.16345359286070354,0.16913257793977102,0.18129475449510932,0.17057270712154832,0.17992604378872257,0.18092001525334442,0.18469647241783865,0.19133445521273196,0.19199729268929785,0.19624953765716704,0.1939066713808024,0.19702169261745006,0.19634157035864952,0.18814307161483332,0.18506598998690374,0.17478167284138613,0.18489587083796113,0.181075201254992,0.1839456652808233,0.18520371165862679,0.18101063468346554,0.17137212701068003,0.17064352281828946,0.1823699456617288,0.1906866085072089,0.1802493975913776,0.1643779048528077,0.14621298923465118,0.15521333056831454
155,-0.0018217132944678218,0.04300402225290763,0.07446452171983621,0.15658588194063688,0.20107710241598611,0.1875392288381616,0.20573728238017952,0.22547114264406612,0.2337492420507102,0.21004480496959618,0.22435088632202227,0.22192200741048684,0.19949055074479408,0.1782010013513551,0.15907957038749562,0.15656819424372997,0.15725355852368506,0.1769942985146523,0.159404332119732,0.14485927138221147,0.14752771712252943,0.13425570606939063,0.11930543779641382,0.14940753497588682,0.16654560687218425,0.16736478003419308,0.17839469541014935,0.18966447948802642,0.1901028304798358,0.19707537464872943,0.19912635562449477,0.1734993431262482,0.18630022545272287,0.192291925442863,0.19456578089418153,0.19721806082855026,0.1945523416933441,0.2092067727124052,0.20278837993865484,0.1989940988477563,0.19403580147592986,0.20756140792269165,0.19652708712921513,0.2126589731881486,0.237547030959992,0.22682214314067142,0.23231679017136408,0.22253372211813574,0.22836055740935088,0.2207641894032985,0.22058673368211681,0.22591395277897225,0.21336433747584935,0.2318909369033814,0.23450856166147108,0.2261981911295909,0.22657500392183783,0.22303001111567844,0.23847825624165825,0.253195386357659,0.2766776311804072,0.25238496627458745,0.24997082516186178,0.2535488652392315,0.251004905711263,0.26013674247464236,0.23396771270492914,0.22983148876436274,0.22036468721267788,0.21518358853074504,0.21650414775558094,0.21897005343031203,0.22146786621254536,0.2315039284151887,0.220660823976836,0.21918106944895066,0.2212795892010656,0.22397729528941696,0.22573770700675744,0.24080697817643745,0.2509822432663822,0.25432983354669014,0.25384056173507835,0.26096953689487135,0.25283695338334317,0.250901261456395,0.24762770429953998,0.24607641090788807,0.2526510930347945,0.24588733074092364,0.2651161251361177,0.26047539472745496,0.24782526088988185,0.2443981351398558,0.23628661556379094,0.23107133033635638,0.22771886289846255,0.21855797275914823,0.20474182919479234,0.19205550783876876
156,-2.5358183316443264E-4,0.02893930952367493,0.06290150109093426,0.1072791964993586,0.13973881665547488,0.12604740168663822,0.13193313019174174,0.14775006675898358,0.1402417776901946,0.13514701455179892,0.13120351757195026,0.13334348293534132,0.12601043393105382,0.1358477385747825,0.12970462324281523,0.14810689146368974,0.1513839747372071,0.15752672857579914,0.14645979735847287,0.11212501339978459,0.10601798475387332,0.11498093835979128,0.1217200717447628,0.10970093484611271,0.09620302487966317,0.11136687346011734,0.12045657637399884,0.10615511336118948,0.12268185533525226,0.130336863522982,0.1156633284591976,0.12086355046573496,0.11154291804972413,0.11450033963306896,0.10901221966590763,0.109943412293798,0.10032639497578043,0.10121406519675887,0.11210387603897053,0.11886105028354925,0.10320761757227313,0.12765471865321704,0.11761341960167736,0.11690645176881946,0.11447747444762796,0.09882176125391863,0.10316958961015539,0.11050549987130426,0.09929103946441124,0.10126531588823262,0.10200843167403016,0.10943667268443001,0.10078981360847157,0.08581456483987498,0.09434823818313229,0.0853487914566605,0.10003538290095843,0.1125398840040185,0.10670493470719025,0.11830694333748276,0.13335827016097052,0.1441104422807521,0.1522781525954391,0.16370695173695715,0.1520835899354374,0.1537428058447519,0.16438361322733666,0.14860456756021928,0.13662621022540425,0.11111465672762215,0.12590166283145446,0.13037741081040366,0.13986201339471757,0.14315390659563867,0.14962635688598244,0.13039095400013728,0.12357963226489006,0.13217777163800698,0.13017262085262854,0.13677232785201185,0.13919011688402627,0.1652166294922526,0.15733305243812234,0.16663514303204036,0.13784326114594758,0.13626580949947623,0.12796420099536732,0.13656960969238702,0.13460975338180226,0.1492828759389097,0.14505566353217128,0.13924390296860564,0.13635370776965716,0.13635259992162607,0.12576170602164632,0.13440869935969713,0.1344955397799803,0.13156602707797668,0.14263167246657898,0.14602059744232276
157,0.004934745763981434,0.016419528702065724,0.028522297426692225,0.03269097660496193,0.05488997217605394,0.07006763411165327,0.049067421077122114,0.06472223227734161,0.042318514765307506,0.023284133440174878,0.04189142531881294,0.027938738235953622,0.015637386102833484,0.0011127804515767908,-0.009046005435302493,-0.011261515978748088,-0.01718657695907867,-0.014218029998561976,-0.044444730517089776,-0.05589118070310982,-0.07096089545705313,-0.080996157032076,-0.08206374955472814,-0.07014696198965269,-0.07723926184634614,-0.06592122390242698,-0.05068622154384035,-0.031552856921594145,-0.05717892656971854,-0.048652795735865256,-0.040254767846171935,-0.028264485076259713,-0.011940183986032162,-0.02666229105894554,-0.03536163805204753,-0.0319075905552645,-0.01431583151967767,-0.013577806508879851,-0.01667739362183719,-0.005814350688428252,-0.005344717385571019,-0.014517014999229408,-0.03196921510278769,-0.03433553798775437,-0.03256814961591943,-0.03140792131412017,-0.021004799772489608,-0.020208177169056114,0.003993740825132184,-0.01174666448395112,-0.025314013149768298,-0.02453404906191435,-0.041998912325002295,-0.044686203590047296,-0.055730502387262515,-0.05122369983912851,-0.02563983490352688,-0.01910145498638651,-0.0438653314597871,-0.03753345072199344,-0.03211378287526747,-0.045816362262297655,-0.0489802435502032,-0.036985192971740743,-0.036320267729776166,-0.028741668008990317,-0.025523582711156515,-0.02130115117517426,-0.003688179521928712,0.01397078350104445,0.017824778569924638,0.02001485199066165,0.02567534007539729,0.024266267058407814,0.025493728309707735,0.028203355018440016,0.03929117465093103,0.036645188324319664,0.031108037199938602,0.031953788578295866,0.0215395979355349,0.011276877521511387,0.02206697864398214,0.020269344487845585,0.015220450408503637,0.01884809932093387,0.02273366554607046,0.019602317876700647,0.01582134494376771,0.017977997934869105,0.026858954177272545,0.03170195596685804,0.04918306587723617,0.05834526562247889,0.05734496228271425,0.06339130122268,0.05714041483649062,0.060650752172906185,0.07393453699301249,0.06485687890938027
158,0.011527869699818711,0.04567094587592526,0.11019020515431092,0.1904479982119108,0.22431608969929356,0.2456084179039457,0.26857143376302856,0.24519605796780536,0.2277092723238986,0.2306960392133605,0.244596060945522,0.26108076389407886,0.2664315599335791,0.26857863719005526,0.2655740815749489,0.280525151948917,0.272072948124205,0.27593345144822135,0.26422554655835345,0.26612547356918725,0.27851136141291494,0.264845203484251,0.27720118390081117,0.2849290356589838,0.2859926623135988,0.29211681887655366,0.2899937050223095,0.27760814029022013,0.2815005181571525,0.2821762596978719,0.27911509876546453,0.2846074873079046,0.2817283595032394,0.27378521133359934,0.2616338403277063,0.2628972347650034,0.27274957378602865,0.27619444893824574,0.273885629582489,0.27421892793684594,0.27100002609795465,0.27685478052341156,0.276556985231165,0.27560911810397415,0.28205750121697604,0.2848847879549972,0.29336468476471694,0.2961361768220322,0.30205075122706426,0.30606366418530745,0.2991708725275062,0.29683508553865023,0.300956649745427,0.28819611174838433,0.2682079814793205,0.2819962805305616,0.27682175428042244,0.28059723315487006,0.28432253402780894,0.27728325913782714,0.2686390726935055,0.25397705861169184,0.2556878315377011,0.2648206473137046,0.26295548193669427,0.2513025523129235,0.2545196010999,0.2596964707587503,0.2542913756946154,0.25601668730090366,0.2609996097442712,0.26055931122838966,0.24931677312794118,0.2636223084110173,0.26682400784301474,0.2632425045140305,0.2607907186508199,0.260713224974255,0.26792086966556883,0.2680468003618952,0.27315173770183016,0.27592784270002496,0.28454154725807373,0.27701347692399564,0.277471576973273,0.2816052201929226,0.2951931390317336,0.2922582148282256,0.2867516860919244,0.27676836672594957,0.2721169346569975,0.2722362471707751,0.27900858552863417,0.2693288804271101,0.2726929443180301,0.27004550523724424,0.26829813423125726,0.2706214794400962,0.2845809394739664,0.2918246583823083
159,-0.0023174766379352113,0.07869258533126826,0.13172409249870903,0.224661489585381,0.2719706115416166,0.3013007616739257,0.30992360034448047,0.3124974978696579,0.3118948568802319,0.32732240553927944,0.34128076358546094,0.3456288380285442,0.35790660824232423,0.3629066983505505,0.3615346217842383,0.3705933180344379,0.36508598090901473,0.376698547773546,0.39209626293527755,0.39123473212807575,0.41169012052757475,0.4140390214345623,0.4131624563870714,0.4139988268805704,0.4271429154337996,0.4398702093720144,0.4448412991891388,0.4495483139810768,0.44236416680625756,0.44261776075360076,0.4282828538629175,0.4381882763745731,0.43402529367238224,0.4254000399106693,0.42684766268421453,0.43535198019266114,0.4299424530614248,0.43574851097253214,0.4396189185475392,0.44412133778996316,0.4555800751692444,0.4444003440320629,0.4344849244459736,0.440242564424683,0.44090629373493484,0.433980192843295,0.42564114107481915,0.4151667387486419,0.4066273063456886,0.4161787541790485,0.4089538352950975,0.41283551255635964,0.4209280348150559,0.4252601773744927,0.42348323749878425,0.44665370516775654,0.45636128876383936,0.4523765998305651,0.4613423850890666,0.45980447981329986,0.46291325668386657,0.4598562942509096,0.45977498432913466,0.4514446452948113,0.4577131028125417,0.46607783710978296,0.4718822362542083,0.46757611734299154,0.47015313939199116,0.46892824457448706,0.46685708519267716,0.46874326731830945,0.46223046987777766,0.4603978165530945,0.45824177606555316,0.47184697371758005,0.4789157700093722,0.4783433561711805,0.4719671843004745,0.47397071670656676,0.4756627717321863,0.474590508560399,0.47453699050245773,0.47376533868975884,0.480444126282717,0.48120745782482954,0.4835377881506772,0.472329411180875,0.4743932639560898,0.46605184023444535,0.4583201447701702,0.467850247504023,0.4560897436254002,0.4548176442109675,0.46263089693911397,0.46369862161103387,0.45977718152393976,0.45060061725990835,0.4537918844174335,0.4492568609280906
160,-0.0028647635132971836,0.027583152413297677,0.06460395261379,0.09177803264031897,0.12867972544761697,0.16710106827507712,0.1612759641183218,0.15218807736995363,0.125198053299398,0.10079019176202003,0.10512114860724245,0.0941256563463355,0.07643571540853475,0.07295643579226571,0.06584559007034738,0.06838105895525834,0.06512630722654772,0.06693228048708322,0.07594769292381902,0.05748725929276971,0.04263495359795315,0.033867336389286844,0.03245187735580198,0.028074366343306005,0.02844291376258417,0.052430755681315847,0.05479366331098643,0.04198497771067275,0.039118316538930255,0.0316851429970969,0.020744978316385564,-0.006532148822760161,-0.002616170289053254,-0.012907993374058452,-0.002972439419293585,0.011604089371705291,0.017721001020456862,0.01750009462213996,0.00858151290840102,0.007837230225878442,7.478587566303055E-4,0.0171221427090652,0.02033681906491551,0.03233860582893979,0.02045387200920617,0.02146998747664131,0.030457553550948212,0.02254598725521687,0.02211517320526411,0.020484361950604484,0.013488240698617062,0.00102197761501146,-0.02119842567359215,-0.04488348799048669,-0.04762849043912963,-0.02466905030208563,-0.0049896663170900125,-0.010820635222481665,-0.012245500922692278,-0.01807964127032025,-0.017916965233026397,-0.01938732692481936,-0.007076070033286961,-0.0066345482776396245,-0.0017917002873201917,0.004426634870333333,0.017550372556707577,6.65826342065306E-4,-0.013877905193577672,-0.03347406806029632,-0.011211226314477896,9.160991283354286E-4,0.0019940190167369773,0.018538950572542685,0.016748186443524632,0.020297113461673753,0.028660117780255047,0.022340529611455294,0.023851881890878824,0.02561957272187494,0.02858681571146932,0.03499663793865365,0.037348337648340314,0.035701213025389845,0.0426893633735989,0.060370121194360714,0.0644287909162693,0.06382933089594604,0.06079576215501985,0.03903337068917674,0.0433050889613076,0.049095097850812064,0.058602246897930386,0.05960262710522929,0.04596307485412181,0.04275367412871854,0.04208373723859207,0.04006583692321761,0.03873198525687231,0.05044947578056549
161,0.010007357471229803,0.047389360758956674,0.10990041045224301,0.1906605587174041,0.27208638320106626,0.30804658184158246,0.3294190174292199,0.34590421954263795,0.3409008964469536,0.338047718514251,0.3592777392405057,0.33047467421090027,0.343881425031962,0.3369849366532743,0.3321873918178993,0.32493925752035024,0.32765361258873144,0.3240282649353986,0.3253279360769172,0.32989259716576924,0.32471433608390965,0.316079172930127,0.31673630077829845,0.3309881168056428,0.3276323716577423,0.31047014694786257,0.3128520138914315,0.31002021405730235,0.31429829215264765,0.31593544896143905,0.31678033457994514,0.30402198841071143,0.3159273570463202,0.31777898522586545,0.3108793715584237,0.3071150877986377,0.3040103049403712,0.29846012478810247,0.2993778657490401,0.31308559788175294,0.30892103763479917,0.3077837811363273,0.28825658037263857,0.28908592235975017,0.2889319166564527,0.28350916930192616,0.28203706508666904,0.2668139363024282,0.26697719039807777,0.26392771575503643,0.26712115674998477,0.26383974652827297,0.26826999290625964,0.27721300975201557,0.27328361875051,0.26643937771931897,0.26067351880969086,0.264065607760991,0.27482407226506916,0.28123504566395435,0.2907016236094893,0.2818874528112534,0.2957237960612959,0.29636976651488817,0.2868456138908279,0.2908053022964594,0.30419048850202074,0.31625560255475693,0.32329174098684094,0.31691660754742335,0.30576080641580217,0.3056688517694485,0.30643640344603573,0.30308233961823894,0.3120146953688295,0.31899592556993783,0.31663137993156876,0.307458661449275,0.2915758016172618,0.2775299544450023,0.27876919161988584,0.2834263465715408,0.27403670588167195,0.27405168250824646,0.2848571945655008,0.2836454233973441,0.2722388828781717,0.2767493133584631,0.2818027206107639,0.2771048773229884,0.26624318235292693,0.26407714646715214,0.25758340617074416,0.25691415157057784,0.2752792096819801,0.2838557482491181,0.29045934373211857,0.303461418476354,0.30612597692761,0.299110536263364
162,-0.014760710642320372,0.04979776337325175,0.072361098807195,0.12994934717520673,0.13552514284755018,0.12092709057711883,0.133448488241939,0.10063424371062352,0.0897189257708803,0.08155547452317023,0.07656287799392227,0.0699647602298335,0.057456822101070976,0.04942331094850923,0.04528427444988832,0.023369506036048024,0.027837098640862683,0.037461167030611836,0.038624813207871096,0.036272099987200705,0.04281847987164445,0.03180533340787768,0.035826404896407905,0.041639873722544116,0.021896762191537446,0.00942104240681472,0.004217635886133663,0.00821160510432035,0.0017624756573935054,0.007611503968591341,0.019219439949854485,0.02376353142643054,0.036893264452882144,0.051063523223245894,0.04741630691782004,0.05359026367529553,0.02800113735980029,0.05080113362314874,0.050999413005302426,0.045987063542096286,0.058991295127238705,0.058412848825751915,0.0622597413590176,0.07005957215973023,0.06274055625244578,0.06578727361515865,0.07084253591129915,0.06238531089143195,0.06966082110249171,0.06959737102650507,0.061171526016232616,0.07227972102753415,0.06536360198454493,0.07143617053294843,0.07950605889991227,0.07007009412013573,0.06576022918426545,0.06709978250825736,0.06630946854224212,0.06571313539784412,0.06645481906758025,0.06890746302446363,0.08553865368288113,0.08977503861300995,0.10270791754686982,0.10174716731741575,0.10029393493650646,0.09098078688263891,0.09738410219719786,0.09388346808532971,0.08193710011178144,0.1061017506049765,0.1097542378267379,0.10465313737931836,0.10370773421899768,0.11129533061773461,0.12093968783512914,0.10357694759909437,0.09855108512314996,0.09838018781631702,0.11288880524864947,0.09809818629108197,0.10151500330558641,0.08721476432363193,0.08544845669614096,0.09008990741790347,0.10827840858328325,0.11253125073557822,0.10077168692326303,0.10282461846935595,0.10730019730539954,0.11452123848153895,0.11408172425562738,0.11745318791652717,0.12466103997301768,0.12104961281466871,0.10263551025380473,0.11944183044719336,0.10996454470609311,0.1001428579030721
163,-0.004273038689595704,0.025925171049038565,0.017811941852874234,0.010845350305205982,0.01948718722832734,0.0594882211008185,0.09620575367643858,0.10090205959928092,0.11605889744758137,0.12526016459864392,0.15383129874306467,0.1589731083245752,0.1614631693488917,0.1656939887083529,0.1638215162359602,0.1701424198336575,0.17828784986886378,0.18797781665821353,0.17803820313234883,0.18368891391099917,0.17604952199085344,0.16977698716341455,0.17624194951998148,0.1620771860088502,0.16058159026979155,0.16553710313573933,0.17140913203464797,0.16539244876096204,0.15504171459866803,0.1516044221938415,0.16051581407588242,0.15233950923861644,0.1402928579018291,0.1505966500193761,0.1660751435242024,0.15955353889280321,0.16876595200214847,0.17757789831799886,0.17866733264070958,0.17702343652029603,0.17041140208458289,0.1711896975646914,0.1833515481719476,0.18113506734615012,0.18608819928333753,0.16967823371566,0.1744257847560547,0.17458239482831872,0.18029024220165846,0.1677079341676815,0.16953011508167978,0.1745109694326054,0.17225666931211905,0.15949905323159422,0.16395375103167223,0.17493771293809648,0.17027812335903303,0.17590381945598135,0.17006963152221907,0.16632961988085235,0.15039919343576963,0.15694069939189906,0.1675407743740378,0.17961596207437697,0.1605380221952965,0.16562534179368565,0.17126860091907417,0.17639073335307767,0.1775896933151474,0.16553592058802347,0.181290868389477,0.1721399417950773,0.17367349526624098,0.17089280159001288,0.16005789493396425,0.15738981009009956,0.16563744187536444,0.17065440784925168,0.17331495046728346,0.176511260526594,0.18475633526922103,0.1793810285567219,0.18439319465948206,0.19482374948136288,0.20009316236224134,0.19011812607877887,0.18939798157167329,0.18239286873356092,0.16977001245042683,0.1562898150984324,0.13781572815647125,0.13238265293079243,0.1349470325003908,0.1352724449128551,0.14363807457255248,0.14544693336156,0.14893601529268952,0.1566286367814416,0.15800442816233873,0.16807377641570778
164,-0.0018846297090791653,0.07789905158524255,0.1820073533863476,0.24407490312941466,0.2730241686754152,0.3035498813183868,0.2951691105605784,0.28520146605597735,0.2790867945320852,0.27068453399267595,0.2710457115392343,0.26241618185831334,0.2654007536533118,0.2642450394087323,0.2665765707565781,0.2786463148729988,0.28660955296176527,0.2816411055730564,0.2811335232336672,0.26939699584593607,0.280151226250392,0.27910313916817836,0.2577445978332494,0.24898378821823997,0.21854601132353368,0.22886822742544402,0.21651616416805658,0.22219726795864614,0.22943542382112825,0.23280203466833005,0.2506676657980518,0.25400136052206446,0.2511122117803069,0.240385487955186,0.24661297680302496,0.25370696268713194,0.26215316482191653,0.24737499324009551,0.22063006887255418,0.21179539289615637,0.23207273467185957,0.24269684313848544,0.24668670836849838,0.2550789480375046,0.26032149575169955,0.2600774936606462,0.2603641362170553,0.2625847164299335,0.26113361274136465,0.2598882838589859,0.2597132461404308,0.27092101950375497,0.25303596141725254,0.2519748423804875,0.24053267588074956,0.23919724060162068,0.23325587380036772,0.23130331168864796,0.23062725261395367,0.23267642171095543,0.2130433494322421,0.20695971907124136,0.20141780458569464,0.1971377976854902,0.2054085497767166,0.19781472847361237,0.19925138765587616,0.19987970544256073,0.19809869979950456,0.19898241722982157,0.20052890445918886,0.1981403519409928,0.20554774931173117,0.19750957703679156,0.20190643877350106,0.199652581884723,0.20469000862936024,0.21897975664550745,0.22208273395735068,0.22580468790911978,0.24600851817724942,0.2582671635306576,0.2764214131469988,0.2856990621297725,0.2861978728859621,0.2938122268698159,0.2988007224767422,0.299271920408803,0.26959816096366424,0.2653551349081649,0.26318257403828405,0.26545554879296196,0.2821548106084012,0.25949888783718905,0.27694539689237074,0.27440499816752006,0.27954442442232763,0.26671300476688353,0.2672523080728472,0.28238595460078175
165,-0.006096038816487018,0.03515866818989457,0.05308207935939959,0.1256872496838549,0.14761382063462336,0.19639758627159465,0.22457756869921153,0.26055330437691304,0.26544183615845,0.2824905400545159,0.304657210965001,0.30950762840363316,0.33099286550659934,0.3260843334370482,0.32172292304065847,0.33485676742773735,0.30531752254846073,0.2887085663028013,0.28491663228965686,0.258039368943689,0.240361688919965,0.24282987123980931,0.23868057359699513,0.2532780972110072,0.26788187575055733,0.23273942923945357,0.22814827784177097,0.20369814207011833,0.22496937011075585,0.22571720104450765,0.22630254274740003,0.23671336706334842,0.24783208708499116,0.2610077536276658,0.2786406157704778,0.29201110750590276,0.2956327722425909,0.31366947018968533,0.31915934908205085,0.32264300754415876,0.30007880696364725,0.29240917548248285,0.31108527723154095,0.3078589308812869,0.30290092992192774,0.30015206485425366,0.28740384974089794,0.26967671960675355,0.2795930779497519,0.29352415779784563,0.28259405672305915,0.2664210289838574,0.2754743326965391,0.27357785411247043,0.27412653260379305,0.2788271310394199,0.26328149279534224,0.2577130110913613,0.2649829187819381,0.2623889762401377,0.2613587125538762,0.2513704026548387,0.2593551534995471,0.26494879863671633,0.2629809874083057,0.2668690971344455,0.2587501593033885,0.2626531832645289,0.2738472665549928,0.26656517007574543,0.25948681672643675,0.2552791066281369,0.2503769197966208,0.24841096215356107,0.23590286243347725,0.23911674488076146,0.24489550930648224,0.24318219013866219,0.22288512221628168,0.2355185953962783,0.24865016624021444,0.2534226533972506,0.2501784865488548,0.24765411025085554,0.2504967492282893,0.24136748634949975,0.2436471942405535,0.2511230025116462,0.2717310539344423,0.27326239228107896,0.2766346558471029,0.2872644271778638,0.2929151393502121,0.2866555644836875,0.28600248589711796,0.2902341094435176,0.28315366185069946,0.290567356458901,0.29066683567634843,0.29862599457554284
166,0.011554111806174931,0.04648250797252273,0.08792937453640784,0.08587608322067553,0.07925177601708175,0.06917662396769128,0.05792472660908945,0.04831481818390102,0.025524892221329903,0.01517307983152433,0.025040029037451745,0.01614704226102497,0.026470047916362285,0.021614931113466816,0.03878594370120381,0.044082056901949246,0.02706070389581558,0.03621300778945125,0.027631554783688225,0.031382340637225954,0.042844999337077895,0.024309659010228146,0.027803439984155607,0.046956769142548184,0.03276310914487064,0.02781640816819241,0.004484702626493697,-0.0010747320563553836,0.006437986948082626,0.027011061228140353,0.03525649189026591,0.0384157497447129,0.03594471479355731,0.03721058755160289,0.02810182877491632,0.01455022135040329,0.032951544879843135,0.03912165855802157,0.04416399627925621,0.03838994271688609,0.047372078552793635,0.060395656133190624,0.042878575019810065,0.0394840166814373,0.03090066876086785,0.04487096731012766,0.05189259216108765,0.035417351188056896,0.03367050797133388,0.040291227144807255,0.05142021932883302,0.05241833041174274,0.06222646475245364,0.08282231708202749,0.0786371889167369,0.08559976333579242,0.07725579176895023,0.08414948670882899,0.07786106149286033,0.07515279492181924,0.08764740570624753,0.07577398149725027,0.06844584117324441,0.06335377838018569,0.07065633158964817,0.05988992399033846,0.046974840611651504,0.04772361746028363,0.055506009144259086,0.052685281619908944,0.05520484305632807,0.04766889843534569,0.05272539719489957,0.04780034191061584,0.04466563324542802,0.07167383363459519,0.06849231742674394,0.07913099680861733,0.0706707592012641,0.06771184633954098,0.0794890268113774,0.09636535911120153,0.08663924258084288,0.08936386159388343,0.09535216026837885,0.08731851706528371,0.08481999971539235,0.09286757949164638,0.09053166754929004,0.09401749409659894,0.08754382608303214,0.08761625606713382,0.07108571838865002,0.07110421292973147,0.0714810399521772,0.07037191306222985,0.0725127124755565,0.06917406594372533,0.07782362713072043,0.09046115171832982
167,-6.677661813122976E-4,0.022096119797843396,0.03866416503447266,0.13472621848700367,0.18520400780178226,0.2519637718316042,0.28112243886731775,0.2632145081702804,0.26369994404747527,0.24872757030316214,0.26082220557012326,0.26188384478914395,0.2577528225972587,0.257350183543687,0.2546191490256124,0.23678453960784604,0.24851414468154015,0.2656556633501826,0.2549499466078279,0.26191364849833293,0.27776286060543837,0.26726978372966326,0.2723811034919921,0.2645164237784167,0.272697670498741,0.2686369110229921,0.27404804342583927,0.28849782510525873,0.28234135551824063,0.2705192020163072,0.260171586840725,0.2704729919678441,0.27266976151859373,0.272434920199551,0.2765753892306822,0.2712154099929686,0.27128340643405724,0.2567397130452483,0.27624989429489905,0.275887289569885,0.279716685765589,0.2801363262002102,0.2862400880988322,0.2637435444370094,0.2557335600156365,0.2507859321244663,0.2381212078312384,0.2410336695725109,0.23687225922403266,0.2456472606495122,0.24505417255996137,0.2658264669767116,0.263707239295379,0.26094499936311943,0.2553164878135158,0.2562242137415554,0.27252862569106634,0.2752409461926115,0.27636709171923435,0.2652032379371291,0.26459303093231995,0.2633196821918586,0.25094406705278993,0.25280419357051537,0.2491173843458575,0.24533700680933124,0.2443967306124369,0.24546153366281545,0.23686319773535697,0.23930267891180254,0.22982885270379053,0.24462843902282055,0.2607732901126623,0.26701027605827643,0.26482579730793265,0.2889850547029964,0.2794807523781735,0.27584516309639473,0.2790125786095214,0.28160766849346236,0.2681744601395674,0.2721194174558301,0.2788492775567506,0.2777840449210244,0.2906212266798783,0.2837792427799281,0.2855673572461045,0.2893868843784614,0.29872703871256484,0.29669618795647673,0.2997299179191245,0.30366790165750257,0.30711055225558986,0.30029476381031456,0.2870673343171659,0.2869949032592689,0.29459537658616697,0.2832500594807312,0.2841570503513665,0.29419045421506423
168,-6.859183539682256E-4,0.044456379772477114,0.06868133671600113,0.1603508057453838,0.23884631652719532,0.2829350694129598,0.32848647249215623,0.3534194694474476,0.35667015968744453,0.35647508415438145,0.35356993274757154,0.36976340362280125,0.36506372609843724,0.3485785719532926,0.3415271301013135,0.3658203506028346,0.3489313671575081,0.36125512805458604,0.34806955483848623,0.34352213234506124,0.3331299474080719,0.3175742026777038,0.317261593748984,0.3118112323278114,0.31293642125410914,0.29129217047044853,0.2863041016830427,0.29220951191276645,0.3005093751565398,0.3227779404707736,0.3252581559110781,0.33087344902144855,0.32099727936535116,0.3347656001675029,0.3329623310834949,0.33112894593539133,0.3342736492112,0.3448898578845251,0.3573046602822149,0.372968402599978,0.37695584892800227,0.38407162702701547,0.40633525227972583,0.3882608844747978,0.38105775065746367,0.3596866797433467,0.36287344381130415,0.36000647344749426,0.36360200004814175,0.3607527913624762,0.36069876297068243,0.3546125553946936,0.3716719640181356,0.36762194873845255,0.382265729446801,0.3770269998891708,0.38018240141447973,0.37170269869369543,0.3687953829655537,0.36225345118960883,0.3575843377304515,0.34926245686814633,0.3685295152796626,0.37174323215791083,0.3699185280157702,0.3434321388881402,0.36109650851961733,0.3611717555212997,0.34564174516296836,0.3553125687500237,0.3695382262302341,0.3692957575928645,0.36586595262056293,0.3680044997716031,0.3627073741330325,0.37965065350680843,0.37925644078570464,0.38116994182836383,0.3787813658489736,0.37556845945434725,0.3725855292366946,0.36934661299066,0.36423991997942706,0.3686347706529227,0.3749336891215523,0.36860018504845427,0.36958059462216225,0.36293624422055404,0.3700320629891214,0.3783767046389465,0.379872516888943,0.37987983223477256,0.38061300385068053,0.38012921045232034,0.3838791596365998,0.38076584135998304,0.3776170874196028,0.37972397597915925,0.38400791334233353,0.38470222582898134
169,-0.008059105087907647,0.005261734076951007,0.02667193064122784,0.028361054716718653,0.05670227974049468,0.10446722393174107,0.12689419921692427,0.13400335934753016,0.0832013522677299,0.05143440559316065,0.02707790408116717,-0.01333099296045179,-0.017555164597323755,-0.05758432868617651,-0.07884540622367549,-0.07536565292387293,-0.058835750350567914,-0.07552248554343838,-0.07422587852172999,-0.06651913898186214,-0.07247194610614735,-0.07872939222210357,-0.07589046905158742,-0.056177183847661245,-0.03961546367571009,-0.03785938791750201,-0.037317521604393354,-0.0513099738312533,-0.04824386038505872,-0.05380364870249972,-0.062125489381290054,-0.06629926391206643,-0.066100436588271,-0.0558029888245172,-0.05133700917641757,-0.062330820840918594,-0.05361373086552754,-0.05603764727179722,-0.0676966379825161,-0.07047521478802972,-0.08479781320139533,-0.07898001409764017,-0.07763206388451227,-0.08141325544365027,-0.0879790974899277,-0.09063048627470378,-0.0936655369903995,-0.10134360245911866,-0.10207422704450649,-0.12285102099122691,-0.10792524291983849,-0.12110925076688646,-0.11192106661386403,-0.09744733494133778,-0.0925175800008225,-0.10158575589223565,-0.08923022851339699,-0.0948557239512353,-0.07923035331031611,-0.08042285930422409,-0.0922459864763549,-0.1014389745842112,-0.1012628315614818,-0.10635377806440952,-0.10070649169691799,-0.09977384177409292,-0.10387463588553998,-0.09295563228760755,-0.10448648363037245,-0.09784323976220226,-0.08365315787740317,-0.09429696936691881,-0.10713990103701082,-0.10611589174173545,-0.11224086473494832,-0.10013432723119273,-0.09900331328761566,-0.10101714328304075,-0.09908343007357324,-0.09691439733730417,-0.09983013903878471,-0.1057579540678897,-0.1067285179325685,-0.10749710551161656,-0.10882276285183913,-0.10273513015522101,-0.09534576652973371,-0.09372018418444107,-0.11230659747058205,-0.11437768104070707,-0.1122071036191247,-0.0974054907009628,-0.09687005405114199,-0.09138952846543123,-0.0898431144811086,-0.09302337179021608,-0.08336290408939016,-0.07819074267802206,-0.07771542159960261,-0.08708662303495679
170,-0.004355288242367866,0.024988594020895736,0.07848162794100194,0.1287958193381357,0.1142925264522724,0.0927207393069875,0.06637694829362376,0.040185240595567995,0.019768379021134708,-0.005238439663917771,-0.019193928446273836,-0.0159210556213772,-0.022635296237022175,-0.024316500241693417,-0.025232527638165303,-0.03531188707243453,-0.03100045086631202,-0.0278300085707098,-0.021717390983876136,-0.018388993244480532,-0.025265757181445175,-0.0405290809368379,-0.03545669140847155,-0.02133071051354161,-0.013960565311432522,-0.03973658657665985,-0.025791461764768892,-0.019836202019897088,-0.02398027207672409,-0.008396345550317789,-0.027989628079869204,-0.02593407677725166,-0.031245554656693278,-0.037882545188239754,-0.038812212934586185,-0.030719110975794113,-0.015808374732689784,-0.004283614657218976,-0.013086911215722603,-0.017320932327280377,-0.02884364639754505,-0.036255150586106434,-0.0521228265758001,-0.05118037413063346,-0.06578019476253827,-0.05768914425759225,-0.05809585378927195,-0.07319060608761377,-0.06518842738049915,-0.0682686089352164,-0.06438326914128502,-0.07383161911796463,-0.083926739640706,-0.0942201411761755,-0.092172766145551,-0.08345968121533584,-0.07820965119153803,-0.09505472149785588,-0.11311339079258445,-0.12358820754484874,-0.10799757793770563,-0.10258108722456447,-0.1075080342961214,-0.1165814480379062,-0.12314616523508198,-0.12119636234480817,-0.1347746412019152,-0.11588832083404765,-0.09096204151833596,-0.104303259888481,-0.10762418608667305,-0.1158269411194642,-0.11023059643908358,-0.10391574511080076,-0.09595731542162071,-0.11430885955152706,-0.11277689878923258,-0.10303746347193138,-0.10495326286319459,-0.10051621019733348,-0.10917443288873788,-0.10631012757194899,-0.09354576737943322,-0.08362353747558329,-0.08347461831090916,-0.09212336042339149,-0.0825104277986345,-0.07077294319505505,-0.04547939689935171,-0.04755257318155987,-0.042253958575700655,-0.044125920531962744,-0.03731312066600815,-0.037661241980674505,-0.04248402561466518,-0.052793245515926034,-0.06524945498304036,-0.06434284786681661,-0.06942171070215258,-0.07396706624919024
171,-9.15628709514294E-4,0.014190359556298134,0.008252188005260484,0.009503922649468748,0.03431905461868181,0.03992425313611107,0.10259363952360273,0.0994589129887242,0.14020125968899222,0.1262610592615521,0.14354771821290868,0.16182264627491683,0.18431719818923514,0.17854693629255128,0.18503560924845386,0.19129788393197697,0.18450403864591083,0.1915224382982795,0.18114306602718933,0.2001407540015697,0.1987155375611987,0.20106537441181363,0.21472506316986537,0.2241190218078816,0.2276301530710667,0.2093313364640667,0.22875340349629045,0.22783913893523472,0.21521524038209489,0.2093839544997807,0.20779474517409835,0.20950829439506996,0.19329732872517544,0.19038919008882493,0.1921552439323307,0.22711736255251885,0.20740757932383502,0.2073655449324546,0.20520920936060316,0.20057571031122287,0.20926550253026108,0.2116393865120926,0.2235669677176886,0.23830038745110077,0.2398538751516401,0.23687775040640613,0.2407323259475373,0.2381057832455333,0.22152772300955909,0.22859175492549288,0.22385133868040255,0.20820050632302034,0.21774758384413972,0.2275027450484002,0.23331733896824425,0.2402526991572396,0.22377323682623132,0.20395062173584452,0.20822512821823086,0.21300943845034925,0.21601925357376264,0.21683488755584743,0.24077844646461952,0.24307771191286964,0.23263262193288445,0.2252809302075712,0.23681703789502107,0.23678920820040614,0.23480455998647987,0.23529562747344548,0.23303067338531813,0.23633885996479403,0.2508680006963179,0.23513862672229272,0.24434402110135076,0.24496297574386458,0.24627716987138984,0.24753174305038922,0.2505339196427304,0.25931874989198905,0.2616626238458076,0.24733014771948947,0.24571447291226114,0.24108116324622628,0.24271329711598905,0.24792366446841776,0.23610133189694654,0.24423822829717434,0.23659060369801213,0.24356139911425737,0.24427180117943934,0.23202533598603645,0.22340328797717224,0.2154753163327681,0.21208094205987643,0.20436522092510473,0.20090625044213442,0.19353565929865318,0.19212942879593953,0.19184004072606867
172,-0.0068156884405172515,0.027096988624690746,0.06345185203523417,0.10757170754884324,0.1451950966180925,0.20107651062757723,0.21930587235914475,0.20908897105713095,0.21835096517085312,0.252787754532631,0.26669234943483494,0.2677382416222902,0.2704273200621299,0.2778380165818929,0.2846800132685881,0.2792089917383522,0.2726907973080894,0.2715481419256889,0.27082398105924843,0.2777693655711549,0.2902204846637668,0.2935350519008234,0.2962572128344828,0.30715314492714507,0.33191773850242506,0.33919085496537976,0.3322298930193942,0.32388772465623555,0.31150962089741124,0.31075516148624777,0.29563241681261837,0.28373034398355707,0.2902105071045474,0.2870422511081005,0.28955870224280467,0.284091531137699,0.27740738972108625,0.2640925004942375,0.26032129147742505,0.24765450235861924,0.23914094252490858,0.23289134997925143,0.23375836255528232,0.24050504539773965,0.2530113530620846,0.28370667467923705,0.3028912371920956,0.30418798485300846,0.2993590602200112,0.2958931104914463,0.2899795797594539,0.2868131098633165,0.30931275622615173,0.3012706344668128,0.29301563710221734,0.287181293820607,0.2874611725657822,0.2903149233829605,0.285000373206693,0.27456618090904183,0.2586705067964141,0.25047796314671106,0.24982472261926575,0.2585034131146556,0.2849263985848612,0.2730894547919017,0.2753692408871438,0.2858467390403007,0.2826752058281368,0.28125284657205224,0.27907776405677753,0.2705837369701391,0.27084496093982957,0.27520019700394416,0.2710465255580034,0.2663915507797702,0.26283913718988394,0.26104296356204193,0.25516938742322975,0.24308171437667106,0.25359984394130114,0.2609695008519243,0.24974535908091544,0.2386638732467362,0.2395269604564069,0.24620802752036025,0.2519250428123029,0.25263347505921574,0.24704450628582958,0.24249208383661147,0.23779468317178717,0.2429761384637005,0.26464910386464313,0.2727562125526901,0.28658191984534126,0.2818230666601735,0.27364491056409784,0.3065568354801138,0.3069444526420758,0.32073970251378886
173,0.008743628196806116,0.06447969076991843,0.1836937665448351,0.2790112570650953,0.31601794504183073,0.33803477305351665,0.32405987556864685,0.3326312989105598,0.3349551198381798,0.3207892119777595,0.31067432764903996,0.3423597645779065,0.3526099208854951,0.3516510105919821,0.3482511474084506,0.3396749956274524,0.3397609917600979,0.3343233519283956,0.3319251583951051,0.3212574260734869,0.3128319110384178,0.31009266833068094,0.2899848483772819,0.2934199984485187,0.3047608724269278,0.3106309045801012,0.3226566948431179,0.33000956875870735,0.3242394095699618,0.316408754289903,0.31660342990847856,0.3267931312195169,0.32435055262897367,0.3139943567175855,0.2988458235733018,0.30704179552239447,0.29589396615636365,0.2925014704456947,0.29333833617303495,0.2908190518603247,0.2852135308347014,0.28197908271815814,0.2773721566035668,0.2792648728066109,0.3023661429529502,0.3007833484910247,0.2989529447920232,0.3046521082141729,0.298546670277853,0.30242526509967727,0.29819094681341374,0.2963745195734793,0.2786745552062926,0.27203211303144476,0.2745197780409721,0.28000839998397625,0.2652200369337171,0.27985695383694176,0.27670597894090126,0.2718694017307378,0.2681387464750845,0.25177413265363335,0.24509642839240228,0.23943186603373656,0.24562735560204133,0.24044872630903702,0.2377536141266952,0.2356060469660194,0.2382098544147888,0.2474067471805973,0.2380811323492173,0.24169421110909745,0.24807158296399173,0.24436905520534463,0.2515209481011568,0.2697063478641343,0.26048798315440297,0.24952445090338482,0.24592321624371016,0.25289482466061375,0.24194171690773028,0.24038267150433107,0.24186824193779402,0.24910145993202704,0.24257663846345712,0.25479448088039475,0.2460209810079346,0.24708940979496735,0.25139085809941025,0.2442624045646752,0.2364577769493929,0.2468383914552368,0.25045803918045406,0.24307220385039927,0.2451688640109117,0.23615945549673373,0.23375154190817807,0.2379120629828488,0.2350382148374728,0.2311699137943638
174,0.0029978080097781954,0.039932337367618524,0.08662674379223109,0.15162317880667497,0.17651421106350246,0.2024271040276603,0.1637597473180598,0.12745337213390942,0.09458286625131353,0.07635857657885113,0.08190018430113696,0.08085000206433847,0.055243785305055415,0.04445778307968325,0.03003766289402711,0.02663350402365562,0.03567309470258052,0.019304722740255034,0.013984611189442622,7.537679350797765E-4,-7.392686357813161E-4,-5.38380929841244E-4,-0.010634659236445408,-0.0064500515741529665,-0.016398297447772846,-0.02872429609851143,-0.02412318023961703,-0.03431682066899218,-0.0336125502817137,-0.035557076783193746,-0.021111360761485697,-0.03568476016565775,-0.025673957488316797,-0.031462884182166403,-0.0389719587991073,-0.04014741684127578,-0.04483119683823304,-0.039355077689657486,-0.040997430748974606,-0.04007788794085761,-0.03384904002964775,-0.026905602459968918,-0.01422640296434785,-0.006425411388146353,-0.003986218301611108,-0.0046828718052987625,0.0010517041790354302,-0.0016800043497977501,-0.007253229151820723,-0.016005333912963975,-0.03635023841152762,-0.03944518743220506,-0.0280306025166786,-0.022490793662292657,-0.02422829802377957,-0.004536279959773058,-0.008462884302448603,-0.02554439664805497,-0.024993343124270564,-0.02974799354152409,-0.03053142294115787,-0.028978230622208456,-0.025158768910884675,-0.022192117027267522,-0.019458954335000122,-0.030984277923887603,-0.0381598496907918,-0.03686880618883883,-0.03874076229676846,-0.03476023748151204,-0.036104248486792785,-0.03751449190730778,-0.04432076819247519,-0.03226950316498465,-0.030578798902599305,-0.03684977223117332,-0.027233308675297368,-0.03167447940837392,-0.036072989607699245,-0.03585039057130421,-0.04502060941888349,-0.04613225664285469,-0.04678714045972777,-0.04850712027041663,-0.05171685634330634,-0.05635975251565792,-0.06011160805748635,-0.05916392560659322,-0.07233339431039727,-0.08082882604457296,-0.07359414102999615,-0.07513196381872266,-0.07459403562720396,-0.07606220428801494,-0.08138488658021807,-0.07638091483938397,-0.08310731935302786,-0.08813210137138842,-0.0793991055255171,-0.08159909271270667
175,-3.9087444292572494E-4,0.06154774129102534,0.11032566953987838,0.1491269010264638,0.10753658999744319,0.09386903560399837,0.04905416230474493,0.04645679167610218,0.03413651021129679,0.016756449170637247,0.02786361352932896,0.007351478311288798,0.014987093434326328,1.5018757259932514E-4,-7.85958477053963E-4,0.014039136015474199,0.016939424773382224,0.011027039322072269,0.025154163820767135,0.03063479147472184,0.04182371755626844,0.054115734120770816,0.04715212770468888,0.023033056508545414,0.0351894557794645,0.04205961847201012,0.02858390460759713,0.021965641311421723,0.01352468046167171,0.0072246540839709114,0.00936919209403183,0.02084504132388076,0.019616953383011743,0.03814907852246797,0.03958028389720597,0.0305234331266492,0.005646481972933038,0.018319620332518997,0.012767234760748208,0.011824348646308403,-0.0030014376256228266,-0.0024114904719704545,-0.0073572167960917235,0.005972348066451655,-2.4515737012653307E-4,0.0011519432522886608,-0.006171824913325649,-0.025578288148054972,-0.015343599811382036,-0.011043391251528725,-0.01597682866018977,-0.01333686572616159,-0.014732189727834334,-0.007473442930440079,0.0040300044687311,0.014859184599147934,0.015868120221529183,0.009704883165771887,0.0015713850053208414,-1.102413687193049E-5,-8.748743115277324E-4,-0.002966673640483081,-0.00199225026047762,0.006753635865849,-3.3353256227982187E-4,0.01042926822372205,-0.003839593786783196,0.004302614679611881,0.017325665134896605,0.029062074726624348,0.027480167212235212,0.020522862745381617,0.011482434321197742,0.014005328184233768,0.01739635856872033,0.016036899550852884,0.02127966719545451,0.01693389631590577,0.008278888974707322,0.009066104498736323,0.013473418495348539,0.016495802050623044,0.016113849441830717,0.018140495080208575,0.026955093828385398,0.020533331436935396,0.021430538832118973,0.010812491218024037,0.01717908161341363,0.01938989907837542,0.010841066494616818,0.0070657427723199205,0.006295886584807718,-0.0012912967960558763,-0.010813750418678,6.033957491308514E-4,0.0026852806714193923,0.017228869768297687,0.0071532662538064265,0.005619336453503912
176,0.007436602493755122,0.06471536643837003,0.1537290079276838,0.2158278898019595,0.262282799558999,0.2964204217391565,0.3421229257840455,0.3579020256116149,0.3662253757231619,0.3589497896687249,0.3685645080411142,0.37550525328992473,0.3689078145206052,0.3707464828529754,0.38129788507869383,0.40158484375845815,0.3915859744786367,0.38211926828183196,0.38264304794059256,0.38559432274786937,0.36501620811321156,0.36989282201872614,0.36543170214262616,0.3751003415787452,0.375348939200913,0.38025902389162985,0.4012889235893985,0.3908516088199079,0.38300490732608816,0.38440368578643236,0.3867483545713369,0.3896704402099866,0.38869200533243065,0.3803137811338959,0.37104556860162247,0.36773079005373516,0.3631580089599793,0.3547729916454424,0.34722863293595085,0.34546654952908346,0.3446975764169031,0.35040626669365776,0.3509527088209252,0.3549189221160448,0.36058528363871345,0.3570249158740335,0.3273163109824875,0.33294170953849656,0.33395342034867737,0.33345825453685735,0.3423915940610669,0.34853497776659764,0.3534294985240008,0.3520265710119117,0.353739686803984,0.3649442127094586,0.3658940235084641,0.3643716226689232,0.3564898234599649,0.37094551120378705,0.3756813303200083,0.3811837137513328,0.37396608654772945,0.37633670625004534,0.38021528682896644,0.3741088554807057,0.38215296021488826,0.3915270459429741,0.387192821092605,0.38843839138640873,0.389335620890415,0.3768122024500093,0.3777802463641122,0.36949415054437623,0.3789068161222297,0.37930057158967395,0.3707944814378743,0.35642113282738186,0.35152896035964515,0.34720146606183105,0.3388843546620833,0.33483184844438973,0.33492207091825854,0.3399733581719942,0.3348934978891032,0.32685572703547444,0.32857282225320483,0.3306457189691492,0.3320387814799449,0.3417625263704335,0.3429266580570666,0.3513228443096966,0.3578676735847406,0.361457456756052,0.3506202144564444,0.35208818833229394,0.35010751290720904,0.3584024050179115,0.358201033786226,0.357940738263381
177,-0.002716862412440164,0.05462017628671479,0.12300028718415458,0.1806634145239998,0.1740723651711551,0.1609228952617549,0.21005693281394716,0.2276237356383033,0.22967257758333498,0.24393412050048607,0.25742225345149117,0.2478279384785443,0.23605861097085604,0.24901179683109237,0.24449322923249617,0.24855266674276477,0.2506478033592358,0.24957042037161145,0.23998741220673403,0.24681005039566759,0.2447839910741111,0.2652394022731073,0.24780728318362732,0.24131730320888267,0.23421779457474415,0.2327976231033005,0.23642625483305033,0.2341494357004542,0.2339348323360512,0.2055129132982272,0.2078626840135728,0.19976123645401866,0.2075563980146784,0.20295181188932715,0.19007370590792896,0.16926031687193777,0.17500431349501822,0.16035400744334846,0.17123039392060566,0.19641538807892134,0.1994603906932001,0.20765807117748236,0.22737002986324925,0.231482151344416,0.2454511803141729,0.22990250848577592,0.236829229008646,0.23605349171874415,0.25465318118898705,0.27379914083252316,0.2844616136383221,0.27786076174655766,0.282719433888394,0.28056840130687916,0.27790756477814244,0.27705411541800623,0.24824375952108213,0.2526334272722936,0.2539919680716051,0.2625802851765012,0.24249729262696842,0.2406454872316422,0.24259416648604407,0.2279143276759881,0.24151314110634675,0.22802132849001955,0.2373412565191998,0.25267799235425936,0.2433713226645492,0.23905191210059887,0.2389653646520185,0.2398475178544797,0.2288997645915537,0.23072119831103818,0.23842707932907953,0.23344242394113082,0.2280471303820451,0.2284203733729488,0.2298736647367522,0.22151903221842933,0.21586126927019314,0.21584266982780456,0.21939384709824974,0.22481129716770729,0.22935115473823764,0.22944399420340836,0.23097112213616533,0.21713721896692204,0.1987174205193845,0.19100342120740124,0.20724294561719486,0.2041412273637366,0.21239398337972012,0.23125269651185423,0.21795974497893378,0.2446443172143152,0.24363496827486275,0.24647058982359346,0.22170124723205578,0.23690106017414753
178,-0.0051755815858907095,0.008004809934587043,0.014959006326605375,0.018786986349201253,0.0480091813427473,0.06689290718914304,0.10520143658395392,0.1474842010192994,0.1353787637192804,0.15076909834461996,0.14161735539490655,0.12611291564223356,0.10745999963152295,0.12275344482913927,0.11759902389724372,0.11934502289382717,0.10410025672153811,0.11302251259249205,0.10843628776825245,0.10939145526283171,0.11513629885588282,0.10810762754185509,0.11295054590465582,0.10988289910249609,0.11375544323100667,0.10005263660557391,0.10993886830710695,0.11661934351870105,0.10428227018087723,0.10663084100336295,0.09098571138085905,0.08157923113041385,0.07202948097851708,0.06324317313482414,0.06323998076963606,0.06780573052670812,0.0598065777497601,0.049784705651570366,0.06168830216038998,0.05376956702176147,0.05238574418771221,0.04043821306887277,0.05047683175320787,0.066113616215508,0.08310019693490647,0.08120578799164918,0.06904866023477889,0.07482025006538696,0.09732124638881873,0.0913878312643046,0.10161404963077629,0.1118457977314159,0.11046617789113844,0.12245492756333964,0.12412470564281666,0.11592871852670647,0.12089926139874228,0.1225499870434663,0.12602263354625295,0.13546549144690498,0.14628661946199817,0.13933451698743304,0.13258652845455413,0.1293308283206911,0.1337112777288053,0.11873110469970534,0.1314353999425986,0.11820492172376226,0.11159488787780282,0.11441943677897576,0.11102801885153425,0.11498389237315683,0.1109802377540418,0.1008629538005244,0.09400081386663012,0.08594238614119307,0.08921535467612154,0.09686737508861962,0.09736479119336948,0.10022102610077578,0.09662196671839411,0.08460498692824917,0.08513405748430221,0.08697194101400528,0.07391269099059783,0.07678353592160954,0.07282421589568842,0.07619923164503467,0.07797768893233328,0.08529920107020889,0.08184981836099686,0.0846612742001557,0.08892717619613073,0.09537429585403466,0.0989465816035957,0.09287774335740485,0.09878949145573135,0.11066841123174413,0.11603252317929223,0.10447904788333981
179,0.020958119063995855,0.1344213274549646,0.22681273828397455,0.26193704870637274,0.2879245183918019,0.31297082560978323,0.31620070861016436,0.3318204456059085,0.3196828100266686,0.3200913925418955,0.34663343757931403,0.3549187539473862,0.3592270289499957,0.35684042874392063,0.35878826593681495,0.35956815815506515,0.35949332294223546,0.35405775204556106,0.36279980530402667,0.37767907087863134,0.37679499542642597,0.3668841197352438,0.36229520724036557,0.3545450920841497,0.3435279376225081,0.3383279517671204,0.329061324216183,0.3298109594622061,0.33550081903921836,0.3354946517390928,0.33618626047804673,0.330379716609682,0.33141852980763586,0.32354024352247174,0.3212801960859364,0.3248972901298394,0.33195975876477507,0.3315035848032681,0.3122188033003243,0.31079758943595,0.3029793023151955,0.2992208077752678,0.31728127112793897,0.3291484893119872,0.3259592322072703,0.3384286174997313,0.3444063038579938,0.3475725744151495,0.3375404694601787,0.3437875105482985,0.3470106219727528,0.3534664869662059,0.3592187015271008,0.3547409986100149,0.3685046676882726,0.37808560989617546,0.38201122979354674,0.39158958191637466,0.3889606448827076,0.3979975772464849,0.38974055036918975,0.38540217461548143,0.37542270739882333,0.3762022023898449,0.39098523241514327,0.3775562201708366,0.35445872622512486,0.34273421959621975,0.34443195577412167,0.3480557414821746,0.32759254480167177,0.33317780928727175,0.33798622558421804,0.3412779548232083,0.34253427658981145,0.3504345438332711,0.3594178382609712,0.36761498351117217,0.36372210546713596,0.37252668233243375,0.369826322050491,0.365403486173233,0.35501534146743063,0.3577493114293151,0.3708877094429557,0.36957737483310693,0.3693838587142523,0.3692573134206924,0.3720552540731148,0.3694333455384215,0.3800025725460888,0.3811679204795675,0.3865873260839107,0.392703815786799,0.3947988365958865,0.3938992693404305,0.391957738565276,0.39345219247713364,0.3898582222933535,0.39191293374674396
180,0.007348043963530495,0.05793515178457928,0.10459361120663345,0.19492140166841485,0.30218021063551626,0.3494391441400161,0.3975993110855907,0.4153331999662225,0.4648218280008375,0.5149928535605759,0.5261710995724449,0.5220780774847233,0.5309536271565239,0.5476853846156327,0.5295556052142167,0.5079632946053854,0.48906208109340576,0.4794470602171144,0.4811612970206662,0.4951733020126068,0.4882179693418523,0.4752444280634062,0.48574938357715,0.48647938547987357,0.5026861064366009,0.4965841012557047,0.49787217575420845,0.5127759252355262,0.5138015797685521,0.5127216638608251,0.5005179910325039,0.507346239184377,0.5159760412548553,0.5131338330236926,0.5204315769870486,0.5225123002610775,0.5181895890605387,0.5021909116755551,0.49179431207521956,0.5033552793709363,0.503228834843866,0.5094504860576482,0.5039383381820386,0.5084981046895115,0.5086595610521454,0.5060254930253616,0.5069615505977629,0.5129831925951875,0.5059187574012539,0.5099530506537999,0.5057260273996976,0.4935395526011382,0.48875707859090545,0.4904054444922498,0.4848632011118302,0.4815320907903453,0.4780071488521513,0.4851237177253422,0.4874446558980487,0.4947746095307279,0.4942338404020105,0.4901825812089433,0.4922123166617822,0.5038714493307302,0.5072771340097096,0.5070731792870703,0.5038146753965324,0.4983647175885395,0.4953060522079089,0.5012469432794796,0.5113239577335535,0.5137506699755958,0.5165855773119773,0.5156320031535349,0.5197011657885868,0.5170327712514498,0.5124748142966769,0.49847619647383523,0.515091930454945,0.5180152471212998,0.5146763267951806,0.5154469649886435,0.5010620148641327,0.5059598547196825,0.5014006743530528,0.5087020223450637,0.5147743172904982,0.5193905190693378,0.5160610719747621,0.5325050932593905,0.5403753544085526,0.5287937631347368,0.5233989045388702,0.5252684888172838,0.5285473471082772,0.5367328197248358,0.5430964307395459,0.5412487658675328,0.5460193015157752,0.5423207807847552
181,-0.011197697111170695,-0.0040778519651415174,0.038644914461418454,0.05954079102733841,0.13675607659279024,0.16790824444152236,0.20679966831179808,0.24192948817228876,0.24890992729218145,0.24958905997270542,0.25307389408047654,0.28034634917435236,0.2791183130554585,0.276631567448442,0.2687129349270939,0.2784419388846687,0.3023547952267941,0.3026971182288512,0.2992727942107225,0.29072445783612166,0.2958218392455895,0.2937839416487703,0.29773437474207887,0.3065497425241634,0.3226073542750859,0.3408217679551811,0.34866867682670916,0.3581867800258148,0.3758031276651069,0.38599760505463143,0.3625025736947834,0.36314856740397083,0.3682862015209824,0.37910540208304816,0.38445024578815284,0.3895425813320481,0.38053168361776,0.38134990584670264,0.38252706577120166,0.38891887008459214,0.4046006978347798,0.39322680350987704,0.3948223591059734,0.38725055783480256,0.3849662126978318,0.38086538703582806,0.37411174047038714,0.3790618712617352,0.371813247578402,0.36843551033049704,0.3691131653312672,0.3670118260645999,0.3714304672133765,0.3835063472947832,0.37986444457619334,0.37906871034029926,0.37132000236022544,0.37361964494869915,0.37318110043909314,0.3823426160961106,0.379128343935,0.38491566184184756,0.3808969790822429,0.3873854743610562,0.3661910286382055,0.3664317553463245,0.354461784568375,0.3661833364326638,0.381472786327882,0.3815404727159572,0.38394312446568074,0.3848358973733053,0.37571890905369654,0.3730497157994313,0.3753149811512408,0.3702838840359377,0.3608940212272884,0.3643238921777319,0.34073474235136564,0.34142744550699206,0.33348798870091423,0.328736043945526,0.3297094777115233,0.34088768501998395,0.341461896318602,0.3530107000988237,0.3549161316988152,0.3459687169652294,0.34355616845650033,0.33903467869315945,0.33137996667175423,0.34267600469965187,0.34323941835335803,0.33911457672083584,0.35101060577490484,0.3539900667123019,0.34454148435798565,0.35020993864408395,0.35343794553383723,0.34550523250120935
182,0.0012730402422757969,0.027197591785494947,0.03253803285511664,0.06418379377832793,0.08783652713171214,0.049887946243682174,0.06489533079831476,0.07836907684999556,0.08176886109575075,0.1225809459824572,0.12069754934316655,0.12788699978982168,0.10294598225249389,0.08692783342837843,0.08992587450395208,0.10231522966123094,0.09601526973933439,0.08675489451574975,0.0834132276804287,0.09181704839415421,0.07692908389755013,0.05981894433926435,0.06205497552094004,0.06696984366824443,0.07128102947402923,0.07541256881698594,0.07973612460984185,0.08541859447236722,0.06898887689066084,0.07023865692111567,0.04955256594994412,0.07511748429320178,0.053030593241952445,0.051828793787552056,0.06294320836183927,0.05574017821989009,0.05911435420298974,0.05485828626306038,0.08590656392293151,0.08932039829644964,0.09365966388545804,0.11321717596881138,0.1142595637498103,0.1240044802492134,0.13861914836493736,0.15145979160812373,0.1360647525318929,0.1287228038489747,0.13372155269632033,0.1423235697036181,0.12817087752162507,0.127322982185564,0.12711860178655393,0.1292192098392061,0.13365164598143073,0.1207802181725513,0.1297265857798868,0.1263049966268919,0.1379013105433191,0.12886622792599245,0.12006861479932437,0.11882728974699644,0.1082085589595018,0.12005028722469092,0.11964734407613312,0.12143768166401189,0.1397558664655793,0.13543030125462974,0.09851240100643185,0.10516446393512029,0.09587047173783735,0.07870507532436605,0.08249110007495317,0.09737610177256703,0.09866482603072022,0.09315018374524359,0.09255030866555096,0.10613094057905408,0.10777125120312615,0.10230879619111442,0.09852542850614388,0.09484771994913055,0.07729730654668851,0.07928414285022573,0.08061560810444751,0.08547793779274482,0.0808763511570041,0.0838939996065751,0.08770344494418195,0.0863980707445833,0.08590535461789736,0.08483425620806911,0.08963074003720495,0.08636498645580383,0.09094680886198897,0.09302886267532812,0.08654112040074347,0.1010870814521499,0.09401906091476706,0.09496184127057183
183,-0.0036841646851305952,0.01858217212080305,0.03228373409156691,0.03834787397719962,0.02911628790419355,0.03460633171348997,0.015512706855608452,0.008322900230979195,-0.0064343838449085955,-0.014805312077628741,-0.008504522768772938,-0.008614855647089246,-0.00820877009879545,-0.00442974525851841,-0.01644064031244917,-0.016819827412000242,-7.392806442832577E-4,0.005876187538899891,0.009159010450009997,-0.004131910027556827,-0.001519953913071389,0.0012889139289500584,0.022984454835904458,0.02169118070876797,0.005018489318244426,0.010684688101439584,0.010408327971006392,0.00713392292167981,0.012377658229789524,0.028511257031978036,0.02416012176901134,0.022177504528773487,0.003794403525710348,0.007759553739952058,0.02031060864791918,0.008498799086583853,0.01267630473979801,0.01652356034365354,0.014003758403260761,0.010023431337101445,0.012262750197393764,0.01217559251830833,0.011279072320681276,0.004131536596079099,0.0025389951759087303,-0.0035360911843484565,-0.037892567231684424,-0.03015482619300469,-0.048283299407145513,-0.060955322632605134,-0.05822269887072198,-0.06023701821855498,-0.07047675313847705,-0.07398657091172449,-0.06669216393374959,-0.055098986983556114,-0.062094470888203565,-0.06326353163888601,-0.05225872114850623,-0.05580817497350133,-0.06132206911582991,-0.0550952659412569,-0.06501615266478696,-0.062124413336199356,-0.057986473903196084,-0.05114269796945965,-0.044351142131465134,-0.04533550140766595,-0.05042563665796933,-0.04813847275140994,-0.039193879307604075,-0.039839457325042384,-0.023942852080181192,-0.01713922850435157,-0.027543230548743233,-0.024944355303789138,-0.026280102712781493,-0.014460322724060042,-0.01692011759836638,-0.008489359094205392,-0.023029158795000813,-0.034403509680876604,-0.05610425167974844,-0.056815158885329335,-0.06860883753147294,-0.06692359942673164,-0.06299810617497881,-0.08160635126733957,-0.08324573964087881,-0.07629907647935298,-0.08249517285340253,-0.09116374625735926,-0.08504812927159008,-0.0844101928447558,-0.0658373091376793,-0.05579571455934866,-0.055285889147651715,-0.06312192029905767,-0.040345880146091986,-0.04854463076155149
184,-0.0028122617240083176,0.022290862411377895,0.08389340701418771,0.15369591153616682,0.2069582211099973,0.1965931176941213,0.1876864433311888,0.16537873149586282,0.1728292570774325,0.1847905325592127,0.16600002153857155,0.1665854056195345,0.1648733488668774,0.16425566319907708,0.15598132959362326,0.16159497227877936,0.1693626137403456,0.17968311378382587,0.18356710107051596,0.19090072106874534,0.17568994979735258,0.17590460277961795,0.17965745626870158,0.17931287014594996,0.17507506074912293,0.1836069310422389,0.17647283284358817,0.1810829650331572,0.18208681093247098,0.17729908363829744,0.18557600237240282,0.18655458104560163,0.17666684639539554,0.1899845456515338,0.19261699664751894,0.19266504412960278,0.18857604972622405,0.18259919261358903,0.18263920499681802,0.17549065980156675,0.17837678298126886,0.17521221804893,0.1622351563951024,0.18092112346909894,0.20328677719515428,0.20429915438433585,0.1985286371716284,0.21193000067111825,0.20446493087106726,0.21202855487341082,0.20265966501864463,0.20119937675102803,0.2023422861117817,0.19472136961309994,0.18866410812452158,0.18645763063557153,0.1858744109059668,0.18301951072488876,0.18484837953822367,0.18457026128868123,0.17163533843364928,0.15279530679985973,0.155195644883922,0.1471605882149636,0.15857888327209937,0.1651028976843495,0.16006258299422566,0.1600941281287551,0.16381001508198684,0.1646075394529925,0.16688042153835778,0.171161766127205,0.1719603258905358,0.18783090042124567,0.18698801714519853,0.1942105294707739,0.18660852120473134,0.18312843938355933,0.16631618735485063,0.15951526619191372,0.1372309940481669,0.14443082014724726,0.16248109319821288,0.16155050708560495,0.15800481265038788,0.16115158441567456,0.1603678817619222,0.1565384302034609,0.16683080475829293,0.16175481911359443,0.15155993986289495,0.14833498889477442,0.1517848551369818,0.14583092013330445,0.1419163814193934,0.1285808246496183,0.12929439539944582,0.1412591873852848,0.14160779897879208,0.15699221489320986
185,-0.007652075405494829,0.0027612737422350445,0.03336343826972306,0.10885215652768944,0.1429509195931924,0.1791082161237491,0.22033867444926775,0.2536195434620961,0.2656268667574956,0.24912346714019246,0.2530714206585377,0.2741055375506329,0.30216404354309345,0.3054020818148462,0.31525601322318303,0.30373123181815515,0.2971763470090612,0.30201631911621324,0.3068698750385324,0.3205083718190192,0.31135964990329495,0.3075572161588014,0.29063515466511164,0.2905113266876271,0.2777959604674074,0.27454750040504106,0.2864133017126582,0.3092919644251114,0.3240478755549987,0.3125609932856594,0.3087358091416192,0.30207343892168326,0.31220394431304715,0.3055506714115781,0.3069617455321857,0.31200100192612085,0.3049734771902317,0.3127507196654477,0.3086607301861165,0.30813805579045495,0.3046349737198228,0.31958047174051957,0.3204614386246111,0.3256024870335343,0.34110930570570813,0.3375286275261775,0.3424917374391553,0.33830490698643595,0.33787725727357915,0.32479546864182923,0.33060592923255533,0.32750291337701376,0.318153026866613,0.29605347933920123,0.29907162795262837,0.2939850919986917,0.30181492014184275,0.30176335677151955,0.31451704977067585,0.305602938283201,0.3117692804330639,0.31037940591165525,0.30127832956605327,0.3006716036510525,0.30088001861433855,0.27703017108854255,0.27831408634121296,0.2678758065472189,0.2652508675320879,0.26491149135373493,0.255069447354625,0.2554727310043614,0.27161327519665435,0.29002827095588324,0.28386724399158525,0.28554342599763777,0.2957329819678703,0.3011380547732835,0.2952415624143022,0.29662823446581355,0.29457866424549417,0.29696501993117036,0.2883040405574379,0.28781789286301684,0.2718738063955461,0.27378470683538164,0.2686351603926178,0.28469722932777325,0.2890573018360946,0.28777195625007024,0.2872045091538082,0.28713070549720876,0.28628781062997466,0.30373152682033333,0.3044730406607195,0.3080579529577307,0.3037842714875765,0.3066397768015678,0.3127007689849614,0.3219705804131777
186,-0.001816539956880584,0.008751285355462404,0.04117753070194958,0.0718612400837491,0.09847204801202764,0.11431832327168089,0.13392799188130353,0.11153495726425552,0.10047826208509793,0.08343621110225787,0.08246843586032682,0.049766587098041576,0.0419235623936244,0.03055015457699631,0.02421433117777216,0.005161045177181751,0.005211843680926766,0.0012208437604904572,0.005826683027374181,0.006198728957486279,0.0035272869144070147,-0.00500996029816349,-0.007836227763287684,-0.00818422172904642,-0.0065595445013222455,-0.009468139332632209,-0.011784986396767918,-0.021469449422079737,-0.00851054232539987,-0.023195934288209288,-0.02812323519081588,-0.025926303630189062,-0.030391160785502483,-0.024299005398673818,-0.03290560431094698,-0.027641228106740492,-0.03634494808117941,-0.024356487016119203,-0.014623540021334803,-0.015739880867501922,-0.01540140897730101,-0.023539989105355975,-0.029457561811790073,-0.030087898188139627,-0.022699624580274524,-0.013627258567661926,-0.023661995464910737,-0.015930327033384352,-0.007082056304641378,0.003688992280833694,-0.007240598658329825,0.0034606235203527287,0.010434049654001347,0.0016500398394110425,-0.0072022017733941075,-0.013723683938572312,-0.005806319235626484,-1.328299457597007E-4,0.015744847578912553,-0.004677632912760244,-0.00481038953937478,-0.00280789348913801,0.014715958058368459,0.0012757549737922686,-0.0016290014619967455,-0.008343964911316526,0.0013554623359413858,0.011053660124747518,0.018193533635776117,0.03199074758870769,0.03820014049372788,0.03930394332271306,0.052806149277438645,0.03173884072154105,0.017412234109683834,-0.011817013374091532,-0.01697244220747786,-0.010430072535170927,0.008542336726394572,-0.014177967381113137,0.013505465353612078,0.023870270552195493,0.0179022690018389,0.019987501641008425,0.01159288137264378,0.008723440821103424,0.011900856023366956,0.008425544742852871,0.015486512883029751,0.003061003153432189,0.005083458736612958,0.00637040133839412,0.010196811939389256,0.016989822309153007,0.01638565029904594,0.013253552898128467,0.015772539687650407,0.0030299432250885123,0.003623963830226291,0.015079075858832997
187,8.895024380845931E-4,0.009280774941679077,0.01572210497804983,0.02289678214175812,0.039938900902026356,0.0624029078210451,0.07450539764446674,0.09747622201276439,0.08065774552148905,0.08520084447422933,0.09573924244361215,0.07383157159980368,0.07619579466889151,0.07456560554611272,0.075004667033354,0.06416072241730113,0.06534703825060385,0.0646994416940989,0.041820166810468094,0.03798448395242907,0.05230119999886499,0.05605124997349782,0.06484032598833622,0.05908730102302436,0.0608731217149225,0.05570655697364506,0.06830943705252338,0.07049375290309032,0.06479361288982029,0.08012342880310759,0.09171151874803155,0.11258697338010108,0.12572575758802068,0.12961285202393324,0.12882863335326866,0.1496303731046434,0.14079842282908564,0.16363410278160678,0.17642518509066346,0.16529339677581217,0.1693086781850368,0.17854640659664703,0.17434482819409194,0.17153658525602883,0.18401872710263434,0.18649892598475262,0.17498434667532295,0.18136155865355047,0.19741379047187252,0.1934513417505376,0.1925062760523482,0.17848265399413346,0.17473453494183097,0.16055908569115435,0.16896793387751102,0.15644825745678712,0.16991704662469348,0.165873505765713,0.16532134531447368,0.15753055908494237,0.15806473866867493,0.15242977909253663,0.14844419245647766,0.17127087951737463,0.17969368422681098,0.18063640874520498,0.18146722596689926,0.18818916326361798,0.20145662748636006,0.20350180075607646,0.21355394969939107,0.21586190641919778,0.21326616370136706,0.21290196515922363,0.2150229124128539,0.19228142256169944,0.18921293285544483,0.1765718043121894,0.17242249996476638,0.15694608445495128,0.15483891090155008,0.15893525683037849,0.14707302192018173,0.15729915077974324,0.14528313591353162,0.15255577843258178,0.14131141793671328,0.1452920090646681,0.15740762598681188,0.16057511418019121,0.1616017045625103,0.16087924593281538,0.1438392455506427,0.14970780709317666,0.13658349740299333,0.14376485255847904,0.1500904912759425,0.15080711834817426,0.143346345018273,0.1260779798726659
188,-0.002088903000907547,0.039432281040353415,0.08797266932887088,0.11368514170442959,0.09004623904949388,0.06516289900637207,0.030303511731665598,-0.022306184747164094,-0.046801425255139584,-0.06425469432122352,-0.061013745280310255,-0.07459139944138587,-0.0853150948636251,-0.09368380844912481,-0.10472740749104906,-0.12660743059649746,-0.13626268548463968,-0.1540782411142908,-0.16837784182985105,-0.1614624586584388,-0.161260076717185,-0.1743199165210492,-0.18188167460257934,-0.1864440627464145,-0.201552912752111,-0.19324586951493114,-0.19881767605801937,-0.19350371365405877,-0.17758342439025657,-0.18762854595473932,-0.20318742415523874,-0.191499232695805,-0.184079639062334,-0.17770075364541887,-0.18877083856598453,-0.20875024725847247,-0.21182891104824889,-0.20697780251428205,-0.21537502851224505,-0.2291048283483451,-0.21912176678454678,-0.21909060763409802,-0.21349090384839542,-0.21191277073949866,-0.2100709942639882,-0.22059801462812714,-0.22422087754781628,-0.21187657179848238,-0.21242411197137429,-0.2032196527894434,-0.20589092823053354,-0.20927213905511682,-0.19911375211880938,-0.1795285340253822,-0.16933405947308824,-0.17540194024204506,-0.18300225312855875,-0.1950055229202032,-0.19679914191696526,-0.19290335156763874,-0.18731668510615326,-0.18652721639813208,-0.1791818417155306,-0.18183620020649482,-0.18655473147723534,-0.18558483394299669,-0.18206965962427726,-0.17692949590116258,-0.17033796691263997,-0.16912178947471887,-0.17420210441714,-0.1759396586810383,-0.17373476675718358,-0.17400015990027856,-0.18742704546682706,-0.1750322703364087,-0.1807033920155431,-0.1897362595944793,-0.1843680964347173,-0.17941648083302386,-0.18301490671802903,-0.1991411124980003,-0.19608342129321854,-0.1858931724009634,-0.18817603594288568,-0.18417155541787436,-0.18276405246044894,-0.1780286668027925,-0.1644477034695329,-0.17253044550976818,-0.1678769417773781,-0.17135157696647418,-0.18114128411782524,-0.18348637333523668,-0.1976865625470434,-0.21140203961823825,-0.20336041987962455,-0.19614975707135027,-0.19205006371429495,-0.19843827386333932
189,-0.0019003597093963027,0.05005723478572976,0.0896719490119215,0.13087645808456935,0.16219122229475125,0.1795999632295516,0.1859029565685645,0.1730134950477205,0.16285135439952572,0.17119324353556184,0.15850055456431597,0.1289417228781191,0.11863698427199328,0.12260876581109742,0.11827096378999513,0.10702788395737535,0.09548001821581142,0.08785946056540052,0.08614591155657532,0.08164109791236684,0.06496452297445357,0.06439068261282686,0.054339442258976973,0.0397237471299744,0.027723767837132124,0.01759602802113959,0.03737310411904139,0.04615864339543316,0.0331337293075791,0.03445209760878742,0.03814033775032827,0.05174212501149435,0.05664201094878206,0.07227463443699957,0.06673276745044691,0.06860145780530572,0.07383588890091708,0.06737742071160359,0.07311007149223551,0.07992320840266628,0.07924773007408024,0.0864909921757645,0.09543837093127477,0.07444896641174752,0.06909290178464075,0.05997765497562437,0.06222047285342925,0.06873234053613259,0.06672138791152053,0.07120085157513074,0.07140559408494566,0.0787028701008041,0.08361185817712621,0.09060037457716533,0.09363725882200534,0.1216396900563726,0.12419396902972818,0.12023447088327548,0.12098893792115074,0.12081287988320774,0.13566509128524784,0.13023014059105603,0.12048109375680564,0.13204847066945744,0.12557947441063175,0.12273486337812846,0.1339769661378527,0.13314245925027707,0.1423807158987144,0.13563266437542568,0.12393568839866999,0.12372979712098049,0.12655128904072557,0.1218468185366644,0.12102814353187967,0.1272524437438431,0.1345171677076152,0.12937101104080995,0.12715726561648105,0.13825536144760625,0.14162839234553842,0.14752817456511802,0.15593707349422872,0.14653929283285025,0.14909947510556087,0.1429772228216144,0.15008895351194215,0.13934647581232265,0.1559972078137955,0.15238583007616172,0.14345603099670837,0.1416643292423437,0.1351518055871749,0.13627539469933464,0.13634229962112726,0.13381212088599848,0.13446256463284476,0.13836444956359542,0.13779440917791058,0.13837864419850038
190,0.00554279105637964,0.05914600950451198,0.12328835465808793,0.21577105704278277,0.24392894446964727,0.2617079303838004,0.2848891691418202,0.2813967674820338,0.2820232528267342,0.2674583757615897,0.2546177135745087,0.23138583657616774,0.23664865726426107,0.2566978717839038,0.2583963076537856,0.2586709982916055,0.2598765749930475,0.2685719052025962,0.27360046194178006,0.26653491135159674,0.25447795907804965,0.26593851603629803,0.2667723857913023,0.2619576520691789,0.2626379349727704,0.2629631819617272,0.2788031963096218,0.2797128941525292,0.2693821816754719,0.26756213702293813,0.2585878603652842,0.25295394722333614,0.26401959879866854,0.267782909751084,0.26819088846080996,0.27247410630778107,0.26921460434187117,0.2705429798958596,0.28256353715403315,0.277166769967743,0.2679086928216043,0.2609111267142932,0.24810101000884263,0.23999589365186347,0.24744591406334127,0.22266798507954821,0.20893689887444328,0.22168092831230546,0.22589887464904848,0.22155499060272738,0.22455742236102563,0.22377792888314968,0.2243835103138068,0.22893678831564837,0.21707115934986668,0.20972566438813015,0.20541072902713153,0.20918727435016155,0.21060395348056965,0.20799339904470687,0.20329938027554595,0.2115174340927638,0.21337442256243336,0.2181204651023154,0.2190285952049379,0.22302529340208677,0.22640984432053243,0.22462885646823924,0.22309496884166802,0.2150608230080305,0.21409499773673368,0.2100525541260836,0.215226796645799,0.21423882281677195,0.22240770460562265,0.21744366726852277,0.21726828894205039,0.22059187529322763,0.22676982597474513,0.22741542808289494,0.2345363010747539,0.2374932347683154,0.22573220544812403,0.22709327108491487,0.22566146980862936,0.23742675892559476,0.24562755932812586,0.247965395739705,0.24365837837959092,0.2482544354577589,0.24523846528371404,0.2427967731641348,0.24219544866381043,0.23918856353488352,0.23228215838135174,0.22968603923079697,0.2391351940107348,0.24279451120890522,0.24549652372569775,0.24044804926763125
191,0.002580267110042549,0.046936413693354544,0.09012249098650914,0.11913605011174162,0.14637939295510483,0.12797796585580024,0.10782708420334396,0.09542191330987407,0.0771262973736735,0.03993350462743431,0.03273264680848586,0.020892105415073584,0.017240569101697613,0.03828008527806304,0.0472216507872856,0.05824398977987759,0.058939681725973025,0.06501149979201132,0.052859707598702614,0.06336764116710075,0.04187175525690374,0.036784797527645255,0.02946251564491099,0.0327597761065219,0.027018496821195996,0.023526637074954768,0.010677916326401417,0.011134644214813598,0.010772313253385542,0.008601381020959344,-0.0016946849588243495,-0.006164032041541776,-0.017811502907340793,-0.013851886258417372,-0.004996106047012407,7.422941149259795E-4,0.015706425956051377,0.013334488665259063,0.0021192634838641394,0.006509038245099448,-0.005204140647462905,-0.020571656552571684,-0.030094587782035633,-0.035235742010361594,-0.03386556954892716,-0.049061306254979925,-0.05564503021244491,-0.03804625488245961,-0.03781002419956818,-0.04387827736145243,-0.039029968753487417,-0.03833345042481323,-0.041588834820974745,-0.05148312853498656,-0.05942734431671932,-0.05492161760242944,-0.04798125905726778,-0.04431144768964509,-0.04132285189225795,-0.02653840699579013,-0.028645932196249353,-0.024802602266720267,-0.017988223347733968,-0.019215330697245143,-0.012585277730068862,-0.010572451275903902,-8.249668213316852E-5,0.005835935360221836,-0.013632609377034225,-0.025257006896833342,-0.03891136447321474,-0.044873117421316645,-0.03233511789121096,-0.027244557618303227,-0.030643470502536733,-0.029322023002779626,-0.0330839728455846,-0.039159593362587425,-0.02936480700280365,-0.0293049202810709,-0.028652082671163027,-0.012473423457978439,-0.013529119416935333,-0.016532485035389184,-0.00713841665441808,-0.005708597023439447,-0.005329140877469969,-0.01565909412687291,-0.010412470701668524,-0.006587645529383519,0.002412019208373845,0.002455814055004848,-5.165830986355635E-4,-0.003605459499993241,-0.002551945331688431,-0.0043239028382231325,0.00320734185087278,0.003942615010193023,0.00949966938237632,0.015730872797074594
192,-0.001322298081699519,0.04288670822467409,0.09782227501372612,0.12533539909296365,0.1655940980048276,0.18003558628964872,0.19564285815269652,0.21321042592268405,0.22446336834760025,0.24961847883690372,0.23394427250807745,0.22597189067855908,0.23253440165896047,0.2505659076406188,0.2523804298493299,0.2553908894259498,0.2733817495139856,0.28735741579006446,0.28250815789364503,0.2796074655903588,0.28789021776287527,0.30426912066181055,0.3090949962699171,0.30340186094260924,0.3130092301347055,0.3318206870282334,0.3286711672014943,0.33806926265185105,0.33010796914693863,0.3245815514712311,0.33117355206394655,0.332235390141275,0.3348475811191603,0.33210380887784763,0.3108082618807144,0.29910656243920924,0.2896893810680296,0.2785983417539201,0.2803160253387418,0.2811748497929567,0.283452788755591,0.28944391846221995,0.29085932117456226,0.28971464775992284,0.2976934590848676,0.3009000665795106,0.2938167139929884,0.2970394998751453,0.28645687075782605,0.28171177646672607,0.2970003753363121,0.3036680946719238,0.29913159465714095,0.29622052092309575,0.30774422485792025,0.2881194463699827,0.29995438139940706,0.29161075767241756,0.29311253507871504,0.27277087304357456,0.2774485063919771,0.27188439677395543,0.26562561671043555,0.26760178305216537,0.2547083098369084,0.26315485197787114,0.2618822874348964,0.26918393440413346,0.2585090560425022,0.26886864142391814,0.25890201033389587,0.2564900069974929,0.25769969921849434,0.26585117976159295,0.26760437599753717,0.269072421134142,0.2597154082966002,0.247886800340797,0.2706235396398583,0.27381092695384485,0.2868946305036832,0.2826210069929549,0.2853219925996896,0.2757431933540353,0.28100171347820113,0.26237199659749477,0.26387450511747024,0.2611863747031261,0.25357155784451996,0.24648516860113215,0.24535689984873865,0.2487050465353278,0.25390521668222527,0.25036404621983577,0.24269319510282525,0.24445197796387608,0.2529823020916093,0.2575636159876948,0.2447613848447585,0.25253641759505796
193,0.0045257853713212256,0.013259273478178742,0.04633028903763285,0.06791169427945995,0.15523189889007744,0.19587896355207274,0.20700712412214933,0.1905371549692332,0.18711477907932855,0.18931310737547086,0.16950632169832974,0.1848833823234289,0.1710884735601331,0.15358509646414542,0.14226139241573382,0.14857487996779817,0.14336593145398052,0.15645061903324206,0.1537929345114144,0.15395488367167873,0.16258591844625278,0.16835154681746733,0.17592574005500972,0.19547405647597482,0.19209999070061254,0.18223757353701903,0.18778631697166556,0.20293384023992808,0.19853356145014395,0.200259876342324,0.22005852126587538,0.2225257559203021,0.22822014927971965,0.22063620830287559,0.21892157042735,0.2200100783835365,0.21596485676402344,0.2048427233155331,0.2019936758779811,0.209156961963306,0.2018714284865882,0.20477551454653484,0.20391054038122394,0.20578602561158174,0.21437858700737,0.20225946377658777,0.1977298189411871,0.20580763891598142,0.2059996290383577,0.1988662379292443,0.2053139870697518,0.20876813661202365,0.20672764510259234,0.2168871055841185,0.19768181602648813,0.19193324522724595,0.20411550735861161,0.19948825610377802,0.20191580337088166,0.2053793934434608,0.20562945901020566,0.2073945831186728,0.19695784443112313,0.1819671463159608,0.18688705882583306,0.19300039253497683,0.192226818514313,0.19422863511478655,0.185299774667841,0.1716307811539174,0.17761046128447608,0.17936693155821487,0.17998952849881372,0.20147168684510278,0.20359751373852203,0.19869576450570497,0.19297665448295998,0.1885948786323987,0.1990252478790396,0.19299277462104691,0.1976664415786864,0.18554227520824587,0.18558762457299469,0.18655475705220081,0.19405505034204545,0.18880087102830412,0.1947883627010888,0.19608923208539913,0.19738935849310446,0.18517308632888685,0.1810642260642374,0.1858798130607437,0.1889215756914199,0.18301596272690482,0.18391781647526018,0.19197175845018694,0.1960835805293069,0.19328647267686314,0.19792004115686562,0.19979908371366242
194,9.971733605867001E-4,0.0035067655639041233,0.006629132311421716,-0.001958062940322118,0.008202300695653303,0.014827869494621441,0.014331552326587121,0.011711026069990627,0.013400315902633847,0.016900981293795945,-0.004675783204834036,-0.013279438583582602,0.0040183997849028786,3.752768066771968E-4,-0.018295385547167305,-0.03019567813401082,-0.044811392516979104,-0.05663883829680448,-0.06986393629466528,-0.06282999529730544,-0.06470591543085769,-0.06270817653420928,-0.06330954318988927,-0.054517436482823374,-0.047074025907883114,-0.030497986295014753,-0.036625006215632194,-0.026246213704097618,-0.025390286031288505,-0.008568331711272654,-0.009004691154240163,0.011690861376256783,0.0023783423985337736,0.003616051598179606,0.006717698965701493,-0.007623854402940191,-0.005855311963086192,-9.320971461932715E-4,0.0041705331787933566,0.022856600325403847,0.020854165798133973,0.008873180896596729,0.010751158737618971,0.02812524152617348,0.015840767834938384,0.0147794747941026,0.003229669836882797,-0.0030169136480009866,-0.010580039723944033,-0.008792469320579447,-0.015188470719342756,-0.018401614965983616,-0.009120475582303663,-0.005671738839829676,-0.011311385135497915,-0.024854401847667438,-0.03404847255965061,-0.026990204903515183,-0.023009936735765443,-0.04071984687467913,-0.04240461309386165,-0.04395280133498727,-0.04688405465079419,-0.05167471876224755,-0.05143533668770483,-0.0619174085585594,-0.06312231911944292,-0.05922924589899974,-0.04372295306357729,-0.03352532786165307,-0.01619117419606987,-0.02499373259579217,-0.030552756848264674,-0.02650066465257537,-0.024067045328372824,-0.026840358652914054,-0.025027044282330966,-0.02201933956714571,-0.014014611121286966,-0.01897103245159838,-0.02724675502156397,-0.020836543644894897,-0.013826718023303328,-0.012624074605802914,-0.003415435756224456,-0.011910116857890531,-0.0034652761079744638,0.008741756379339539,0.00586987771105349,0.007411612821442066,0.010345350650460348,0.011283337521372637,-0.013795744365394415,-0.015373028498885553,-0.011314552549682888,0.0031149674114320913,0.007819572077309754,5.182133199891992E-4,-9.507792724491315E-5,0.0022398296544862044
195,0.011406051843744673,0.050324574139759326,0.10877174283510876,0.20668589996932724,0.2325650119095463,0.25245699431678126,0.27156580727322355,0.27555283928540897,0.2872708202607418,0.28197394571304435,0.2737006094373688,0.25138643481012024,0.24317556816081393,0.2372426748914641,0.22011751357617057,0.22552184211461454,0.23094511816596291,0.23480331838871327,0.22584746072695336,0.22560144950082683,0.2269382250593875,0.2218947207116232,0.22411857546763464,0.22369280191246305,0.22579358322233095,0.21435301225307962,0.2192570673254642,0.21345971775499553,0.2149619294234952,0.2302020961616721,0.24151648261603814,0.2480165281387826,0.24832214756585486,0.2481801571714404,0.23729100181755444,0.23608443900682002,0.23483071823103255,0.21697270418901693,0.22021317704337434,0.22557785496010538,0.23167376890557484,0.22026672580485826,0.22626824707014173,0.2193699269761863,0.20674206381492855,0.1987540974244508,0.19401310710113515,0.18738781038358707,0.19774995615949092,0.19930434250009554,0.20014412482285565,0.19188019777523543,0.1949330076793306,0.20031923179999597,0.21852974912781792,0.20072455816595025,0.19362014556444127,0.18402253376709932,0.1849380478025841,0.16762339523069478,0.15541210523497512,0.1689720711461782,0.1483663288733585,0.1535793895639315,0.1531879479107484,0.14818501614056365,0.156453091003129,0.16087938468006438,0.17802866292682676,0.18161347782739337,0.17750025635642452,0.18737773491675458,0.19856091987336513,0.1925986971497857,0.18826935176302384,0.19941667616514253,0.18143346408789912,0.1770192565024202,0.17535324010359324,0.20201201334913718,0.2118099386038365,0.21288526040483524,0.21090938356647185,0.19694117703084635,0.19901745580212407,0.19302822361577715,0.1745902357113902,0.1972500499063956,0.21051470068922762,0.21035858520833497,0.21118499574308136,0.21272467535095457,0.2097327918201454,0.2224790700264146,0.24156453872391775,0.23279135965450817,0.22934471917612406,0.23076372367636366,0.22297903440644296,0.2379736830022322
196,7.312774643523611E-5,0.024582029811698956,0.0721941742440916,0.12017496975955413,0.14770433388113743,0.19165281250356758,0.1828950346887658,0.196585032002625,0.1997112480293548,0.21810365298355383,0.2205745221622004,0.22871786516371187,0.22938258746281143,0.22645427459844808,0.20726225664969203,0.19432917483208226,0.20153744394742223,0.20531616463270183,0.207234560044973,0.20896384485928488,0.19666247938516668,0.20241771469898065,0.21518319184254797,0.20228995784018314,0.19428587440333067,0.1936559494605223,0.20282277835123166,0.20077973221959752,0.20785362961497733,0.198764098918706,0.1951573424547572,0.18954342482013678,0.19251838029487156,0.20520979158310926,0.2106658297144945,0.21428712885239654,0.1914983448062088,0.19262754760924064,0.18664613734853702,0.18068509212702483,0.18549200658586404,0.20067177251418858,0.20538270129136824,0.21242669327275127,0.22698309878657708,0.22393220419046383,0.2165004386594479,0.22498350390781,0.24227956449159424,0.23828479716976392,0.2356427568580624,0.23188601467295805,0.20188281130221988,0.18455774335067132,0.1710997257243911,0.15231425736280474,0.1710819483157703,0.17627030877547006,0.17327547597561277,0.16559449456959327,0.1750733100107271,0.17678430798423642,0.1799712455851797,0.18173330436011212,0.1806034995633742,0.16189182402316377,0.15919009030013567,0.15520240483144027,0.19125828040163134,0.17619291496037431,0.16769693871576927,0.18544704749012697,0.20270979788919555,0.21002684887909606,0.22923619997413694,0.24207300445347382,0.236492700552826,0.24617989110917946,0.23658273558738113,0.22957708119339965,0.21758288967528586,0.22597328643742365,0.21557133241899365,0.20773170626856494,0.19996929679508935,0.2055610996964396,0.20611732528351265,0.2153768111627545,0.21870898011789158,0.2099647094797331,0.21822898433810295,0.2256879862700264,0.2155748769981073,0.19178356084440668,0.19464583115612677,0.19312372625047022,0.20278775177743277,0.19277729535162721,0.18479009492289072,0.1918294165344784
197,-0.006932043230983882,0.014992457991854322,0.0407912611122535,0.06254824232010384,0.1039851382375733,0.1461263978844349,0.14579220289750947,0.13820873503408915,0.1393883725345366,0.1549446982579148,0.1484498599185989,0.14963072642757813,0.13496738172420591,0.13896581399769442,0.1432404267811787,0.12847408451018139,0.1067737277478476,0.11667479267293542,0.1097313130609417,0.11616229753277776,0.10670683385808097,0.1028609422391741,0.1011390746052453,0.09042237121544748,0.09542322681629992,0.10121166869141814,0.11665527999603842,0.11747886586939352,0.1355238438687082,0.13259367799488742,0.1384741819198754,0.13236090504722195,0.14876343551833623,0.1684648064328823,0.16911104565821525,0.1803195150924164,0.20088147912753446,0.1871952998857871,0.1774647983579144,0.17515453917958765,0.17802438785627436,0.17419391975308327,0.17813330516420087,0.1767472580109183,0.1723749776106705,0.17336219738675132,0.1718494244467096,0.17834711779738954,0.1686282051458864,0.1638393370825911,0.1623202017162947,0.15300108421759573,0.1536012939436635,0.14838717355933986,0.15281741788620512,0.14883258865038107,0.1515358011019873,0.14464347973590974,0.13816908885259027,0.14681194329536043,0.14842727795212016,0.14942655404918276,0.13692917045762684,0.1261201735496039,0.13949874727781764,0.14867728976471317,0.14501379804866127,0.14226932223700342,0.14652643805293036,0.14235003671623495,0.1362187476945825,0.14232110081024943,0.1678717242743767,0.16812304388908267,0.1709780533082438,0.1609190121865851,0.151087764084053,0.14751350506957261,0.14841690826134363,0.1304344348440115,0.12857159391522233,0.12486801078299825,0.14076819130267,0.16956037445623454,0.17444809330710634,0.17332138057758936,0.1765426269271414,0.18145453537342426,0.17471513625172194,0.1720558941215092,0.16918252303815504,0.151341222120238,0.14158163409523902,0.14097860156460357,0.13598668680921888,0.15900103988196446,0.16721746927254755,0.14603247857166943,0.13532741652509941,0.13467032575405105
198,-0.007547732893932143,0.03763156317406036,0.08770624404266568,0.18967444469588648,0.23814069387366563,0.27783257961917285,0.2752323881615279,0.290765488765225,0.2938501551055433,0.2774606618378102,0.285518873535824,0.28022380302813166,0.27267448300045627,0.30205661826409796,0.29022369861047137,0.2879936353369369,0.2844923016781921,0.29892957526100294,0.2888418998743377,0.3007258819755224,0.3094207563128425,0.30532641307640546,0.2951679813934748,0.3146843645360901,0.3104692211210799,0.3057575280029204,0.28900942095646853,0.28469396640247724,0.2810439286014445,0.28179147487304324,0.2804888454877676,0.28170652767532567,0.2917976763210578,0.28804302849750973,0.28605948065341247,0.27379392720881746,0.2596002041207045,0.2613083697883917,0.26709477407467236,0.28181875011253354,0.2868225937033505,0.2879969908605505,0.28642950068207707,0.28340503440519405,0.2793684871907029,0.2758133934908387,0.27800896545339177,0.26615835355700385,0.2655371402079084,0.27531202547942457,0.27373642045407004,0.26974156407310795,0.2714656764154136,0.26799987204162645,0.2873330515350061,0.2803222648875399,0.28161860877817385,0.2794259437851764,0.29519051726593565,0.2848280764982764,0.290306967413557,0.2976867262329516,0.3015844348295931,0.2959677464313044,0.29057857572413387,0.30994235416494736,0.2890795375419843,0.29562406361931093,0.2956948600613837,0.30504737675973376,0.29718515117495214,0.29938159737783787,0.31683867850495295,0.30773794531665305,0.306642856833591,0.31614303379178954,0.318906133060628,0.31669907083986953,0.3156605701174663,0.31889786614415516,0.3126373504492718,0.3072473198974775,0.30803506546588305,0.31476013932312563,0.3221858065223527,0.3164901431810462,0.31637785932686036,0.31693284819349155,0.32377918275614076,0.3264762178797749,0.33020199895793867,0.3217113293621626,0.31769209391154357,0.3238987949119954,0.3306331606096256,0.33491318900868144,0.3321849127369265,0.3263580652216364,0.3112067489463751,0.3045605777234285
199,0.007335235876904672,0.03090483887810072,0.04974312248362591,0.1048392034817808,0.1673357835725924,0.21760532604154284,0.2007606345990519,0.20074434968391766,0.19839348532917817,0.1897616838242941,0.19046236922531065,0.19202150994198944,0.1809865227288423,0.19734130448490692,0.17017263284604384,0.16063564051824225,0.15444103414446872,0.14676921736912138,0.14454861422008342,0.14945557461490958,0.14849112955960148,0.1440798200555827,0.1468807884710239,0.1471313382495069,0.14941316163309057,0.14257550817378037,0.14068283363844408,0.1495621004770064,0.14290530168088605,0.1449807426918287,0.1430295794982802,0.13789322061974787,0.1329793009717502,0.12999405956488597,0.12715315374045275,0.123045017503088,0.13359556038244735,0.13164198758057544,0.1283029434639847,0.11551184033887979,0.11640049004568195,0.12936636074037872,0.13747161946222372,0.15708448440180267,0.17135818023388819,0.16807068607018646,0.1624347993070021,0.15863675269214184,0.16635377279085917,0.1621396010855928,0.16124454611314726,0.15849772690136493,0.14926551792440218,0.15998762467520555,0.14531798161358733,0.104853257901575,0.11294448799908917,0.11426048853452304,0.11721272078979346,0.11601871852423645,0.11587478576515223,0.12375913166653435,0.11098099862899287,0.1080188315798906,0.10449862996520382,0.0979854680530795,0.09065796628944373,0.08848428324126538,0.09160885212482485,0.0906714263375084,0.09718360267658128,0.10263907222554482,0.11739149770128261,0.13104973063867406,0.1294125539439203,0.13527192325851425,0.13555930013272827,0.11912188707405737,0.11132772941745421,0.1115134822951466,0.11518656162394271,0.11619667536476752,0.1102008024697135,0.10173894315561072,0.10889354739210765,0.11232800345658545,0.11425098586946116,0.11682265807068505,0.11907764475556325,0.11895182816652636,0.11397268960247434,0.11161276453376764,0.11462096151568386,0.11007064364495749,0.10975028633928098,0.11308879254922583,0.11029795450741445,0.14020281589112873,0.1347132788961864,0.1220912404371034
